grn_id,po_id,received_date,delivery_challan
1,1,2023-10-29,CH-2636-WI
2,2,2023-12-17,CH-6036-PR
3,3,2022-11-27,CH-4102-Wu
4,4,2021-11-22,CH-2209-vm
5,5,2023-03-08,CH-7178-mg
6,6,2022-09-06,CH-9227-Ko
7,7,2023-02-03,CH-8185-ix
8,8,2023-01-24,CH-5968-lb
9,9,2021-03-20,CH-4500-WV
10,10,2020-11-25,CH-9113-lV
11,11,2023-12-16,CH-0937-MU
12,12,2023-05-05,CH-4934-sH
13,13,2021-02-01,CH-4506-Fp
14,14,2023-07-19,CH-1696-mp
15,15,2023-05-09,CH-7824-TK
16,16,2023-01-06,CH-0175-SD
17,17,2022-03-04,CH-9793-GZ
18,18,2022-04-06,CH-5082-Qe
19,19,2023-01-14,CH-1469-NA
20,20,2022-07-18,CH-0408-zN
21,21,2021-09-16,CH-7011-ya
22,22,2023-12-08,CH-1602-gR
23,23,2023-05-12,CH-4932-ZL
24,24,2023-09-14,CH-9654-JR
25,25,2023-05-26,CH-2056-jS
26,26,2023-08-26,CH-4016-KJ
27,27,2021-05-25,CH-5672-WF
28,28,2022-02-22,CH-9192-ah
29,29,2020-06-20,CH-3404-oF
30,30,2022-07-18,CH-1841-Fx
31,31,2021-11-02,CH-5344-Gn
32,32,2023-01-09,CH-0107-iW
33,33,2021-10-17,CH-2834-Nv
34,34,2021-09-09,CH-1954-tV
35,35,2023-09-08,CH-8874-gI
36,36,2022-05-30,CH-0376-LB
37,37,2023-02-24,CH-8928-LB
38,38,2020-09-19,CH-2698-FL
39,39,2023-09-07,CH-0569-XN
40,40,2023-08-16,CH-9239-bd
41,41,2021-09-16,CH-2696-pj
42,42,2021-12-21,CH-3386-OJ
43,43,2023-10-26,CH-8485-qb
44,44,2022-02-20,CH-4028-ej
45,45,2022-11-25,CH-0484-iD
46,46,2023-01-21,CH-6018-fb
47,47,2020-08-12,CH-4713-Of
48,48,2023-05-18,CH-8109-OU
49,49,2022-05-06,CH-2823-lM
50,50,2021-05-03,CH-0100-GH
51,51,2022-09-01,CH-8257-eJ
52,52,2023-08-11,CH-3043-wZ
53,53,2022-11-13,CH-1615-jJ
54,54,2021-07-20,CH-1355-OI
55,55,2023-07-01,CH-1364-PG
56,56,2023-08-04,CH-4428-kH
57,57,2021-07-13,CH-3965-rF
58,58,2023-01-02,CH-2431-PZ
59,59,2021-11-22,CH-3017-iw
60,60,2022-02-22,CH-2918-VW
61,61,2021-01-31,CH-8002-Ll
62,62,2023-10-13,CH-4854-Nr
63,63,2020-10-02,CH-9788-mC
64,64,2023-05-28,CH-5874-mT
65,65,2022-11-13,CH-2783-AX
66,66,2021-10-08,CH-8124-YQ
67,67,2023-09-09,CH-4854-aA
68,68,2023-11-13,CH-5426-OU
69,69,2020-09-08,CH-8998-UV
70,70,2022-06-11,CH-9919-Tx
71,71,2023-03-10,CH-6881-Wv
72,72,2020-06-05,CH-9630-jT
73,73,2021-06-12,CH-3188-mq
74,74,2021-08-04,CH-6517-uy
75,75,2022-12-13,CH-8969-JS
76,76,2022-11-10,CH-0081-On
77,77,2021-01-05,CH-2473-nS
78,78,2020-03-13,CH-2582-TM
79,79,2021-05-11,CH-1236-bm
80,80,2023-02-01,CH-1762-NP
81,81,2023-05-04,CH-3629-cF
82,82,2023-01-16,CH-9799-hq
83,83,2022-12-16,CH-2955-zw
84,84,2020-07-29,CH-3405-Jw
85,85,2023-08-23,CH-0899-cW
86,86,2023-06-07,CH-9035-qb
87,87,2021-04-11,CH-5683-we
88,88,2022-10-30,CH-9263-vo
89,90,2023-06-25,CH-5459-WR
90,91,2022-06-07,CH-0291-gd
91,92,2023-01-29,CH-6747-yo
92,93,2022-05-07,CH-3106-Py
93,94,2022-09-29,CH-4484-AH
94,95,2022-08-26,CH-2307-AG
95,96,2023-01-20,CH-2231-Au
96,97,2021-06-08,CH-6682-sU
97,98,2022-10-15,CH-5511-ue
98,99,2022-10-29,CH-6622-YW
99,100,2020-04-06,CH-8025-xt
100,101,2023-10-12,CH-1825-aq
101,102,2023-06-17,CH-5505-hh
102,103,2023-06-24,CH-4651-aP
103,104,2022-07-26,CH-7685-EY
104,105,2023-10-30,CH-7806-cs
105,106,2023-08-22,CH-2849-MC
106,107,2023-11-11,CH-0707-Cf
107,108,2023-03-30,CH-5505-vs
108,109,2021-02-26,CH-6370-jb
109,110,2022-06-02,CH-9983-he
110,111,2020-04-27,CH-0732-ZJ
111,112,2021-05-27,CH-1265-vo
112,113,2023-11-24,CH-1886-ti
113,114,2022-07-30,CH-3927-wH
114,115,2023-07-21,CH-2977-Uu
115,116,2023-09-05,CH-0134-bD
116,117,2022-06-13,CH-0642-gk
117,118,2022-11-22,CH-8489-gd
118,119,2022-05-29,CH-7794-Kb
119,120,2023-08-20,CH-5959-uN
120,121,2023-07-19,CH-0803-zi
121,122,2021-05-17,CH-3237-PO
122,123,2023-03-12,CH-7629-UW
123,124,2021-08-23,CH-8407-Tq
124,125,2022-10-04,CH-1186-yh
125,126,2023-01-15,CH-1403-jI
126,127,2020-02-14,CH-6501-yK
127,128,2023-04-09,CH-2093-rx
128,129,2021-04-04,CH-5384-pZ
129,130,2023-07-14,CH-7807-av
130,131,2022-04-24,CH-0851-vo
131,132,2020-11-25,CH-5664-Bp
132,133,2021-08-03,CH-1936-Zt
133,134,2023-11-06,CH-3045-Za
134,135,2023-12-12,CH-3243-he
135,136,2021-10-19,CH-1654-mo
136,137,2021-10-31,CH-7024-Ka
137,138,2023-12-02,CH-1357-Tt
138,139,2022-10-09,CH-8339-LM
139,140,2022-10-09,CH-7241-VV
140,141,2022-03-01,CH-2564-Yf
141,142,2022-08-31,CH-1909-lm
142,143,2022-10-18,CH-1431-rY
143,144,2021-11-18,CH-4334-xf
144,145,2023-01-12,CH-7148-fk
145,146,2022-10-03,CH-3824-xT
146,147,2022-10-27,CH-4532-FT
147,148,2023-08-26,CH-7345-Xi
148,149,2020-10-14,CH-2860-yp
149,150,2022-07-31,CH-5109-Lb
150,152,2021-07-15,CH-0049-Jv
151,153,2023-10-20,CH-5096-LO
152,154,2021-08-31,CH-4004-qZ
153,155,2022-04-22,CH-3323-tk
154,156,2023-01-17,CH-3117-oy
155,157,2023-06-11,CH-0666-ew
156,158,2022-06-26,CH-4590-qs
157,159,2022-11-18,CH-8897-In
158,160,2021-03-03,CH-0004-bt
159,161,2023-04-09,CH-5099-Gm
160,163,2022-11-06,CH-0286-Su
161,164,2023-12-28,CH-3376-TV
162,165,2021-10-16,CH-6825-fl
163,166,2022-03-26,CH-3249-FB
164,167,2020-09-18,CH-0502-aC
165,168,2022-04-02,CH-4045-BP
166,169,2023-04-05,CH-9712-we
167,170,2020-04-27,CH-4037-ul
168,171,2021-11-08,CH-4016-so
169,172,2023-01-16,CH-5513-Ag
170,173,2023-03-27,CH-1068-zm
171,174,2020-11-04,CH-5246-Un
172,175,2022-01-24,CH-1203-Cr
173,176,2023-07-06,CH-9520-uR
174,177,2022-04-10,CH-6907-nW
175,178,2022-07-29,CH-4289-ol
176,179,2023-06-14,CH-4451-kU
177,180,2023-05-10,CH-6441-Wx
178,181,2020-05-21,CH-3253-FH
179,182,2023-03-09,CH-2222-zK
180,183,2021-07-14,CH-4105-ac
181,184,2023-08-27,CH-3516-Bs
182,185,2022-09-09,CH-0189-kD
183,186,2021-08-06,CH-3829-Ir
184,187,2022-07-18,CH-3558-sk
185,188,2021-12-12,CH-2213-Ti
186,189,2022-10-13,CH-0679-zJ
187,190,2020-06-09,CH-6903-ra
188,191,2022-07-17,CH-6294-pW
189,192,2022-06-23,CH-5047-So
190,193,2023-12-20,CH-8488-BK
191,194,2023-04-06,CH-4918-SE
192,195,2022-03-31,CH-1859-Er
193,196,2022-12-02,CH-1116-Uq
194,197,2023-10-19,CH-8341-cw
195,198,2022-03-03,CH-4184-gR
196,199,2023-04-10,CH-2020-Mf
197,200,2023-02-01,CH-9066-rp
198,201,2023-08-03,CH-6306-qU
199,202,2023-05-12,CH-2733-gQ
200,203,2020-07-11,CH-7624-Ef
201,204,2022-05-27,CH-7684-nA
202,205,2022-07-17,CH-6724-Yj
203,206,2023-09-11,CH-0638-aS
204,207,2022-10-26,CH-4998-IY
205,208,2023-04-05,CH-8208-Xv
206,209,2023-12-13,CH-0498-zR
207,210,2023-12-31,CH-2790-Gk
208,211,2021-12-13,CH-6645-QN
209,212,2020-12-30,CH-9500-Kn
210,213,2023-05-28,CH-8554-au
211,214,2023-09-11,CH-3451-SW
212,215,2023-12-28,CH-9571-aE
213,216,2021-09-28,CH-4865-Sj
214,217,2023-12-31,CH-1799-LJ
215,218,2021-03-06,CH-3688-jP
216,219,2022-05-20,CH-0108-LO
217,220,2023-04-24,CH-7277-zt
218,221,2023-04-04,CH-0695-rX
219,222,2022-10-30,CH-5518-vp
220,223,2021-02-19,CH-0363-kV
221,224,2020-02-04,CH-4661-Nb
222,225,2023-08-18,CH-1488-ux
223,226,2023-06-26,CH-5379-mB
224,227,2021-01-12,CH-9889-FZ
225,228,2021-04-25,CH-8838-bA
226,229,2023-04-04,CH-5942-rE
227,230,2022-02-02,CH-2445-tK
228,231,2023-08-18,CH-5851-Vm
229,232,2022-09-03,CH-1105-Se
230,233,2022-02-08,CH-2260-Ad
231,234,2023-05-04,CH-3059-cT
232,235,2023-12-10,CH-5420-De
233,236,2023-02-07,CH-2979-sh
234,237,2023-09-11,CH-6362-Em
235,238,2020-09-16,CH-5992-Jc
236,239,2022-12-21,CH-7609-HG
237,240,2022-12-03,CH-5690-ts
238,241,2023-07-14,CH-2845-Fi
239,242,2020-08-07,CH-1781-LJ
240,243,2022-09-29,CH-9035-WI
241,244,2022-02-23,CH-4133-Lb
242,245,2023-04-18,CH-9722-Ue
243,246,2023-09-12,CH-1942-eo
244,247,2023-10-25,CH-9577-iL
245,248,2023-06-15,CH-5193-jZ
246,249,2023-06-06,CH-8608-tA
247,250,2021-03-08,CH-0158-sf
248,251,2020-10-09,CH-9553-XM
249,252,2023-03-21,CH-4666-Sh
250,253,2022-02-02,CH-0120-Vg
251,254,2020-10-17,CH-5802-KW
252,255,2022-01-23,CH-0003-qV
253,257,2022-10-15,CH-5674-sr
254,258,2021-06-28,CH-1660-ZZ
255,259,2022-09-17,CH-5045-mz
256,260,2022-08-30,CH-8045-ri
257,261,2022-06-05,CH-5336-RU
258,262,2022-10-04,CH-2951-My
259,263,2020-11-03,CH-6772-gi
260,264,2023-11-10,CH-1827-tR
261,265,2022-07-15,CH-6574-sI
262,266,2021-01-01,CH-2770-uY
263,267,2023-08-13,CH-8436-gn
264,268,2023-01-21,CH-8188-JY
265,269,2023-03-20,CH-5048-Ph
266,270,2023-02-24,CH-2448-Cc
267,271,2021-03-07,CH-3380-Vb
268,272,2021-03-21,CH-7807-hW
269,273,2021-08-27,CH-6785-TX
270,274,2020-05-10,CH-4897-Kr
271,275,2023-03-03,CH-3489-AU
272,276,2023-05-17,CH-9519-xX
273,277,2021-06-01,CH-4492-fO
274,278,2023-12-01,CH-5322-tO
275,279,2022-06-08,CH-1686-aj
276,280,2023-06-05,CH-3866-iB
277,281,2022-12-28,CH-7348-Qo
278,282,2023-06-13,CH-9891-nf
279,283,2023-09-01,CH-3999-Mr
280,284,2023-06-01,CH-9328-rF
281,285,2022-06-28,CH-0059-qM
282,286,2022-09-18,CH-0742-Ww
283,287,2021-02-05,CH-4133-WQ
284,288,2022-11-29,CH-8583-pu
285,289,2022-11-11,CH-9024-MH
286,290,2023-05-13,CH-7200-NL
287,291,2022-01-07,CH-8696-bb
288,292,2022-10-16,CH-2514-WC
289,293,2023-10-15,CH-8219-jQ
290,294,2021-01-04,CH-3613-pl
291,295,2023-03-09,CH-6934-tF
292,296,2023-12-19,CH-4144-QK
293,297,2022-04-07,CH-0307-lW
294,298,2023-11-17,CH-6630-oh
295,299,2020-06-01,CH-6813-jK
296,300,2023-02-03,CH-7762-TK
297,301,2023-09-01,CH-7266-pR
298,302,2023-12-15,CH-8273-gm
299,303,2021-04-19,CH-9811-Qn
300,304,2023-06-20,CH-3767-ZW
301,305,2023-02-25,CH-8343-je
302,306,2020-12-06,CH-0467-zz
303,307,2022-11-26,CH-9235-AT
304,308,2023-07-10,CH-0210-jl
305,309,2023-08-12,CH-4463-vH
306,310,2021-03-31,CH-3413-vP
307,311,2020-04-08,CH-1828-DJ
308,312,2023-08-19,CH-5802-wg
309,313,2020-09-02,CH-1566-ZD
310,314,2021-06-01,CH-8245-Fp
311,315,2023-09-04,CH-8683-hV
312,316,2020-08-12,CH-4079-JM
313,317,2023-03-04,CH-4665-jw
314,318,2022-09-24,CH-7298-pD
315,319,2021-01-26,CH-1185-gz
316,320,2023-09-11,CH-9230-Lc
317,321,2023-10-03,CH-4063-Ll
318,322,2022-10-23,CH-3702-cX
319,323,2020-10-13,CH-7713-wZ
320,324,2021-09-28,CH-3128-JH
321,325,2023-11-23,CH-6657-CE
322,326,2023-09-09,CH-0712-AQ
323,327,2023-07-27,CH-9060-Nb
324,328,2023-10-04,CH-4594-Eq
325,329,2023-09-02,CH-2912-Wb
326,330,2023-02-18,CH-0905-ZQ
327,331,2022-11-29,CH-8674-yo
328,332,2023-02-01,CH-8634-pp
329,333,2020-08-05,CH-5882-yO
330,334,2023-10-07,CH-7377-tp
331,335,2021-12-08,CH-9022-tZ
332,336,2022-05-23,CH-6055-An
333,337,2022-07-29,CH-1178-nT
334,338,2021-12-15,CH-6142-ZR
335,339,2021-05-09,CH-0250-XE
336,340,2023-11-05,CH-2709-eD
337,341,2023-01-08,CH-2998-yt
338,342,2023-11-15,CH-4598-Rz
339,343,2022-07-17,CH-4962-pW
340,344,2023-03-03,CH-0901-Rl
341,345,2022-09-26,CH-0054-jK
342,346,2022-12-16,CH-8322-ds
343,347,2023-06-16,CH-6477-mG
344,348,2023-09-07,CH-8153-LG
345,349,2021-01-16,CH-6508-Nx
346,350,2022-08-17,CH-7778-Rt
347,351,2022-09-25,CH-8036-qP
348,352,2023-08-29,CH-2156-vm
349,353,2021-02-20,CH-8086-wZ
350,354,2023-01-27,CH-1494-Lj
351,355,2023-10-29,CH-8332-dD
352,356,2023-07-14,CH-0955-sB
353,357,2023-11-25,CH-5759-mA
354,358,2023-04-11,CH-3074-ju
355,359,2022-10-12,CH-3682-Qb
356,360,2022-09-29,CH-6157-MK
357,361,2023-12-24,CH-7984-Rp
358,362,2020-05-04,CH-8462-nd
359,363,2023-07-13,CH-0992-YW
360,364,2022-11-24,CH-4689-Qb
361,365,2021-08-27,CH-5326-cf
362,366,2023-05-21,CH-5781-hV
363,367,2023-08-02,CH-1899-dI
364,368,2022-11-21,CH-9919-kq
365,369,2022-03-05,CH-4650-mQ
366,370,2023-05-26,CH-6390-KX
367,371,2021-05-16,CH-2208-yf
368,372,2020-12-17,CH-6511-Wd
369,373,2022-12-28,CH-9896-MP
370,374,2021-12-25,CH-9081-VN
371,375,2023-09-13,CH-9709-Uw
372,376,2022-05-21,CH-5219-CV
373,377,2023-11-08,CH-8394-oU
374,378,2023-12-23,CH-9082-Pv
375,379,2023-09-19,CH-9230-re
376,380,2023-09-08,CH-0041-dr
377,381,2022-02-10,CH-1982-XI
378,382,2021-07-11,CH-9118-lD
379,383,2021-11-17,CH-1907-Gh
380,384,2021-06-09,CH-3821-hS
381,385,2022-05-07,CH-0951-rR
382,386,2021-10-01,CH-4810-eg
383,387,2023-02-11,CH-0500-ex
384,388,2021-04-01,CH-4887-TE
385,389,2021-09-21,CH-5053-bC
386,390,2020-06-02,CH-8231-mK
387,391,2022-03-25,CH-4610-CL
388,392,2022-07-30,CH-1170-cu
389,393,2022-10-07,CH-3457-bT
390,394,2021-07-13,CH-7861-rk
391,395,2022-04-04,CH-3794-xN
392,396,2022-09-29,CH-0749-xN
393,397,2023-10-13,CH-6137-SE
394,398,2023-02-08,CH-0974-MR
395,399,2023-11-22,CH-2597-RF
396,400,2022-01-05,CH-4225-Jx
397,401,2022-06-23,CH-2972-Kn
398,403,2023-11-13,CH-0926-SS
399,404,2021-04-08,CH-2058-fZ
400,405,2023-04-08,CH-4493-NP
401,406,2021-11-19,CH-0679-vx
402,407,2022-04-26,CH-6171-nP
403,408,2023-07-05,CH-8621-FP
404,409,2021-02-07,CH-1029-ec
405,410,2023-12-30,CH-7532-Lm
406,411,2023-12-10,CH-7375-jJ
407,412,2023-04-20,CH-2425-er
408,413,2022-07-25,CH-3974-OG
409,414,2022-07-12,CH-2447-bF
410,415,2023-08-16,CH-2611-hf
411,416,2021-11-03,CH-5493-OQ
412,417,2022-10-22,CH-9485-rJ
413,418,2020-11-19,CH-9257-Jx
414,419,2022-12-22,CH-7799-Bg
415,420,2023-07-04,CH-1526-Ym
416,421,2021-02-15,CH-7204-Tf
417,422,2022-06-25,CH-2621-VT
418,423,2023-01-13,CH-7266-Mt
419,424,2021-03-20,CH-8250-hJ
420,426,2023-01-28,CH-5291-TY
421,427,2022-06-28,CH-5316-me
422,428,2021-10-21,CH-2319-zI
423,429,2021-11-17,CH-5567-zI
424,430,2021-09-21,CH-9955-jA
425,432,2023-12-16,CH-9488-VZ
426,433,2023-12-04,CH-0975-yN
427,434,2023-09-21,CH-7111-hi
428,435,2021-01-24,CH-3445-ia
429,436,2021-04-02,CH-0628-FK
430,437,2023-12-03,CH-1265-Qj
431,438,2022-11-23,CH-1222-Vp
432,439,2021-08-19,CH-4500-qg
433,440,2022-07-18,CH-8337-zE
434,441,2022-05-04,CH-5475-BS
435,442,2021-10-02,CH-4162-ko
436,443,2023-08-01,CH-1458-MG
437,444,2022-02-04,CH-1267-ph
438,445,2021-02-19,CH-5359-eV
439,446,2022-07-31,CH-5809-qH
440,447,2023-07-24,CH-4348-yg
441,448,2023-02-09,CH-4803-cO
442,449,2023-05-22,CH-9430-LE
443,450,2023-02-25,CH-2335-QR
444,451,2021-08-16,CH-8328-qD
445,452,2023-01-29,CH-5623-eW
446,453,2023-05-18,CH-6606-QD
447,454,2022-11-10,CH-5549-ys
448,455,2022-12-20,CH-9922-KT
449,456,2023-07-06,CH-7017-Cx
450,457,2023-06-10,CH-1265-nd
451,458,2023-03-15,CH-9076-ie
452,459,2023-03-25,CH-8870-ni
453,460,2023-07-27,CH-8700-em
454,461,2021-07-01,CH-4526-Qy
455,462,2023-06-06,CH-8921-Lp
456,463,2023-05-31,CH-0468-tA
457,464,2023-12-06,CH-5732-jm
458,465,2023-11-20,CH-8722-ye
459,466,2020-12-26,CH-0116-hN
460,467,2022-04-04,CH-5998-eV
461,468,2022-11-03,CH-0163-kV
462,469,2023-01-01,CH-8275-So
463,470,2020-02-19,CH-7861-DB
464,471,2023-12-29,CH-4489-dz
465,472,2023-06-17,CH-3250-iI
466,473,2021-03-31,CH-3079-zQ
467,474,2022-08-13,CH-9056-fi
468,475,2021-01-10,CH-6654-HE
469,476,2021-11-02,CH-7897-LR
470,477,2022-08-07,CH-0362-kU
471,478,2021-03-13,CH-1156-uV
472,479,2023-01-03,CH-5134-pZ
473,480,2020-05-28,CH-0003-JI
474,481,2023-09-10,CH-5636-UV
475,482,2022-12-12,CH-6063-Ra
476,483,2020-03-15,CH-0934-Rh
477,484,2021-11-02,CH-9186-gV
478,485,2023-06-24,CH-0256-Fo
479,486,2021-10-31,CH-2967-oV
480,487,2022-11-17,CH-9141-gg
481,488,2021-11-22,CH-0145-mg
482,489,2021-09-22,CH-1344-ks
483,490,2022-12-20,CH-4234-cv
484,491,2022-06-04,CH-4680-ye
485,492,2023-03-11,CH-8805-PT
486,493,2020-10-13,CH-0870-qX
487,494,2022-11-14,CH-3155-JI
488,495,2022-10-02,CH-0766-GS
489,496,2023-08-03,CH-0817-To
490,497,2023-04-15,CH-7171-Rc
491,498,2023-06-25,CH-4176-NA
492,499,2023-11-09,CH-8893-iU
493,500,2023-05-30,CH-7591-Be
494,501,2023-11-08,CH-9000-gP
495,502,2021-11-01,CH-1404-Yu
496,503,2022-05-26,CH-9969-pd
497,504,2023-04-29,CH-2608-FI
498,505,2023-12-18,CH-1423-gC
499,506,2020-08-29,CH-4551-rs
500,507,2023-09-15,CH-4895-mE
501,508,2021-07-29,CH-8927-rt
502,509,2022-10-15,CH-7442-BJ
503,510,2023-12-12,CH-6703-ft
504,511,2022-03-26,CH-6596-VK
505,512,2023-06-08,CH-4438-Zs
506,513,2022-08-17,CH-4566-Gz
507,514,2022-10-25,CH-6270-AU
508,515,2020-02-04,CH-8377-GV
509,516,2021-03-05,CH-6363-dr
510,517,2021-05-12,CH-6472-FY
511,518,2022-11-25,CH-1166-se
512,519,2021-12-01,CH-0290-Mk
513,520,2020-11-04,CH-6817-sq
514,521,2023-10-30,CH-7459-IE
515,522,2023-12-30,CH-6479-mJ
516,523,2023-12-06,CH-2085-cW
517,524,2020-07-27,CH-7181-lr
518,525,2022-03-15,CH-3551-DO
519,527,2023-10-20,CH-0475-Qm
520,528,2023-09-14,CH-8812-Du
521,529,2020-07-08,CH-1641-Hx
522,530,2023-11-12,CH-0995-yy
523,531,2022-11-09,CH-8454-hi
524,532,2022-01-10,CH-4893-me
525,533,2023-06-20,CH-0792-TZ
526,534,2022-03-01,CH-3078-GT
527,535,2022-10-04,CH-2249-iv
528,536,2021-06-08,CH-4129-sg
529,537,2021-07-29,CH-2313-Bi
530,538,2023-03-31,CH-4912-Ps
531,539,2022-09-16,CH-7422-fe
532,540,2023-04-16,CH-2770-Of
533,541,2021-05-22,CH-6465-qv
534,542,2023-11-15,CH-6290-or
535,543,2023-07-16,CH-1305-UE
536,544,2023-02-01,CH-5902-np
537,545,2023-10-16,CH-6264-pu
538,546,2021-11-07,CH-2120-fh
539,547,2022-06-01,CH-3820-Lv
540,548,2021-08-06,CH-2411-Yw
541,549,2022-05-24,CH-7573-ag
542,550,2022-08-26,CH-8155-MO
543,551,2021-09-24,CH-1622-kZ
544,552,2023-04-20,CH-2532-dQ
545,553,2023-03-02,CH-2359-dH
546,554,2022-03-11,CH-0277-sD
547,555,2021-01-22,CH-6080-Ts
548,557,2021-05-03,CH-3343-EZ
549,558,2022-11-04,CH-0420-GG
550,559,2022-03-22,CH-2843-xi
551,560,2020-03-05,CH-4125-wM
552,561,2023-03-01,CH-9917-tF
553,562,2022-08-25,CH-0999-UX
554,563,2023-07-31,CH-7245-rV
555,564,2020-03-05,CH-6298-tx
556,565,2022-06-07,CH-0349-Mh
557,566,2021-01-23,CH-4825-EZ
558,567,2022-01-02,CH-4311-TL
559,568,2022-05-04,CH-0505-VB
560,569,2021-08-19,CH-9978-Dk
561,570,2022-05-12,CH-6909-Ca
562,571,2022-03-07,CH-5384-LS
563,572,2023-09-19,CH-2346-HX
564,573,2020-10-30,CH-3267-sG
565,574,2023-07-15,CH-2102-vG
566,575,2022-01-10,CH-0094-Sc
567,576,2023-07-18,CH-1809-Nj
568,577,2022-05-12,CH-2094-zu
569,578,2022-05-25,CH-5501-Vv
570,579,2020-08-07,CH-0510-qB
571,580,2022-07-27,CH-3336-XT
572,581,2022-12-11,CH-6211-nr
573,582,2022-10-31,CH-9688-iH
574,583,2022-02-11,CH-4904-QO
575,584,2023-06-04,CH-0422-AW
576,585,2023-08-14,CH-5412-EX
577,586,2022-04-12,CH-9921-gd
578,587,2020-01-16,CH-0750-dk
579,588,2023-04-21,CH-4758-VA
580,589,2023-01-06,CH-5751-fu
581,590,2022-01-08,CH-1198-FA
582,591,2021-05-05,CH-7389-Ny
583,592,2023-11-18,CH-4694-JC
584,593,2021-12-14,CH-1746-it
585,594,2020-11-09,CH-5369-OS
586,595,2023-06-11,CH-8102-Wn
587,596,2023-01-04,CH-0121-me
588,597,2021-11-23,CH-7036-BD
589,598,2021-07-04,CH-4145-LW
590,599,2021-01-21,CH-7788-Au
591,600,2022-11-19,CH-5705-cF
592,601,2023-10-17,CH-0719-Ev
593,602,2022-11-11,CH-1579-Bd
594,603,2020-10-07,CH-3302-YW
595,604,2023-05-21,CH-0589-zO
596,605,2021-10-05,CH-8577-mO
597,606,2021-08-23,CH-8310-Vw
598,607,2023-03-16,CH-9830-bQ
599,608,2022-09-28,CH-7628-AT
600,609,2023-07-28,CH-1403-ux
601,610,2022-05-24,CH-1666-EF
602,611,2023-01-08,CH-2853-QM
603,612,2021-04-16,CH-2387-EI
604,613,2021-11-28,CH-9640-bQ
605,614,2023-09-09,CH-5406-wE
606,615,2023-01-10,CH-2884-aQ
607,616,2023-05-16,CH-8155-cB
608,617,2021-05-11,CH-2418-QA
609,618,2022-09-01,CH-9114-nh
610,619,2021-02-17,CH-5851-XO
611,620,2020-06-30,CH-6518-xy
612,621,2023-03-27,CH-6250-bO
613,623,2022-08-08,CH-3790-Gr
614,624,2023-09-01,CH-2662-OF
615,625,2022-06-04,CH-4532-kW
616,626,2022-07-16,CH-4483-dY
617,627,2023-04-24,CH-4123-zX
618,628,2023-11-10,CH-3817-GY
619,629,2022-10-25,CH-2549-gL
620,630,2021-09-16,CH-8240-kj
621,631,2023-10-01,CH-0780-cc
622,632,2020-08-17,CH-2712-cM
623,633,2023-08-26,CH-2934-JA
624,634,2023-06-06,CH-6790-NQ
625,635,2022-09-11,CH-6412-MD
626,636,2022-04-18,CH-1849-bt
627,637,2023-10-15,CH-4833-Tz
628,638,2023-12-09,CH-9888-Ph
629,639,2023-05-24,CH-1251-wb
630,640,2022-08-08,CH-9345-PL
631,641,2020-12-22,CH-0181-kF
632,642,2022-06-17,CH-7974-nO
633,643,2023-10-03,CH-0398-Yt
634,644,2022-05-17,CH-8626-Zk
635,645,2023-08-16,CH-2803-Nv
636,646,2023-12-20,CH-1057-SZ
637,647,2022-05-26,CH-8747-CF
638,648,2023-05-30,CH-8636-pg
639,649,2022-05-23,CH-0769-Wo
640,650,2022-05-21,CH-7570-fT
641,651,2023-02-02,CH-3902-cf
642,652,2023-01-18,CH-0266-CE
643,653,2022-05-22,CH-6985-Us
644,654,2021-12-14,CH-6271-Og
645,655,2021-07-08,CH-6621-hQ
646,656,2022-01-13,CH-9615-rb
647,657,2023-11-15,CH-7003-TC
648,658,2023-03-15,CH-7209-xT
649,659,2022-10-18,CH-6375-oQ
650,660,2022-04-20,CH-9602-IJ
651,661,2021-12-04,CH-5296-jB
652,662,2022-12-26,CH-1233-yg
653,663,2023-11-29,CH-2931-xu
654,664,2022-04-06,CH-2998-MQ
655,665,2022-08-22,CH-1645-Ex
656,666,2023-02-20,CH-2244-aa
657,667,2023-09-14,CH-3875-KT
658,668,2023-09-09,CH-6625-zU
659,669,2021-11-04,CH-0065-Ix
660,670,2021-07-27,CH-5802-Bm
661,671,2021-11-01,CH-4266-FN
662,672,2023-09-08,CH-1674-ng
663,673,2023-11-04,CH-4752-LG
664,674,2023-11-24,CH-6903-OM
665,675,2023-12-12,CH-6960-AX
666,676,2023-09-30,CH-8973-wr
667,677,2023-08-09,CH-5884-Sf
668,678,2023-11-05,CH-9841-Qd
669,679,2022-01-28,CH-3642-wT
670,680,2020-03-17,CH-3421-HE
671,681,2023-08-09,CH-9425-qa
672,682,2022-07-29,CH-7155-zI
673,683,2021-05-05,CH-5374-Sh
674,684,2023-08-23,CH-9745-GH
675,685,2023-03-01,CH-8873-Qd
676,686,2023-02-17,CH-0976-Ed
677,687,2021-05-21,CH-5798-jZ
678,688,2023-12-07,CH-5540-TE
679,689,2020-05-09,CH-3471-Bx
680,690,2023-01-24,CH-0453-td
681,691,2023-04-07,CH-8269-Ko
682,692,2023-11-29,CH-2126-Qx
683,693,2023-05-09,CH-9077-so
684,694,2021-01-31,CH-1561-jx
685,695,2021-08-29,CH-9609-ec
686,696,2023-07-12,CH-0639-wL
687,697,2023-07-19,CH-9943-VM
688,698,2020-11-18,CH-9619-Pl
689,699,2023-12-30,CH-5207-OA
690,700,2023-10-03,CH-0946-fN
691,701,2021-06-09,CH-9870-eA
692,702,2021-10-31,CH-2448-Dh
693,703,2022-03-16,CH-9130-lo
694,704,2023-07-04,CH-6153-uV
695,705,2023-08-24,CH-0532-BE
696,706,2020-12-02,CH-9305-JA
697,707,2022-12-02,CH-1306-cP
698,708,2023-09-01,CH-7370-XT
699,709,2023-08-29,CH-9127-Xn
700,710,2020-06-24,CH-7928-XX
701,711,2020-01-14,CH-7345-Bj
702,712,2022-03-01,CH-0805-je
703,713,2022-05-18,CH-6816-ez
704,714,2022-04-29,CH-8106-IK
705,715,2023-11-27,CH-7136-nE
706,716,2023-04-04,CH-4001-cK
707,717,2023-02-17,CH-2380-HW
708,719,2020-07-07,CH-9796-SK
709,720,2021-09-14,CH-5439-HE
710,721,2023-04-30,CH-9385-jd
711,722,2022-05-05,CH-9093-MS
712,723,2022-10-11,CH-3221-Kh
713,724,2020-09-25,CH-5312-BS
714,725,2021-09-23,CH-7127-Kd
715,726,2023-06-16,CH-4964-cf
716,727,2023-12-03,CH-7251-lf
717,728,2023-10-28,CH-1111-eV
718,729,2022-11-16,CH-6268-pe
719,730,2022-06-06,CH-8556-kw
720,731,2022-07-09,CH-0220-vC
721,732,2022-05-20,CH-7904-aD
722,733,2022-10-09,CH-0603-JP
723,734,2023-03-18,CH-2025-Sb
724,735,2022-10-16,CH-7113-Ni
725,736,2022-12-29,CH-1423-UQ
726,737,2023-01-26,CH-7323-Wa
727,738,2022-09-14,CH-8752-UL
728,739,2023-09-27,CH-5809-ph
729,740,2022-01-21,CH-7523-wS
730,741,2022-09-13,CH-6031-xR
731,742,2023-08-27,CH-2747-nl
732,743,2023-08-31,CH-5642-pp
733,744,2023-01-03,CH-7620-dy
734,745,2021-12-05,CH-8507-lE
735,746,2023-02-17,CH-0893-qO
736,747,2023-08-10,CH-0330-kI
737,748,2023-07-12,CH-0759-Wl
738,749,2021-07-24,CH-9670-Oj
739,750,2023-07-22,CH-4978-yi
740,751,2021-01-07,CH-3984-Vn
741,752,2023-01-09,CH-9721-jb
742,753,2023-02-04,CH-7596-ji
743,754,2023-12-14,CH-6519-xE
744,755,2022-03-17,CH-9904-Qb
745,756,2023-02-23,CH-5184-Ii
746,757,2023-01-20,CH-3235-mh
747,758,2023-02-23,CH-5618-Am
748,759,2021-09-22,CH-6177-LD
749,760,2022-04-18,CH-5410-Pk
750,761,2023-03-30,CH-7012-hQ
751,762,2023-12-13,CH-6519-xJ
752,763,2023-04-11,CH-9537-vE
753,764,2023-08-05,CH-6264-Zp
754,765,2023-03-25,CH-5496-GB
755,766,2023-08-23,CH-5285-zd
756,767,2022-03-15,CH-0354-Sa
757,768,2021-06-11,CH-8436-kp
758,769,2023-08-31,CH-0694-Nt
759,770,2022-04-23,CH-1618-PQ
760,771,2023-12-10,CH-8752-Wh
761,772,2023-07-04,CH-1602-WT
762,773,2023-10-22,CH-4559-no
763,774,2023-03-21,CH-0367-ty
764,775,2022-02-18,CH-0280-YY
765,776,2022-06-22,CH-7041-aI
766,777,2020-09-27,CH-4562-hO
767,778,2022-10-09,CH-8003-SK
768,779,2023-08-15,CH-9690-FG
769,780,2023-07-31,CH-5664-xt
770,781,2023-12-29,CH-8831-gs
771,782,2021-07-25,CH-2672-HK
772,783,2023-08-20,CH-3595-oO
773,784,2021-09-19,CH-8309-bg
774,785,2022-08-10,CH-8089-Wm
775,786,2023-05-24,CH-7103-ru
776,787,2023-11-03,CH-6210-LR
777,789,2023-01-30,CH-2507-gF
778,790,2021-11-24,CH-1187-NJ
779,791,2021-08-20,CH-8430-jG
780,792,2021-10-30,CH-5227-OV
781,793,2023-09-23,CH-9454-Ur
782,794,2022-05-12,CH-9671-Rp
783,796,2023-01-11,CH-1619-yA
784,797,2022-11-15,CH-5285-gh
785,798,2023-08-21,CH-8139-gu
786,799,2021-09-04,CH-5213-vn
787,800,2022-10-20,CH-9344-me
788,801,2020-12-25,CH-8952-oI
789,802,2022-07-16,CH-0629-nN
790,803,2023-10-04,CH-2847-sK
791,804,2022-05-06,CH-8571-hi
792,805,2022-05-20,CH-8765-Ox
793,806,2022-08-21,CH-4506-ww
794,807,2023-02-12,CH-1945-WK
795,808,2022-01-09,CH-9619-vn
796,809,2023-12-14,CH-8854-Yn
797,810,2022-10-30,CH-0985-Zu
798,811,2023-09-27,CH-4497-ut
799,812,2023-07-19,CH-8696-uZ
800,813,2021-03-23,CH-8160-YM
801,814,2022-02-04,CH-3677-im
802,815,2022-10-08,CH-8866-fi
803,816,2023-12-26,CH-8937-ss
804,817,2023-08-30,CH-1282-Pz
805,818,2020-06-03,CH-0468-Bz
806,819,2023-08-01,CH-0658-NO
807,820,2022-04-08,CH-4392-br
808,821,2021-05-16,CH-1265-eO
809,822,2023-11-18,CH-8449-Gb
810,823,2023-05-16,CH-4773-PB
811,824,2023-10-31,CH-7319-KK
812,825,2023-02-04,CH-4898-kp
813,826,2023-02-11,CH-3743-qh
814,827,2023-02-20,CH-4675-fa
815,828,2023-04-20,CH-2268-hc
816,829,2023-03-09,CH-9416-nx
817,830,2020-07-13,CH-7715-vN
818,831,2020-02-09,CH-1743-Bz
819,832,2022-12-26,CH-8488-td
820,833,2020-12-03,CH-7356-jR
821,834,2021-04-27,CH-7195-QS
822,835,2023-03-11,CH-2753-Bl
823,836,2023-02-11,CH-3340-sV
824,837,2023-11-29,CH-0425-sQ
825,838,2020-05-16,CH-7074-wL
826,839,2023-12-27,CH-4391-GC
827,840,2020-03-19,CH-4500-dp
828,841,2020-07-24,CH-1547-po
829,842,2023-05-02,CH-6197-mw
830,843,2023-12-19,CH-1748-UH
831,844,2022-12-11,CH-2182-ub
832,845,2023-08-15,CH-0641-SJ
833,846,2023-02-18,CH-8732-QR
834,847,2021-03-13,CH-8198-Fo
835,848,2023-06-06,CH-7383-rG
836,849,2021-11-03,CH-6919-bP
837,850,2023-11-03,CH-0279-Gu
838,851,2023-06-22,CH-0612-Fg
839,852,2023-09-20,CH-4433-kR
840,853,2022-01-15,CH-1199-Vu
841,854,2021-03-13,CH-3363-da
842,855,2023-12-24,CH-9808-Pw
843,856,2021-06-27,CH-0621-jY
844,858,2023-10-10,CH-4136-rY
845,859,2022-09-06,CH-5957-As
846,860,2022-10-07,CH-1357-fs
847,861,2023-01-04,CH-9816-Ee
848,862,2022-09-28,CH-2302-Eh
849,863,2023-04-25,CH-0439-bF
850,864,2023-12-15,CH-7048-Wp
851,865,2022-05-29,CH-7033-wl
852,866,2021-01-28,CH-0275-jB
853,867,2023-08-04,CH-2750-rg
854,868,2022-12-22,CH-9544-SL
855,869,2021-08-24,CH-2901-zv
856,870,2023-03-20,CH-7848-zs
857,871,2023-11-18,CH-9569-jM
858,872,2023-05-08,CH-8935-If
859,873,2022-06-03,CH-2221-cz
860,874,2023-11-29,CH-0117-Jf
861,875,2023-11-14,CH-2964-FA
862,876,2023-03-31,CH-9721-qv
863,877,2021-08-15,CH-8540-Ao
864,878,2020-08-06,CH-4700-Jq
865,879,2022-10-17,CH-0693-uL
866,880,2023-01-13,CH-6467-jm
867,881,2022-05-15,CH-2297-Kq
868,883,2021-08-31,CH-7686-fC
869,884,2021-03-10,CH-4313-lc
870,885,2023-02-13,CH-5374-ER
871,886,2022-06-19,CH-6599-fk
872,887,2023-03-16,CH-9919-Wz
873,888,2023-05-08,CH-3972-Fx
874,889,2020-05-08,CH-1395-gr
875,890,2022-08-11,CH-2760-qk
876,891,2023-04-29,CH-2311-sO
877,892,2021-06-17,CH-9919-zx
878,893,2023-08-28,CH-7740-ww
879,894,2023-10-05,CH-8518-Zi
880,896,2023-12-24,CH-3469-sx
881,897,2022-05-09,CH-6533-dJ
882,898,2022-05-25,CH-3573-lh
883,899,2023-11-25,CH-4297-Xg
884,900,2020-09-23,CH-6969-OW
885,901,2020-12-04,CH-9423-JT
886,902,2022-07-10,CH-8535-jl
887,903,2023-12-20,CH-1352-um
888,904,2023-03-08,CH-1200-yn
889,905,2022-11-17,CH-6664-lI
890,906,2022-06-24,CH-7411-Tw
891,907,2022-04-28,CH-5995-rQ
892,908,2023-09-11,CH-9790-qN
893,909,2022-08-25,CH-4113-Vb
894,910,2023-07-03,CH-7164-SR
895,911,2021-03-23,CH-7159-VF
896,912,2023-10-07,CH-6230-Be
897,913,2022-11-25,CH-1825-gF
898,914,2020-12-21,CH-3033-En
899,915,2022-08-19,CH-3344-UK
900,916,2020-05-23,CH-5954-py
901,917,2023-08-29,CH-0455-AL
902,918,2023-08-28,CH-0490-dQ
903,919,2023-09-20,CH-7915-hQ
904,920,2023-07-06,CH-9587-mN
905,921,2020-12-11,CH-9823-qI
906,922,2021-10-13,CH-7975-SZ
907,923,2023-08-07,CH-7148-Al
908,924,2023-07-04,CH-4866-Kr
909,925,2020-12-27,CH-5230-sE
910,926,2021-06-15,CH-6571-dW
911,927,2020-04-03,CH-0804-bi
912,928,2021-08-31,CH-6638-qq
913,929,2023-07-25,CH-9900-bk
914,930,2021-12-06,CH-2910-Ih
915,931,2023-04-03,CH-0950-tz
916,932,2021-07-28,CH-1389-TO
917,933,2022-02-28,CH-3962-Uh
918,934,2023-12-13,CH-8250-vr
919,935,2021-05-27,CH-1083-xP
920,936,2021-10-28,CH-1286-wD
921,937,2021-08-04,CH-7175-Jd
922,938,2023-07-30,CH-8035-yV
923,939,2022-05-24,CH-4514-pO
924,940,2021-04-27,CH-1695-uD
925,941,2022-07-12,CH-1316-aE
926,942,2022-03-26,CH-2060-Ek
927,943,2022-09-23,CH-5162-kb
928,944,2020-08-31,CH-9033-qA
929,945,2023-08-07,CH-8714-tg
930,946,2021-07-11,CH-9499-zd
931,947,2023-08-17,CH-1699-Lc
932,948,2020-09-23,CH-5441-Zo
933,949,2021-06-22,CH-4641-Or
934,950,2021-09-01,CH-4162-mI
935,951,2021-11-06,CH-1558-pH
936,952,2021-12-16,CH-7316-xX
937,953,2023-08-18,CH-1756-mw
938,954,2022-07-07,CH-5524-iT
939,955,2022-07-17,CH-6140-ej
940,956,2021-05-12,CH-5144-tA
941,957,2023-06-02,CH-4435-Ah
942,958,2023-06-28,CH-7101-Rp
943,959,2022-12-29,CH-3603-xM
944,960,2020-07-07,CH-9466-ac
945,961,2021-04-22,CH-6144-rN
946,962,2023-12-04,CH-5900-FA
947,963,2021-07-19,CH-1037-pl
948,964,2023-07-08,CH-9955-uO
949,965,2022-10-27,CH-0111-FS
950,966,2022-11-24,CH-8424-Kg
951,967,2022-08-20,CH-2671-tI
952,968,2023-07-01,CH-6611-mA
953,969,2021-04-04,CH-4962-FV
954,970,2021-05-26,CH-5737-qa
955,971,2022-07-02,CH-3820-Jl
956,972,2022-05-22,CH-4632-Fn
957,973,2022-11-07,CH-9750-cC
958,974,2023-03-11,CH-0927-ae
959,975,2022-09-09,CH-1410-ot
960,976,2023-11-18,CH-5211-Jd
961,977,2023-02-08,CH-4914-AP
962,978,2023-04-20,CH-2126-sh
963,979,2021-12-13,CH-0748-aL
964,980,2021-12-09,CH-8719-Ul
965,981,2021-09-29,CH-6910-uX
966,982,2021-10-27,CH-9136-Qh
967,983,2020-04-22,CH-7718-xj
968,984,2023-12-22,CH-3537-EF
969,985,2022-12-11,CH-8993-Oj
970,986,2021-11-28,CH-6451-oX
971,987,2022-12-27,CH-1911-tu
972,988,2022-02-23,CH-2840-DG
973,989,2022-07-26,CH-7387-BI
974,990,2023-07-29,CH-7510-Xt
975,991,2023-03-19,CH-4252-qY
976,992,2023-05-04,CH-0621-bv
977,993,2023-07-15,CH-6968-gC
978,994,2022-11-25,CH-7343-Va
979,995,2023-03-08,CH-9733-SP
980,996,2023-01-17,CH-4148-OV
981,997,2021-03-23,CH-8618-ya
982,998,2023-01-02,CH-6885-ke
983,999,2022-11-15,CH-7696-nq
984,1000,2023-07-17,CH-6571-oq
985,1001,2021-07-30,CH-1911-Hz
986,1002,2023-06-15,CH-5549-UM
987,1003,2023-09-21,CH-2418-eG
988,1004,2023-08-22,CH-3975-pY
989,1005,2023-07-01,CH-7638-co
990,1006,2023-05-14,CH-1190-JE
991,1007,2023-07-23,CH-8617-Zf
992,1008,2021-07-15,CH-3866-AB
993,1009,2020-07-28,CH-4155-wS
994,1010,2023-08-22,CH-6747-Tl
995,1011,2022-03-31,CH-0574-mJ
996,1012,2022-03-12,CH-0167-Ul
997,1014,2020-11-12,CH-4795-LG
998,1015,2023-03-20,CH-3900-NQ
999,1016,2022-01-01,CH-7540-aG
1000,1017,2022-05-08,CH-8785-Al
1001,1018,2022-08-28,CH-2340-bf
1002,1019,2022-02-12,CH-5069-UE
1003,1020,2022-11-10,CH-8654-sH
1004,1021,2021-04-22,CH-4370-RT
1005,1022,2023-09-06,CH-1183-hz
1006,1023,2021-10-28,CH-3413-bJ
1007,1024,2023-02-15,CH-4967-Wr
1008,1025,2022-10-16,CH-3762-nV
1009,1026,2022-07-28,CH-6652-vc
1010,1027,2022-08-26,CH-9954-Us
1011,1028,2021-01-16,CH-6819-YA
1012,1029,2022-08-09,CH-8734-TW
1013,1030,2021-10-25,CH-2487-Be
1014,1031,2023-09-16,CH-3159-zh
1015,1032,2021-09-16,CH-9801-hN
1016,1033,2023-10-29,CH-7974-Kn
1017,1034,2022-12-04,CH-6522-Ed
1018,1035,2020-06-11,CH-5489-FH
1019,1036,2022-09-17,CH-0708-dz
1020,1037,2023-11-13,CH-5754-Rz
1021,1038,2021-09-09,CH-1679-si
1022,1039,2020-07-30,CH-5064-oB
1023,1040,2023-11-29,CH-3292-TE
1024,1041,2022-10-31,CH-0292-GY
1025,1042,2023-12-12,CH-7695-Uk
1026,1043,2021-02-02,CH-1368-dF
1027,1044,2023-08-02,CH-5539-XK
1028,1045,2023-05-22,CH-9447-iK
1029,1046,2020-10-23,CH-9128-QR
1030,1047,2023-09-27,CH-5508-jK
1031,1048,2022-05-29,CH-1501-YH
1032,1049,2021-05-28,CH-9109-bR
1033,1050,2020-08-11,CH-1402-bT
1034,1051,2020-11-15,CH-6649-TD
1035,1052,2021-02-26,CH-8518-Pi
1036,1053,2021-12-16,CH-4449-xu
1037,1054,2021-06-14,CH-1170-nB
1038,1055,2021-11-10,CH-8874-aj
1039,1056,2022-02-20,CH-9195-um
1040,1057,2023-08-03,CH-0128-Vd
1041,1058,2022-08-05,CH-2140-mk
1042,1059,2021-02-26,CH-7321-iw
1043,1060,2023-12-17,CH-8604-he
1044,1061,2023-03-15,CH-9557-jL
1045,1062,2023-04-13,CH-3279-St
1046,1063,2023-02-24,CH-3566-cA
1047,1064,2023-12-30,CH-0484-gT
1048,1065,2021-08-23,CH-5962-jX
1049,1067,2021-10-30,CH-4019-dV
1050,1068,2023-09-14,CH-4979-sw
1051,1069,2023-01-07,CH-0678-PW
1052,1070,2022-09-21,CH-5011-az
1053,1071,2023-05-01,CH-1246-ys
1054,1072,2021-11-08,CH-7823-Ar
1055,1073,2022-05-27,CH-8081-zO
1056,1074,2020-09-21,CH-7707-FI
1057,1075,2023-11-25,CH-8530-CG
1058,1076,2023-09-08,CH-8444-nt
1059,1078,2021-12-31,CH-0225-FU
1060,1079,2023-06-28,CH-6768-DI
1061,1080,2023-04-25,CH-3940-mk
1062,1081,2022-03-03,CH-0195-ig
1063,1082,2023-08-20,CH-8979-PO
1064,1083,2022-11-08,CH-6385-eo
1065,1084,2020-04-04,CH-7446-Sv
1066,1085,2023-04-24,CH-8207-dv
1067,1086,2023-05-15,CH-0412-SV
1068,1087,2023-12-10,CH-8778-Jw
1069,1088,2023-10-04,CH-4010-wQ
1070,1089,2023-01-26,CH-9077-od
1071,1090,2021-04-17,CH-2342-rh
1072,1091,2020-09-30,CH-8369-Rz
1073,1092,2022-09-19,CH-3241-gA
1074,1093,2022-05-13,CH-8009-YH
1075,1094,2023-08-09,CH-7455-Ev
1076,1095,2023-03-25,CH-4667-mN
1077,1096,2023-01-18,CH-9490-rd
1078,1097,2021-07-02,CH-4431-NR
1079,1098,2023-12-31,CH-5350-pn
1080,1099,2023-05-29,CH-8324-BD
1081,1100,2021-05-11,CH-7305-DG
1082,1101,2022-05-02,CH-7541-oI
1083,1102,2021-04-11,CH-9121-XF
1084,1103,2022-09-10,CH-7948-zm
1085,1104,2022-02-07,CH-2228-GY
1086,1105,2021-12-10,CH-7189-wb
1087,1106,2023-07-05,CH-1841-gQ
1088,1107,2021-09-06,CH-4571-BA
1089,1108,2020-03-21,CH-3840-nG
1090,1109,2023-11-12,CH-1624-TM
1091,1110,2021-07-21,CH-8086-qO
1092,1111,2022-04-07,CH-7248-UT
1093,1112,2020-04-20,CH-1725-UL
1094,1113,2022-07-21,CH-0175-wk
1095,1114,2023-06-01,CH-4347-tu
1096,1115,2023-12-17,CH-3377-cW
1097,1116,2022-10-14,CH-8372-fX
1098,1117,2021-10-02,CH-8990-Ig
1099,1118,2023-03-10,CH-8921-Sc
1100,1119,2021-04-05,CH-8855-PS
1101,1120,2020-07-09,CH-4769-eO
1102,1121,2023-12-20,CH-5213-to
1103,1122,2021-12-23,CH-1171-Iu
1104,1123,2023-08-01,CH-6866-zR
1105,1124,2023-11-09,CH-8262-xz
1106,1125,2023-02-03,CH-8391-ZN
1107,1126,2021-10-12,CH-6712-UF
1108,1127,2022-12-11,CH-2943-Pj
1109,1128,2023-01-26,CH-3966-mu
1110,1129,2022-04-07,CH-4342-Ch
1111,1130,2023-03-01,CH-9033-Xo
1112,1131,2023-12-11,CH-0896-hB
1113,1132,2021-09-10,CH-3141-WP
1114,1133,2022-08-23,CH-1767-xv
1115,1134,2022-05-07,CH-5871-iZ
1116,1135,2023-10-17,CH-9055-Yg
1117,1136,2022-07-04,CH-1888-iL
1118,1137,2023-10-31,CH-7554-ry
1119,1138,2021-10-13,CH-0092-lc
1120,1139,2022-03-04,CH-8894-eX
1121,1140,2023-03-17,CH-7587-nt
1122,1141,2020-12-02,CH-1127-wB
1123,1142,2022-01-12,CH-7334-Go
1124,1143,2021-07-01,CH-0312-UA
1125,1144,2023-05-09,CH-7969-Gx
1126,1145,2023-10-25,CH-5523-cL
1127,1146,2021-11-29,CH-2767-gU
1128,1147,2021-10-27,CH-3760-uJ
1129,1148,2023-09-12,CH-8380-PN
1130,1149,2022-04-29,CH-8522-sQ
1131,1150,2023-11-23,CH-2665-An
1132,1151,2021-05-16,CH-8880-nn
1133,1152,2021-10-04,CH-3252-cP
1134,1153,2023-08-30,CH-4496-wu
1135,1154,2023-05-20,CH-2549-Xr
1136,1155,2022-11-24,CH-9415-gb
1137,1156,2023-04-21,CH-3416-hE
1138,1157,2023-10-02,CH-4264-gw
1139,1158,2023-10-10,CH-3655-Sa
1140,1159,2022-06-11,CH-2575-zG
1141,1160,2023-03-18,CH-5467-zy
1142,1161,2023-08-18,CH-2450-ub
1143,1162,2023-01-27,CH-2488-cT
1144,1163,2021-03-18,CH-6174-Ph
1145,1164,2021-05-10,CH-7877-zO
1146,1165,2022-08-23,CH-5227-wu
1147,1166,2023-02-13,CH-2417-TC
1148,1167,2022-07-09,CH-0280-oW
1149,1168,2023-11-08,CH-6689-gj
1150,1169,2023-04-09,CH-4755-Ep
1151,1170,2021-09-22,CH-6089-be
1152,1171,2022-01-25,CH-0873-ar
1153,1172,2021-08-29,CH-1956-fz
1154,1173,2023-05-20,CH-2850-yl
1155,1174,2023-11-09,CH-3073-Eg
1156,1175,2020-03-09,CH-8340-ND
1157,1176,2023-04-04,CH-6832-yc
1158,1177,2023-03-30,CH-1364-aH
1159,1178,2022-05-26,CH-1012-wZ
1160,1179,2022-07-11,CH-6651-lF
1161,1180,2021-06-12,CH-5081-IQ
1162,1181,2023-04-22,CH-6750-cK
1163,1182,2021-11-26,CH-5964-Io
1164,1183,2022-11-29,CH-4484-Zw
1165,1184,2023-03-09,CH-6464-Zd
1166,1185,2021-11-08,CH-0467-wH
1167,1186,2023-12-21,CH-0177-sf
1168,1187,2021-12-16,CH-0885-ed
1169,1188,2021-06-09,CH-7649-XS
1170,1189,2020-06-30,CH-3717-wB
1171,1190,2022-09-01,CH-3842-Mu
1172,1191,2023-02-01,CH-7851-sF
1173,1192,2023-08-17,CH-4593-zU
1174,1193,2023-01-01,CH-0918-bS
1175,1194,2023-10-04,CH-3353-kX
1176,1195,2023-08-05,CH-6269-ip
1177,1196,2020-05-26,CH-2667-To
1178,1197,2021-04-21,CH-9199-gi
1179,1198,2023-06-30,CH-2017-oW
1180,1199,2022-03-19,CH-4353-iz
1181,1200,2023-12-12,CH-7065-FJ
1182,1201,2023-11-16,CH-4058-Lm
1183,1202,2022-03-09,CH-5186-fD
1184,1203,2021-04-22,CH-4367-lW
1185,1204,2022-09-11,CH-5975-Cf
1186,1205,2023-09-20,CH-6950-ff
1187,1206,2023-09-30,CH-1602-lb
1188,1207,2023-09-20,CH-3231-UF
1189,1208,2021-05-04,CH-8340-Ju
1190,1209,2022-09-28,CH-9205-MO
1191,1210,2022-06-09,CH-9354-WL
1192,1211,2020-09-04,CH-1589-Cp
1193,1212,2023-03-22,CH-5897-py
1194,1213,2021-04-05,CH-9589-vZ
1195,1214,2023-09-10,CH-3354-Yv
1196,1215,2021-01-26,CH-7166-BK
1197,1216,2023-04-02,CH-3743-Ut
1198,1217,2021-08-20,CH-2580-lQ
1199,1218,2022-05-29,CH-2268-KO
1200,1219,2023-07-14,CH-7884-Ro
1201,1220,2022-03-04,CH-1667-wL
1202,1221,2022-10-24,CH-3595-JY
1203,1222,2022-10-20,CH-6796-eC
1204,1223,2023-09-15,CH-7779-ey
1205,1224,2021-07-26,CH-4495-vV
1206,1225,2020-07-19,CH-3499-jG
1207,1226,2023-11-17,CH-5916-EA
1208,1227,2021-10-14,CH-1799-Og
1209,1229,2023-03-18,CH-1201-nH
1210,1230,2023-09-30,CH-3705-jW
1211,1231,2022-05-22,CH-4764-if
1212,1232,2023-10-16,CH-4876-BQ
1213,1233,2021-07-07,CH-9173-UG
1214,1234,2022-11-27,CH-3482-Sn
1215,1235,2023-06-03,CH-9257-pC
1216,1236,2021-08-09,CH-2370-Kt
1217,1237,2023-12-22,CH-6160-wh
1218,1238,2023-11-06,CH-0548-jY
1219,1239,2021-11-18,CH-0374-Mc
1220,1240,2022-08-17,CH-9256-Ae
1221,1241,2021-09-01,CH-8003-oc
1222,1242,2023-04-23,CH-2050-Hc
1223,1243,2021-12-12,CH-4930-Kk
1224,1244,2021-09-21,CH-6889-Bu
1225,1245,2023-09-29,CH-4161-kg
1226,1246,2023-09-16,CH-9785-xt
1227,1247,2022-04-16,CH-3443-Rm
1228,1248,2022-03-10,CH-8311-Pl
1229,1249,2023-11-08,CH-6121-hN
1230,1250,2022-12-25,CH-8397-Ru
1231,1251,2023-06-28,CH-5737-pt
1232,1253,2022-07-19,CH-1284-Xs
1233,1254,2023-05-27,CH-3478-JV
1234,1255,2023-08-10,CH-2786-rQ
1235,1256,2023-12-10,CH-0430-Ro
1236,1257,2022-04-08,CH-1759-PA
1237,1258,2022-07-16,CH-6917-yW
1238,1259,2022-08-30,CH-8745-eu
1239,1260,2023-11-30,CH-5597-cs
1240,1261,2020-11-03,CH-7443-uI
1241,1262,2022-08-03,CH-8217-Xw
1242,1263,2021-08-24,CH-4403-DR
1243,1264,2023-07-19,CH-3222-mQ
1244,1265,2023-03-18,CH-7323-fH
1245,1266,2021-03-27,CH-0091-fl
1246,1267,2023-03-10,CH-1329-wm
1247,1268,2021-05-22,CH-1633-AZ
1248,1269,2022-12-23,CH-6927-lT
1249,1270,2023-01-16,CH-6817-Tz
1250,1272,2023-11-16,CH-3782-Wa
1251,1273,2023-04-29,CH-4233-zy
1252,1274,2020-10-23,CH-7101-ug
1253,1275,2021-09-21,CH-5196-TV
1254,1276,2023-11-28,CH-0078-Bh
1255,1277,2021-07-06,CH-2656-Jg
1256,1278,2023-06-07,CH-4145-Mh
1257,1279,2021-11-02,CH-5980-xs
1258,1280,2021-11-14,CH-1330-sQ
1259,1281,2022-04-11,CH-4077-bZ
1260,1282,2022-12-29,CH-1214-DY
1261,1283,2022-01-29,CH-7095-wo
1262,1284,2021-02-10,CH-3720-qS
1263,1285,2022-06-24,CH-2776-nE
1264,1286,2023-10-06,CH-4669-KG
1265,1287,2023-12-05,CH-4592-Eh
1266,1288,2023-04-19,CH-2837-vk
1267,1289,2022-09-13,CH-8612-PA
1268,1290,2022-08-22,CH-4157-wQ
1269,1291,2022-05-30,CH-1385-eZ
1270,1292,2021-02-26,CH-3176-uH
1271,1293,2020-10-31,CH-4865-ME
1272,1294,2023-05-20,CH-3718-Se
1273,1295,2023-01-16,CH-3062-GO
1274,1296,2023-10-03,CH-7085-tM
1275,1297,2023-09-04,CH-2507-VL
1276,1298,2022-09-18,CH-3454-La
1277,1299,2022-11-24,CH-8897-lr
1278,1300,2022-07-20,CH-3387-gB
1279,1301,2021-12-08,CH-3729-GZ
1280,1302,2021-08-30,CH-8288-YP
1281,1303,2022-09-25,CH-9947-rU
1282,1304,2023-12-06,CH-3946-KT
1283,1305,2021-07-07,CH-7867-ol
1284,1306,2021-03-11,CH-1717-SJ
1285,1307,2022-07-08,CH-0581-zE
1286,1308,2023-10-27,CH-3421-ny
1287,1309,2021-10-15,CH-0117-Pt
1288,1310,2021-06-30,CH-9214-lV
1289,1311,2023-12-29,CH-7040-MS
1290,1312,2023-11-11,CH-3755-Zu
1291,1313,2023-06-27,CH-6210-Tp
1292,1314,2023-01-28,CH-7650-Yi
1293,1315,2021-12-21,CH-0297-pP
1294,1316,2022-03-04,CH-0312-UQ
1295,1317,2021-03-05,CH-7219-Nu
1296,1318,2020-05-07,CH-2912-fj
1297,1319,2023-10-21,CH-4033-wb
1298,1320,2022-04-11,CH-0935-Rz
1299,1321,2023-09-24,CH-3623-cJ
1300,1322,2023-01-07,CH-3812-WD
1301,1323,2023-11-04,CH-5084-mc
1302,1324,2023-10-31,CH-2558-Wx
1303,1325,2021-10-26,CH-6424-fI
1304,1326,2023-07-25,CH-5861-xA
1305,1327,2020-05-27,CH-4117-Tl
1306,1328,2023-03-23,CH-2023-rk
1307,1329,2023-12-25,CH-7935-Ju
1308,1330,2023-11-15,CH-8256-zO
1309,1331,2023-09-17,CH-5370-PC
1310,1332,2022-07-18,CH-1136-MT
1311,1333,2020-08-10,CH-6615-dr
1312,1334,2021-08-17,CH-5577-hD
1313,1335,2022-10-22,CH-1019-Th
1314,1336,2022-08-05,CH-8066-hs
1315,1337,2022-04-25,CH-5609-ol
1316,1338,2023-08-13,CH-4557-eT
1317,1339,2020-12-29,CH-7206-jM
1318,1340,2021-08-16,CH-4060-oy
1319,1341,2022-02-12,CH-1665-wH
1320,1342,2023-02-27,CH-6029-UE
1321,1343,2023-05-23,CH-6047-jS
1322,1344,2021-02-21,CH-2259-hx
1323,1345,2022-07-29,CH-3837-UX
1324,1346,2021-07-25,CH-0051-RD
1325,1347,2023-11-02,CH-1350-QC
1326,1348,2023-07-17,CH-7483-dm
1327,1349,2022-03-04,CH-1694-mr
1328,1350,2023-01-24,CH-7466-sE
1329,1351,2022-04-21,CH-4795-zf
1330,1352,2022-03-11,CH-1239-un
1331,1353,2023-11-11,CH-6696-BP
1332,1354,2021-06-25,CH-9164-CA
1333,1355,2021-03-24,CH-4043-Pl
1334,1356,2022-03-23,CH-7170-RH
1335,1357,2023-08-04,CH-3581-QF
1336,1358,2022-09-21,CH-5931-Va
1337,1359,2021-09-11,CH-4058-jK
1338,1360,2023-03-09,CH-7908-Wd
1339,1361,2023-04-14,CH-2938-ds
1340,1362,2022-09-21,CH-6910-MI
1341,1363,2022-06-23,CH-7327-iY
1342,1364,2022-03-14,CH-2551-Hy
1343,1365,2023-05-14,CH-0166-qB
1344,1366,2021-06-02,CH-6692-PK
1345,1367,2022-05-17,CH-7002-bA
1346,1368,2021-10-03,CH-0492-tY
1347,1369,2023-05-23,CH-3880-qR
1348,1370,2023-05-18,CH-8289-Wu
1349,1371,2022-06-16,CH-2843-wq
1350,1372,2023-06-24,CH-7829-sJ
1351,1373,2022-05-19,CH-7156-EH
1352,1374,2022-06-12,CH-2550-MZ
1353,1375,2023-08-05,CH-8755-gF
1354,1376,2023-08-23,CH-4634-Cw
1355,1377,2023-06-02,CH-2572-CQ
1356,1378,2023-12-31,CH-4978-md
1357,1379,2023-02-27,CH-6929-oU
1358,1380,2022-12-26,CH-1697-IR
1359,1381,2022-06-26,CH-4097-hy
1360,1382,2023-04-04,CH-0806-XJ
1361,1383,2021-01-17,CH-3277-sH
1362,1384,2022-06-15,CH-5378-zD
1363,1385,2021-11-24,CH-8086-VM
1364,1386,2022-11-07,CH-9924-ev
1365,1387,2023-10-29,CH-3550-yp
1366,1388,2021-10-22,CH-1086-Mx
1367,1389,2023-05-09,CH-2542-Ok
1368,1390,2022-12-03,CH-8544-tK
1369,1391,2023-03-08,CH-2357-dn
1370,1392,2020-07-06,CH-8067-ey
1371,1393,2023-10-16,CH-5724-rq
1372,1394,2023-10-30,CH-8761-hq
1373,1395,2023-08-14,CH-7711-Is
1374,1396,2020-08-15,CH-9135-ia
1375,1397,2021-02-16,CH-1704-EW
1376,1398,2022-02-24,CH-1182-Vf
1377,1399,2023-11-29,CH-5458-xc
1378,1400,2021-11-03,CH-5175-Pj
1379,1401,2022-08-18,CH-0267-Dm
1380,1402,2021-11-06,CH-8206-yj
1381,1403,2022-06-28,CH-1869-CA
1382,1404,2023-04-15,CH-7250-wW
1383,1405,2023-07-23,CH-5687-Mv
1384,1406,2023-08-19,CH-4572-BT
1385,1407,2023-06-10,CH-4105-jB
1386,1408,2021-03-16,CH-7017-Vi
1387,1409,2023-11-04,CH-0365-FK
1388,1410,2021-04-07,CH-1651-tE
1389,1411,2023-02-11,CH-5968-nx
1390,1412,2023-09-21,CH-5102-Ap
1391,1413,2022-02-14,CH-1277-Ej
1392,1414,2021-11-29,CH-1030-yA
1393,1415,2022-11-08,CH-5295-Wm
1394,1416,2021-12-01,CH-5110-BR
1395,1417,2023-01-25,CH-5652-Xj
1396,1418,2022-02-17,CH-0945-XJ
1397,1419,2020-02-25,CH-1258-jX
1398,1420,2023-01-04,CH-3850-xo
1399,1421,2023-07-31,CH-9495-CN
1400,1422,2023-02-10,CH-4365-iG
1401,1423,2021-12-04,CH-9024-CZ
1402,1424,2021-01-09,CH-3236-vz
1403,1425,2023-08-24,CH-2653-jf
1404,1426,2021-09-03,CH-8046-Wd
1405,1427,2022-10-02,CH-4269-gh
1406,1428,2022-11-12,CH-2968-JC
1407,1429,2023-10-26,CH-6125-nn
1408,1430,2023-02-23,CH-7740-QV
1409,1431,2023-12-25,CH-5192-Ye
1410,1432,2023-01-26,CH-4733-vm
1411,1433,2022-01-02,CH-1167-SH
1412,1434,2022-05-16,CH-1544-li
1413,1435,2023-10-23,CH-3964-Vd
1414,1436,2022-06-28,CH-8213-oO
1415,1437,2023-11-13,CH-8613-pO
1416,1438,2023-08-05,CH-5479-Fk
1417,1439,2021-09-01,CH-3497-mE
1418,1440,2022-11-12,CH-4710-ts
1419,1441,2023-05-06,CH-8905-RB
1420,1442,2023-02-07,CH-6335-hn
1421,1443,2020-12-01,CH-3468-xt
1422,1444,2023-04-27,CH-4323-Lu
1423,1445,2021-09-23,CH-5907-zg
1424,1446,2022-10-14,CH-6773-sO
1425,1447,2022-03-28,CH-5342-xL
1426,1448,2021-08-19,CH-7569-kP
1427,1449,2021-11-07,CH-5748-NI
1428,1450,2023-11-29,CH-0706-Qu
1429,1451,2021-03-10,CH-2324-Pt
1430,1452,2022-09-22,CH-4199-If
1431,1453,2023-06-25,CH-0751-iJ
1432,1454,2022-12-01,CH-7721-PZ
1433,1455,2023-04-18,CH-0813-Va
1434,1456,2020-06-13,CH-0353-sI
1435,1457,2023-08-02,CH-4850-LE
1436,1458,2023-08-29,CH-0596-Tj
1437,1459,2022-09-01,CH-2606-vG
1438,1460,2023-12-26,CH-4894-Td
1439,1461,2022-09-09,CH-1443-CP
1440,1462,2023-07-09,CH-7144-Fv
1441,1463,2020-04-04,CH-1793-WV
1442,1464,2022-03-12,CH-5816-cE
1443,1465,2023-09-29,CH-7616-Vp
1444,1466,2023-07-22,CH-5157-zZ
1445,1467,2021-05-06,CH-4525-Nc
1446,1468,2021-06-07,CH-6906-ko
1447,1469,2022-05-28,CH-5181-bK
1448,1470,2023-02-03,CH-2936-Va
1449,1471,2022-04-20,CH-5858-Xu
1450,1472,2023-11-04,CH-3528-kX
1451,1473,2021-11-21,CH-9595-jb
1452,1474,2023-09-22,CH-2795-yO
1453,1475,2023-12-28,CH-4715-oy
1454,1476,2021-05-22,CH-5974-be
1455,1477,2023-03-26,CH-5344-oz
1456,1478,2020-04-12,CH-8920-aW
1457,1479,2022-09-12,CH-1756-Rm
1458,1480,2022-07-15,CH-1424-bM
1459,1481,2022-10-02,CH-6983-fl
1460,1482,2023-07-08,CH-2029-xR
1461,1483,2023-02-03,CH-9477-Wn
1462,1484,2022-02-12,CH-6465-sU
1463,1485,2022-03-26,CH-2346-eV
1464,1486,2021-08-12,CH-7024-Lq
1465,1487,2023-08-22,CH-3823-eF
1466,1488,2022-03-21,CH-3084-TF
1467,1489,2023-11-17,CH-7157-DM
1468,1490,2023-11-27,CH-5464-rR
1469,1491,2022-07-17,CH-9652-iv
1470,1492,2022-12-12,CH-6109-ab
1471,1493,2022-06-04,CH-3571-rX
1472,1494,2023-09-13,CH-5396-Bm
1473,1495,2020-06-28,CH-6428-aW
1474,1496,2022-07-17,CH-5104-jh
1475,1497,2023-10-26,CH-6579-lX
1476,1498,2023-11-06,CH-4894-Eg
1477,1499,2023-02-07,CH-1623-kT
1478,1500,2022-10-06,CH-6113-Uv
1479,1501,2021-10-08,CH-5022-MJ
1480,1503,2020-09-18,CH-2570-vB
1481,1504,2023-10-21,CH-7652-jD
1482,1505,2023-01-04,CH-7837-nM
1483,1506,2020-07-02,CH-3359-YZ
1484,1507,2022-06-24,CH-9018-YP
1485,1508,2023-12-27,CH-6234-mX
1486,1509,2022-12-17,CH-7924-eO
1487,1510,2023-10-02,CH-3289-jo
1488,1511,2023-11-01,CH-3828-ej
1489,1512,2023-03-22,CH-7315-Xh
1490,1513,2023-05-20,CH-8606-po
1491,1514,2022-11-20,CH-4323-Ag
1492,1515,2023-01-16,CH-6832-iM
1493,1516,2020-01-29,CH-4488-OR
1494,1517,2023-09-07,CH-4833-mK
1495,1518,2020-09-20,CH-7010-vJ
1496,1519,2023-01-15,CH-7407-gp
1497,1520,2020-02-07,CH-5164-As
1498,1521,2022-03-28,CH-1915-uX
1499,1522,2022-01-07,CH-0363-Nd
1500,1523,2023-06-27,CH-5702-ep
1501,1524,2020-11-22,CH-7115-yV
1502,1525,2021-12-09,CH-9773-cg
1503,1526,2023-06-09,CH-3370-pd
1504,1527,2023-09-12,CH-7257-yd
1505,1528,2023-05-20,CH-5950-mE
1506,1529,2022-12-13,CH-0690-Pe
1507,1530,2022-03-12,CH-3191-MJ
1508,1531,2022-07-23,CH-4158-cf
1509,1532,2023-10-10,CH-0516-kS
1510,1533,2023-05-24,CH-1541-km
1511,1534,2021-07-25,CH-0453-Ch
1512,1535,2021-05-22,CH-9996-zh
1513,1536,2023-09-02,CH-2597-Cb
1514,1537,2021-11-07,CH-1339-fc
1515,1538,2021-09-10,CH-2125-qQ
1516,1539,2021-06-14,CH-5758-Hv
1517,1540,2023-02-15,CH-2180-ss
1518,1541,2023-04-22,CH-5215-tN
1519,1542,2021-03-10,CH-1655-oN
1520,1544,2022-05-30,CH-3951-ez
1521,1545,2020-04-07,CH-1041-WF
1522,1546,2023-10-31,CH-8873-yx
1523,1547,2021-10-30,CH-8667-vr
1524,1548,2022-06-12,CH-5231-ah
1525,1549,2021-07-27,CH-8632-OY
1526,1550,2022-12-28,CH-1968-px
1527,1551,2022-03-17,CH-7053-cc
1528,1552,2023-08-02,CH-1940-OE
1529,1553,2022-12-10,CH-9895-bG
1530,1554,2023-07-15,CH-4795-Ir
1531,1555,2021-08-11,CH-5712-qW
1532,1556,2021-12-06,CH-0325-hG
1533,1557,2023-06-06,CH-8283-dY
1534,1558,2022-09-25,CH-3313-wp
1535,1559,2022-08-10,CH-6319-wH
1536,1560,2023-08-30,CH-0512-Sy
1537,1561,2022-11-30,CH-6692-Ae
1538,1562,2023-08-11,CH-9142-qO
1539,1563,2020-02-14,CH-4558-yg
1540,1564,2023-01-03,CH-8772-gW
1541,1565,2023-04-01,CH-1107-nh
1542,1566,2023-08-31,CH-8506-Kd
1543,1567,2022-04-06,CH-9423-lQ
1544,1568,2021-11-24,CH-8450-IA
1545,1569,2022-12-25,CH-9387-ho
1546,1571,2023-08-17,CH-4464-pm
1547,1572,2020-03-23,CH-2672-Xj
1548,1573,2022-12-02,CH-9704-fr
1549,1574,2020-02-16,CH-7970-RO
1550,1575,2022-08-28,CH-2708-vS
1551,1576,2021-11-04,CH-3303-Zv
1552,1577,2021-02-06,CH-5977-kt
1553,1578,2022-06-21,CH-1027-Gd
1554,1579,2020-08-23,CH-8363-wx
1555,1580,2023-12-07,CH-9136-Sz
1556,1581,2023-09-05,CH-3215-EX
1557,1582,2023-04-03,CH-6387-xI
1558,1583,2020-05-10,CH-9216-br
1559,1584,2021-10-03,CH-4020-wu
1560,1585,2023-06-21,CH-2510-xI
1561,1586,2022-07-15,CH-1533-pa
1562,1587,2023-08-30,CH-2816-Ct
1563,1588,2020-04-10,CH-2861-sx
1564,1589,2023-10-24,CH-7412-gw
1565,1590,2020-09-25,CH-3470-bL
1566,1591,2021-04-07,CH-5882-zD
1567,1592,2022-08-01,CH-5001-jO
1568,1593,2021-06-05,CH-5771-AP
1569,1594,2022-07-20,CH-4260-Is
1570,1595,2022-08-03,CH-0544-Nt
1571,1596,2023-01-18,CH-8947-TJ
1572,1597,2023-01-31,CH-8637-wr
1573,1598,2023-12-23,CH-0114-Mv
1574,1599,2021-10-06,CH-4325-OJ
1575,1600,2022-12-11,CH-8981-Dk
1576,1601,2022-06-05,CH-4022-Ly
1577,1602,2021-09-12,CH-2182-Sf
1578,1603,2021-06-20,CH-3155-ff
1579,1604,2022-10-06,CH-8295-rD
1580,1605,2023-04-02,CH-0997-hz
1581,1606,2022-01-12,CH-2909-FU
1582,1607,2021-04-07,CH-7673-LL
1583,1608,2021-10-03,CH-7177-gd
1584,1609,2022-01-03,CH-7598-SK
1585,1610,2023-07-11,CH-2307-Za
1586,1611,2023-10-07,CH-5102-ur
1587,1612,2022-09-11,CH-2627-OM
1588,1613,2022-08-23,CH-2577-yn
1589,1614,2023-06-03,CH-8675-NL
1590,1615,2022-06-21,CH-1447-uG
1591,1616,2021-05-04,CH-4451-yC
1592,1617,2023-11-30,CH-0661-ra
1593,1618,2023-02-19,CH-3511-sC
1594,1620,2022-10-16,CH-0170-IV
1595,1621,2023-09-26,CH-4570-Mx
1596,1622,2022-12-22,CH-3821-kn
1597,1623,2021-07-29,CH-2382-vx
1598,1624,2022-10-13,CH-5423-ue
1599,1625,2023-06-19,CH-6596-Ev
1600,1626,2020-03-16,CH-4563-nD
1601,1627,2022-02-04,CH-2808-ZM
1602,1628,2022-10-11,CH-2470-gO
1603,1629,2022-11-12,CH-8465-WI
1604,1630,2022-09-11,CH-8329-lx
1605,1631,2021-09-07,CH-2341-ko
1606,1632,2022-10-07,CH-4108-GW
1607,1633,2023-11-22,CH-6954-AV
1608,1634,2020-09-06,CH-1186-RY
1609,1635,2023-05-29,CH-0921-iL
1610,1636,2023-05-02,CH-1981-jd
1611,1637,2023-07-26,CH-8205-Vl
1612,1638,2021-07-28,CH-2595-kJ
1613,1639,2023-07-17,CH-0889-WW
1614,1640,2021-01-03,CH-4210-HJ
1615,1641,2022-07-05,CH-6563-Qv
1616,1642,2023-01-15,CH-7221-iV
1617,1643,2023-06-16,CH-8215-MV
1618,1644,2022-12-27,CH-5421-mE
1619,1645,2023-04-20,CH-4435-Di
1620,1646,2022-04-02,CH-5836-Ya
1621,1647,2023-12-30,CH-1789-Nl
1622,1648,2023-10-31,CH-6582-jN
1623,1649,2023-06-14,CH-0565-Jj
1624,1650,2020-09-18,CH-3397-oz
1625,1651,2021-10-03,CH-8854-MY
1626,1652,2023-01-27,CH-2559-Vn
1627,1653,2023-09-08,CH-3391-MJ
1628,1654,2021-03-07,CH-9437-kR
1629,1655,2020-10-01,CH-1485-jW
1630,1656,2020-08-20,CH-9403-XK
1631,1657,2023-09-11,CH-3422-kn
1632,1658,2022-03-19,CH-3710-Ys
1633,1659,2022-01-17,CH-7826-dH
1634,1660,2023-12-18,CH-1421-Pe
1635,1661,2023-12-08,CH-0050-Mj
1636,1662,2023-10-09,CH-7305-rB
1637,1663,2023-03-29,CH-6986-Oh
1638,1664,2023-10-12,CH-7602-iF
1639,1665,2023-03-28,CH-9019-nU
1640,1666,2021-02-16,CH-6372-NV
1641,1667,2023-04-19,CH-4168-rE
1642,1668,2023-07-24,CH-6733-TX
1643,1669,2023-05-19,CH-4925-Ud
1644,1670,2020-09-17,CH-5626-Jh
1645,1671,2021-06-19,CH-6954-mM
1646,1672,2022-06-21,CH-6510-Eg
1647,1673,2023-08-04,CH-5213-oL
1648,1674,2022-09-02,CH-7567-uY
1649,1675,2023-01-07,CH-3400-Dm
1650,1676,2023-11-28,CH-9590-Pj
1651,1677,2021-04-29,CH-1043-xd
1652,1678,2023-01-24,CH-9566-nv
1653,1679,2023-04-19,CH-4172-AD
1654,1680,2020-09-08,CH-2081-RN
1655,1681,2022-03-05,CH-7493-fS
1656,1682,2022-06-22,CH-4523-CC
1657,1683,2023-05-28,CH-3004-VY
1658,1684,2023-09-09,CH-4830-gi
1659,1685,2022-10-26,CH-5041-nn
1660,1686,2022-11-01,CH-5534-TO
1661,1687,2023-09-05,CH-0231-yg
1662,1688,2022-11-11,CH-0300-MW
1663,1689,2023-08-27,CH-6158-Wt
1664,1690,2022-12-29,CH-4861-gD
1665,1691,2022-04-05,CH-4716-Fq
1666,1692,2022-12-07,CH-2578-mS
1667,1693,2021-03-17,CH-4647-TK
1668,1694,2021-02-03,CH-0377-NQ
1669,1695,2021-12-18,CH-7915-dB
1670,1696,2022-01-30,CH-2398-Ub
1671,1697,2022-04-09,CH-7483-hw
1672,1698,2023-11-26,CH-3410-MU
1673,1699,2022-11-10,CH-3142-rZ
1674,1700,2021-08-19,CH-6044-hr
1675,1701,2022-09-27,CH-6288-PQ
1676,1702,2023-05-16,CH-7285-jl
1677,1703,2022-10-27,CH-4522-gM
1678,1704,2022-04-17,CH-4299-Me
1679,1705,2023-01-15,CH-3590-Mg
1680,1706,2021-12-14,CH-4086-xU
1681,1707,2022-07-24,CH-2794-wJ
1682,1708,2021-09-30,CH-9603-dN
1683,1710,2021-12-04,CH-8116-Hf
1684,1711,2022-10-15,CH-5872-Lr
1685,1712,2023-06-15,CH-8556-Yx
1686,1713,2021-10-23,CH-8408-oH
1687,1714,2023-08-10,CH-3831-sP
1688,1715,2022-09-04,CH-1224-bK
1689,1716,2023-07-06,CH-9244-at
1690,1717,2023-04-20,CH-9638-jZ
1691,1718,2023-04-13,CH-2513-Dw
1692,1719,2021-05-19,CH-6460-kG
1693,1720,2021-06-06,CH-0083-lT
1694,1721,2023-11-15,CH-8371-tK
1695,1722,2023-02-14,CH-0829-GI
1696,1723,2023-12-09,CH-7929-Ef
1697,1724,2023-11-09,CH-2965-Bn
1698,1725,2021-03-20,CH-4783-il
1699,1726,2022-07-07,CH-1806-Rg
1700,1727,2023-06-28,CH-1601-nR
1701,1728,2023-06-09,CH-9691-Sg
1702,1729,2020-06-21,CH-9983-kd
1703,1730,2023-05-20,CH-5449-uD
1704,1731,2021-03-27,CH-5748-fI
1705,1732,2022-09-28,CH-5669-Ee
1706,1733,2023-02-16,CH-6851-Ja
1707,1734,2023-07-26,CH-1835-kW
1708,1735,2021-02-23,CH-2037-Xn
1709,1736,2021-11-12,CH-9835-LL
1710,1737,2023-09-24,CH-6258-tu
1711,1738,2022-12-22,CH-9459-Ww
1712,1739,2020-12-12,CH-6307-dG
1713,1740,2022-09-02,CH-6537-HW
1714,1741,2023-04-06,CH-4063-OI
1715,1742,2021-12-30,CH-0156-ox
1716,1743,2023-06-30,CH-9867-Rq
1717,1744,2021-06-12,CH-4502-yT
1718,1745,2023-03-05,CH-0431-OR
1719,1746,2023-06-11,CH-9943-HM
1720,1748,2023-09-26,CH-0130-kV
1721,1749,2021-06-23,CH-8735-Yo
1722,1750,2023-03-13,CH-8108-WA
1723,1751,2021-11-26,CH-3678-MZ
1724,1752,2021-04-02,CH-5510-Iq
1725,1753,2023-07-23,CH-3471-EU
1726,1754,2022-02-28,CH-1038-WO
1727,1755,2022-08-29,CH-5308-NZ
1728,1756,2022-05-20,CH-5940-Yd
1729,1757,2023-04-08,CH-6984-oO
1730,1758,2023-03-10,CH-7046-Iz
1731,1759,2023-05-05,CH-3975-Cs
1732,1760,2023-07-29,CH-8110-Ql
1733,1761,2022-11-22,CH-3043-aa
1734,1762,2020-11-16,CH-5422-ba
1735,1763,2022-09-19,CH-2513-ce
1736,1764,2021-05-05,CH-8260-VW
1737,1765,2023-09-29,CH-9855-tY
1738,1766,2020-11-02,CH-1320-HF
1739,1767,2023-03-17,CH-6012-ja
1740,1768,2022-11-01,CH-2149-uU
1741,1769,2023-12-30,CH-7368-dm
1742,1770,2023-11-08,CH-9261-QT
1743,1771,2021-08-02,CH-3153-YP
1744,1772,2021-06-20,CH-5409-Vp
1745,1773,2021-10-21,CH-0226-oh
1746,1774,2022-09-12,CH-8785-KM
1747,1775,2023-11-19,CH-2573-my
1748,1776,2020-11-30,CH-6597-jF
1749,1777,2022-10-07,CH-2313-qk
1750,1778,2022-04-26,CH-9794-ij
1751,1779,2022-11-06,CH-6728-jH
1752,1780,2021-01-13,CH-0157-cI
1753,1781,2023-01-08,CH-0515-Zx
1754,1782,2022-02-24,CH-8531-Ay
1755,1783,2020-11-19,CH-8902-wD
1756,1784,2021-09-23,CH-9986-dq
1757,1785,2023-04-02,CH-5751-Zs
1758,1786,2021-03-27,CH-5106-rR
1759,1787,2022-09-20,CH-8878-wx
1760,1788,2020-10-09,CH-5687-EM
1761,1789,2022-08-10,CH-0986-bs
1762,1790,2023-09-04,CH-8655-UM
1763,1791,2021-05-10,CH-2939-vV
1764,1792,2022-04-25,CH-5239-BW
1765,1793,2023-04-17,CH-0209-Gt
1766,1794,2023-11-17,CH-7726-fX
1767,1795,2023-03-23,CH-0482-dX
1768,1796,2023-01-03,CH-0861-ok
1769,1797,2022-11-18,CH-8068-Ig
1770,1798,2022-12-29,CH-1190-Tz
1771,1799,2022-05-26,CH-2628-do
1772,1800,2023-01-03,CH-0243-rG
1773,1801,2023-03-29,CH-1813-iY
1774,1802,2023-08-21,CH-8315-GE
1775,1803,2022-12-22,CH-5052-sT
1776,1804,2023-06-20,CH-9279-Pd
1777,1805,2023-08-04,CH-1800-jZ
1778,1806,2021-06-01,CH-0403-qy
1779,1807,2022-08-28,CH-8323-lw
1780,1808,2021-04-30,CH-6714-fd
1781,1809,2023-12-14,CH-8954-OF
1782,1810,2022-06-20,CH-0866-Sx
1783,1811,2020-09-20,CH-2961-sd
1784,1812,2022-07-05,CH-6934-XR
1785,1813,2022-09-17,CH-3654-JJ
1786,1814,2023-03-05,CH-1618-Lc
1787,1815,2023-07-17,CH-1344-Ke
1788,1816,2023-02-07,CH-4396-Ek
1789,1817,2020-04-08,CH-6456-xL
1790,1818,2023-01-31,CH-9855-ul
1791,1819,2023-08-17,CH-0432-GB
1792,1820,2023-05-14,CH-2183-ml
1793,1822,2020-10-22,CH-7956-Ol
1794,1823,2021-04-29,CH-7907-Gy
1795,1824,2023-04-21,CH-6780-XF
1796,1825,2020-12-26,CH-7502-tG
1797,1826,2023-04-17,CH-1863-WZ
1798,1827,2022-01-31,CH-3796-Sk
1799,1828,2023-09-12,CH-0145-zZ
1800,1829,2022-01-26,CH-9529-Mq
1801,1830,2022-12-02,CH-2840-hK
1802,1831,2023-07-14,CH-4147-CD
1803,1832,2023-12-04,CH-0841-VD
1804,1833,2022-10-25,CH-9422-kc
1805,1834,2023-06-08,CH-8518-Hr
1806,1835,2021-08-19,CH-8098-ki
1807,1836,2023-01-10,CH-4555-QC
1808,1837,2023-11-03,CH-5969-JE
1809,1838,2021-12-23,CH-8375-wN
1810,1839,2023-09-08,CH-8069-UA
1811,1840,2023-10-16,CH-4490-JG
1812,1841,2022-05-13,CH-1052-BF
1813,1842,2022-07-06,CH-5965-fj
1814,1843,2021-07-27,CH-1086-hu
1815,1844,2022-08-30,CH-4543-Wi
1816,1845,2023-12-07,CH-6418-CP
1817,1846,2023-06-27,CH-7626-bO
1818,1847,2023-03-09,CH-6378-Ty
1819,1848,2022-05-11,CH-6013-VC
1820,1849,2023-04-05,CH-8137-Qq
1821,1850,2021-12-04,CH-8206-ag
1822,1851,2023-06-09,CH-6930-eK
1823,1852,2023-08-14,CH-9724-Ob
1824,1853,2022-08-20,CH-1925-dk
1825,1854,2022-05-31,CH-8615-Oq
1826,1855,2023-01-18,CH-6717-dN
1827,1856,2023-10-28,CH-6847-yC
1828,1857,2023-10-28,CH-2180-We
1829,1858,2023-07-27,CH-4315-Bb
1830,1859,2023-11-19,CH-6088-Ci
1831,1860,2022-07-03,CH-0133-yc
1832,1861,2021-05-15,CH-1799-Jn
1833,1862,2021-06-04,CH-3691-Fn
1834,1863,2020-08-11,CH-2261-SE
1835,1864,2023-09-28,CH-0969-eY
1836,1865,2022-12-21,CH-3253-fb
1837,1866,2023-11-06,CH-6765-Cv
1838,1867,2023-03-13,CH-8654-hU
1839,1868,2022-09-23,CH-2965-Pz
1840,1869,2021-03-11,CH-1259-mK
1841,1870,2021-05-18,CH-7696-Dq
1842,1871,2021-10-05,CH-4714-Ys
1843,1872,2023-07-07,CH-5877-KJ
1844,1873,2023-08-29,CH-2219-BM
1845,1874,2023-07-26,CH-8455-XB
1846,1875,2020-09-24,CH-2244-OH
1847,1876,2023-06-16,CH-5445-AV
1848,1877,2021-08-12,CH-3244-vP
1849,1878,2023-03-22,CH-2135-DH
1850,1880,2023-03-13,CH-9118-OQ
1851,1881,2021-07-10,CH-8757-sz
1852,1882,2023-01-29,CH-4028-MA
1853,1883,2023-12-08,CH-7268-Fg
1854,1884,2022-08-05,CH-3634-iw
1855,1885,2020-02-17,CH-3375-cj
1856,1886,2021-07-04,CH-2287-kJ
1857,1887,2022-04-15,CH-1200-fc
1858,1888,2020-09-01,CH-0487-hG
1859,1889,2022-12-25,CH-1275-Kn
1860,1890,2020-12-17,CH-6596-Fq
1861,1891,2023-06-13,CH-3771-Mj
1862,1892,2021-11-03,CH-7987-ee
1863,1893,2021-05-14,CH-6893-FT
1864,1894,2022-07-06,CH-7203-KS
1865,1895,2023-04-20,CH-4554-Bd
1866,1896,2023-08-27,CH-1188-KP
1867,1897,2022-06-09,CH-4924-Fo
1868,1898,2022-06-13,CH-0373-no
1869,1899,2023-06-04,CH-1138-pu
1870,1900,2021-11-09,CH-7791-Dw
1871,1901,2023-12-03,CH-7752-Gy
1872,1902,2021-02-21,CH-4734-yA
1873,1903,2021-09-10,CH-2545-JF
1874,1904,2023-07-06,CH-4667-ls
1875,1905,2022-04-10,CH-9678-ia
1876,1906,2021-02-27,CH-6566-ih
1877,1907,2023-02-05,CH-0560-pn
1878,1908,2022-06-10,CH-4311-jd
1879,1909,2023-03-24,CH-3961-lw
1880,1910,2023-05-18,CH-8026-iK
1881,1911,2022-03-15,CH-8565-pg
1882,1912,2023-09-22,CH-3660-aS
1883,1913,2023-08-31,CH-4765-zn
1884,1914,2023-10-11,CH-3948-kc
1885,1915,2022-06-11,CH-6354-iv
1886,1916,2022-12-12,CH-9225-Nx
1887,1917,2023-04-24,CH-4649-sW
1888,1918,2021-12-08,CH-6100-Re
1889,1919,2020-12-22,CH-1654-Wj
1890,1920,2023-08-26,CH-8676-Ui
1891,1921,2022-12-19,CH-0542-EF
1892,1922,2020-10-07,CH-4247-AX
1893,1923,2020-11-16,CH-5406-No
1894,1924,2023-10-01,CH-9214-yo
1895,1925,2023-12-10,CH-3461-py
1896,1926,2023-04-05,CH-4303-UH
1897,1927,2021-03-07,CH-7458-AY
1898,1928,2023-02-27,CH-4542-iT
1899,1929,2021-02-17,CH-5576-jc
1900,1930,2022-02-22,CH-2315-ug
1901,1931,2022-06-20,CH-3549-Jq
1902,1932,2021-09-03,CH-9253-CP
1903,1933,2023-11-18,CH-4044-zv
1904,1934,2022-07-19,CH-2416-PN
1905,1935,2021-11-10,CH-5613-tZ
1906,1936,2021-02-08,CH-0980-GH
1907,1938,2023-03-23,CH-1596-YU
1908,1940,2023-03-14,CH-8435-YD
1909,1941,2023-04-04,CH-0911-Kw
1910,1942,2021-02-25,CH-7265-vX
1911,1943,2022-06-27,CH-9275-Ht
1912,1944,2023-09-13,CH-0785-Uw
1913,1945,2021-09-24,CH-0778-Kv
1914,1946,2022-11-11,CH-6090-vH
1915,1947,2023-12-11,CH-1961-oo
1916,1948,2021-11-22,CH-0950-Jy
1917,1949,2023-04-16,CH-3345-qF
1918,1950,2022-03-03,CH-9889-KU
1919,1951,2020-12-02,CH-9578-Ia
1920,1952,2022-11-25,CH-2175-QG
1921,1953,2022-09-16,CH-7633-ss
1922,1954,2022-09-27,CH-5680-sp
1923,1955,2023-06-17,CH-6336-fr
1924,1956,2021-11-08,CH-3976-YJ
1925,1957,2023-01-14,CH-4691-Ch
1926,1958,2022-11-17,CH-2304-ca
1927,1959,2022-11-29,CH-5885-LR
1928,1960,2022-09-29,CH-3921-ls
1929,1961,2021-02-09,CH-1943-DM
1930,1962,2020-12-27,CH-8548-io
1931,1963,2020-06-06,CH-7500-ic
1932,1964,2022-04-09,CH-0045-ja
1933,1965,2023-01-04,CH-7905-jQ
1934,1966,2020-07-12,CH-8893-Cf
1935,1967,2023-02-02,CH-8284-iS
1936,1968,2023-12-03,CH-0402-JZ
1937,1969,2023-01-09,CH-1621-QI
1938,1970,2022-09-10,CH-6068-fX
1939,1971,2022-01-13,CH-3189-ly
1940,1972,2022-01-11,CH-5249-xv
1941,1973,2020-02-22,CH-3337-lY
1942,1974,2023-10-01,CH-4304-Hn
1943,1975,2021-08-27,CH-6079-jy
1944,1977,2022-08-01,CH-6102-Rv
1945,1978,2022-10-21,CH-9865-lO
1946,1979,2023-05-15,CH-2514-VD
1947,1980,2023-09-30,CH-0419-oN
1948,1981,2023-06-21,CH-0898-DU
1949,1982,2021-11-05,CH-2913-ao
1950,1983,2023-11-03,CH-8649-yi
1951,1984,2023-03-18,CH-4684-TB
1952,1985,2023-07-18,CH-8089-he
1953,1986,2023-09-24,CH-9672-JN
1954,1987,2021-05-06,CH-4812-yo
1955,1988,2021-12-11,CH-3991-Ul
1956,1989,2022-10-23,CH-3521-ou
1957,1990,2023-06-04,CH-9722-QA
1958,1991,2021-09-24,CH-0716-Ob
1959,1992,2022-07-24,CH-4728-oJ
1960,1993,2022-09-06,CH-0277-pU
1961,1994,2023-11-27,CH-4979-ek
1962,1995,2020-06-16,CH-7334-Ox
1963,1996,2023-03-29,CH-2280-hN
1964,1997,2023-02-03,CH-2323-ug
1965,1998,2022-03-15,CH-0945-nv
1966,1999,2023-04-07,CH-6777-vB
1967,2000,2021-02-05,CH-8445-lP
1968,2001,2021-03-05,CH-8265-bq
1969,2002,2023-07-20,CH-7668-EI
1970,2003,2022-04-17,CH-1664-by
1971,2004,2022-01-22,CH-5481-Vb
1972,2005,2021-05-15,CH-1656-xA
1973,2006,2021-12-19,CH-7908-cX
1974,2007,2022-08-21,CH-0626-Ln
1975,2008,2021-12-21,CH-4861-Vi
1976,2009,2023-12-28,CH-3005-Tz
1977,2010,2023-02-11,CH-0005-Ib
1978,2011,2022-07-22,CH-4877-ec
1979,2012,2022-04-09,CH-9907-Wu
1980,2013,2022-02-17,CH-2634-nv
1981,2014,2020-08-21,CH-5456-TB
1982,2015,2022-07-21,CH-6620-RF
1983,2016,2023-07-10,CH-9828-fo
1984,2017,2021-11-10,CH-1879-rN
1985,2018,2023-08-13,CH-9440-Cd
1986,2019,2022-06-24,CH-8076-cJ
1987,2020,2023-04-11,CH-7226-Kq
1988,2021,2023-12-29,CH-4419-Ax
1989,2022,2023-12-13,CH-8321-QX
1990,2023,2023-12-16,CH-1988-Zw
1991,2024,2022-09-17,CH-4676-Ku
1992,2025,2022-09-16,CH-4194-Un
1993,2026,2020-04-09,CH-3314-bl
1994,2027,2023-12-20,CH-6437-Bz
1995,2028,2021-11-19,CH-1277-vQ
1996,2029,2022-02-12,CH-8991-wM
1997,2030,2021-02-16,CH-2722-Ww
1998,2031,2021-02-22,CH-3738-Ml
1999,2032,2023-01-21,CH-9969-Os
2000,2033,2022-08-13,CH-2195-wU
2001,2034,2021-11-16,CH-4755-uo
2002,2035,2021-10-25,CH-5779-Zi
2003,2036,2023-08-24,CH-3739-eQ
2004,2037,2023-12-07,CH-5370-MM
2005,2038,2023-12-04,CH-9146-ZM
2006,2039,2020-12-26,CH-4991-nD
2007,2040,2023-08-24,CH-5993-VE
2008,2041,2020-12-17,CH-9466-Tk
2009,2042,2021-12-30,CH-7902-KH
2010,2043,2021-07-19,CH-9760-GL
2011,2044,2021-12-19,CH-8483-lX
2012,2045,2023-02-14,CH-1913-cM
2013,2046,2023-06-28,CH-2500-aX
2014,2047,2022-05-05,CH-2596-Il
2015,2048,2021-07-21,CH-1430-yD
2016,2049,2023-05-06,CH-3485-ty
2017,2050,2021-06-15,CH-0740-QA
2018,2051,2020-10-09,CH-7201-AT
2019,2052,2021-12-10,CH-4934-ZA
2020,2053,2022-11-28,CH-6343-pZ
2021,2054,2021-06-12,CH-0034-lh
2022,2055,2023-11-06,CH-5550-QR
2023,2056,2023-09-27,CH-3044-PV
2024,2057,2020-08-10,CH-3918-As
2025,2058,2021-09-13,CH-5062-pR
2026,2059,2023-12-22,CH-3096-RL
2027,2060,2022-10-25,CH-0077-tz
2028,2061,2023-02-03,CH-1536-Am
2029,2062,2023-05-02,CH-7576-BL
2030,2063,2022-03-25,CH-5364-Um
2031,2064,2022-08-21,CH-3158-MH
2032,2065,2023-01-27,CH-8526-Ix
2033,2066,2023-10-24,CH-5526-eZ
2034,2067,2022-11-22,CH-6064-OW
2035,2068,2022-06-26,CH-7810-Zq
2036,2069,2023-12-31,CH-7253-Oa
2037,2070,2023-01-18,CH-7555-NA
2038,2071,2023-05-14,CH-3204-kp
2039,2072,2021-08-27,CH-4637-yP
2040,2073,2023-02-14,CH-7344-Ih
2041,2074,2022-01-12,CH-7735-tT
2042,2075,2023-11-30,CH-3471-pz
2043,2076,2023-05-02,CH-7349-ER
2044,2077,2023-04-21,CH-3674-jr
2045,2078,2021-12-23,CH-4714-OY
2046,2079,2023-01-16,CH-4556-gd
2047,2080,2022-02-01,CH-9605-SA
2048,2081,2022-05-18,CH-2595-II
2049,2082,2021-02-02,CH-2449-st
2050,2083,2021-02-21,CH-1839-hi
2051,2084,2020-09-01,CH-0966-Zr
2052,2085,2022-06-18,CH-4739-xw
2053,2086,2023-03-13,CH-2646-fr
2054,2087,2023-07-01,CH-0552-Wq
2055,2088,2021-09-25,CH-2225-DT
2056,2089,2020-12-27,CH-9181-bN
2057,2090,2020-10-25,CH-0829-nA
2058,2091,2023-01-19,CH-6248-Vv
2059,2092,2023-07-17,CH-7178-eP
2060,2093,2022-05-24,CH-6407-za
2061,2094,2021-05-22,CH-5885-VE
2062,2095,2022-02-01,CH-5539-Oo
2063,2096,2022-12-28,CH-9133-vJ
2064,2097,2022-06-07,CH-4832-vT
2065,2098,2020-09-21,CH-9674-Nl
2066,2099,2022-10-09,CH-4299-ZV
2067,2100,2022-03-16,CH-8435-Qa
2068,2101,2023-03-24,CH-9826-GQ
2069,2102,2022-08-25,CH-4598-un
2070,2103,2022-11-07,CH-0539-rk
2071,2104,2023-02-07,CH-4407-oP
2072,2105,2020-11-13,CH-0197-YO
2073,2106,2023-09-18,CH-6668-EI
2074,2107,2022-04-19,CH-5481-Ls
2075,2108,2023-01-14,CH-8886-kR
2076,2109,2021-08-31,CH-5926-Jj
2077,2111,2023-07-16,CH-0992-bR
2078,2112,2022-08-12,CH-1593-jr
2079,2113,2023-10-09,CH-7061-Qh
2080,2114,2023-05-11,CH-5051-TN
2081,2115,2023-11-12,CH-7564-QJ
2082,2116,2023-06-17,CH-7865-Yr
2083,2117,2021-02-22,CH-8541-sP
2084,2118,2023-01-26,CH-0597-xm
2085,2119,2022-11-02,CH-4738-eg
2086,2120,2023-12-11,CH-7064-Iy
2087,2121,2021-07-29,CH-8773-YO
2088,2122,2021-07-12,CH-8868-Bm
2089,2123,2023-05-29,CH-6180-yH
2090,2124,2021-01-19,CH-0329-ki
2091,2125,2022-10-17,CH-5336-ms
2092,2126,2023-08-13,CH-4135-ke
2093,2127,2023-01-28,CH-2304-FH
2094,2128,2021-09-25,CH-2631-lD
2095,2129,2020-01-29,CH-8383-cm
2096,2130,2023-01-20,CH-5771-mY
2097,2131,2023-12-09,CH-0855-lz
2098,2132,2020-10-17,CH-5483-JK
2099,2133,2022-04-07,CH-3477-gY
2100,2134,2023-11-25,CH-1574-Va
2101,2135,2023-03-01,CH-8673-Mu
2102,2136,2023-02-28,CH-5561-AI
2103,2137,2021-10-06,CH-4579-CO
2104,2138,2021-12-07,CH-2085-Ol
2105,2139,2023-05-04,CH-7388-SC
2106,2140,2020-03-14,CH-7982-Yr
2107,2141,2021-05-14,CH-7664-Bq
2108,2142,2021-06-07,CH-1780-qY
2109,2143,2020-10-07,CH-8761-Fz
2110,2144,2021-11-02,CH-7295-Tp
2111,2145,2023-02-28,CH-3987-bN
2112,2146,2021-07-15,CH-9709-th
2113,2147,2023-01-09,CH-1085-IV
2114,2148,2022-11-21,CH-2500-Ik
2115,2149,2023-12-26,CH-6222-aj
2116,2150,2021-12-29,CH-2713-fV
2117,2151,2022-01-04,CH-4097-Mi
2118,2152,2020-12-08,CH-9204-Pa
2119,2153,2023-10-23,CH-7574-gd
2120,2154,2023-03-01,CH-6915-gc
2121,2155,2022-10-30,CH-2425-sN
2122,2156,2023-09-21,CH-6707-dR
2123,2157,2022-07-04,CH-2521-Eh
2124,2158,2022-09-05,CH-3081-si
2125,2159,2022-07-10,CH-3875-lT
2126,2160,2020-11-11,CH-2954-dw
2127,2161,2023-08-22,CH-7137-Ag
2128,2162,2022-05-15,CH-3827-Fl
2129,2163,2023-06-17,CH-5817-ys
2130,2164,2021-04-13,CH-2951-Ew
2131,2165,2022-02-18,CH-4089-Vv
2132,2166,2023-01-15,CH-5721-aK
2133,2167,2021-06-06,CH-3074-Jl
2134,2168,2023-09-21,CH-7121-NN
2135,2169,2020-08-07,CH-1869-lF
2136,2170,2023-07-02,CH-3358-gU
2137,2171,2023-01-16,CH-4155-sB
2138,2172,2023-12-14,CH-7424-Po
2139,2173,2023-03-26,CH-9426-MI
2140,2174,2023-12-20,CH-1549-pR
2141,2175,2023-01-21,CH-5271-zj
2142,2176,2022-12-04,CH-6095-qv
2143,2177,2022-09-11,CH-2650-hg
2144,2178,2021-08-01,CH-2345-mG
2145,2179,2022-05-05,CH-7434-qe
2146,2180,2022-05-09,CH-9832-qn
2147,2181,2022-12-07,CH-2683-AT
2148,2182,2021-11-01,CH-7536-ky
2149,2183,2023-12-05,CH-3274-wh
2150,2184,2023-10-11,CH-3381-Xk
2151,2185,2023-09-02,CH-4592-Hr
2152,2186,2022-08-26,CH-2003-pC
2153,2187,2021-09-19,CH-9850-hk
2154,2188,2021-10-21,CH-9683-ww
2155,2189,2023-10-12,CH-9108-Ku
2156,2190,2023-08-06,CH-3997-Lx
2157,2191,2022-03-15,CH-0626-Uy
2158,2192,2022-05-22,CH-8445-mC
2159,2193,2022-05-30,CH-4356-gH
2160,2194,2023-07-13,CH-2078-Nh
2161,2195,2021-03-08,CH-8638-TT
2162,2196,2021-01-29,CH-7069-Ma
2163,2197,2023-08-28,CH-1220-Fp
2164,2198,2020-02-16,CH-5221-xV
2165,2199,2023-01-29,CH-7116-EV
2166,2200,2021-02-13,CH-6792-Bj
2167,2201,2022-03-17,CH-6005-LL
2168,2202,2023-10-31,CH-7372-CD
2169,2203,2022-02-23,CH-8342-BG
2170,2204,2023-09-18,CH-8919-aB
2171,2205,2022-11-16,CH-1190-cf
2172,2206,2020-02-15,CH-4456-Bn
2173,2207,2022-12-03,CH-5328-yy
2174,2208,2023-04-30,CH-4768-Ay
2175,2209,2022-07-09,CH-7860-Qm
2176,2210,2023-12-06,CH-3129-OB
2177,2211,2023-12-10,CH-2156-JK
2178,2212,2022-02-18,CH-0364-oz
2179,2213,2023-08-26,CH-5967-oj
2180,2214,2023-03-23,CH-3648-YD
2181,2215,2020-12-20,CH-9175-ua
2182,2216,2022-09-30,CH-5054-Gf
2183,2217,2023-12-28,CH-8393-TU
2184,2218,2021-08-29,CH-3219-CN
2185,2219,2022-10-28,CH-9491-lg
2186,2220,2023-09-15,CH-1009-mM
2187,2221,2021-05-13,CH-4088-Ff
2188,2222,2022-09-28,CH-2709-uC
2189,2223,2023-06-08,CH-1019-hk
2190,2224,2023-09-07,CH-0193-CI
2191,2225,2023-08-19,CH-0731-LK
2192,2226,2022-02-12,CH-3789-kl
2193,2227,2021-01-15,CH-2170-Mr
2194,2228,2022-10-30,CH-8760-Aa
2195,2229,2023-08-06,CH-3673-xQ
2196,2230,2021-05-31,CH-5124-JK
2197,2231,2022-11-21,CH-8680-pt
2198,2232,2021-05-07,CH-1365-nL
2199,2233,2023-03-16,CH-1223-Bj
2200,2234,2020-01-14,CH-6548-mx
2201,2235,2023-02-25,CH-8402-Ox
2202,2236,2022-01-26,CH-3770-ZC
2203,2237,2020-05-25,CH-6921-oN
2204,2238,2021-05-02,CH-0074-ll
2205,2239,2022-11-20,CH-2508-yi
2206,2240,2023-04-23,CH-8731-yU
2207,2241,2023-08-05,CH-2508-vA
2208,2242,2021-10-03,CH-2235-rQ
2209,2243,2022-12-27,CH-6298-sv
2210,2244,2022-11-28,CH-8236-mw
2211,2245,2023-03-28,CH-7544-Na
2212,2246,2023-12-09,CH-8113-iV
2213,2247,2023-03-23,CH-6470-ET
2214,2248,2023-09-27,CH-8485-iE
2215,2249,2021-08-24,CH-3489-vn
2216,2250,2021-01-23,CH-0629-ET
2217,2251,2023-07-29,CH-3875-Dv
2218,2252,2023-12-17,CH-2806-hm
2219,2253,2021-09-30,CH-0316-Fr
2220,2254,2022-01-15,CH-9228-jI
2221,2255,2023-08-27,CH-7712-Ur
2222,2256,2020-10-02,CH-0672-yi
2223,2257,2023-08-02,CH-9248-nQ
2224,2258,2023-07-20,CH-6706-JB
2225,2259,2022-02-03,CH-0055-sn
2226,2260,2021-11-19,CH-7388-cg
2227,2261,2022-07-26,CH-2826-pG
2228,2262,2023-06-12,CH-6589-fL
2229,2263,2023-03-11,CH-7388-sf
2230,2264,2023-12-29,CH-6557-pk
2231,2265,2021-04-07,CH-6439-ns
2232,2266,2022-12-03,CH-1612-mf
2233,2267,2022-01-07,CH-0189-JM
2234,2268,2023-08-15,CH-3110-NG
2235,2269,2023-06-09,CH-1484-kN
2236,2270,2022-10-16,CH-4868-gf
2237,2271,2021-03-28,CH-5936-ec
2238,2272,2023-10-31,CH-9119-nm
2239,2273,2022-05-14,CH-8810-CV
2240,2274,2023-04-20,CH-4551-vo
2241,2275,2021-06-24,CH-9437-mj
2242,2276,2023-01-15,CH-4795-JP
2243,2277,2020-10-12,CH-1989-kx
2244,2278,2022-03-23,CH-8607-dU
2245,2279,2023-09-17,CH-1377-Nq
2246,2280,2023-02-02,CH-7044-AX
2247,2281,2023-10-06,CH-2020-oL
2248,2282,2021-01-03,CH-3050-Yj
2249,2283,2022-10-10,CH-5229-vj
2250,2284,2023-10-09,CH-8241-xd
2251,2285,2023-12-26,CH-1915-xK
2252,2287,2022-02-26,CH-7955-Jf
2253,2288,2021-07-25,CH-6584-BG
2254,2289,2023-08-25,CH-7628-qS
2255,2290,2023-10-29,CH-7841-kt
2256,2291,2022-11-30,CH-9045-OE
2257,2292,2023-03-10,CH-2532-NS
2258,2293,2021-09-15,CH-8039-IH
2259,2294,2023-10-18,CH-7510-dY
2260,2295,2023-09-26,CH-7477-wu
2261,2296,2023-01-16,CH-9533-HC
2262,2297,2023-02-26,CH-0223-rL
2263,2298,2022-01-30,CH-4946-Hs
2264,2299,2021-06-10,CH-3883-bn
2265,2300,2023-01-30,CH-0298-Qs
2266,2302,2022-08-19,CH-7554-vY
2267,2303,2022-08-02,CH-9591-ml
2268,2304,2023-05-26,CH-4257-CS
2269,2305,2023-04-12,CH-6486-Ne
2270,2306,2023-05-05,CH-8817-du
2271,2307,2022-11-06,CH-3672-jE
2272,2308,2023-05-27,CH-9682-Ke
2273,2309,2021-06-25,CH-1727-kQ
2274,2310,2023-06-29,CH-3384-xf
2275,2311,2021-05-03,CH-6330-bg
2276,2312,2020-06-07,CH-7000-lf
2277,2313,2022-09-19,CH-2539-BY
2278,2314,2020-11-26,CH-9921-QD
2279,2315,2023-12-26,CH-7872-Eb
2280,2316,2021-05-16,CH-7747-AH
2281,2317,2023-05-19,CH-2139-XR
2282,2318,2023-12-06,CH-1098-zd
2283,2319,2021-06-12,CH-6717-Ol
2284,2320,2023-09-06,CH-1079-ta
2285,2321,2022-04-04,CH-2336-Zv
2286,2322,2023-10-29,CH-7734-HS
2287,2323,2021-10-21,CH-8168-pi
2288,2324,2022-11-13,CH-4716-zl
2289,2325,2021-04-26,CH-2307-cm
2290,2326,2022-07-28,CH-5591-ed
2291,2327,2022-05-06,CH-8591-yw
2292,2328,2023-09-30,CH-2565-TX
2293,2329,2021-02-23,CH-1982-gS
2294,2330,2022-12-25,CH-6812-Wo
2295,2331,2022-02-27,CH-9027-CU
2296,2332,2023-01-16,CH-1406-IO
2297,2333,2021-02-07,CH-3269-vC
2298,2334,2022-03-19,CH-7894-uC
2299,2335,2022-01-24,CH-9443-FH
2300,2336,2022-03-31,CH-5319-SF
2301,2337,2023-12-19,CH-4020-OO
2302,2338,2023-08-14,CH-7936-Pv
2303,2339,2023-05-30,CH-6866-Qo
2304,2340,2023-08-30,CH-5738-hk
2305,2341,2023-02-06,CH-7775-Jf
2306,2342,2022-12-22,CH-9280-jj
2307,2343,2021-08-24,CH-5510-kL
2308,2344,2020-11-21,CH-1520-XX
2309,2345,2021-11-10,CH-6252-KJ
2310,2346,2023-03-17,CH-8283-sL
2311,2347,2023-06-12,CH-0355-sl
2312,2348,2022-03-16,CH-0947-Nq
2313,2349,2021-11-30,CH-1949-zS
2314,2350,2021-12-15,CH-9305-MF
2315,2351,2022-05-17,CH-8309-Rz
2316,2352,2021-05-27,CH-9290-sd
2317,2353,2022-08-31,CH-9468-vu
2318,2354,2023-06-20,CH-7858-od
2319,2355,2020-12-01,CH-5623-aI
2320,2356,2020-09-06,CH-9005-En
2321,2357,2023-01-03,CH-7813-jG
2322,2358,2022-09-03,CH-4809-qw
2323,2359,2022-03-03,CH-6798-so
2324,2360,2022-04-29,CH-4162-nZ
2325,2361,2021-11-17,CH-2971-bg
2326,2362,2021-03-02,CH-6301-Jj
2327,2363,2023-11-14,CH-8818-HA
2328,2364,2021-10-11,CH-1224-pk
2329,2365,2021-10-13,CH-1988-hw
2330,2366,2020-02-05,CH-8735-Bz
2331,2367,2023-04-23,CH-7086-wF
2332,2368,2023-08-26,CH-5121-cZ
2333,2369,2023-03-29,CH-2384-iT
2334,2370,2023-09-01,CH-0422-me
2335,2371,2023-09-28,CH-1571-lK
2336,2372,2021-07-17,CH-9433-SH
2337,2373,2023-01-10,CH-4054-am
2338,2374,2022-08-30,CH-2754-xp
2339,2375,2021-07-15,CH-5457-OD
2340,2376,2021-01-31,CH-1129-kZ
2341,2377,2021-12-19,CH-7673-Mq
2342,2378,2022-10-25,CH-2003-Cx
2343,2379,2022-03-13,CH-7289-Ry
2344,2380,2023-02-14,CH-0616-pe
2345,2381,2022-07-09,CH-3926-JP
2346,2382,2023-08-15,CH-7511-tk
2347,2383,2023-09-22,CH-3060-ai
2348,2384,2021-05-09,CH-3648-Ib
2349,2385,2023-12-13,CH-1604-xX
2350,2386,2022-11-23,CH-4396-TJ
2351,2387,2022-06-17,CH-7489-TN
2352,2388,2023-08-26,CH-2869-Ji
2353,2389,2023-02-15,CH-0754-Ev
2354,2390,2021-11-24,CH-6754-HN
2355,2391,2021-01-17,CH-0311-Jg
2356,2392,2023-12-30,CH-2654-KS
2357,2393,2023-03-08,CH-9322-Bu
2358,2394,2021-03-04,CH-3157-RQ
2359,2395,2023-12-25,CH-6431-aN
2360,2396,2020-09-15,CH-3362-wJ
2361,2397,2023-11-19,CH-2107-zC
2362,2398,2023-12-08,CH-3435-TO
2363,2399,2021-07-31,CH-4628-HE
2364,2400,2023-01-17,CH-5924-sS
2365,2401,2023-09-30,CH-3246-IV
2366,2402,2023-03-26,CH-9913-uI
2367,2403,2023-07-20,CH-7610-cb
2368,2404,2022-07-28,CH-0942-My
2369,2405,2023-12-14,CH-9491-KH
2370,2406,2021-02-11,CH-7474-Dy
2371,2407,2022-03-28,CH-2689-Vc
2372,2408,2023-05-30,CH-4660-Tt
2373,2409,2021-05-24,CH-7945-YE
2374,2410,2021-12-20,CH-4444-Jj
2375,2411,2022-07-29,CH-4555-Gv
2376,2412,2022-09-20,CH-8273-cv
2377,2413,2022-11-04,CH-2735-qB
2378,2414,2022-07-24,CH-9167-md
2379,2415,2022-10-19,CH-1357-KY
2380,2416,2021-07-02,CH-0630-HB
2381,2417,2022-11-26,CH-0798-YW
2382,2418,2023-09-15,CH-0739-zf
2383,2419,2023-03-31,CH-9870-KY
2384,2420,2021-06-26,CH-1841-SM
2385,2421,2022-07-15,CH-8452-gE
2386,2422,2021-06-21,CH-7692-FH
2387,2423,2023-10-04,CH-9342-QH
2388,2424,2021-09-22,CH-0733-HJ
2389,2425,2023-04-09,CH-7069-tr
2390,2426,2021-02-25,CH-4787-hM
2391,2427,2020-10-24,CH-1833-gM
2392,2428,2023-01-14,CH-5530-sb
2393,2429,2023-07-30,CH-8675-FO
2394,2430,2023-08-14,CH-6841-Gs
2395,2431,2023-03-24,CH-0922-Ei
2396,2432,2022-12-27,CH-8493-FU
2397,2433,2023-06-09,CH-8999-FA
2398,2434,2022-07-15,CH-4839-XW
2399,2435,2023-01-30,CH-7038-Zx
2400,2436,2023-11-16,CH-5403-JZ
2401,2437,2022-10-06,CH-2272-rR
2402,2438,2023-12-07,CH-6571-GM
2403,2439,2023-04-24,CH-4686-ub
2404,2440,2022-10-16,CH-1010-JC
2405,2441,2023-02-09,CH-2950-Jq
2406,2442,2022-09-20,CH-7152-NW
2407,2443,2022-04-21,CH-2666-py
2408,2444,2023-05-07,CH-1929-yi
2409,2445,2020-05-02,CH-8952-nj
2410,2446,2021-05-29,CH-9512-Aq
2411,2447,2021-07-26,CH-5009-lX
2412,2448,2022-03-14,CH-4738-lU
2413,2449,2023-11-11,CH-3500-lZ
2414,2450,2023-08-01,CH-6201-fp
2415,2451,2023-12-21,CH-7539-Yj
2416,2452,2021-04-28,CH-2268-Kq
2417,2453,2023-02-27,CH-6344-iM
2418,2454,2023-10-12,CH-7841-ay
2419,2455,2023-02-15,CH-9576-XF
2420,2456,2023-10-02,CH-6340-lV
2421,2457,2021-09-23,CH-8680-Lp
2422,2458,2023-04-15,CH-9578-ZN
2423,2459,2023-08-07,CH-6635-KW
2424,2460,2021-06-01,CH-5541-TG
2425,2461,2023-10-26,CH-4335-gQ
2426,2462,2021-12-14,CH-5764-LM
2427,2464,2021-08-08,CH-0899-tJ
2428,2465,2023-04-29,CH-3411-AP
2429,2466,2021-09-26,CH-1029-YQ
2430,2467,2023-10-09,CH-2389-Bj
2431,2468,2023-03-24,CH-3587-tN
2432,2469,2022-02-17,CH-3681-Df
2433,2470,2022-03-30,CH-6159-Bx
2434,2471,2021-04-13,CH-7771-ZO
2435,2472,2023-08-07,CH-2371-jy
2436,2473,2023-08-29,CH-6049-fQ
2437,2474,2021-12-03,CH-8641-LI
2438,2475,2021-07-24,CH-0344-uz
2439,2476,2020-09-05,CH-2494-Ap
2440,2477,2022-08-03,CH-1842-vC
2441,2478,2021-05-17,CH-1793-cS
2442,2479,2022-05-08,CH-4600-Qj
2443,2480,2023-09-29,CH-8948-XE
2444,2481,2023-01-22,CH-7268-pv
2445,2482,2023-03-30,CH-3654-Lh
2446,2483,2021-11-30,CH-3536-ab
2447,2484,2021-04-12,CH-8729-OC
2448,2485,2021-10-22,CH-8805-nn
2449,2486,2023-09-22,CH-7594-Je
2450,2487,2022-12-23,CH-9708-gV
2451,2488,2023-02-08,CH-2592-cM
2452,2490,2022-04-10,CH-9091-BS
2453,2491,2021-03-08,CH-8157-Er
2454,2492,2023-01-14,CH-3787-WB
2455,2493,2023-09-18,CH-9866-Hb
2456,2494,2023-11-27,CH-9487-zN
2457,2495,2021-03-30,CH-1333-Ul
2458,2496,2023-02-21,CH-2193-mk
2459,2497,2022-06-22,CH-9449-AC
2460,2498,2022-10-24,CH-5914-iL
2461,2499,2020-03-21,CH-9992-ox
2462,2500,2021-02-13,CH-5584-zp
2463,2501,2022-04-07,CH-6414-Pz
2464,2502,2023-09-30,CH-0499-Av
2465,2503,2023-12-25,CH-7494-qd
2466,2504,2021-01-15,CH-7466-iG
2467,2505,2021-06-17,CH-5355-Fj
2468,2506,2020-11-22,CH-5226-al
2469,2507,2023-12-20,CH-4179-Ym
2470,2508,2021-08-21,CH-4172-YO
2471,2509,2023-05-02,CH-3750-Nu
2472,2510,2020-10-14,CH-3100-eF
2473,2511,2023-06-23,CH-6012-uf
2474,2512,2023-05-23,CH-5474-jQ
2475,2513,2023-02-08,CH-5985-MG
2476,2514,2023-02-15,CH-8945-Jz
2477,2515,2022-07-04,CH-9893-mJ
2478,2516,2023-07-12,CH-5423-mv
2479,2517,2021-05-01,CH-3671-eg
2480,2518,2022-05-19,CH-6954-Zw
2481,2519,2023-06-20,CH-7017-vM
2482,2520,2023-01-17,CH-8296-Qw
2483,2522,2020-11-18,CH-9181-Ly
2484,2523,2023-11-23,CH-7565-He
2485,2524,2021-06-22,CH-5690-gg
2486,2525,2023-08-20,CH-5430-kv
2487,2526,2021-09-10,CH-3657-DC
2488,2527,2023-07-25,CH-5128-vG
2489,2528,2022-02-20,CH-7636-Sc
2490,2529,2020-07-05,CH-3802-Ud
2491,2530,2023-01-27,CH-5327-yD
2492,2531,2023-01-19,CH-6228-Vb
2493,2532,2023-01-02,CH-7060-nq
2494,2533,2021-12-22,CH-3273-ut
2495,2534,2020-09-02,CH-6026-pa
2496,2535,2023-02-05,CH-7091-Gy
2497,2536,2023-09-13,CH-9317-cG
2498,2537,2023-09-10,CH-9007-lB
2499,2538,2020-05-16,CH-9644-PZ
2500,2539,2020-10-14,CH-0756-jE
2501,2540,2023-09-10,CH-0881-DA
2502,2541,2020-06-02,CH-0716-Ar
2503,2542,2023-12-28,CH-6547-yf
2504,2543,2023-09-19,CH-9165-gw
2505,2544,2023-04-07,CH-4017-hR
2506,2545,2023-02-28,CH-7050-pP
2507,2546,2020-11-03,CH-3759-UP
2508,2547,2023-04-23,CH-7591-FC
2509,2548,2020-04-22,CH-0801-ry
2510,2549,2023-05-01,CH-4864-EE
2511,2550,2023-06-29,CH-1052-pB
2512,2551,2023-05-25,CH-9259-Py
2513,2552,2021-07-27,CH-2570-Nd
2514,2553,2020-08-21,CH-6152-Oa
2515,2554,2023-03-13,CH-2698-NP
2516,2555,2022-02-02,CH-1258-Zr
2517,2556,2023-11-07,CH-2799-yj
2518,2557,2022-09-30,CH-5379-qk
2519,2558,2023-09-23,CH-3592-bO
2520,2559,2023-10-14,CH-8267-ex
2521,2560,2021-07-01,CH-8400-Ki
2522,2561,2023-06-12,CH-6056-qZ
2523,2562,2023-06-04,CH-3075-OF
2524,2563,2022-03-29,CH-5723-sx
2525,2564,2023-03-10,CH-1072-tF
2526,2565,2023-07-14,CH-5324-oQ
2527,2566,2023-07-15,CH-9587-Cw
2528,2567,2021-06-05,CH-2854-wY
2529,2568,2023-10-10,CH-4846-XM
2530,2569,2020-06-26,CH-1207-Wl
2531,2570,2023-12-10,CH-2395-eu
2532,2571,2022-11-01,CH-5843-Fs
2533,2572,2023-06-22,CH-4631-Mv
2534,2573,2023-11-30,CH-8572-ZH
2535,2574,2021-01-18,CH-9606-Ud
2536,2575,2021-05-13,CH-7132-yj
2537,2576,2023-09-13,CH-3552-hE
2538,2577,2022-07-19,CH-8821-nK
2539,2578,2023-05-26,CH-1653-yK
2540,2579,2022-07-02,CH-9421-bi
2541,2580,2023-12-27,CH-0552-Gv
2542,2581,2020-05-23,CH-2759-uW
2543,2582,2020-10-19,CH-7198-du
2544,2583,2022-10-11,CH-7902-XO
2545,2584,2023-04-14,CH-4767-wr
2546,2585,2023-05-27,CH-6054-Ma
2547,2586,2023-11-21,CH-9750-Vr
2548,2587,2022-12-09,CH-2183-pt
2549,2588,2023-10-16,CH-6364-WQ
2550,2589,2020-02-03,CH-2312-sN
2551,2590,2020-03-13,CH-2964-PH
2552,2591,2021-06-29,CH-5843-EV
2553,2592,2021-09-07,CH-5238-xp
2554,2594,2020-08-22,CH-9613-pv
2555,2595,2022-07-31,CH-9715-XI
2556,2596,2022-09-28,CH-1805-Fw
2557,2597,2020-11-02,CH-5876-ic
2558,2598,2020-06-21,CH-6846-zG
2559,2599,2021-10-13,CH-4534-Bl
2560,2600,2023-01-02,CH-4622-Pd
2561,2601,2023-10-24,CH-1092-eU
2562,2602,2021-09-26,CH-6185-Ji
2563,2603,2022-05-25,CH-5060-Fz
2564,2604,2020-12-03,CH-6659-nS
2565,2605,2021-11-10,CH-6921-pi
2566,2606,2022-03-15,CH-9688-Cc
2567,2607,2023-05-06,CH-7166-KD
2568,2608,2023-06-17,CH-5486-DE
2569,2609,2023-12-04,CH-6042-pV
2570,2610,2022-12-05,CH-0326-Gr
2571,2611,2023-01-11,CH-7524-Gb
2572,2612,2023-04-14,CH-0720-UF
2573,2613,2023-08-09,CH-3662-BH
2574,2614,2023-10-20,CH-9937-ez
2575,2615,2023-03-14,CH-0244-os
2576,2616,2023-09-15,CH-6513-bT
2577,2617,2021-10-05,CH-9442-OV
2578,2618,2023-04-25,CH-8482-SH
2579,2619,2023-12-19,CH-1988-qw
2580,2620,2023-12-18,CH-7097-iB
2581,2621,2020-09-13,CH-8308-bt
2582,2622,2021-11-06,CH-6363-dl
2583,2623,2022-11-29,CH-5664-RQ
2584,2624,2023-03-30,CH-5407-lW
2585,2625,2022-08-18,CH-6862-QA
2586,2626,2023-03-23,CH-3997-Pe
2587,2627,2022-06-08,CH-4656-Eo
2588,2628,2021-02-11,CH-2079-bJ
2589,2629,2023-04-16,CH-7035-yg
2590,2630,2022-08-15,CH-4551-Ep
2591,2631,2022-06-26,CH-7890-LQ
2592,2632,2022-11-16,CH-6535-kX
2593,2633,2023-05-05,CH-7790-Yz
2594,2634,2021-02-13,CH-3649-QV
2595,2635,2023-07-11,CH-8190-jJ
2596,2636,2023-04-07,CH-9126-Bs
2597,2637,2022-12-14,CH-7149-YJ
2598,2638,2022-12-29,CH-3580-sy
2599,2639,2022-09-19,CH-6508-Ya
2600,2640,2021-03-29,CH-1085-DK
2601,2641,2023-08-22,CH-0944-aS
2602,2642,2020-09-16,CH-9961-Cm
2603,2643,2023-10-11,CH-8391-BL
2604,2644,2023-03-20,CH-2581-UV
2605,2645,2020-02-10,CH-2326-Ko
2606,2646,2023-12-16,CH-3808-bP
2607,2647,2023-02-25,CH-1857-Te
2608,2648,2023-09-29,CH-7281-AO
2609,2649,2022-11-23,CH-6611-gK
2610,2650,2023-05-27,CH-8109-xM
2611,2651,2022-06-12,CH-4399-gZ
2612,2652,2023-10-16,CH-7831-TX
2613,2653,2022-01-09,CH-5707-lq
2614,2654,2022-09-11,CH-5662-MW
2615,2655,2023-03-11,CH-4722-sR
2616,2656,2023-02-11,CH-0951-Nd
2617,2657,2022-06-25,CH-4671-Iu
2618,2658,2023-03-22,CH-7362-wA
2619,2659,2022-09-11,CH-7587-wD
2620,2660,2020-03-03,CH-1403-JY
2621,2661,2021-08-30,CH-8541-Ld
2622,2662,2020-06-27,CH-3093-RO
2623,2663,2021-02-08,CH-2956-ql
2624,2664,2022-09-14,CH-8291-KY
2625,2665,2023-08-05,CH-6814-nC
2626,2666,2023-11-06,CH-3823-km
2627,2667,2022-01-13,CH-8287-De
2628,2668,2023-03-22,CH-3039-jP
2629,2669,2023-12-15,CH-6370-nE
2630,2670,2023-05-01,CH-2592-xQ
2631,2671,2020-11-09,CH-4735-vP
2632,2672,2022-07-31,CH-1721-fO
2633,2673,2022-12-23,CH-5764-EN
2634,2674,2021-11-27,CH-5414-yy
2635,2675,2022-11-05,CH-6083-zD
2636,2676,2022-03-22,CH-4114-Uw
2637,2677,2022-04-15,CH-3665-Qd
2638,2678,2023-04-03,CH-9722-Jv
2639,2679,2023-09-19,CH-9218-ku
2640,2680,2023-03-01,CH-0244-es
2641,2681,2023-10-02,CH-0108-iA
2642,2682,2023-10-25,CH-5681-ii
2643,2683,2022-10-16,CH-4564-cP
2644,2684,2023-01-16,CH-6873-UN
2645,2685,2021-01-02,CH-8668-Wq
2646,2686,2022-12-27,CH-0842-Xw
2647,2687,2023-09-25,CH-4232-xY
2648,2688,2023-07-15,CH-3678-gW
2649,2689,2021-11-07,CH-8177-sl
2650,2690,2022-07-10,CH-0172-hV
2651,2691,2023-08-01,CH-3437-fV
2652,2692,2022-06-16,CH-2127-eI
2653,2693,2022-02-23,CH-9405-jt
2654,2694,2023-07-23,CH-7368-Ow
2655,2695,2023-07-16,CH-5791-jX
2656,2696,2023-08-27,CH-7841-Pa
2657,2697,2022-05-18,CH-1457-Wi
2658,2698,2023-09-16,CH-4522-WB
2659,2699,2022-04-27,CH-0731-Kp
2660,2700,2023-11-17,CH-5977-oK
2661,2701,2022-12-28,CH-2060-En
2662,2702,2023-09-29,CH-1214-nm
2663,2703,2023-10-31,CH-1812-Oa
2664,2704,2022-05-14,CH-1760-xr
2665,2705,2023-11-09,CH-9412-vQ
2666,2706,2023-07-01,CH-3316-TX
2667,2707,2022-12-29,CH-9784-JI
2668,2708,2023-06-30,CH-6539-re
2669,2709,2020-07-16,CH-0871-BA
2670,2710,2021-10-22,CH-0827-Wh
2671,2711,2023-10-28,CH-9301-Ts
2672,2712,2022-11-29,CH-5232-gt
2673,2713,2022-06-15,CH-9025-ff
2674,2714,2023-11-26,CH-0441-Zn
2675,2715,2023-07-18,CH-4676-HB
2676,2716,2023-08-21,CH-7877-hI
2677,2717,2023-06-29,CH-4556-Hy
2678,2718,2023-10-03,CH-4494-kb
2679,2719,2022-06-20,CH-4637-Xd
2680,2721,2021-01-29,CH-6764-im
2681,2722,2023-11-27,CH-1127-jv
2682,2723,2023-01-16,CH-7465-qh
2683,2724,2023-09-22,CH-9344-Vq
2684,2725,2020-09-09,CH-0972-vp
2685,2726,2023-06-06,CH-0359-Ux
2686,2727,2021-05-12,CH-5111-AZ
2687,2728,2022-02-24,CH-3765-cQ
2688,2729,2021-06-11,CH-8881-hB
2689,2730,2023-03-25,CH-3265-hU
2690,2731,2022-01-20,CH-2123-SM
2691,2732,2022-08-01,CH-3438-SX
2692,2733,2023-07-22,CH-3639-HK
2693,2734,2023-02-24,CH-7433-hY
2694,2735,2023-10-22,CH-2365-WV
2695,2736,2023-09-23,CH-4506-Xm
2696,2737,2022-12-06,CH-1573-WA
2697,2738,2022-07-01,CH-6354-Nn
2698,2739,2023-12-10,CH-4475-FZ
2699,2740,2021-04-25,CH-6383-Fx
2700,2741,2023-08-08,CH-4396-fO
2701,2742,2023-09-19,CH-7202-Dj
2702,2743,2023-01-25,CH-8895-Ws
2703,2744,2023-11-16,CH-2451-vS
2704,2745,2023-09-17,CH-5168-rV
2705,2746,2023-05-06,CH-8356-SM
2706,2747,2023-07-23,CH-8922-bZ
2707,2748,2022-03-10,CH-9129-HA
2708,2749,2023-09-16,CH-0659-od
2709,2750,2023-01-24,CH-5229-zZ
2710,2751,2023-06-13,CH-8803-jp
2711,2752,2023-02-11,CH-7235-NJ
2712,2753,2023-06-11,CH-0130-Me
2713,2754,2023-01-14,CH-0008-OL
2714,2755,2022-10-14,CH-2164-iT
2715,2756,2022-02-15,CH-3655-uG
2716,2757,2022-09-09,CH-3793-jP
2717,2758,2023-03-13,CH-0386-ol
2718,2759,2023-02-08,CH-5348-Rv
2719,2760,2021-11-19,CH-9635-fe
2720,2761,2023-01-20,CH-4031-NK
2721,2762,2023-01-16,CH-9754-xn
2722,2763,2022-05-16,CH-4442-EV
2723,2764,2022-03-03,CH-1799-Ln
2724,2765,2023-02-22,CH-2208-OJ
2725,2766,2022-07-05,CH-2102-fl
2726,2767,2023-11-18,CH-6306-in
2727,2768,2023-05-09,CH-1521-nf
2728,2769,2023-08-01,CH-2590-zZ
2729,2770,2023-01-19,CH-3217-nR
2730,2771,2023-07-22,CH-2015-mi
2731,2772,2020-05-05,CH-3391-CJ
2732,2773,2021-04-22,CH-3675-BK
2733,2774,2020-07-26,CH-3142-xk
2734,2775,2022-03-25,CH-0414-at
2735,2776,2023-10-15,CH-1094-Eh
2736,2777,2022-09-14,CH-0405-qw
2737,2778,2020-04-10,CH-1733-vn
2738,2779,2023-06-01,CH-1438-re
2739,2780,2022-08-25,CH-8256-IG
2740,2781,2023-08-07,CH-4550-HQ
2741,2782,2022-04-09,CH-9994-ct
2742,2783,2023-09-10,CH-5962-eF
2743,2784,2023-08-12,CH-2516-fU
2744,2785,2020-12-23,CH-6450-wX
2745,2786,2021-08-25,CH-3318-vj
2746,2787,2023-03-09,CH-6531-iW
2747,2788,2022-09-22,CH-9180-ww
2748,2789,2023-08-30,CH-2660-YR
2749,2790,2022-06-24,CH-8086-XP
2750,2791,2022-11-20,CH-6606-JS
2751,2792,2022-08-24,CH-1881-IY
2752,2793,2023-03-21,CH-7430-rd
2753,2794,2020-01-23,CH-2589-GP
2754,2795,2020-08-16,CH-3249-LH
2755,2796,2021-06-15,CH-5203-pk
2756,2797,2023-04-13,CH-8040-eH
2757,2798,2022-06-03,CH-2346-lu
2758,2799,2023-07-29,CH-5662-jE
2759,2800,2023-10-29,CH-6077-OY
2760,2801,2021-03-16,CH-0003-im
2761,2802,2021-10-31,CH-3255-UU
2762,2803,2023-04-17,CH-4192-ep
2763,2804,2021-08-21,CH-1855-rp
2764,2805,2020-10-06,CH-0473-EO
2765,2806,2023-05-03,CH-9215-gw
2766,2807,2023-03-13,CH-1886-xk
2767,2808,2022-06-06,CH-2425-bx
2768,2809,2023-03-25,CH-2669-Qp
2769,2810,2022-10-10,CH-8833-Yl
2770,2811,2023-12-13,CH-7504-Kj
2771,2812,2020-09-15,CH-2570-NH
2772,2813,2023-12-10,CH-8069-XC
2773,2814,2021-05-13,CH-3637-hQ
2774,2815,2022-01-19,CH-6094-vL
2775,2816,2022-04-14,CH-2853-qY
2776,2817,2023-07-01,CH-6342-bl
2777,2818,2023-11-14,CH-3916-rX
2778,2819,2022-06-09,CH-7073-Iy
2779,2820,2022-04-11,CH-2691-Zp
2780,2821,2021-05-15,CH-4855-Rb
2781,2822,2022-09-26,CH-1184-dM
2782,2823,2023-12-24,CH-1848-eq
2783,2824,2021-05-12,CH-7413-ge
2784,2825,2023-01-18,CH-0207-LT
2785,2826,2023-08-10,CH-3615-SD
2786,2827,2021-09-26,CH-1343-yp
2787,2828,2023-08-28,CH-5940-dx
2788,2829,2021-02-12,CH-3850-Ot
2789,2830,2021-09-30,CH-2607-mI
2790,2831,2021-12-11,CH-2992-di
2791,2832,2022-04-13,CH-5496-Mg
2792,2833,2023-12-03,CH-1930-GF
2793,2834,2022-08-29,CH-9367-Fz
2794,2835,2020-05-03,CH-5609-XT
2795,2836,2023-12-19,CH-7869-TO
2796,2837,2021-05-29,CH-3364-pn
2797,2838,2023-09-21,CH-5241-yA
2798,2839,2021-09-10,CH-0623-pV
2799,2840,2020-09-28,CH-7162-mX
2800,2841,2023-02-19,CH-4629-ht
2801,2842,2021-04-07,CH-3886-yS
2802,2843,2022-09-13,CH-6094-Fy
2803,2844,2022-12-23,CH-5598-HB
2804,2845,2023-03-15,CH-2954-zN
2805,2846,2021-01-10,CH-4154-uC
2806,2847,2023-04-19,CH-8598-wJ
2807,2848,2021-05-26,CH-9060-RR
2808,2849,2023-06-15,CH-0034-Ov
2809,2850,2023-07-16,CH-6271-SX
2810,2851,2022-05-31,CH-9594-Xj
2811,2852,2023-02-12,CH-8671-Ec
2812,2853,2023-11-02,CH-7023-cY
2813,2854,2022-07-06,CH-6147-pO
2814,2855,2021-05-15,CH-5715-zA
2815,2856,2022-12-16,CH-3653-mj
2816,2857,2020-06-08,CH-6258-hH
2817,2858,2022-06-10,CH-0946-TP
2818,2859,2022-12-02,CH-3243-BL
2819,2860,2021-09-17,CH-7434-Ug
2820,2861,2020-09-17,CH-8709-pm
2821,2862,2022-03-05,CH-5899-mp
2822,2863,2022-10-26,CH-4686-zZ
2823,2864,2023-09-22,CH-7930-ES
2824,2865,2023-11-21,CH-3322-Ny
2825,2866,2023-12-02,CH-2331-BB
2826,2867,2022-05-16,CH-0020-zN
2827,2868,2023-07-14,CH-8009-Wh
2828,2869,2021-04-22,CH-2357-IR
2829,2870,2022-02-25,CH-5934-Yf
2830,2871,2023-04-30,CH-9053-Wn
2831,2872,2023-03-18,CH-4868-Hw
2832,2873,2020-09-22,CH-7675-wP
2833,2874,2020-07-23,CH-3483-Fm
2834,2875,2023-12-28,CH-6597-ad
2835,2876,2022-05-08,CH-5186-QU
2836,2877,2023-08-12,CH-3904-ah
2837,2878,2023-08-26,CH-0032-nf
2838,2879,2021-12-09,CH-8651-Ek
2839,2880,2020-08-20,CH-7932-iG
2840,2881,2022-06-02,CH-1984-FS
2841,2882,2023-07-29,CH-1752-RP
2842,2883,2023-05-04,CH-6661-Rw
2843,2884,2022-11-25,CH-7230-pc
2844,2885,2021-12-22,CH-8466-qj
2845,2886,2023-03-23,CH-1488-sL
2846,2887,2022-07-07,CH-3835-Ll
2847,2888,2023-12-06,CH-6115-xX
2848,2889,2023-12-29,CH-7149-xk
2849,2890,2022-05-15,CH-4901-KJ
2850,2891,2022-12-15,CH-5650-hI
2851,2892,2022-10-01,CH-8197-YQ
2852,2893,2021-10-05,CH-0369-JU
2853,2894,2020-03-26,CH-6669-Nv
2854,2895,2023-07-18,CH-0826-YD
2855,2896,2020-11-05,CH-6660-Fe
2856,2897,2022-03-17,CH-9230-Ga
2857,2898,2021-11-28,CH-2761-Op
2858,2899,2022-06-04,CH-5563-eD
2859,2900,2023-09-23,CH-7109-TI
2860,2901,2023-11-12,CH-4925-MO
2861,2902,2020-02-09,CH-2269-da
2862,2903,2023-04-15,CH-0824-Qn
2863,2904,2021-12-06,CH-9569-oR
2864,2905,2023-10-21,CH-8575-oQ
2865,2906,2023-06-20,CH-1175-gq
2866,2907,2020-06-21,CH-4487-gc
2867,2908,2022-04-07,CH-4530-lD
2868,2909,2023-04-07,CH-4869-gK
2869,2910,2023-09-04,CH-0249-rw
2870,2911,2022-06-26,CH-3456-Ct
2871,2912,2023-11-07,CH-1889-TN
2872,2913,2022-11-30,CH-3130-ps
2873,2914,2023-03-19,CH-6779-IF
2874,2915,2022-08-21,CH-9417-hy
2875,2916,2020-10-25,CH-2244-GX
2876,2917,2021-03-25,CH-1506-dU
2877,2918,2023-04-10,CH-0760-zA
2878,2919,2023-10-03,CH-5899-Wk
2879,2920,2022-07-01,CH-2263-Ug
2880,2921,2022-04-03,CH-8647-RD
2881,2922,2023-03-24,CH-8151-MN
2882,2923,2022-06-06,CH-8907-WG
2883,2924,2023-05-12,CH-4461-le
2884,2925,2023-04-23,CH-9122-Oc
2885,2926,2020-06-27,CH-7194-cV
2886,2927,2023-08-08,CH-1086-mN
2887,2928,2020-03-01,CH-9857-eo
2888,2929,2020-03-09,CH-8108-fw
2889,2930,2022-01-25,CH-1817-PN
2890,2931,2023-03-08,CH-6558-FY
2891,2932,2023-03-02,CH-3434-Se
2892,2933,2021-05-31,CH-9351-gN
2893,2934,2022-06-14,CH-9804-yW
2894,2935,2023-01-13,CH-3252-Fz
2895,2937,2022-12-19,CH-6358-zp
2896,2938,2023-03-10,CH-6806-Vn
2897,2939,2023-06-10,CH-6505-HD
2898,2940,2023-07-21,CH-8589-sg
2899,2941,2021-03-14,CH-2510-EZ
2900,2942,2022-03-28,CH-3774-Ab
2901,2943,2021-11-22,CH-7941-gl
2902,2944,2022-03-23,CH-7213-zU
2903,2945,2021-11-02,CH-4873-TY
2904,2946,2022-03-23,CH-4028-fy
2905,2947,2022-01-09,CH-8695-rK
2906,2948,2020-10-06,CH-4329-on
2907,2949,2022-10-16,CH-0733-go
2908,2950,2022-10-29,CH-5053-mn
2909,2951,2021-09-02,CH-7273-yw
2910,2952,2022-09-23,CH-5146-ck
2911,2953,2021-11-24,CH-0610-Zp
2912,2954,2020-11-06,CH-0630-Xh
2913,2955,2022-11-13,CH-7059-aO
2914,2956,2022-04-12,CH-0120-wE
2915,2957,2023-05-26,CH-6324-hZ
2916,2958,2021-12-27,CH-0873-hs
2917,2959,2023-12-29,CH-2036-mK
2918,2960,2023-11-07,CH-5237-nb
2919,2961,2022-01-02,CH-7259-Ft
2920,2962,2022-10-21,CH-7361-jo
2921,2963,2023-08-07,CH-8945-Rk
2922,2964,2020-11-30,CH-7545-IV
2923,2965,2022-11-28,CH-4380-jr
2924,2966,2022-06-25,CH-7897-sK
2925,2967,2021-11-25,CH-1569-hD
2926,2968,2022-06-23,CH-3421-qT
2927,2969,2021-06-20,CH-5993-bV
2928,2970,2021-07-31,CH-1077-nH
2929,2971,2023-04-06,CH-0429-oQ
2930,2972,2022-12-11,CH-6551-II
2931,2973,2023-10-14,CH-5024-eS
2932,2974,2023-04-20,CH-9056-cc
2933,2975,2022-04-13,CH-6803-BB
2934,2976,2022-05-14,CH-4986-Nb
2935,2977,2022-05-27,CH-2992-Rg
2936,2978,2023-12-27,CH-2369-Bg
2937,2979,2022-07-05,CH-9860-pj
2938,2980,2023-11-21,CH-4025-DU
2939,2981,2022-04-08,CH-0766-eL
2940,2982,2023-12-29,CH-9542-gH
2941,2983,2021-12-01,CH-9268-YI
2942,2984,2022-01-16,CH-9295-QW
2943,2985,2020-05-06,CH-7581-fW
2944,2986,2020-12-30,CH-6379-IO
2945,2987,2021-11-09,CH-0090-Ck
2946,2988,2021-12-13,CH-9900-az
2947,2989,2022-02-13,CH-9505-xd
2948,2990,2021-05-07,CH-6528-aR
2949,2991,2023-07-12,CH-0298-mC
2950,2992,2022-03-01,CH-3988-Ru
2951,2993,2023-11-10,CH-7531-vF
2952,2994,2022-10-15,CH-5711-cj
2953,2995,2021-08-09,CH-3831-sd
2954,2996,2022-04-15,CH-3457-Lj
2955,2997,2021-08-26,CH-3210-Bn
2956,2998,2023-07-23,CH-5105-vH
2957,3000,2023-12-21,CH-3797-Ix
2958,3001,2023-01-05,CH-7677-IT
2959,3002,2023-02-07,CH-3158-bx
2960,3003,2021-07-16,CH-2950-Wc
2961,3004,2023-11-06,CH-6510-kF
2962,3005,2021-01-20,CH-1610-Br
2963,3006,2023-09-23,CH-1351-Bk
2964,3007,2022-02-26,CH-3763-hk
2965,3008,2023-11-21,CH-8818-Ql
2966,3009,2022-10-08,CH-0863-ve
2967,3010,2021-04-11,CH-4864-Af
2968,3011,2022-08-23,CH-8793-pl
2969,3012,2022-12-02,CH-9914-zr
2970,3013,2023-12-25,CH-7087-wi
2971,3014,2023-02-02,CH-8482-Iv
2972,3015,2023-09-26,CH-5939-YN
2973,3016,2023-04-28,CH-3050-VU
2974,3017,2021-03-05,CH-7980-OG
2975,3018,2022-10-29,CH-5321-QD
2976,3019,2023-01-24,CH-9486-vh
2977,3020,2023-07-24,CH-7189-rv
2978,3021,2022-02-10,CH-3858-qu
2979,3022,2023-09-09,CH-9281-kQ
2980,3023,2022-10-19,CH-7412-fw
2981,3024,2023-02-26,CH-4032-Ie
2982,3025,2023-12-10,CH-3749-tx
2983,3026,2022-10-03,CH-7248-xU
2984,3027,2023-04-06,CH-6292-BX
2985,3029,2023-08-27,CH-7759-Yg
2986,3030,2022-06-26,CH-4752-SW
2987,3031,2022-12-24,CH-3680-Yz
2988,3032,2023-07-20,CH-3283-ae
2989,3033,2022-12-07,CH-2839-ig
2990,3034,2023-01-14,CH-7158-JA
2991,3035,2023-08-16,CH-8579-sE
2992,3036,2020-07-23,CH-6809-oY
2993,3037,2021-05-03,CH-3018-yF
2994,3038,2020-09-23,CH-9362-Ug
2995,3039,2023-01-13,CH-0139-Gc
2996,3040,2022-06-18,CH-4195-Ji
2997,3041,2020-09-07,CH-9863-SB
2998,3042,2023-09-12,CH-3113-Zn
2999,3043,2022-11-06,CH-5581-Nf
3000,3044,2023-04-21,CH-3805-sR
3001,3045,2022-12-24,CH-6907-RO
3002,3046,2021-02-15,CH-1505-AG
3003,3047,2021-01-23,CH-9752-kb
3004,3048,2022-06-17,CH-6450-zK
3005,3049,2023-11-03,CH-6041-wx
3006,3050,2023-04-23,CH-5922-JR
3007,3051,2023-10-31,CH-4749-Pz
3008,3052,2023-04-08,CH-6713-lX
3009,3053,2023-07-03,CH-3964-Sb
3010,3054,2023-07-15,CH-1036-JU
3011,3055,2021-04-14,CH-3361-yg
3012,3056,2022-12-19,CH-5751-Co
3013,3057,2023-02-03,CH-7589-Es
3014,3058,2023-10-24,CH-0246-eT
3015,3059,2021-07-25,CH-2958-dP
3016,3060,2022-12-07,CH-5197-nt
3017,3061,2023-07-07,CH-6765-mr
3018,3062,2020-12-23,CH-7854-CC
3019,3063,2020-03-21,CH-2258-lf
3020,3064,2023-03-28,CH-6642-dK
3021,3065,2023-02-15,CH-0462-qg
3022,3066,2023-03-07,CH-7683-TX
3023,3067,2023-01-08,CH-0216-DU
3024,3068,2023-11-24,CH-6327-BO
3025,3070,2021-10-02,CH-8448-pC
3026,3071,2022-01-27,CH-6178-sa
3027,3072,2023-11-04,CH-3848-tA
3028,3073,2022-10-05,CH-6056-FB
3029,3074,2021-08-30,CH-8279-Zy
3030,3075,2021-01-21,CH-1328-iU
3031,3076,2020-05-12,CH-2349-vm
3032,3077,2023-10-03,CH-1218-Qi
3033,3078,2023-06-07,CH-5397-GC
3034,3079,2021-11-24,CH-2493-Sc
3035,3080,2022-02-07,CH-6350-lC
3036,3081,2023-01-26,CH-3720-xT
3037,3082,2022-07-26,CH-1774-kc
3038,3083,2021-05-26,CH-6597-CI
3039,3084,2023-05-02,CH-0876-na
3040,3085,2022-09-04,CH-0302-mq
3041,3086,2022-07-07,CH-7219-Uf
3042,3087,2023-07-22,CH-6949-tJ
3043,3088,2023-12-15,CH-1486-GA
3044,3089,2023-08-29,CH-5242-Vg
3045,3090,2023-07-10,CH-5909-mn
3046,3091,2023-06-16,CH-7633-bL
3047,3092,2022-05-28,CH-2249-vr
3048,3093,2022-11-20,CH-0384-ct
3049,3094,2023-12-11,CH-7310-Is
3050,3096,2023-05-09,CH-7053-ld
3051,3097,2023-06-04,CH-7962-Tz
3052,3098,2023-07-03,CH-1535-zv
3053,3099,2020-09-29,CH-3373-Xt
3054,3100,2023-05-07,CH-0777-PO
3055,3101,2022-06-16,CH-0698-Al
3056,3102,2023-11-25,CH-2643-NI
3057,3103,2022-12-23,CH-8728-Dy
3058,3104,2022-10-18,CH-9102-uS
3059,3105,2023-01-29,CH-3704-xW
3060,3106,2023-09-19,CH-0210-Jd
3061,3107,2021-01-14,CH-4368-ca
3062,3108,2022-12-23,CH-7413-eJ
3063,3109,2023-04-15,CH-4548-Xt
3064,3110,2021-10-11,CH-1815-TS
3065,3111,2022-06-12,CH-9322-fD
3066,3112,2023-05-14,CH-6065-Cr
3067,3113,2023-11-04,CH-3683-XA
3068,3114,2021-11-17,CH-4351-zY
3069,3115,2022-10-16,CH-9241-XP
3070,3116,2023-05-29,CH-7664-Kt
3071,3117,2023-10-22,CH-1890-Tp
3072,3118,2022-09-17,CH-3167-RL
3073,3119,2020-06-15,CH-4637-Eo
3074,3120,2023-04-07,CH-7819-Ej
3075,3121,2021-01-16,CH-3621-Qg
3076,3122,2023-01-26,CH-2366-Xv
3077,3123,2021-07-06,CH-7640-uQ
3078,3124,2023-07-16,CH-6759-bN
3079,3125,2023-12-16,CH-2796-Cc
3080,3126,2023-03-25,CH-1835-Po
3081,3127,2020-11-18,CH-4470-OS
3082,3128,2023-05-12,CH-4267-LW
3083,3129,2020-12-13,CH-9975-WF
3084,3130,2022-01-11,CH-5803-uH
3085,3131,2023-01-27,CH-5862-BW
3086,3132,2022-08-06,CH-4068-tH
3087,3133,2022-01-13,CH-5853-pT
3088,3134,2023-06-20,CH-5514-uk
3089,3135,2022-03-08,CH-4299-We
3090,3136,2021-10-26,CH-2073-vN
3091,3137,2023-10-23,CH-2668-FK
3092,3138,2022-09-15,CH-6601-cA
3093,3139,2022-11-24,CH-6536-Wg
3094,3140,2022-12-06,CH-6387-YX
3095,3141,2021-07-17,CH-3834-kk
3096,3142,2023-11-23,CH-4089-RY
3097,3143,2022-04-20,CH-0755-PY
3098,3144,2023-03-20,CH-3138-Lm
3099,3145,2022-01-08,CH-6143-Zr
3100,3146,2022-01-02,CH-0791-od
3101,3147,2021-09-29,CH-1660-Hw
3102,3148,2022-08-28,CH-7555-Fj
3103,3149,2021-07-05,CH-9299-ww
3104,3150,2022-11-29,CH-8039-GM
3105,3151,2023-10-30,CH-4319-yw
3106,3152,2021-12-13,CH-6419-Qo
3107,3153,2022-06-24,CH-6646-DB
3108,3154,2023-02-13,CH-3027-ml
3109,3155,2022-05-18,CH-9191-oE
3110,3156,2022-10-11,CH-3753-Hr
3111,3157,2021-09-02,CH-9149-pm
3112,3158,2022-02-18,CH-7569-mO
3113,3159,2021-12-31,CH-9452-lu
3114,3160,2021-04-18,CH-7346-cT
3115,3161,2022-07-30,CH-6511-va
3116,3162,2022-06-25,CH-8263-dZ
3117,3163,2022-05-24,CH-0065-ly
3118,3164,2023-02-05,CH-3961-kw
3119,3165,2023-06-25,CH-2866-ae
3120,3166,2020-08-24,CH-2388-UE
3121,3167,2023-09-24,CH-1197-rY
3122,3168,2022-05-15,CH-7550-QY
3123,3169,2022-06-28,CH-9449-SK
3124,3170,2021-01-27,CH-6141-jG
3125,3171,2022-05-31,CH-4052-TR
3126,3172,2023-01-12,CH-9625-wf
3127,3173,2022-06-08,CH-6699-Ld
3128,3174,2023-03-17,CH-2257-Qa
3129,3175,2023-04-19,CH-9005-Ro
3130,3176,2021-03-17,CH-7393-ci
3131,3177,2021-02-05,CH-9620-Gx
3132,3178,2023-06-12,CH-1587-SF
3133,3179,2023-07-14,CH-5993-CR
3134,3180,2023-11-11,CH-3558-Se
3135,3181,2022-06-16,CH-6636-As
3136,3182,2021-04-04,CH-5428-sQ
3137,3183,2023-08-09,CH-8693-dl
3138,3184,2021-10-27,CH-8002-tZ
3139,3185,2023-08-18,CH-9707-AS
3140,3186,2021-07-10,CH-6568-Bq
3141,3187,2023-11-14,CH-8372-WG
3142,3188,2021-01-03,CH-7987-mA
3143,3189,2023-09-02,CH-5034-Dp
3144,3190,2023-07-04,CH-6429-gm
3145,3191,2023-02-03,CH-2049-Eo
3146,3192,2022-05-24,CH-0362-Bk
3147,3193,2022-11-27,CH-8911-oB
3148,3194,2023-11-06,CH-3139-Kl
3149,3195,2022-10-18,CH-5999-Cv
3150,3196,2023-03-27,CH-3240-Dg
3151,3197,2022-08-23,CH-5841-Ey
3152,3198,2022-05-26,CH-4760-Gz
3153,3199,2023-04-17,CH-0010-UN
3154,3200,2023-11-17,CH-8918-jA
3155,3201,2022-02-18,CH-9112-Ly
3156,3202,2020-05-02,CH-5606-Ly
3157,3203,2021-08-13,CH-7789-hU
3158,3204,2021-06-22,CH-3346-yb
3159,3205,2023-12-12,CH-0515-ic
3160,3206,2023-03-07,CH-6844-ld
3161,3207,2023-12-20,CH-6983-uw
3162,3208,2022-11-12,CH-8106-bP
3163,3209,2022-07-30,CH-9405-Dq
3164,3210,2023-06-28,CH-7480-GC
3165,3211,2023-09-25,CH-2046-or
3166,3212,2021-08-31,CH-7851-jv
3167,3213,2023-05-10,CH-4703-Rs
3168,3214,2021-09-21,CH-8931-Is
3169,3215,2021-11-01,CH-0405-jf
3170,3216,2021-10-27,CH-4768-rE
3171,3217,2023-11-27,CH-4321-AL
3172,3218,2022-07-18,CH-7321-KK
3173,3219,2021-08-06,CH-6167-id
3174,3221,2022-11-16,CH-4785-mu
3175,3222,2021-09-19,CH-4707-eq
3176,3223,2021-01-13,CH-8889-kQ
3177,3224,2022-06-13,CH-1803-ii
3178,3225,2023-02-09,CH-7514-yA
3179,3226,2022-10-18,CH-4906-Rm
3180,3227,2023-08-02,CH-2948-sc
3181,3228,2023-02-08,CH-6252-fM
3182,3229,2023-01-15,CH-5218-nJ
3183,3230,2021-11-30,CH-2893-pm
3184,3231,2022-11-13,CH-2286-Sn
3185,3232,2023-06-26,CH-0426-Wt
3186,3233,2022-03-05,CH-5234-VC
3187,3234,2023-11-18,CH-7342-vl
3188,3235,2023-12-26,CH-8904-Xd
3189,3236,2023-11-08,CH-8001-bf
3190,3237,2021-07-08,CH-8663-Pw
3191,3238,2023-04-26,CH-1324-rL
3192,3239,2023-08-21,CH-3612-VG
3193,3240,2022-12-06,CH-8015-EW
3194,3241,2023-02-09,CH-4535-rG
3195,3242,2022-04-13,CH-3639-Jw
3196,3243,2021-02-11,CH-2038-mS
3197,3244,2023-11-10,CH-8581-NH
3198,3245,2020-07-09,CH-6456-zw
3199,3246,2021-05-16,CH-9611-WY
3200,3247,2022-12-19,CH-1808-St
3201,3248,2021-03-17,CH-6671-cw
3202,3249,2021-11-27,CH-5201-yb
3203,3250,2023-04-11,CH-8485-zs
3204,3251,2020-07-13,CH-9374-oq
3205,3252,2023-03-18,CH-4765-jS
3206,3253,2020-10-31,CH-9231-yd
3207,3254,2023-12-30,CH-6783-FA
3208,3255,2022-07-14,CH-3002-JH
3209,3256,2022-01-16,CH-7246-ob
3210,3257,2023-03-24,CH-0946-Vs
3211,3258,2023-12-11,CH-0730-zJ
3212,3259,2023-06-04,CH-0766-WD
3213,3260,2022-10-21,CH-7132-MZ
3214,3261,2023-06-13,CH-0975-oS
3215,3262,2022-08-29,CH-1477-XE
3216,3263,2022-12-01,CH-3150-gB
3217,3264,2022-01-13,CH-0281-bN
3218,3265,2023-01-03,CH-6077-Kn
3219,3266,2023-11-03,CH-3416-If
3220,3267,2023-12-21,CH-6434-qc
3221,3268,2023-08-09,CH-3470-Xx
3222,3269,2023-10-02,CH-2711-sY
3223,3270,2021-04-26,CH-7792-fR
3224,3271,2022-07-14,CH-1919-IF
3225,3272,2021-04-04,CH-7450-IK
3226,3273,2023-04-16,CH-5436-uF
3227,3274,2022-11-08,CH-1606-Nb
3228,3275,2021-11-12,CH-1257-ba
3229,3276,2023-12-04,CH-9566-Gl
3230,3277,2022-12-17,CH-2162-Xn
3231,3278,2023-10-31,CH-5850-kw
3232,3279,2020-10-14,CH-4464-Zv
3233,3280,2021-04-05,CH-2016-ZK
3234,3281,2020-08-26,CH-2191-NI
3235,3282,2023-07-18,CH-2001-Vk
3236,3283,2023-05-29,CH-2968-HM
3237,3284,2023-03-18,CH-5344-Iw
3238,3285,2023-04-17,CH-3125-Cx
3239,3286,2023-07-18,CH-5079-OL
3240,3287,2021-12-30,CH-3266-wS
3241,3288,2021-03-02,CH-5496-mm
3242,3289,2022-12-16,CH-8099-Hz
3243,3290,2020-10-11,CH-9095-TK
3244,3291,2022-02-20,CH-0901-AF
3245,3292,2023-02-27,CH-6538-DB
3246,3293,2023-06-01,CH-0127-Of
3247,3294,2022-03-22,CH-5153-gC
3248,3295,2022-05-03,CH-6051-uV
3249,3296,2022-10-31,CH-7392-xA
3250,3297,2023-01-13,CH-6116-zM
3251,3298,2023-12-11,CH-3135-Pr
3252,3299,2022-05-21,CH-3988-Yg
3253,3300,2023-10-24,CH-9423-Vi
3254,3301,2023-10-07,CH-2610-XN
3255,3302,2021-03-11,CH-3935-QC
3256,3303,2023-05-12,CH-5689-Uc
3257,3304,2021-11-26,CH-6894-Cr
3258,3305,2023-02-09,CH-9794-bD
3259,3306,2023-01-25,CH-1255-tD
3260,3307,2022-08-21,CH-0291-SW
3261,3308,2022-06-17,CH-2887-zv
3262,3309,2023-10-10,CH-6467-re
3263,3310,2022-06-20,CH-6917-FN
3264,3312,2023-12-14,CH-2360-zP
3265,3313,2023-10-10,CH-1088-lP
3266,3314,2023-09-27,CH-4738-az
3267,3315,2023-08-11,CH-4961-Ud
3268,3316,2022-12-26,CH-0459-Ap
3269,3317,2023-01-29,CH-0804-Jv
3270,3318,2023-02-11,CH-7096-yh
3271,3319,2020-06-28,CH-4618-GV
3272,3320,2023-06-26,CH-4629-jc
3273,3321,2023-01-14,CH-6282-yg
3274,3322,2023-03-29,CH-6696-Vt
3275,3323,2021-07-03,CH-7976-jd
3276,3324,2023-07-31,CH-0672-ic
3277,3325,2021-12-04,CH-0012-wT
3278,3326,2023-12-16,CH-9751-sO
3279,3327,2021-03-29,CH-4461-EO
3280,3328,2021-08-31,CH-7940-ki
3281,3329,2022-05-21,CH-7178-NK
3282,3330,2022-07-12,CH-8635-lY
3283,3331,2021-10-29,CH-4183-sE
3284,3332,2023-05-09,CH-1911-WF
3285,3333,2021-02-25,CH-2460-Pz
3286,3334,2021-04-25,CH-7206-IC
3287,3335,2020-09-12,CH-1581-mF
3288,3336,2023-03-12,CH-6580-cn
3289,3337,2023-07-16,CH-8150-Xa
3290,3338,2022-12-27,CH-6554-sR
3291,3340,2023-10-01,CH-8270-Pp
3292,3341,2023-04-02,CH-2021-gO
3293,3342,2023-03-03,CH-7321-Um
3294,3343,2023-08-13,CH-4825-Tq
3295,3345,2022-09-08,CH-8921-Xz
3296,3346,2023-08-30,CH-6946-vk
3297,3347,2023-01-28,CH-4370-Bq
3298,3348,2023-04-23,CH-1332-tr
3299,3349,2020-09-07,CH-5566-Jn
3300,3350,2022-07-13,CH-7343-Yx
3301,3351,2021-07-19,CH-1999-oV
3302,3352,2023-12-15,CH-0368-Yd
3303,3353,2023-09-22,CH-6925-Og
3304,3355,2023-02-01,CH-5317-LE
3305,3356,2023-08-05,CH-6331-Ki
3306,3357,2022-02-21,CH-2687-Pg
3307,3358,2022-08-16,CH-8917-rT
3308,3359,2020-07-22,CH-9797-bp
3309,3360,2021-12-19,CH-5036-ql
3310,3361,2022-07-15,CH-9202-lW
3311,3362,2021-07-13,CH-6874-iz
3312,3363,2021-06-15,CH-9661-FP
3313,3364,2022-09-17,CH-1933-sD
3314,3365,2020-05-21,CH-7007-XQ
3315,3366,2020-09-12,CH-0029-Fj
3316,3367,2022-01-19,CH-5303-kw
3317,3368,2022-08-18,CH-5890-Yp
3318,3369,2022-09-07,CH-9542-xx
3319,3370,2023-03-11,CH-6839-aY
3320,3371,2021-07-22,CH-5036-Bu
3321,3372,2023-03-13,CH-1381-Fj
3322,3373,2022-04-30,CH-2522-Sx
3323,3374,2023-07-10,CH-0032-vg
3324,3375,2023-07-14,CH-7160-Lg
3325,3376,2022-12-05,CH-0327-vy
3326,3377,2021-05-17,CH-5518-Uc
3327,3378,2021-04-13,CH-4422-CC
3328,3379,2022-11-27,CH-5694-pP
3329,3380,2020-08-16,CH-4589-wY
3330,3381,2022-01-05,CH-9696-He
3331,3382,2022-03-13,CH-2158-nt
3332,3383,2021-06-07,CH-9077-YB
3333,3384,2023-11-04,CH-1360-QL
3334,3385,2023-01-03,CH-1471-SS
3335,3386,2023-07-21,CH-0900-eg
3336,3387,2022-07-03,CH-0940-Yd
3337,3388,2021-12-08,CH-2330-Vv
3338,3389,2020-11-18,CH-2212-nw
3339,3390,2021-05-31,CH-9587-GB
3340,3391,2022-05-23,CH-6120-hA
3341,3392,2021-05-23,CH-0496-hk
3342,3393,2023-11-07,CH-8984-ac
3343,3394,2022-12-21,CH-5938-jM
3344,3395,2021-10-21,CH-5433-PR
3345,3396,2023-08-05,CH-1007-mK
3346,3397,2022-09-11,CH-3179-Vo
3347,3398,2023-12-19,CH-6604-Wo
3348,3399,2022-06-29,CH-2397-kd
3349,3400,2020-09-23,CH-5462-MO
3350,3401,2022-05-22,CH-4360-tn
3351,3402,2022-08-17,CH-5581-wq
3352,3403,2020-04-02,CH-2333-lz
3353,3404,2021-08-07,CH-1043-KH
3354,3405,2020-03-17,CH-7827-kN
3355,3406,2021-05-18,CH-7814-Ps
3356,3407,2021-04-17,CH-4723-DQ
3357,3408,2021-01-27,CH-0034-qt
3358,3409,2023-09-28,CH-4502-Am
3359,3410,2023-01-30,CH-3713-nY
3360,3411,2021-07-07,CH-8055-zP
3361,3412,2022-07-29,CH-5864-TN
3362,3413,2020-03-23,CH-3650-mg
3363,3414,2022-11-05,CH-8545-NU
3364,3415,2023-08-12,CH-7162-dh
3365,3416,2023-03-27,CH-5927-VM
3366,3417,2023-05-15,CH-2265-Kh
3367,3418,2023-11-03,CH-3511-FE
3368,3419,2022-12-15,CH-9631-xj
3369,3420,2022-05-28,CH-0055-eM
3370,3421,2020-02-29,CH-4431-Zk
3371,3422,2021-11-04,CH-4052-Ib
3372,3423,2023-05-30,CH-9871-kW
3373,3424,2023-03-08,CH-0880-qX
3374,3425,2021-09-18,CH-1149-Pr
3375,3426,2022-10-29,CH-8111-CX
3376,3427,2022-03-25,CH-2269-ns
3377,3428,2021-09-27,CH-5838-Xt
3378,3429,2023-11-16,CH-0205-Ec
3379,3430,2022-09-23,CH-1434-tQ
3380,3431,2022-05-28,CH-8254-QT
3381,3432,2021-09-18,CH-4601-Jx
3382,3433,2020-12-16,CH-2213-Cp
3383,3434,2023-02-14,CH-7786-bH
3384,3435,2023-07-22,CH-9281-Uf
3385,3436,2020-07-03,CH-6465-DI
3386,3437,2023-08-06,CH-6348-uB
3387,3438,2023-12-29,CH-7822-Lf
3388,3439,2021-11-14,CH-8661-zT
3389,3440,2022-05-10,CH-7907-UQ
3390,3441,2023-03-23,CH-2479-bN
3391,3442,2020-05-25,CH-6953-Qm
3392,3443,2023-03-18,CH-0096-sm
3393,3444,2023-10-14,CH-6569-ud
3394,3445,2022-07-06,CH-1224-zG
3395,3446,2022-04-21,CH-1501-TA
3396,3447,2022-04-30,CH-6701-tq
3397,3448,2022-10-17,CH-8455-xf
3398,3449,2020-11-03,CH-5778-bR
3399,3450,2023-03-30,CH-4537-BE
3400,3451,2023-09-24,CH-2790-lf
3401,3452,2022-03-28,CH-2135-pm
3402,3453,2021-11-10,CH-9323-Ri
3403,3454,2023-01-12,CH-2114-Pk
3404,3455,2022-09-25,CH-1193-ZQ
3405,3456,2023-02-23,CH-4920-iL
3406,3457,2023-05-07,CH-9755-AJ
3407,3458,2023-11-12,CH-6838-vh
3408,3459,2020-07-27,CH-0510-hg
3409,3460,2023-07-26,CH-3195-zy
3410,3461,2022-05-14,CH-1150-HL
3411,3462,2020-08-02,CH-8873-Ms
3412,3463,2021-08-12,CH-9037-im
3413,3464,2023-06-08,CH-3359-Wp
3414,3465,2023-09-16,CH-6476-Xi
3415,3466,2021-02-21,CH-0392-cl
3416,3467,2021-09-24,CH-9657-Sy
3417,3468,2022-03-18,CH-7891-QW
3418,3469,2022-04-04,CH-4843-PF
3419,3470,2021-12-03,CH-1564-mt
3420,3471,2023-03-26,CH-4329-Kn
3421,3472,2022-02-13,CH-4320-wB
3422,3473,2022-09-21,CH-8653-Vq
3423,3474,2022-12-14,CH-6767-nL
3424,3475,2020-07-21,CH-2873-Fs
3425,3476,2021-01-19,CH-3266-rc
3426,3477,2023-07-27,CH-6719-rx
3427,3478,2023-05-18,CH-2973-rA
3428,3479,2022-07-31,CH-2807-hW
3429,3480,2020-12-05,CH-6573-bd
3430,3481,2022-07-08,CH-0209-kW
3431,3482,2023-03-29,CH-7265-OR
3432,3483,2022-04-27,CH-7135-DG
3433,3484,2021-08-01,CH-3377-vX
3434,3485,2023-09-11,CH-2597-Ne
3435,3486,2023-09-11,CH-2985-uD
3436,3487,2023-09-03,CH-8023-Se
3437,3488,2023-06-13,CH-9385-vF
3438,3489,2022-12-18,CH-8743-zh
3439,3490,2021-12-23,CH-3469-pQ
3440,3491,2022-12-30,CH-4364-tP
3441,3492,2023-04-06,CH-7837-zV
3442,3493,2021-04-10,CH-3265-nR
3443,3494,2023-08-05,CH-1657-GI
3444,3495,2021-08-07,CH-4620-pT
3445,3496,2022-04-12,CH-7104-SV
3446,3497,2023-05-08,CH-8039-XZ
3447,3498,2021-09-27,CH-4887-Zo
3448,3499,2023-05-18,CH-6840-CX
3449,3500,2023-03-21,CH-4733-dC
3450,3501,2022-02-14,CH-6863-Ut
3451,3502,2023-05-17,CH-7216-fy
3452,3503,2022-07-04,CH-8968-QG
3453,3504,2023-12-10,CH-3669-HT
3454,3505,2023-09-07,CH-7694-DX
3455,3506,2023-11-03,CH-4703-EC
3456,3507,2020-11-18,CH-1315-Fl
3457,3508,2023-05-31,CH-0792-EE
3458,3509,2021-05-07,CH-3334-ZS
3459,3510,2023-11-17,CH-8128-Jg
3460,3511,2023-08-17,CH-1640-VG
3461,3512,2023-09-26,CH-0760-ll
3462,3513,2021-09-20,CH-6322-RR
3463,3514,2023-10-21,CH-1529-gd
3464,3515,2021-06-24,CH-2161-su
3465,3516,2022-02-02,CH-0288-nx
3466,3517,2022-06-23,CH-7845-vE
3467,3518,2022-05-28,CH-6448-Sm
3468,3519,2021-03-19,CH-1199-Vh
3469,3520,2020-09-12,CH-6664-zc
3470,3521,2023-02-19,CH-2602-oS
3471,3522,2023-11-07,CH-2562-zI
3472,3523,2023-01-31,CH-1432-wu
3473,3524,2023-01-02,CH-5565-bw
3474,3525,2023-10-18,CH-5386-Pa
3475,3526,2023-01-22,CH-1844-Ct
3476,3527,2023-11-30,CH-2492-OC
3477,3528,2022-04-23,CH-0075-Tu
3478,3529,2021-09-15,CH-1996-DT
3479,3530,2020-05-05,CH-2496-bO
3480,3531,2022-03-04,CH-2483-ZL
3481,3532,2022-06-14,CH-2824-iK
3482,3533,2023-07-19,CH-6039-bF
3483,3534,2023-07-18,CH-8738-ZT
3484,3535,2022-01-23,CH-6164-hs
3485,3536,2020-10-09,CH-3632-jb
3486,3537,2022-12-29,CH-0649-OI
3487,3538,2021-06-08,CH-2486-dR
3488,3539,2022-08-05,CH-2791-Wk
3489,3540,2022-10-13,CH-6686-iw
3490,3541,2022-10-18,CH-1085-Ie
3491,3542,2020-09-30,CH-0780-Zl
3492,3543,2021-12-07,CH-6108-vy
3493,3544,2022-02-15,CH-8936-eA
3494,3545,2023-12-07,CH-4773-Ay
3495,3546,2022-08-25,CH-7251-OV
3496,3547,2023-04-23,CH-6243-yE
3497,3548,2023-09-18,CH-5980-RR
3498,3549,2021-07-29,CH-0894-Kr
3499,3550,2022-01-16,CH-8084-bg
3500,3551,2023-05-17,CH-0581-dR
3501,3552,2022-01-21,CH-4552-TN
3502,3553,2020-06-05,CH-5497-Uf
3503,3554,2022-03-24,CH-6128-el
3504,3555,2022-11-23,CH-0358-oV
3505,3556,2021-04-30,CH-9288-Un
3506,3557,2023-07-29,CH-1159-Xg
3507,3558,2022-06-23,CH-7870-nq
3508,3559,2023-03-06,CH-7218-fx
3509,3560,2023-10-07,CH-0214-Xp
3510,3561,2021-05-29,CH-9621-cB
3511,3562,2022-03-21,CH-7230-VD
3512,3563,2022-04-10,CH-3929-Lr
3513,3564,2020-12-14,CH-7969-lE
3514,3565,2023-11-30,CH-8676-LL
3515,3566,2022-06-23,CH-7502-PB
3516,3567,2021-12-11,CH-2161-CH
3517,3568,2023-01-29,CH-1150-kF
3518,3569,2023-12-04,CH-5762-QZ
3519,3570,2022-06-26,CH-5103-Xv
3520,3571,2023-04-14,CH-7046-ct
3521,3572,2022-12-31,CH-6396-PG
3522,3573,2022-03-07,CH-0327-cS
3523,3574,2021-02-07,CH-4603-SV
3524,3575,2023-02-11,CH-5949-li
3525,3576,2022-07-31,CH-2782-Fy
3526,3577,2022-09-13,CH-6639-ef
3527,3578,2023-10-22,CH-3567-bQ
3528,3579,2023-03-23,CH-1158-Ww
3529,3580,2023-03-24,CH-2001-To
3530,3581,2023-09-21,CH-7478-uQ
3531,3582,2021-02-05,CH-7355-LW
3532,3583,2022-06-19,CH-5301-KZ
3533,3584,2021-10-28,CH-6169-OY
3534,3585,2021-08-27,CH-3976-TX
3535,3586,2022-12-29,CH-6034-gu
3536,3587,2022-07-29,CH-2018-Bb
3537,3588,2021-12-07,CH-8644-At
3538,3589,2021-03-25,CH-6980-OU
3539,3590,2021-11-09,CH-0763-YY
3540,3591,2023-02-18,CH-5587-Wu
3541,3592,2022-11-06,CH-4808-lv
3542,3593,2022-10-09,CH-1519-mL
3543,3594,2021-08-31,CH-0796-KN
3544,3595,2023-10-04,CH-1514-yB
3545,3596,2023-11-01,CH-3644-BX
3546,3598,2021-07-31,CH-0963-VB
3547,3599,2022-04-13,CH-7551-Wd
3548,3600,2023-09-06,CH-0308-Kn
3549,3601,2023-04-03,CH-5377-bm
3550,3603,2022-07-01,CH-8540-XM
3551,3604,2021-04-25,CH-2441-vD
3552,3605,2023-08-23,CH-2105-Tt
3553,3606,2021-11-12,CH-8052-xt
3554,3607,2023-07-03,CH-9844-vT
3555,3608,2023-04-01,CH-0018-iV
3556,3609,2021-11-24,CH-6292-hE
3557,3610,2022-01-08,CH-2397-ja
3558,3611,2023-11-27,CH-3295-iL
3559,3612,2020-05-18,CH-6846-Ss
3560,3613,2020-11-11,CH-3173-AK
3561,3614,2023-10-26,CH-9824-cX
3562,3615,2021-10-23,CH-3573-lB
3563,3616,2022-09-29,CH-3030-gi
3564,3617,2021-05-25,CH-8114-yI
3565,3618,2021-10-13,CH-3638-cW
3566,3620,2021-03-28,CH-0317-VO
3567,3621,2022-11-12,CH-1682-AM
3568,3622,2023-09-15,CH-7559-Ng
3569,3623,2023-01-16,CH-2188-qT
3570,3624,2023-11-05,CH-6036-Tc
3571,3627,2022-05-05,CH-1723-bQ
3572,3628,2022-10-25,CH-9277-vK
3573,3629,2020-12-07,CH-5014-nm
3574,3630,2021-08-20,CH-5595-ZI
3575,3631,2022-07-03,CH-9988-GV
3576,3632,2021-10-20,CH-6433-Ri
3577,3633,2023-03-18,CH-2660-jy
3578,3634,2021-02-17,CH-9170-wV
3579,3635,2023-07-10,CH-9650-og
3580,3636,2023-11-28,CH-8479-fx
3581,3637,2023-12-14,CH-0067-ZI
3582,3638,2022-04-17,CH-3354-oe
3583,3639,2022-09-03,CH-3548-Vy
3584,3640,2022-12-12,CH-4214-yt
3585,3641,2023-05-02,CH-6736-bE
3586,3642,2023-07-07,CH-4068-lY
3587,3643,2022-09-20,CH-0892-fR
3588,3644,2022-02-25,CH-0941-QB
3589,3645,2022-05-28,CH-5839-Yl
3590,3646,2020-11-23,CH-7909-bL
3591,3647,2023-10-28,CH-9764-XG
3592,3648,2021-02-09,CH-4005-tI
3593,3649,2023-12-15,CH-8359-xB
3594,3650,2023-10-28,CH-4246-wQ
3595,3651,2023-11-12,CH-8905-oo
3596,3652,2022-08-16,CH-6224-Dq
3597,3653,2022-11-27,CH-4924-YT
3598,3654,2023-10-03,CH-9235-Oq
3599,3655,2023-05-23,CH-2073-GG
3600,3656,2021-08-05,CH-6918-AG
3601,3657,2020-10-25,CH-9383-FY
3602,3658,2023-05-04,CH-1436-Lz
3603,3659,2023-02-26,CH-8212-Us
3604,3660,2023-11-26,CH-7711-QP
3605,3661,2020-04-09,CH-8497-fb
3606,3662,2023-06-03,CH-5291-IZ
3607,3663,2021-08-05,CH-7478-Ry
3608,3664,2021-03-09,CH-5907-tG
3609,3665,2022-11-19,CH-7551-cP
3610,3666,2021-11-01,CH-1103-yP
3611,3667,2020-11-07,CH-0969-lO
3612,3668,2021-07-02,CH-9698-CU
3613,3669,2023-05-30,CH-3949-wi
3614,3670,2022-09-04,CH-5415-vI
3615,3671,2022-11-02,CH-7814-lH
3616,3672,2023-12-05,CH-1951-Dz
3617,3673,2022-08-25,CH-3584-Fj
3618,3674,2020-05-31,CH-0665-MH
3619,3675,2020-03-18,CH-6927-TP
3620,3676,2020-04-15,CH-8109-jK
3621,3677,2023-05-13,CH-5873-Gy
3622,3678,2022-08-26,CH-9449-Xm
3623,3679,2023-08-22,CH-6599-is
3624,3680,2021-10-04,CH-4842-wS
3625,3681,2023-10-24,CH-3395-ae
3626,3682,2023-07-10,CH-2024-yd
3627,3683,2023-03-25,CH-4801-Me
3628,3684,2021-10-05,CH-9249-SX
3629,3685,2023-09-12,CH-9220-UY
3630,3686,2023-04-21,CH-6102-Ti
3631,3687,2020-09-26,CH-8129-tE
3632,3688,2023-02-20,CH-0094-OT
3633,3689,2023-07-20,CH-6089-YQ
3634,3690,2022-04-01,CH-1948-fS
3635,3691,2023-09-06,CH-7221-YZ
3636,3692,2023-04-25,CH-0640-VH
3637,3693,2022-09-28,CH-1929-jd
3638,3694,2021-10-03,CH-5451-pB
3639,3695,2022-09-11,CH-6606-zp
3640,3696,2021-06-03,CH-0970-Pb
3641,3697,2022-07-11,CH-7388-ui
3642,3698,2021-12-19,CH-0075-tr
3643,3699,2023-07-13,CH-6072-td
3644,3700,2023-10-16,CH-6508-tb
3645,3701,2021-04-21,CH-6498-iq
3646,3702,2023-03-31,CH-7893-wg
3647,3703,2023-09-14,CH-0185-HF
3648,3704,2022-03-17,CH-5215-vk
3649,3705,2023-06-13,CH-5108-lK
3650,3706,2022-09-21,CH-3382-jW
3651,3707,2023-07-04,CH-7389-JZ
3652,3708,2023-02-27,CH-6012-IK
3653,3709,2022-09-01,CH-8870-db
3654,3710,2023-12-15,CH-9682-YI
3655,3711,2023-11-08,CH-7654-nI
3656,3712,2022-05-21,CH-8394-Zf
3657,3713,2021-03-29,CH-0589-AC
3658,3715,2023-06-01,CH-8064-mw
3659,3717,2022-02-10,CH-2605-Mu
3660,3718,2020-12-19,CH-1650-bI
3661,3719,2023-01-06,CH-7223-Lk
3662,3720,2021-02-04,CH-3093-hn
3663,3721,2021-06-24,CH-8559-JY
3664,3722,2023-10-01,CH-9130-Vl
3665,3723,2022-11-06,CH-6642-wb
3666,3724,2023-11-29,CH-7473-EB
3667,3725,2023-04-19,CH-5401-nC
3668,3726,2022-02-16,CH-0685-SL
3669,3727,2022-08-11,CH-4528-bP
3670,3728,2020-12-25,CH-7325-Rx
3671,3729,2022-01-14,CH-2717-UP
3672,3730,2023-11-05,CH-6520-UT
3673,3731,2022-01-20,CH-7733-ww
3674,3732,2021-05-24,CH-8362-VY
3675,3733,2022-05-27,CH-8473-QW
3676,3734,2022-09-11,CH-2857-uT
3677,3735,2023-08-25,CH-3839-Ra
3678,3736,2021-09-08,CH-7196-CF
3679,3738,2023-09-09,CH-3368-NE
3680,3739,2021-05-07,CH-4163-lt
3681,3741,2023-12-05,CH-2570-kv
3682,3742,2023-10-08,CH-3383-rQ
3683,3743,2021-08-19,CH-9292-ft
3684,3744,2022-11-20,CH-9869-NV
3685,3745,2023-01-08,CH-1207-rv
3686,3746,2022-02-27,CH-1520-SE
3687,3747,2022-12-17,CH-4228-Rt
3688,3748,2021-12-15,CH-5489-fs
3689,3749,2021-05-25,CH-2680-jQ
3690,3750,2022-08-11,CH-5939-cH
3691,3751,2022-11-18,CH-8430-lu
3692,3752,2023-06-17,CH-5195-aB
3693,3753,2021-03-28,CH-8973-ow
3694,3754,2021-06-08,CH-9629-iG
3695,3755,2023-12-25,CH-1822-ZO
3696,3756,2023-04-23,CH-3931-rQ
3697,3757,2023-06-08,CH-5023-jq
3698,3758,2022-10-25,CH-1639-Zn
3699,3759,2020-01-27,CH-0919-wH
3700,3760,2022-12-15,CH-7582-Jq
3701,3761,2021-12-25,CH-1856-Tl
3702,3762,2020-07-12,CH-7841-NV
3703,3763,2021-11-27,CH-6141-Fp
3704,3764,2021-10-21,CH-0900-sq
3705,3765,2022-12-20,CH-1996-hu
3706,3766,2023-07-16,CH-6334-DA
3707,3767,2020-09-09,CH-5385-ie
3708,3768,2021-04-25,CH-6693-gj
3709,3769,2023-10-01,CH-0643-rW
3710,3770,2023-03-15,CH-0103-zA
3711,3771,2023-11-21,CH-3786-tq
3712,3772,2023-04-26,CH-2093-Jn
3713,3773,2023-10-30,CH-5056-Po
3714,3774,2021-02-20,CH-4337-SC
3715,3775,2020-11-23,CH-6795-kA
3716,3776,2023-07-11,CH-4360-zz
3717,3777,2023-07-24,CH-5424-fb
3718,3778,2022-06-16,CH-9386-nt
3719,3779,2023-04-14,CH-4746-qS
3720,3780,2023-09-18,CH-7931-OM
3721,3781,2020-12-25,CH-1976-GK
3722,3782,2021-09-12,CH-8164-hk
3723,3783,2023-02-17,CH-6711-Ti
3724,3784,2023-01-18,CH-6384-LB
3725,3785,2023-05-15,CH-9107-Sk
3726,3786,2023-09-01,CH-9764-Xr
3727,3787,2021-05-16,CH-0515-nC
3728,3788,2022-11-16,CH-4959-gO
3729,3789,2022-07-25,CH-6989-VR
3730,3790,2023-05-28,CH-2432-Lk
3731,3791,2022-02-17,CH-9257-oz
3732,3792,2021-07-01,CH-5427-Qe
3733,3793,2022-04-07,CH-2538-AE
3734,3794,2021-08-28,CH-5575-yE
3735,3795,2021-08-16,CH-9274-sz
3736,3796,2023-01-01,CH-8493-Cp
3737,3797,2022-10-28,CH-8874-cq
3738,3798,2020-09-05,CH-9189-Mq
3739,3799,2020-10-20,CH-6022-Va
3740,3800,2022-03-28,CH-6781-EE
3741,3801,2022-03-13,CH-3850-eF
3742,3802,2022-11-09,CH-0339-MZ
3743,3803,2023-03-20,CH-3119-gs
3744,3804,2022-10-10,CH-5187-Kk
3745,3805,2022-07-07,CH-0838-tT
3746,3806,2023-05-17,CH-8439-Fk
3747,3807,2023-03-09,CH-0516-VP
3748,3808,2023-02-02,CH-1772-gW
3749,3809,2022-02-24,CH-7163-Dh
3750,3810,2023-05-02,CH-4789-yx
3751,3811,2020-05-22,CH-7433-qr
3752,3812,2022-05-04,CH-3505-xI
3753,3813,2023-05-09,CH-8376-Se
3754,3814,2023-06-20,CH-7516-Jp
3755,3815,2022-11-10,CH-4908-vK
3756,3816,2022-12-02,CH-6798-Xw
3757,3817,2021-10-16,CH-9188-gR
3758,3818,2023-10-26,CH-8581-Py
3759,3819,2020-02-28,CH-7285-fq
3760,3820,2021-08-23,CH-9612-fY
3761,3821,2023-07-25,CH-0228-Xv
3762,3822,2023-12-31,CH-5725-KL
3763,3823,2023-10-23,CH-0986-Cq
3764,3824,2020-11-27,CH-5905-Cc
3765,3825,2022-01-30,CH-9138-nH
3766,3826,2021-03-06,CH-6210-vw
3767,3827,2023-06-22,CH-8037-wT
3768,3828,2023-05-19,CH-9003-ps
3769,3830,2020-07-14,CH-5166-Os
3770,3831,2023-01-09,CH-2711-ea
3771,3832,2023-06-16,CH-5978-KM
3772,3833,2023-04-05,CH-1529-qX
3773,3834,2020-11-13,CH-8646-YF
3774,3835,2023-08-31,CH-5082-gQ
3775,3836,2023-10-31,CH-1190-Ar
3776,3838,2020-07-24,CH-7003-ZZ
3777,3839,2022-02-04,CH-7995-mB
3778,3840,2021-12-22,CH-2461-eC
3779,3841,2023-09-05,CH-3576-hS
3780,3842,2023-09-23,CH-5479-Us
3781,3843,2023-01-07,CH-8672-fJ
3782,3844,2022-01-16,CH-6692-HL
3783,3845,2023-04-10,CH-3860-Xc
3784,3846,2022-11-14,CH-3088-NR
3785,3847,2022-12-07,CH-9499-Tv
3786,3848,2022-09-04,CH-1597-Ur
3787,3849,2023-12-15,CH-8513-qS
3788,3850,2022-07-09,CH-1033-XK
3789,3851,2023-07-21,CH-9953-ux
3790,3852,2023-07-05,CH-6588-DB
3791,3853,2022-11-07,CH-9935-AK
3792,3854,2023-10-10,CH-7553-QC
3793,3855,2023-03-18,CH-6947-GT
3794,3856,2022-10-01,CH-3110-Xi
3795,3857,2020-06-06,CH-1919-kz
3796,3858,2020-03-12,CH-4066-xj
3797,3859,2023-08-31,CH-7712-hH
3798,3860,2022-02-28,CH-3780-fh
3799,3861,2023-10-12,CH-6561-Xu
3800,3862,2023-02-06,CH-7053-fz
3801,3863,2022-07-05,CH-7407-vc
3802,3864,2021-08-31,CH-2748-pF
3803,3865,2021-05-31,CH-3328-Mp
3804,3866,2020-11-15,CH-9959-jK
3805,3867,2022-03-23,CH-2126-ua
3806,3868,2022-10-29,CH-8057-ud
3807,3869,2022-04-26,CH-1712-na
3808,3870,2020-11-18,CH-8580-Kk
3809,3871,2022-05-27,CH-0178-rH
3810,3872,2021-08-26,CH-9176-Wl
3811,3873,2021-07-01,CH-3719-oN
3812,3874,2022-03-31,CH-4340-Dp
3813,3875,2022-06-18,CH-5669-CB
3814,3876,2021-09-01,CH-1381-pw
3815,3877,2022-11-30,CH-0211-Un
3816,3878,2023-03-23,CH-0505-CC
3817,3879,2022-03-12,CH-9274-Ad
3818,3880,2023-07-17,CH-7781-rO
3819,3881,2021-07-23,CH-6977-yH
3820,3882,2020-10-08,CH-4416-tw
3821,3883,2022-08-09,CH-3879-PE
3822,3884,2022-08-31,CH-8748-xv
3823,3885,2020-11-21,CH-7284-cC
3824,3886,2023-05-29,CH-4789-MF
3825,3887,2023-07-25,CH-7618-TX
3826,3888,2023-02-04,CH-6482-GX
3827,3889,2021-01-08,CH-7956-Mu
3828,3890,2023-10-19,CH-4542-CU
3829,3891,2022-12-06,CH-7803-nM
3830,3892,2023-12-05,CH-5141-id
3831,3893,2023-02-06,CH-9078-tR
3832,3894,2023-04-11,CH-4201-lj
3833,3895,2022-10-27,CH-0050-Rl
3834,3896,2023-04-25,CH-9511-he
3835,3897,2022-08-26,CH-5868-lx
3836,3898,2023-04-03,CH-6358-HW
3837,3899,2023-06-23,CH-8481-wf
3838,3900,2023-01-23,CH-5645-oG
3839,3901,2021-08-09,CH-6996-rf
3840,3902,2023-08-09,CH-7618-MO
3841,3903,2022-06-05,CH-4210-ej
3842,3904,2023-01-26,CH-2554-Fl
3843,3905,2023-12-23,CH-5672-Fc
3844,3906,2021-05-06,CH-1447-GL
3845,3907,2021-10-08,CH-8647-Xk
3846,3908,2021-10-12,CH-0773-Lb
3847,3909,2022-10-10,CH-1098-Ii
3848,3910,2023-07-20,CH-8420-IE
3849,3911,2023-09-04,CH-8360-Oh
3850,3913,2023-09-26,CH-1544-vW
3851,3914,2021-07-02,CH-7428-dT
3852,3915,2023-07-19,CH-4292-FT
3853,3916,2022-07-12,CH-1611-bw
3854,3917,2023-11-13,CH-3168-sA
3855,3918,2022-07-11,CH-4245-XE
3856,3919,2022-05-05,CH-0836-ov
3857,3920,2023-09-07,CH-1482-oE
3858,3921,2023-12-01,CH-8809-RT
3859,3922,2021-12-24,CH-6467-uN
3860,3923,2020-09-11,CH-3784-qc
3861,3924,2023-03-25,CH-1592-GR
3862,3925,2022-07-20,CH-6232-mp
3863,3926,2023-07-30,CH-2183-Pm
3864,3927,2023-03-02,CH-6505-dl
3865,3928,2022-06-15,CH-7208-zR
3866,3929,2022-05-11,CH-6405-jC
3867,3930,2023-12-11,CH-7475-DT
3868,3931,2023-02-04,CH-5255-fT
3869,3932,2020-05-23,CH-1205-yv
3870,3933,2022-06-14,CH-1991-pM
3871,3934,2021-03-22,CH-0458-kq
3872,3935,2023-04-28,CH-1536-lR
3873,3936,2022-09-21,CH-4375-ag
3874,3937,2023-01-29,CH-3525-Bx
3875,3938,2021-02-09,CH-2444-DR
3876,3939,2023-03-09,CH-8713-OB
3877,3940,2022-09-12,CH-7851-WP
3878,3941,2023-08-18,CH-4147-jg
3879,3942,2022-09-19,CH-6233-vc
3880,3943,2022-02-06,CH-5105-Qt
3881,3944,2022-08-20,CH-7063-Zz
3882,3945,2022-07-10,CH-6596-EQ
3883,3946,2022-12-01,CH-8922-Jl
3884,3947,2022-03-24,CH-0667-ei
3885,3948,2021-08-30,CH-9773-Jq
3886,3949,2023-04-05,CH-1894-WK
3887,3950,2021-08-14,CH-5721-EI
3888,3951,2021-12-21,CH-1684-pN
3889,3952,2021-03-02,CH-0726-Hq
3890,3953,2021-08-29,CH-3075-iW
3891,3954,2022-05-22,CH-4990-JB
3892,3955,2023-03-17,CH-0599-OA
3893,3956,2023-06-30,CH-0174-IK
3894,3957,2022-05-09,CH-9895-IP
3895,3958,2022-12-04,CH-2803-Hg
3896,3959,2023-05-01,CH-5769-Js
3897,3960,2022-04-17,CH-8512-Tj
3898,3961,2022-07-21,CH-8258-Mv
3899,3962,2020-03-14,CH-6361-Uz
3900,3963,2023-03-23,CH-0193-GK
3901,3965,2020-12-03,CH-9765-Se
3902,3966,2022-05-12,CH-3213-jc
3903,3967,2022-05-23,CH-5985-iO
3904,3968,2023-03-21,CH-2778-MO
3905,3969,2020-04-24,CH-7155-Sz
3906,3970,2020-11-19,CH-0884-im
3907,3971,2021-10-25,CH-0179-Xf
3908,3972,2020-12-21,CH-4855-DB
3909,3973,2022-01-27,CH-0864-mn
3910,3974,2023-10-18,CH-6219-sU
3911,3975,2022-09-14,CH-1371-zE
3912,3976,2023-05-17,CH-7135-Wa
3913,3977,2022-10-22,CH-8331-Jz
3914,3978,2022-10-30,CH-5128-pK
3915,3979,2023-12-15,CH-6550-FX
3916,3980,2022-02-27,CH-0641-kF
3917,3981,2021-09-16,CH-7322-XZ
3918,3982,2023-03-27,CH-6461-Rl
3919,3983,2022-08-20,CH-0197-rj
3920,3984,2022-02-20,CH-7392-oW
3921,3985,2022-08-21,CH-7603-Ci
3922,3986,2023-12-04,CH-5571-cG
3923,3987,2021-02-17,CH-6673-Xo
3924,3988,2023-05-30,CH-2519-ig
3925,3989,2021-05-22,CH-6997-CT
3926,3990,2021-02-22,CH-6282-Sv
3927,3991,2023-12-04,CH-7656-Tr
3928,3992,2021-01-07,CH-5815-qs
3929,3993,2023-04-06,CH-1946-ar
3930,3994,2020-12-09,CH-9226-oo
3931,3995,2023-01-15,CH-0401-tc
3932,3996,2022-01-24,CH-3203-Uj
3933,3997,2023-11-24,CH-5146-ZU
3934,3998,2023-10-17,CH-3103-QC
3935,3999,2023-03-10,CH-0552-zW
3936,4000,2021-04-25,CH-4301-hL
