pr_line_id,pr_id,item_id,qty_requested
1,1,474,12
2,1,275,83
3,2,3,59
4,2,523,32
5,3,532,33
6,3,361,16
7,3,241,41
8,3,475,54
9,4,452,75
10,5,419,79
11,6,517,74
12,6,321,37
13,6,533,98
14,7,129,9
15,7,304,19
16,8,448,89
17,9,421,19
18,9,596,85
19,9,472,90
20,9,47,70
21,9,272,32
22,10,412,76
23,10,116,46
24,11,78,87
25,12,213,44
26,12,428,28
27,13,518,55
28,13,498,87
29,14,349,38
30,15,81,6
31,15,170,41
32,15,428,20
33,15,43,75
34,16,303,83
35,16,426,64
36,16,77,79
37,16,596,16
38,17,161,20
39,18,70,65
40,18,329,69
41,18,286,42
42,19,555,65
43,19,451,43
44,19,532,97
45,20,452,43
46,21,266,78
47,21,108,71
48,22,383,3
49,22,580,41
50,22,12,38
51,23,109,75
52,23,527,7
53,24,10,88
54,24,389,71
55,25,375,84
56,26,412,51
57,26,129,28
58,26,190,94
59,26,99,25
60,27,23,45
61,27,544,11
62,27,110,96
63,27,41,94
64,27,370,74
65,28,259,67
66,29,529,51
67,30,315,52
68,30,317,66
69,31,347,88
70,31,39,1
71,31,591,31
72,31,45,100
73,32,538,35
74,32,194,34
75,32,205,84
76,32,197,23
77,32,236,58
78,33,382,25
79,33,471,100
80,33,122,52
81,34,112,75
82,34,580,9
83,35,174,45
84,35,600,21
85,35,533,36
86,35,388,32
87,36,190,51
88,37,354,50
89,37,434,10
90,37,547,27
91,37,504,19
92,38,568,90
93,39,517,57
94,39,589,63
95,40,416,62
96,40,135,11
97,41,426,72
98,41,527,81
99,41,230,43
100,42,491,92
101,42,490,72
102,42,238,80
103,43,403,18
104,43,309,82
105,43,75,96
106,43,303,74
107,43,386,33
108,44,3,58
109,44,238,24
110,45,395,58
111,45,459,32
112,46,531,38
113,46,131,18
114,46,492,17
115,46,27,67
116,46,156,54
117,47,332,53
118,47,585,83
119,48,423,92
120,48,19,91
121,49,131,38
122,49,355,74
123,50,483,71
124,50,178,88
125,50,291,62
126,50,154,80
127,50,594,13
128,51,419,5
129,51,225,40
130,51,248,24
131,51,144,99
132,51,416,94
133,52,481,54
134,52,207,25
135,52,247,45
136,53,355,6
137,54,278,38
138,54,185,96
139,55,295,100
140,55,591,75
141,55,571,52
142,55,269,22
143,56,539,97
144,56,181,62
145,56,385,49
146,57,520,37
147,57,167,2
148,57,206,4
149,57,412,63
150,58,112,99
151,59,268,20
152,59,40,26
153,60,419,55
154,60,368,85
155,61,103,33
156,61,329,18
157,62,401,33
158,62,322,99
159,62,94,17
160,63,438,15
161,63,326,57
162,63,324,54
163,63,451,89
164,64,585,100
165,65,27,98
166,65,14,87
167,65,487,24
168,65,443,51
169,65,358,94
170,66,346,62
171,66,112,44
172,66,303,68
173,66,320,2
174,67,49,66
175,67,10,37
176,68,12,32
177,68,77,12
178,68,388,68
179,68,589,100
180,69,138,61
181,69,162,20
182,70,366,80
183,70,579,3
184,71,74,62
185,71,528,75
186,71,488,13
187,72,574,12
188,72,52,5
189,73,390,13
190,73,38,33
191,73,349,22
192,73,303,49
193,73,77,69
194,74,522,66
195,74,166,74
196,75,44,23
197,75,392,33
198,75,159,10
199,76,303,87
200,76,305,92
201,77,309,17
202,77,282,32
203,77,436,71
204,78,52,49
205,78,358,45
206,78,14,74
207,78,540,73
208,79,535,5
209,80,186,92
210,80,341,93
211,81,399,89
212,81,552,32
213,81,439,95
214,81,291,78
215,81,151,75
216,82,436,50
217,82,217,71
218,82,267,48
219,83,513,70
220,83,28,87
221,84,174,27
222,85,475,4
223,85,498,1
224,86,35,15
225,86,355,51
226,86,383,97
227,87,600,8
228,87,426,5
229,87,417,30
230,88,32,19
231,88,78,95
232,88,124,49
233,89,360,99
234,89,533,2
235,89,589,85
236,90,26,10
237,90,174,5
238,90,321,17
239,91,434,43
240,91,430,26
241,91,378,61
242,91,337,9
243,91,220,91
244,92,385,24
245,92,324,23
246,92,237,60
247,93,180,72
248,94,220,56
249,94,95,65
250,94,68,23
251,94,498,3
252,94,36,38
253,95,451,12
254,95,361,16
255,95,180,27
256,95,531,23
257,95,279,95
258,96,565,94
259,96,547,35
260,96,167,77
261,96,293,89
262,96,583,27
263,97,414,85
264,97,402,48
265,97,457,6
266,98,454,96
267,98,449,84
268,98,178,93
269,99,203,61
270,99,572,65
271,100,580,12
272,101,54,78
273,101,529,59
274,102,77,7
275,102,429,70
276,103,383,52
277,103,390,75
278,103,533,79
279,104,512,99
280,104,232,8
281,105,453,16
282,106,469,5
283,106,299,94
284,106,286,21
285,106,293,14
286,107,501,78
287,107,503,52
288,107,133,42
289,107,401,34
290,107,68,71
291,108,22,19
292,108,386,90
293,108,26,37
294,108,360,89
295,109,317,72
296,109,499,45
297,109,547,93
298,109,28,91
299,109,506,90
300,110,310,73
301,110,287,16
302,110,299,79
303,111,91,3
304,111,150,35
305,111,22,29
306,112,109,12
307,112,207,64
308,112,190,48
309,113,36,66
310,113,401,27
311,113,118,1
312,114,471,98
313,114,31,19
314,115,484,80
315,115,439,44
316,116,331,40
317,116,524,96
318,116,155,71
319,117,223,33
320,117,28,14
321,117,237,69
322,118,66,76
323,118,370,55
324,118,382,67
325,118,577,76
326,119,571,52
327,119,325,80
328,120,544,45
329,121,343,85
330,121,485,73
331,122,596,3
332,122,166,8
333,122,113,88
334,122,38,19
335,122,73,51
336,123,505,30
337,123,436,72
338,124,521,94
339,124,263,40
340,125,475,94
341,125,407,1
342,125,477,18
343,126,451,33
344,127,78,52
345,127,368,8
346,127,419,9
347,128,502,10
348,128,102,28
349,128,146,82
350,128,309,12
351,129,494,74
352,130,349,24
353,130,596,78
354,131,159,67
355,131,461,97
356,131,391,68
357,131,34,19
358,131,193,41
359,132,467,37
360,133,525,49
361,134,459,26
362,135,492,97
363,136,22,37
364,136,360,89
365,136,564,40
366,136,388,20
367,136,45,69
368,137,57,56
369,137,22,87
370,137,436,44
371,137,517,35
372,137,389,64
373,138,528,83
374,139,21,18
375,139,369,45
376,139,47,18
377,139,448,76
378,140,338,4
379,140,398,100
380,140,34,8
381,140,106,21
382,140,242,76
383,141,282,93
384,141,488,93
385,141,49,48
386,141,585,40
387,141,73,79
388,142,557,66
389,142,131,25
390,142,531,58
391,142,443,45
392,142,485,85
393,143,398,92
394,143,416,22
395,144,45,15
396,144,217,95
397,144,487,22
398,145,364,72
399,145,539,46
400,145,473,34
401,146,339,87
402,146,3,49
403,147,153,94
404,147,524,96
405,147,146,74
406,148,89,54
407,149,536,86
408,149,115,80
409,149,122,52
410,150,390,13
411,150,369,68
412,151,205,16
413,151,489,60
414,151,370,42
415,152,255,75
416,152,554,81
417,152,451,51
418,153,536,2
419,154,108,37
420,154,391,61
421,155,73,41
422,155,45,72
423,156,527,29
424,156,386,55
425,157,90,18
426,157,329,80
427,157,495,83
428,157,205,27
429,158,39,63
430,159,61,86
431,159,292,79
432,159,239,16
433,159,558,34
434,160,580,46
435,160,334,28
436,160,448,36
437,160,26,6
438,161,487,70
439,162,175,90
440,162,312,4
441,162,382,28
442,163,531,50
443,163,378,71
444,163,540,25
445,164,208,29
446,164,584,44
447,164,95,30
448,164,248,45
449,165,180,98
450,165,361,87
451,165,190,1
452,165,452,20
453,165,401,97
454,166,481,60
455,166,59,38
456,166,153,81
457,166,33,62
458,167,215,2
459,168,427,100
460,168,594,82
461,169,135,87
462,169,181,20
463,169,323,30
464,169,591,1
465,170,379,31
466,170,112,11
467,171,150,98
468,171,553,93
469,171,523,50
470,172,502,47
471,172,318,15
472,173,188,23
473,173,18,23
474,173,471,97
475,173,69,70
476,174,509,87
477,174,490,13
478,174,71,71
479,175,325,45
480,175,314,88
481,175,124,47
482,176,409,49
483,176,562,43
484,176,264,13
485,177,515,51
486,177,120,95
487,177,424,88
488,177,271,65
489,178,361,1
490,178,378,53
491,178,498,6
492,178,322,38
493,178,36,24
494,179,118,3
495,179,420,57
496,180,504,42
497,180,577,7
498,180,207,42
499,181,457,61
500,181,523,6
501,182,10,99
502,182,533,68
503,182,325,96
504,182,45,26
505,183,327,31
506,183,191,23
507,183,429,71
508,183,366,15
509,184,436,15
510,184,230,69
511,185,362,25
512,185,45,78
513,186,334,24
514,186,389,95
515,186,585,80
516,186,174,57
517,186,73,61
518,187,337,40
519,187,385,4
520,188,545,24
521,188,387,14
522,188,452,22
523,189,511,13
524,189,265,8
525,189,453,64
526,189,208,60
527,190,261,76
528,190,565,42
529,190,159,74
530,191,549,28
531,192,324,28
532,193,521,52
533,193,437,23
534,193,366,100
535,194,224,1
536,194,124,57
537,195,133,50
538,195,116,16
539,195,452,15
540,195,281,38
541,196,598,55
542,196,362,46
543,196,582,83
544,196,569,4
545,196,324,88
546,197,332,4
547,197,316,80
548,198,309,88
549,198,282,26
550,198,346,69
551,199,487,6
552,199,361,57
553,199,116,1
554,199,367,44
555,199,241,6
556,200,292,29
557,200,261,98
558,200,397,48
559,201,114,55
560,201,244,32
561,202,147,39
562,202,9,31
563,202,438,1
564,202,84,35
565,203,6,88
566,203,423,24
567,204,131,89
568,205,424,26
569,205,332,29
570,206,564,1
571,206,241,86
572,207,122,70
573,207,440,30
574,207,340,91
575,208,309,77
576,208,22,63
577,208,527,24
578,208,388,39
579,208,78,15
580,209,314,12
581,209,589,15
582,209,174,74
583,210,108,9
584,210,167,37
585,211,16,29
586,211,564,30
587,211,112,88
588,212,549,37
589,213,19,95
590,213,197,69
591,214,47,47
592,214,91,29
593,214,571,17
594,215,67,37
595,215,109,47
596,216,91,7
597,216,580,49
598,216,517,32
599,216,26,84
600,217,5,75
601,218,527,33
602,219,46,92
603,219,200,3
604,220,344,3
605,220,155,1
606,221,549,24
607,221,190,32
608,222,36,58
609,223,325,54
610,223,189,51
611,223,16,9
612,223,390,45
613,224,555,73
614,224,443,2
615,224,68,33
616,225,531,69
617,225,427,27
618,225,326,7
619,225,274,3
620,226,24,40
621,227,554,26
622,227,492,4
623,227,381,19
624,227,518,69
625,227,118,49
626,228,190,92
627,228,342,96
628,228,183,53
629,228,274,66
630,229,75,21
631,229,115,38
632,230,97,46
633,231,236,6
634,231,384,86
635,231,246,87
636,232,342,83
637,232,540,76
638,232,274,57
639,232,423,96
640,233,188,34
641,234,71,24
642,234,466,39
643,234,593,83
644,235,439,41
645,235,232,45
646,236,489,16
647,237,205,45
648,237,87,24
649,238,539,94
650,238,434,27
651,238,52,98
652,238,412,10
653,239,174,80
654,239,403,48
655,239,22,20
656,240,251,80
657,240,141,5
658,240,17,64
659,241,124,75
660,241,12,29
661,241,388,23
662,241,436,33
663,241,389,35
664,242,27,94
665,242,540,55
666,243,549,92
667,243,163,95
668,244,571,64
669,244,525,68
670,245,527,100
671,245,11,97
672,246,525,4
673,247,163,11
674,247,412,82
675,247,19,54
676,248,182,76
677,248,593,21
678,248,533,60
679,249,12,69
680,249,174,35
681,249,112,32
682,249,303,42
683,249,10,82
684,250,133,21
685,250,427,12
686,251,254,55
687,252,268,55
688,252,575,76
689,252,126,1
690,252,486,86
691,253,589,73
692,253,426,37
693,254,309,7
694,254,272,37
695,254,488,59
696,255,112,70
697,255,32,71
698,255,527,55
699,256,305,71
700,257,458,81
701,257,595,80
702,258,515,55
703,259,457,9
704,259,434,5
705,259,181,45
706,260,523,88
707,261,421,77
708,262,431,51
709,262,505,35
710,262,393,31
711,262,530,55
712,263,580,94
713,263,390,20
714,263,282,60
715,264,73,56
716,264,596,87
717,264,11,21
718,264,38,34
719,265,253,36
720,265,110,28
721,265,445,54
722,265,101,56
723,266,152,87
724,266,254,6
725,267,540,1
726,267,306,89
727,267,262,87
728,267,31,35
729,267,227,96
730,268,32,18
731,268,226,5
732,268,370,95
733,269,87,97
734,270,355,61
735,270,322,79
736,271,505,88
737,271,79,55
738,271,558,37
739,271,354,89
740,272,14,85
741,272,6,4
742,273,446,45
743,273,34,34
744,273,240,1
745,274,295,14
746,274,337,89
747,274,336,98
748,275,524,2
749,276,599,83
750,276,355,42
751,277,309,97
752,277,589,73
753,277,346,76
754,277,517,72
755,277,47,26
756,278,63,83
757,278,233,87
758,279,599,69
759,280,518,61
760,280,547,57
761,281,225,77
762,281,123,42
763,281,48,35
764,281,240,100
765,282,313,72
766,283,27,27
767,284,198,55
768,284,324,50
769,284,150,9
770,285,452,65
771,285,196,68
772,286,95,79
773,286,475,26
774,286,540,55
775,286,555,94
776,287,214,63
777,287,296,65
778,287,47,70
779,288,585,4
780,288,74,54
781,288,47,47
782,288,49,79
783,288,230,88
784,289,430,61
785,289,220,19
786,289,19,83
787,290,443,74
788,290,322,83
789,290,342,43
790,291,84,16
791,291,381,12
792,292,29,95
793,292,214,22
794,293,246,5
795,293,273,48
796,294,327,19
797,294,596,2
798,294,157,60
799,295,599,97
800,295,368,80
801,296,164,32
802,296,508,98
803,296,168,93
804,296,219,55
805,297,91,73
806,297,596,80
807,297,230,21
808,298,294,7
809,298,552,79
810,299,334,83
811,299,70,80
812,299,332,4
813,300,452,46
814,300,133,64
815,300,540,18
816,301,8,71
817,301,165,74
818,301,285,8
819,301,246,31
820,301,144,45
821,302,277,76
822,303,53,19
823,303,439,94
824,304,438,37
825,304,365,20
826,304,359,10
827,304,158,30
828,304,343,80
829,305,326,43
830,305,183,9
831,305,405,79
832,305,361,28
833,305,423,19
834,306,142,3
835,306,135,69
836,306,148,39
837,307,207,37
838,307,203,11
839,307,44,80
840,308,95,100
841,308,241,78
842,309,225,90
843,309,289,15
844,309,518,82
845,309,501,2
846,310,392,83
847,311,361,74
848,311,554,97
849,312,428,33
850,312,87,96
851,313,501,36
852,313,584,13
853,313,333,56
854,314,104,8
855,314,548,85
856,314,368,34
857,315,180,8
858,315,539,40
859,315,457,45
860,315,133,35
861,315,14,17
862,316,539,88
863,316,27,94
864,316,443,19
865,316,279,82
866,317,94,49
867,317,152,55
868,317,386,59
869,317,575,63
870,317,579,23
871,318,23,83
872,318,552,57
873,319,378,42
874,319,326,63
875,319,401,33
876,319,279,38
877,320,328,3
878,320,42,41
879,321,427,14
880,321,467,28
881,321,47,91
882,322,459,70
883,323,506,89
884,323,391,5
885,323,58,33
886,324,541,40
887,324,220,87
888,324,414,69
889,325,361,2
890,325,333,96
891,325,172,3
892,326,93,16
893,326,464,98
894,327,310,46
895,327,501,92
896,327,47,100
897,327,83,39
898,328,430,28
899,328,303,37
900,329,391,93
901,329,574,73
902,329,260,42
903,330,379,90
904,330,330,40
905,330,352,75
906,331,349,24
907,331,150,99
908,332,314,56
909,333,517,84
910,333,197,66
911,334,529,56
912,334,21,96
913,335,312,85
914,335,270,30
915,335,94,87
916,335,102,76
917,335,497,72
918,336,562,32
919,337,475,78
920,337,350,35
921,337,492,76
922,337,40,89
923,338,32,91
924,338,112,99
925,338,230,3
926,338,77,7
927,339,498,58
928,340,430,98
929,340,452,45
930,341,475,98
931,341,554,86
932,342,24,42
933,342,149,74
934,343,406,77
935,343,374,67
936,343,275,62
937,344,49,76
938,344,21,69
939,344,166,56
940,344,448,79
941,344,115,51
942,345,92,14
943,345,210,38
944,345,372,98
945,346,44,75
946,347,189,14
947,347,26,95
948,347,497,28
949,347,303,32
950,348,346,34
951,348,580,40
952,349,412,34
953,350,181,7
954,350,116,58
955,351,305,5
956,351,57,30
957,352,182,20
958,352,307,74
959,353,360,92
960,353,10,74
961,354,46,32
962,354,137,88
963,354,219,71
964,354,34,20
965,355,183,26
966,356,508,27
967,356,556,57
968,357,494,30
969,357,271,34
970,357,366,96
971,357,502,27
972,358,77,33
973,359,563,51
974,359,365,77
975,360,585,54
976,360,346,92
977,360,389,7
978,361,517,37
979,361,47,39
980,362,137,32
981,362,392,37
982,362,560,15
983,363,596,65
984,364,112,82
985,364,26,48
986,364,426,72
987,364,150,8
988,365,517,49
989,365,533,91
990,365,525,55
991,366,472,41
992,366,505,64
993,366,275,32
994,367,139,15
995,367,470,96
996,368,385,72
997,368,95,77
998,368,475,38
999,368,5,50
1000,368,457,50
1001,369,401,78
1002,369,364,88
1003,370,489,65
1004,371,133,31
1005,371,402,94
1006,372,480,50
1007,373,45,4
1008,373,309,17
1009,373,57,6
1010,374,232,45
1011,374,99,26
1012,375,570,56
1013,375,160,49
1014,375,343,41
1015,375,416,64
1016,375,316,58
1017,376,47,24
1018,377,441,52
1019,378,535,35
1020,379,156,20
1021,379,52,79
1022,379,208,13
1023,380,75,76
1024,381,341,53
1025,381,516,62
1026,381,90,33
1027,381,399,49
1028,381,287,30
1029,382,113,31
1030,382,43,31
1031,383,523,19
1032,383,475,49
1033,383,427,82
1034,383,326,84
1035,383,46,61
1036,384,189,39
1037,384,166,32
1038,384,75,79
1039,384,421,4
1040,385,154,3
1041,385,12,44
1042,385,113,43
1043,385,389,54
1044,386,124,28
1045,386,325,91
1046,386,533,56
1047,386,388,15
1048,386,113,34
1049,387,390,83
1050,387,497,95
1051,388,405,62
1052,388,322,81
1053,389,187,22
1054,389,84,74
1055,389,297,76
1056,389,391,66
1057,390,301,35
1058,390,129,48
1059,390,438,75
1060,391,404,79
1061,391,152,56
1062,392,91,80
1063,393,493,97
1064,393,138,84
1065,394,546,74
1066,394,373,68
1067,395,26,7
1068,395,386,38
1069,396,390,25
1070,396,285,66
1071,397,543,76
1072,397,2,66
1073,398,13,47
1074,398,585,60
1075,398,332,57
1076,399,362,67
1077,399,268,8
1078,399,466,26
1079,400,63,82
1080,400,15,86
1081,401,146,86
1082,401,215,91
1083,402,377,45
1084,402,273,12
1085,402,395,33
1086,402,350,75
1087,403,518,32
1088,403,281,32
1089,403,133,21
1090,403,295,8
1091,403,67,60
1092,404,513,38
1093,404,84,56
1094,404,121,44
1095,405,55,54
1096,406,421,19
1097,406,38,42
1098,406,21,31
1099,407,59,89
1100,407,76,18
1101,407,357,86
1102,408,2,61
1103,408,456,77
1104,408,260,73
1105,409,380,87
1106,409,192,32
1107,410,327,27
1108,410,487,7
1109,411,499,97
1110,411,400,39
1111,412,180,42
1112,413,580,46
1113,414,109,95
1114,415,141,8
1115,415,419,70
1116,415,280,76
1117,415,292,75
1118,415,198,9
1119,416,563,97
1120,416,502,86
1121,417,524,27
1122,417,334,74
1123,417,177,92
1124,418,102,1
1125,418,438,67
1126,419,97,11
1127,420,560,53
1128,420,447,78
1129,420,168,83
1130,420,175,77
1131,420,377,3
1132,421,584,78
1133,421,568,57
1134,421,106,4
1135,421,437,78
1136,422,532,58
1137,422,518,95
1138,422,27,88
1139,422,95,71
1140,422,405,32
1141,423,39,2
1142,423,153,91
1143,423,414,65
1144,423,280,18
1145,424,131,2
1146,424,361,36
1147,425,169,10
1148,425,134,8
1149,425,17,35
1150,426,53,95
1151,426,344,17
1152,426,593,99
1153,426,541,70
1154,426,25,76
1155,427,20,60
1156,427,593,14
1157,428,475,16
1158,428,442,88
1159,429,57,16
1160,430,127,35
1161,431,498,2
1162,432,120,98
1163,433,236,69
1164,433,8,97
1165,433,270,71
1166,434,300,42
1167,435,272,97
1168,435,596,19
1169,435,527,81
1170,435,166,27
1171,435,325,11
1172,436,472,7
1173,437,294,57
1174,438,593,46
1175,438,330,99
1176,438,250,59
1177,439,535,11
1178,439,285,36
1179,439,514,21
1180,439,509,29
1181,440,153,79
1182,440,172,8
1183,441,577,47
1184,441,189,80
1185,441,543,53
1186,442,320,89
1187,442,406,62
1188,442,535,8
1189,442,215,79
1190,443,225,44
1191,443,171,74
1192,444,408,19
1193,444,530,20
1194,445,281,63
1195,445,364,21
1196,445,402,74
1197,445,555,28
1198,445,133,2
1199,446,437,89
1200,446,313,89
1201,446,399,18
1202,446,126,5
1203,447,221,40
1204,447,68,75
1205,448,189,52
1206,449,136,43
1207,449,577,48
1208,449,292,52
1209,449,558,11
1210,450,120,54
1211,450,114,21
1212,450,368,12
1213,451,45,78
1214,451,519,10
1215,452,345,86
1216,452,83,44
1217,452,130,27
1218,452,553,20
1219,453,315,62
1220,453,499,46
1221,454,497,41
1222,454,32,9
1223,455,156,60
1224,455,180,34
1225,455,225,81
1226,455,241,66
1227,455,5,23
1228,456,95,19
1229,456,434,56
1230,456,427,9
1231,456,540,10
1232,457,238,79
1233,457,107,31
1234,457,493,81
1235,458,577,43
1236,458,32,35
1237,459,95,97
1238,459,535,64
1239,460,203,95
1240,460,525,77
1241,461,333,17
1242,461,437,90
1243,461,469,49
1244,462,11,39
1245,463,550,19
1246,463,238,9
1247,463,491,95
1248,463,400,91
1249,464,60,39
1250,464,222,99
1251,464,66,70
1252,465,421,71
1253,466,342,10
1254,466,549,91
1255,466,241,85
1256,466,208,45
1257,467,421,9
1258,467,390,22
1259,468,75,44
1260,468,12,87
1261,468,124,47
1262,468,91,52
1263,468,47,91
1264,469,522,76
1265,469,495,90
1266,469,468,44
1267,469,245,41
1268,470,314,86
1269,470,386,72
1270,470,78,70
1271,471,201,80
1272,471,236,94
1273,471,587,61
1274,471,304,16
1275,472,560,36
1276,472,486,85
1277,473,405,2
1278,474,11,73
1279,474,402,10
1280,474,349,21
1281,474,528,51
1282,475,208,24
1283,476,11,36
1284,476,571,100
1285,477,503,33
1286,478,363,28
1287,478,100,63
1288,479,373,64
1289,479,468,46
1290,479,27,56
1291,480,14,20
1292,480,208,22
1293,480,220,29
1294,480,423,16
1295,481,473,66
1296,481,405,95
1297,481,67,97
1298,481,156,10
1299,481,295,24
1300,482,116,92
1301,483,571,95
1302,484,14,34
1303,484,487,68
1304,484,451,95
1305,484,46,36
1306,484,156,28
1307,485,337,37
1308,486,154,81
1309,487,82,75
1310,488,446,94
1311,489,115,99
1312,489,309,81
1313,489,525,26
1314,489,527,24
1315,490,446,50
1316,490,428,17
1317,490,526,32
1318,491,379,8
1319,491,400,55
1320,491,260,85
1321,491,590,59
1322,492,52,50
1323,492,531,38
1324,492,67,77
1325,492,313,82
1326,492,252,100
1327,493,557,7
1328,493,264,14
1329,493,238,88
1330,494,264,84
1331,494,149,55
1332,495,557,60
1333,496,411,62
1334,496,126,87
1335,496,570,2
1336,496,309,27
1337,497,10,5
1338,498,250,55
1339,498,341,86
1340,499,220,76
1341,500,305,36
1342,501,160,59
1343,501,189,32
1344,502,426,60
1345,502,448,18
1346,502,16,22
1347,502,38,50
1348,502,11,10
1349,503,399,15
1350,503,168,79
1351,503,380,46
1352,503,368,86
1353,504,556,12
1354,505,192,22
1355,505,353,64
1356,505,3,45
1357,505,167,90
1358,505,209,29
1359,506,391,60
1360,507,224,7
1361,507,600,51
1362,507,472,31
1363,508,74,91
1364,508,404,32
1365,508,113,1
1366,508,600,59
1367,508,386,73
1368,509,351,6
1369,509,135,41
1370,509,116,55
1371,510,354,33
1372,510,365,68
1373,510,323,62
1374,511,534,75
1375,511,61,88
1376,512,315,87
1377,512,218,21
1378,512,504,21
1379,512,368,94
1380,513,219,42
1381,513,417,96
1382,513,551,43
1383,513,170,10
1384,514,527,3
1385,515,238,53
1386,515,409,27
1387,515,411,98
1388,516,207,1
1389,516,80,92
1390,517,364,93
1391,518,84,89
1392,518,329,40
1393,519,273,53
1394,519,149,14
1395,519,406,95
1396,519,176,6
1397,519,206,21
1398,520,289,74
1399,520,381,91
1400,521,419,11
1401,521,69,39
1402,521,195,13
1403,522,259,37
1404,523,358,30
1405,524,501,17
1406,524,171,95
1407,525,527,35
1408,525,47,99
1409,525,38,52
1410,526,369,9
1411,526,458,67
1412,526,229,72
1413,527,594,65
1414,528,287,99
1415,528,386,27
1416,529,450,83
1417,529,153,8
1418,529,516,62
1419,529,544,53
1420,529,490,56
1421,530,233,13
1422,530,16,62
1423,530,118,92
1424,531,22,88
1425,532,598,79
1426,532,440,54
1427,532,30,67
1428,532,534,69
1429,533,424,42
1430,533,338,78
1431,533,309,9
1432,534,212,6
1433,535,446,37
1434,536,340,76
1435,536,541,84
1436,536,556,52
1437,536,104,75
1438,536,7,32
1439,537,469,69
1440,538,318,29
1441,538,118,13
1442,539,67,35
1443,540,518,25
1444,540,221,61
1445,540,241,67
1446,541,416,35
1447,541,251,40
1448,541,218,61
1449,541,281,37
1450,542,289,71
1451,542,274,84
1452,542,452,51
1453,542,385,57
1454,543,315,40
1455,544,244,91
1456,544,596,56
1457,544,483,96
1458,544,329,74
1459,545,68,38
1460,545,414,38
1461,545,381,48
1462,545,313,51
1463,545,337,51
1464,546,516,99
1465,546,512,18
1466,546,201,57
1467,546,364,90
1468,547,207,64
1469,547,267,61
1470,548,432,30
1471,548,486,8
1472,548,149,36
1473,548,400,52
1474,549,274,13
1475,549,414,9
1476,549,487,51
1477,549,221,49
1478,550,487,3
1479,550,523,77
1480,550,337,21
1481,550,181,55
1482,550,279,66
1483,551,29,57
1484,551,479,33
1485,551,363,44
1486,552,22,85
1487,552,149,57
1488,553,572,69
1489,554,190,72
1490,555,30,44
1491,555,125,16
1492,555,24,60
1493,556,144,85
1494,556,512,26
1495,556,147,69
1496,557,546,13
1497,558,269,47
1498,558,213,3
1499,558,333,78
1500,559,175,94
1501,559,95,72
1502,559,519,39
1503,560,181,66
1504,560,523,79
1505,560,475,27
1506,561,254,64
1507,562,156,91
1508,563,346,92
1509,563,45,19
1510,563,525,19
1511,563,403,39
1512,563,517,73
1513,564,21,99
1514,565,189,13
1515,565,346,19
1516,565,369,25
1517,566,469,18
1518,566,214,33
1519,566,384,79
1520,566,466,12
1521,567,57,35
1522,567,525,19
1523,567,580,23
1524,567,369,12
1525,568,245,3
1526,568,170,82
1527,568,543,11
1528,568,558,55
1529,569,485,82
1530,569,163,49
1531,569,423,21
1532,570,396,32
1533,571,429,98
1534,571,550,96
1535,571,582,78
1536,572,440,81
1537,572,507,18
1538,572,65,82
1539,573,537,18
1540,573,150,89
1541,574,152,11
1542,575,287,68
1543,575,399,21
1544,576,548,39
1545,576,567,100
1546,577,413,82
1547,577,317,47
1548,577,579,100
1549,577,98,64
1550,578,525,46
1551,579,225,51
1552,580,589,48
1553,580,525,81
1554,581,600,98
1555,581,91,29
1556,582,241,68
1557,583,442,60
1558,583,119,54
1559,583,599,7
1560,584,522,86
1561,585,314,35
1562,586,16,20
1563,586,78,67
1564,586,497,38
1565,586,12,26
1566,586,230,47
1567,587,528,43
1568,587,600,46
1569,588,496,61
1570,589,183,79
1571,589,355,94
1572,589,414,100
1573,589,131,60
1574,589,313,21
1575,590,355,36
1576,590,364,96
1577,590,6,51
1578,591,426,47
1579,591,16,3
1580,591,77,27
1581,592,473,15
1582,592,414,38
1583,592,171,72
1584,592,361,17
1585,592,531,46
1586,593,342,91
1587,593,567,9
1588,594,40,92
1589,595,427,76
1590,595,364,80
1591,595,295,61
1592,595,27,67
1593,596,590,80
1594,596,162,1
1595,596,428,79
1596,596,207,57
1597,597,53,34
1598,597,444,76
1599,597,489,90
1600,597,25,18
1601,597,134,95
1602,598,45,67
1603,598,360,99
1604,598,389,87
1605,598,16,26
1606,599,11,65
1607,599,403,23
1608,599,75,11
1609,600,371,3
1610,601,349,68
1611,602,201,20
1612,602,406,22
1613,602,121,8
1614,602,391,74
1615,602,592,38
1616,603,68,1
1617,603,357,10
1618,603,230,95
1619,604,355,8
1620,605,190,85
1621,605,68,29
1622,606,567,12
1623,606,303,15
1624,607,525,100
1625,607,109,72
1626,607,517,17
1627,607,346,68
1628,607,389,39
1629,608,517,85
1630,608,277,82
1631,609,3,20
1632,609,316,54
1633,610,36,100
1634,610,405,75
1635,610,116,75
1636,610,248,18
1637,611,141,42
1638,611,362,8
1639,611,566,7
1640,611,344,21
1641,612,584,46
1642,612,555,64
1643,612,405,43
1644,612,501,13
1645,613,579,80
1646,614,57,71
1647,614,125,77
1648,615,156,96
1649,615,158,49
1650,615,569,79
1651,616,443,39
1652,616,364,55
1653,616,452,17
1654,617,313,87
1655,617,539,77
1656,617,116,81
1657,617,52,90
1658,618,487,6
1659,619,32,16
1660,620,596,58
1661,621,251,56
1662,621,466,60
1663,621,331,38
1664,621,239,10
1665,622,241,91
1666,622,322,64
1667,622,452,69
1668,622,5,68
1669,623,428,62
1670,624,262,93
1671,625,308,80
1672,626,473,41
1673,627,285,55
1674,627,4,7
1675,627,318,81
1676,627,239,28
1677,628,589,44
1678,629,156,41
1679,629,318,63
1680,629,67,63
1681,630,74,25
1682,630,78,81
1683,630,389,13
1684,630,321,92
1685,630,334,81
1686,631,547,30
1687,631,40,100
1688,631,79,8
1689,631,462,3
1690,631,103,86
1691,632,223,53
1692,632,428,91
1693,632,561,16
1694,632,419,33
1695,633,178,48
1696,633,353,13
1697,633,514,54
1698,634,276,24
1699,634,68,65
1700,634,242,46
1701,635,305,26
1702,635,115,68
1703,636,554,40
1704,636,331,5
1705,636,564,4
1706,637,248,45
1707,637,326,61
1708,637,531,22
1709,637,220,67
1710,638,427,85
1711,639,163,55
1712,640,527,66
1713,641,155,38
1714,642,10,44
1715,642,325,98
1716,642,386,10
1717,642,272,100
1718,642,47,82
1719,643,11,47
1720,643,113,49
1721,643,281,51
1722,644,383,81
1723,645,436,36
1724,645,272,92
1725,645,564,23
1726,645,77,50
1727,645,166,54
1728,646,154,89
1729,646,22,83
1730,646,525,44
1731,647,150,36
1732,647,254,65
1733,647,112,29
1734,648,267,18
1735,649,303,9
1736,649,389,57
1737,649,533,65
1738,649,325,17
1739,649,386,44
1740,650,532,76
1741,651,298,19
1742,651,422,3
1743,652,448,20
1744,653,303,81
1745,653,406,22
1746,653,181,74
1747,653,492,32
1748,654,557,79
1749,654,485,7
1750,654,118,80
1751,654,241,86
1752,655,124,78
1753,655,262,60
1754,656,354,3
1755,656,178,40
1756,656,513,33
1757,656,256,70
1758,656,470,29
1759,657,564,65
1760,657,436,69
1761,657,390,66
1762,657,47,83
1763,657,150,15
1764,658,431,3
1765,658,566,74
1766,658,541,26
1767,659,401,3
1768,659,116,9
1769,659,171,67
1770,659,94,15
1771,659,6,22
1772,660,130,38
1773,660,329,28
1774,661,483,66
1775,661,62,49
1776,661,393,19
1777,662,150,70
1778,662,596,7
1779,663,528,45
1780,664,336,58
1781,664,174,36
1782,664,522,57
1783,664,61,57
1784,665,124,28
1785,665,525,52
1786,665,141,32
1787,666,345,77
1788,666,541,98
1789,666,4,29
1790,666,167,99
1791,667,344,6
1792,667,577,12
1793,668,154,6
1794,668,157,12
1795,669,31,61
1796,669,211,54
1797,669,41,78
1798,669,207,69
1799,670,367,22
1800,670,342,60
1801,670,385,16
1802,670,501,82
1803,671,25,23
1804,671,566,15
1805,671,244,15
1806,671,232,86
1807,672,68,36
1808,672,341,4
1809,672,397,99
1810,673,20,91
1811,673,429,57
1812,674,20,47
1813,674,182,92
1814,674,482,52
1815,675,157,86
1816,676,259,19
1817,677,575,53
1818,677,455,20
1819,677,283,55
1820,678,293,49
1821,678,365,14
1822,679,448,41
1823,679,472,97
1824,679,321,20
1825,680,28,86
1826,680,576,16
1827,680,127,56
1828,680,570,39
1829,681,220,89
1830,681,289,37
1831,682,27,57
1832,682,67,45
1833,682,337,74
1834,682,156,92
1835,682,133,56
1836,683,193,52
1837,683,526,93
1838,684,256,48
1839,684,445,70
1840,684,433,48
1841,684,90,89
1842,685,274,56
1843,685,279,26
1844,686,180,79
1845,686,27,100
1846,686,248,13
1847,686,485,87
1848,687,339,27
1849,688,323,42
1850,688,397,93
1851,688,438,19
1852,688,567,76
1853,689,375,29
1854,690,534,3
1855,690,590,53
1856,690,418,99
1857,691,362,46
1858,691,335,35
1859,692,358,90
1860,692,333,11
1861,692,118,79
1862,693,281,30
1863,694,128,45
1864,694,217,92
1865,695,10,68
1866,696,357,19
1867,696,27,84
1868,697,498,15
1869,697,27,45
1870,697,414,43
1871,697,181,52
1872,698,13,36
1873,698,44,90
1874,699,211,66
1875,699,17,67
1876,699,262,68
1877,700,197,7
1878,701,434,7
1879,701,269,48
1880,701,425,60
1881,702,217,42
1882,702,25,86
1883,702,488,90
1884,703,281,88
1885,703,473,88
1886,703,485,32
1887,703,14,34
1888,704,120,99
1889,705,94,92
1890,706,232,99
1891,706,149,80
1892,706,550,74
1893,707,421,86
1894,707,12,47
1895,707,517,73
1896,707,527,3
1897,708,527,10
1898,708,81,47
1899,709,406,78
1900,709,385,54
1901,710,223,7
1902,711,177,75
1903,711,317,82
1904,711,384,73
1905,712,324,77
1906,712,313,53
1907,713,167,46
1908,713,54,20
1909,714,127,7
1910,714,477,75
1911,714,318,96
1912,714,455,33
1913,715,542,84
1914,715,327,82
1915,716,539,38
1916,716,551,35
1917,717,193,14
1918,717,524,91
1919,717,180,30
1920,717,46,2
1921,718,254,29
1922,718,189,42
1923,718,12,96
1924,719,202,61
1925,719,562,75
1926,719,179,32
1927,719,567,7
1928,720,501,25
1929,721,172,28
1930,721,1,90
1931,721,178,57
1932,721,235,100
1933,722,419,14
1934,722,357,18
1935,722,238,61
1936,722,304,100
1937,722,431,27
1938,723,50,99
1939,723,120,100
1940,723,182,84
1941,723,166,57
1942,724,349,19
1943,724,305,3
1944,724,528,68
1945,724,421,7
1946,725,457,14
1947,725,208,52
1948,725,118,10
1949,725,295,52
1950,725,430,81
1951,726,176,73
1952,726,162,62
1953,726,160,10
1954,727,600,100
1955,727,12,36
1956,727,16,86
1957,727,448,96
1958,728,308,5
1959,729,352,68
1960,730,551,89
1961,730,92,73
1962,730,253,42
1963,730,280,38
1964,731,26,80
1965,731,533,29
1966,731,12,68
1967,731,527,100
1968,732,94,3
1969,732,208,73
1970,732,355,27
1971,732,555,77
1972,733,38,11
1973,733,325,73
1974,734,522,11
1975,734,8,21
1976,735,413,14
1977,735,416,19
1978,735,487,59
1979,736,590,97
1980,736,393,50
1981,737,355,20
1982,737,492,47
1983,737,27,15
1984,737,183,24
1985,738,266,9
1986,739,104,83
1987,739,30,24
1988,739,218,56
1989,739,546,67
1990,740,600,49
1991,740,91,22
1992,740,436,45
1993,741,507,44
1994,742,80,90
1995,743,342,1
1996,743,183,91
1997,743,322,94
1998,744,390,7
1999,744,403,19
2000,745,95,10
2001,746,571,20
2002,746,303,27
2003,746,360,93
2004,747,472,97
2005,747,551,2
2006,748,457,93
2007,749,561,79
2008,750,11,24
2009,750,22,32
2010,750,26,45
2011,751,381,87
2012,751,600,23
2013,752,288,24
2014,752,302,44
2015,753,284,32
2016,753,498,64
2017,754,160,50
2018,755,10,1
2019,755,536,61
2020,755,201,23
2021,756,15,34
2022,757,538,22
2023,758,277,44
2024,758,185,75
2025,758,29,98
2026,759,113,82
2027,760,600,49
2028,760,272,17
2029,760,325,28
2030,760,32,75
2031,760,346,85
2032,761,91,73
2033,761,527,57
2034,762,525,41
2035,762,421,80
2036,762,497,51
2037,762,383,19
2038,763,10,47
2039,763,57,62
2040,763,109,90
2041,763,533,77
2042,763,346,73
2043,764,547,42
2044,765,331,18
2045,765,481,83
2046,765,315,30
2047,765,298,21
2048,765,228,27
2049,766,555,56
2050,766,289,14
2051,766,475,70
2052,767,333,57
2053,767,445,76
2054,767,164,60
2055,767,492,47
2056,768,487,62
2057,768,221,84
2058,769,335,16
2059,769,500,86
2060,770,519,90
2061,771,211,45
2062,771,170,28
2063,772,120,23
2064,772,408,50
2065,772,432,35
2066,773,426,79
2067,773,305,50
2068,773,303,65
2069,774,212,52
2070,774,534,8
2071,775,520,91
2072,776,168,22
2073,776,303,32
2074,776,382,7
2075,777,28,14
2076,777,202,89
2077,778,228,58
2078,778,63,42
2079,778,303,24
2080,779,513,23
2081,780,451,30
2082,780,180,87
2083,781,576,49
2084,781,80,88
2085,781,147,3
2086,782,11,87
2087,782,10,2
2088,782,369,38
2089,782,571,9
2090,783,470,43
2091,783,462,56
2092,783,406,18
2093,784,380,27
2094,785,467,2
2095,785,420,64
2096,785,130,65
2097,786,279,47
2098,786,523,40
2099,786,241,70
2100,787,584,22
2101,787,57,52
2102,788,83,30
2103,788,127,44
2104,788,169,73
2105,789,274,82
2106,789,423,26
2107,789,52,1
2108,789,405,74
2109,789,557,3
2110,790,224,69
2111,791,17,7
2112,792,497,22
2113,792,75,13
2114,792,589,5
2115,792,77,76
2116,793,360,13
2117,793,112,64
2118,793,389,15
2119,793,154,16
2120,794,130,38
2121,794,450,31
2122,794,81,6
2123,794,311,20
2124,795,66,82
2125,795,513,96
2126,795,374,75
2127,796,14,96
2128,796,336,92
2129,796,326,78
2130,797,479,12
2131,798,129,43
2132,798,480,86
2133,799,77,16
2134,800,4,13
2135,800,113,41
2136,800,271,46
2137,801,360,43
2138,802,360,37
2139,802,282,26
2140,802,272,10
2141,803,517,69
2142,804,570,28
2143,804,188,79
2144,804,160,88
2145,804,469,88
2146,804,265,24
2147,805,11,74
2148,805,378,66
2149,805,176,47
2150,806,36,100
2151,806,393,67
2152,807,588,39
2153,808,252,45
2154,808,326,46
2155,808,434,11
2156,808,208,75
2157,809,14,54
2158,809,183,13
2159,809,252,77
2160,809,163,43
2161,809,52,28
2162,810,48,84
2163,810,444,34
2164,810,309,28
2165,811,486,41
2166,811,359,33
2167,811,468,93
2168,812,412,39
2169,812,5,68
2170,812,518,84
2171,813,276,41
2172,813,451,71
2173,813,321,86
2174,814,1,92
2175,814,460,5
2176,814,250,77
2177,814,373,28
2178,815,68,25
2179,816,116,18
2180,817,566,99
2181,818,356,20
2182,819,413,83
2183,819,135,51
2184,820,420,52
2185,820,354,4
2186,820,217,56
2187,820,350,45
2188,821,82,73
2189,821,299,18
2190,822,396,50
2191,822,371,85
2192,823,180,40
2193,823,326,36
2194,823,423,86
2195,823,443,84
2196,823,367,88
2197,824,365,61
2198,824,521,31
2199,824,459,84
2200,825,165,73
2201,825,485,73
2202,825,148,36
2203,826,525,28
2204,827,156,40
2205,828,405,21
2206,829,369,92
2207,830,281,52
2208,831,112,41
2209,832,430,31
2210,832,94,56
2211,832,427,52
2212,833,114,7
2213,833,564,59
2214,833,286,29
2215,834,485,15
2216,834,557,76
2217,834,451,97
2218,834,540,44
2219,835,390,23
2220,835,388,30
2221,835,571,27
2222,836,131,38
2223,837,166,38
2224,837,472,85
2225,837,448,85
2226,838,84,75
2227,838,14,34
2228,839,78,66
2229,840,135,2
2230,841,598,60
2231,841,30,32
2232,841,155,30
2233,842,23,64
2234,842,70,26
2235,842,257,45
2236,842,158,12
2237,843,298,94
2238,843,61,68
2239,843,115,24
2240,843,314,14
2241,844,548,56
2242,845,281,65
2243,845,52,61
2244,845,473,31
2245,845,358,18
2246,845,225,85
2247,846,276,84
2248,846,11,67
2249,846,297,63
2250,846,147,29
2251,846,564,95
2252,847,270,26
2253,847,471,36
2254,847,505,65
2255,848,229,4
2256,848,108,83
2257,848,34,1
2258,848,282,21
2259,848,186,58
2260,849,274,54
2261,850,384,63
2262,850,268,14
2263,851,163,88
2264,851,540,16
2265,852,280,96
2266,852,8,41
2267,852,391,25
2268,852,471,99
2269,852,18,30
2270,853,117,96
2271,854,55,83
2272,854,171,46
2273,854,344,3
2274,854,473,49
2275,855,78,12
2276,855,10,25
2277,855,73,91
2278,856,425,75
2279,856,106,47
2280,856,416,83
2281,857,78,43
2282,857,165,64
2283,858,515,68
2284,858,24,10
2285,858,215,53
2286,858,217,62
2287,858,552,10
2288,859,314,62
2289,859,45,15
2290,860,519,4
2291,860,317,64
2292,860,579,63
2293,860,318,7
2294,860,515,92
2295,861,361,4
2296,861,485,30
2297,861,540,25
2298,861,475,45
2299,862,389,48
2300,862,596,19
2301,862,346,56
2302,862,282,22
2303,863,448,94
2304,864,48,19
2305,864,375,77
2306,864,77,6
2307,864,52,92
2308,865,350,40
2309,865,271,68
2310,865,197,52
2311,865,323,38
2312,865,117,97
2313,866,503,19
2314,866,279,77
2315,866,124,71
2316,867,124,11
2317,867,245,19
2318,867,262,20
2319,867,232,24
2320,868,514,13
2321,869,455,12
2322,869,269,97
2323,869,4,23
2324,869,130,74
2325,869,424,49
2326,870,95,22
2327,870,171,90
2328,870,313,87
2329,870,364,16
2330,871,557,3
2331,871,14,54
2332,871,68,29
2333,872,427,71
2334,873,5,78
2335,873,342,29
2336,873,336,41
2337,873,163,75
2338,874,124,62
2339,874,349,19
2340,874,417,25
2341,874,174,20
2342,875,448,34
2343,875,78,61
2344,875,113,50
2345,875,115,65
2346,875,596,56
2347,876,481,27
2348,877,47,64
2349,877,421,98
2350,878,518,92
2351,878,289,44
2352,878,531,77
2353,878,423,79
2354,879,375,73
2355,880,282,96
2356,880,127,20
2357,881,123,27
2358,882,568,22
2359,882,362,85
2360,882,207,62
2361,883,547,98
2362,883,70,31
2363,884,522,78
2364,884,147,10
2365,884,579,75
2366,884,544,51
2367,884,318,47
2368,885,537,46
2369,886,443,94
2370,887,138,54
2371,887,148,96
2372,887,311,94
2373,888,572,26
2374,888,300,30
2375,889,304,58
2376,889,550,30
2377,889,425,23
2378,890,598,61
2379,890,534,100
2380,890,239,14
2381,890,111,54
2382,891,322,39
2383,891,249,21
2384,891,77,29
2385,892,420,47
2386,892,99,87
2387,892,159,32
2388,892,361,83
2389,893,322,41
2390,893,523,24
2391,894,501,2
2392,894,457,6
2393,895,443,40
2394,895,398,24
2395,895,178,70
2396,896,241,15
2397,897,443,47
2398,897,36,36
2399,897,557,85
2400,897,333,76
2401,898,416,1
2402,898,510,33
2403,898,29,80
2404,898,284,38
2405,899,469,96
2406,899,130,3
2407,900,9,89
2408,900,53,88
2409,901,415,50
2410,901,354,100
2411,902,75,55
2412,903,548,13
2413,903,251,64
2414,903,411,32
2415,904,310,62
2416,904,283,28
2417,905,314,45
2418,905,600,75
2419,905,472,47
2420,905,383,36
2421,905,580,32
2422,906,210,54
2423,906,300,75
2424,906,159,3
2425,907,171,7
2426,908,361,16
2427,908,104,85
2428,909,275,57
2429,909,576,25
2430,909,288,79
2431,909,497,75
2432,910,227,92
2433,910,212,59
2434,910,271,79
2435,911,91,13
2436,911,384,91
2437,911,425,35
2438,911,446,65
2439,912,12,88
2440,912,136,55
2441,912,284,56
2442,913,90,31
2443,913,440,6
2444,914,94,48
2445,914,405,61
2446,914,19,11
2447,914,190,7
2448,915,237,17
2449,916,526,33
2450,916,511,33
2451,916,555,99
2452,917,93,4
2453,918,109,16
2454,918,115,1
2455,918,533,69
2456,918,77,15
2457,918,386,2
2458,919,561,2
2459,919,435,40
2460,919,176,51
2461,920,510,92
2462,920,25,81
2463,920,433,30
2464,920,395,83
2465,920,522,73
2466,921,61,68
2467,922,124,44
2468,923,531,71
2469,924,389,97
2470,925,360,59
2471,925,32,59
2472,925,314,12
2473,926,134,69
2474,927,149,96
2475,927,471,39
2476,927,428,43
2477,927,410,13
2478,928,531,55
2479,929,521,11
2480,929,275,27
2481,930,170,18
2482,930,416,5
2483,930,587,56
2484,930,196,90
2485,931,71,53
2486,932,189,8
2487,932,112,25
2488,932,10,32
2489,932,388,33
2490,933,486,39
2491,933,155,13
2492,933,10,95
2493,934,152,52
2494,934,208,7
2495,934,472,16
2496,934,47,49
2497,935,300,40
2498,935,559,34
2499,936,408,86
2500,936,312,51
2501,936,316,36
2502,937,242,96
2503,937,244,14
2504,937,550,55
2505,938,157,48
2506,938,115,70
2507,938,124,32
2508,939,598,54
2509,940,412,85
2510,940,171,42
2511,940,52,86
2512,940,67,54
2513,941,389,97
2514,941,488,84
2515,941,38,22
2516,942,322,16
2517,942,518,37
2518,942,523,2
2519,942,156,10
2520,943,383,39
2521,943,589,53
2522,943,32,39
2523,944,241,16
2524,944,385,64
2525,944,36,14
2526,944,68,2
2527,945,507,6
2528,945,245,30
2529,945,312,47
2530,945,264,78
2531,946,156,5
2532,947,478,34
2533,947,364,36
2534,947,200,80
2535,948,221,8
2536,949,202,5
2537,950,600,76
2538,950,596,45
2539,950,21,41
2540,950,564,42
2541,950,154,82
2542,951,205,82
2543,952,110,39
2544,952,34,22
2545,952,377,40
2546,952,493,74
2547,952,194,14
2548,953,63,39
2549,954,534,53
2550,954,359,10
2551,954,571,14
2552,955,580,89
2553,955,115,96
2554,955,334,22
2555,955,272,64
2556,956,171,57
2557,956,94,34
2558,957,268,71
2559,958,600,18
2560,958,254,63
2561,959,497,59
2562,959,63,41
2563,959,389,95
2564,959,596,2
2565,959,254,6
2566,960,526,1
2567,960,452,10
2568,960,415,9
2569,961,171,96
2570,961,381,42
2571,961,532,18
2572,962,505,35
2573,963,325,10
2574,964,91,6
2575,965,590,76
2576,966,258,77
2577,967,22,16
2578,967,63,8
2579,967,282,41
2580,967,174,100
2581,968,376,86
2582,968,556,15
2583,969,172,69
2584,970,94,61
2585,970,336,62
2586,971,146,30
2587,971,124,81
2588,972,585,43
2589,972,63,12
2590,972,166,29
2591,973,17,39
2592,974,401,59
2593,975,313,56
2594,975,58,70
2595,976,84,99
2596,977,451,91
2597,977,94,82
2598,977,279,24
2599,978,36,18
2600,978,434,98
2601,978,180,15
2602,978,492,4
2603,979,118,91
2604,979,220,95
2605,979,485,69
2606,979,531,13
2607,980,231,31
2608,980,84,96
2609,980,503,2
2610,981,92,89
2611,981,435,84
2612,982,501,82
2613,982,427,95
2614,982,295,87
2615,982,225,69
2616,982,281,53
2617,983,511,70
2618,983,176,68
2619,983,246,83
2620,983,324,45
2621,984,78,77
2622,984,73,53
2623,984,154,27
2624,984,533,33
2625,985,395,29
2626,986,584,91
2627,986,67,11
2628,986,485,89
2629,986,557,12
2630,986,549,68
2631,987,355,34
2632,987,157,79
2633,987,59,94
2634,988,135,10
2635,988,69,66
2636,988,260,31
2637,988,484,80
2638,989,198,50
2639,989,107,27
2640,989,514,97
2641,990,227,75
2642,991,536,87
2643,991,186,54
2644,991,470,15
2645,991,516,59
2646,991,546,11
2647,992,63,54
2648,992,426,56
2649,992,154,39
2650,992,386,95
2651,993,592,46
2652,993,432,89
2653,993,265,90
2654,994,198,91
2655,994,114,61
2656,995,528,37
2657,995,21,25
2658,995,436,72
2659,995,63,99
2660,996,507,93
2661,996,256,24
2662,996,120,39
2663,996,297,88
2664,997,413,66
2665,997,593,91
2666,997,571,31
2667,997,346,77
2668,997,398,3
2669,998,298,45
2670,998,382,98
2671,998,170,40
2672,998,292,1
2673,999,178,67
2674,999,490,45
2675,999,470,54
2676,999,542,24
2677,1000,230,3
2678,1001,599,96
2679,1001,172,91
2680,1001,323,81
2681,1001,373,82
2682,1002,157,91
2683,1002,96,41
2684,1002,73,39
2685,1003,27,100
2686,1003,451,58
2687,1004,158,11
2688,1005,375,28
2689,1005,190,33
2690,1005,277,88
2691,1006,519,92
2692,1006,471,74
2693,1006,240,51
2694,1007,376,51
2695,1007,125,21
2696,1008,157,84
2697,1008,386,88
2698,1008,528,23
2699,1009,342,36
2700,1009,434,94
2701,1009,333,37
2702,1010,437,53
2703,1010,344,71
2704,1010,435,63
2705,1010,123,30
2706,1011,557,37
2707,1011,364,66
2708,1012,48,48
2709,1013,436,85
2710,1013,486,66
2711,1014,65,80
2712,1014,179,57
2713,1014,449,81
2714,1014,572,40
2715,1015,290,24
2716,1015,88,62
2717,1016,396,98
2718,1016,2,76
2719,1016,165,64
2720,1016,185,68
2721,1016,312,3
2722,1017,321,45
2723,1017,217,57
2724,1017,49,45
2725,1018,434,53
2726,1019,265,47
2727,1019,578,6
2728,1020,214,83
2729,1020,273,29
2730,1020,550,87
2731,1021,21,4
2732,1021,230,83
2733,1021,63,23
2734,1021,303,80
2735,1022,585,56
2736,1022,22,75
2737,1022,403,43
2738,1022,390,94
2739,1023,78,92
2740,1023,157,65
2741,1023,91,7
2742,1023,12,64
2743,1024,95,76
2744,1024,492,99
2745,1025,207,63
2746,1025,215,18
2747,1026,330,14
2748,1026,580,22
2749,1026,518,69
2750,1027,434,97
2751,1028,172,83
2752,1029,555,67
2753,1030,351,3
2754,1030,364,87
2755,1030,175,10
2756,1030,165,37
2757,1031,344,54
2758,1031,576,98
2759,1031,84,35
2760,1031,56,79
2761,1032,475,13
2762,1032,509,66
2763,1033,154,47
2764,1033,403,42
2765,1033,78,16
2766,1033,421,95
2767,1033,488,97
2768,1034,534,56
2769,1034,291,71
2770,1035,411,2
2771,1035,101,19
2772,1036,556,86
2773,1036,61,47
2774,1036,428,41
2775,1037,10,67
2776,1037,600,95
2777,1038,54,4
2778,1038,521,25
2779,1038,410,22
2780,1039,29,45
2781,1039,461,66
2782,1040,163,75
2783,1041,289,19
2784,1041,241,76
2785,1041,385,25
2786,1041,225,23
2787,1042,127,42
2788,1043,271,81
2789,1044,94,80
2790,1044,452,50
2791,1044,355,20
2792,1045,436,10
2793,1046,597,64
2794,1046,346,80
2795,1046,86,38
2796,1046,212,45
2797,1047,428,2
2798,1047,130,15
2799,1047,460,16
2800,1048,29,34
2801,1048,332,51
2802,1049,10,21
2803,1049,425,30
2804,1049,16,53
2805,1050,208,86
2806,1051,486,62
2807,1051,48,93
2808,1051,429,83
2809,1051,170,7
2810,1052,100,100
2811,1052,188,41
2812,1052,551,27
2813,1052,125,3
2814,1052,545,58
2815,1053,329,28
2816,1053,257,40
2817,1054,318,64
2818,1054,29,94
2819,1054,340,55
2820,1055,114,31
2821,1055,287,79
2822,1056,52,26
2823,1057,571,17
2824,1057,360,13
2825,1057,589,84
2826,1058,192,84
2827,1058,225,81
2828,1058,546,56
2829,1059,325,9
2830,1059,49,30
2831,1059,26,61
2832,1060,498,69
2833,1060,402,18
2834,1060,131,8
2835,1061,169,13
2836,1061,247,17
2837,1061,535,90
2838,1062,563,72
2839,1062,235,45
2840,1062,86,39
2841,1063,483,46
2842,1064,184,7
2843,1064,362,19
2844,1065,321,16
2845,1065,157,67
2846,1065,349,31
2847,1066,403,32
2848,1066,428,18
2849,1067,358,53
2850,1068,69,68
2851,1068,487,62
2852,1068,429,40
2853,1069,555,91
2854,1069,95,83
2855,1069,355,33
2856,1070,62,26
2857,1070,169,79
2858,1070,539,76
2859,1070,492,96
2860,1071,414,95
2861,1072,248,83
2862,1072,46,9
2863,1073,142,4
2864,1073,278,32
2865,1074,334,33
2866,1074,436,55
2867,1075,169,90
2868,1076,503,42
2869,1076,540,84
2870,1076,281,36
2871,1077,450,9
2872,1077,201,22
2873,1077,262,11
2874,1077,235,99
2875,1077,444,63
2876,1078,471,70
2877,1079,288,70
2878,1079,421,66
2879,1080,207,3
2880,1080,374,16
2881,1080,484,85
2882,1081,200,13
2883,1082,549,56
2884,1083,374,40
2885,1083,349,1
2886,1083,328,28
2887,1083,1,65
2888,1084,548,66
2889,1084,442,1
2890,1084,34,66
2891,1084,134,50
2892,1084,13,34
2893,1085,37,93
2894,1085,579,91
2895,1085,354,11
2896,1085,304,57
2897,1086,49,13
2898,1087,123,92
2899,1087,350,34
2900,1088,11,41
2901,1088,113,28
2902,1088,517,26
2903,1089,193,27
2904,1089,3,58
2905,1089,57,22
2906,1090,581,2
2907,1090,542,70
2908,1090,226,13
2909,1090,556,65
2910,1090,169,73
2911,1091,517,70
2912,1091,309,43
2913,1091,321,98
2914,1091,533,42
2915,1091,75,84
2916,1092,414,78
2917,1092,118,10
2918,1092,555,81
2919,1092,523,47
2920,1093,154,39
2921,1093,305,29
2922,1094,543,70
2923,1095,554,88
2924,1095,473,55
2925,1095,451,52
2926,1095,252,87
2927,1096,76,18
2928,1096,561,48
2929,1097,549,80
2930,1098,288,18
2931,1099,413,35
2932,1099,16,31
2933,1099,311,84
2934,1100,403,55
2935,1100,369,26
2936,1100,77,41
2937,1100,109,85
2938,1101,549,57
2939,1101,364,15
2940,1102,114,99
2941,1102,2,29
2942,1103,169,56
2943,1104,321,98
2944,1105,299,48
2945,1105,357,44
2946,1105,110,46
2947,1105,20,71
2948,1106,174,3
2949,1106,454,47
2950,1107,190,66
2951,1108,384,59
2952,1108,488,45
2953,1108,270,46
2954,1109,473,74
2955,1110,109,86
2956,1110,47,80
2957,1110,314,84
2958,1110,321,33
2959,1110,21,9
2960,1111,196,27
2961,1111,267,40
2962,1111,424,16
2963,1112,391,61
2964,1112,164,27
2965,1112,218,89
2966,1112,399,29
2967,1113,381,31
2968,1114,283,75
2969,1114,215,53
2970,1114,393,77
2971,1114,486,66
2972,1115,361,5
2973,1115,6,75
2974,1116,303,93
2975,1117,38,41
2976,1118,15,83
2977,1119,499,18
2978,1119,364,24
2979,1119,355,37
2980,1120,571,27
2981,1120,596,69
2982,1120,63,71
2983,1120,305,71
2984,1121,259,43
2985,1121,239,17
2986,1122,43,80
2987,1122,152,51
2988,1122,98,45
2989,1123,532,99
2990,1123,342,35
2991,1123,452,77
2992,1123,36,40
2993,1123,475,16
2994,1124,221,36
2995,1124,274,12
2996,1125,516,52
2997,1125,349,33
2998,1126,479,46
2999,1126,260,43
3000,1126,547,89
3001,1126,236,1
3002,1127,389,86
3003,1127,57,47
3004,1127,388,52
3005,1127,63,65
3006,1128,540,50
3007,1128,430,19
3008,1128,487,36
3009,1128,163,47
3010,1129,33,81
3011,1129,308,36
3012,1130,342,10
3013,1130,271,83
3014,1130,175,81
3015,1131,211,68
3016,1131,562,63
3017,1132,561,21
3018,1132,429,57
3019,1133,46,16
3020,1133,401,62
3021,1133,539,91
3022,1134,340,29
3023,1135,536,20
3024,1136,46,32
3025,1136,67,49
3026,1136,523,5
3027,1136,131,88
3028,1137,572,71
3029,1138,561,93
3030,1139,133,52
3031,1140,12,3
3032,1140,73,50
3033,1140,109,23
3034,1141,580,13
3035,1141,571,68
3036,1141,488,29
3037,1141,10,37
3038,1142,316,27
3039,1142,15,19
3040,1142,8,49
3041,1142,228,5
3042,1143,293,68
3043,1144,420,52
3044,1144,519,54
3045,1144,64,46
3046,1145,300,88
3047,1146,339,62
3048,1146,91,45
3049,1146,533,7
3050,1147,444,34
3051,1147,373,70
3052,1147,331,30
3053,1147,306,37
3054,1148,225,53
3055,1148,95,38
3056,1148,183,91
3057,1149,599,8
3058,1149,48,8
3059,1149,35,37
3060,1150,40,4
3061,1150,125,12
3062,1150,442,62
3063,1151,132,69
3064,1151,123,85
3065,1151,179,45
3066,1151,455,9
3067,1152,511,78
3068,1152,125,100
3069,1152,262,90
3070,1153,49,64
3071,1154,549,81
3072,1154,131,40
3073,1154,190,20
3074,1154,402,78
3075,1154,208,42
3076,1155,204,37
3077,1156,265,51
3078,1156,45,93
3079,1157,311,89
3080,1158,589,21
3081,1158,21,100
3082,1159,577,17
3083,1159,464,32
3084,1159,146,22
3085,1160,555,78
3086,1161,582,17
3087,1162,26,64
3088,1163,74,43
3089,1163,360,32
3090,1164,388,47
3091,1164,57,63
3092,1164,305,72
3093,1164,528,33
3094,1165,130,89
3095,1165,245,45
3096,1166,213,37
3097,1166,377,25
3098,1166,406,54
3099,1166,239,63
3100,1167,325,61
3101,1167,369,42
3102,1167,11,58
3103,1167,390,12
3104,1167,57,55
3105,1168,528,12
3106,1169,149,3
3107,1169,102,26
3108,1170,150,72
3109,1170,488,30
3110,1170,303,37
3111,1170,230,6
3112,1171,335,98
3113,1172,279,47
3114,1172,336,35
3115,1173,192,77
3116,1173,446,58
3117,1173,214,32
3118,1174,67,32
3119,1174,171,50
3120,1174,503,77
3121,1175,337,43
3122,1175,405,83
3123,1175,295,30
3124,1175,281,27
3125,1175,451,81
3126,1176,326,13
3127,1176,180,83
3128,1176,443,53
3129,1176,378,52
3130,1177,81,38
3131,1177,231,32
3132,1178,549,8
3133,1178,131,24
3134,1178,485,85
3135,1178,473,96
3136,1178,443,21
3137,1179,325,82
3138,1179,230,64
3139,1179,26,94
3140,1179,174,70
3141,1179,49,68
3142,1180,241,56
3143,1181,106,46
3144,1181,72,75
3145,1181,534,83
3146,1181,543,27
3147,1182,540,63
3148,1182,423,75
3149,1182,118,53
3150,1182,412,9
3151,1183,308,57
3152,1183,505,80
3153,1183,272,9
3154,1183,21,50
3155,1184,423,48
3156,1184,531,43
3157,1184,532,96
3158,1184,540,31
3159,1185,554,66
3160,1185,313,47
3161,1186,71,54
3162,1186,202,15
3163,1186,249,62
3164,1186,239,77
3165,1187,168,8
3166,1187,494,98
3167,1188,239,7
3168,1188,546,41
3169,1188,98,19
3170,1188,100,97
3171,1189,457,33
3172,1189,336,18
3173,1189,554,12
3174,1189,5,37
3175,1190,259,55
3176,1190,162,85
3177,1190,334,80
3178,1191,398,94
3179,1191,268,66
3180,1192,303,87
3181,1192,314,19
3182,1192,585,89
3183,1192,448,28
3184,1192,26,78
3185,1193,436,57
3186,1193,528,23
3187,1194,254,73
3188,1195,220,56
3189,1196,477,34
3190,1196,298,70
3191,1196,587,19
3192,1197,2,77
3193,1197,396,6
3194,1197,119,82
3195,1198,153,54
3196,1198,46,10
3197,1199,183,6
3198,1199,587,22
3199,1200,300,68
3200,1201,422,3
3201,1201,290,73
3202,1202,325,55
3203,1202,21,42
3204,1202,580,33
3205,1202,404,16
3206,1202,349,53
3207,1203,357,66
3208,1203,210,41
3209,1203,569,48
3210,1203,260,40
3211,1204,448,87
3212,1204,189,25
3213,1205,239,93
3214,1205,599,16
3215,1206,239,15
3216,1206,593,24
3217,1206,357,14
3218,1206,562,16
3219,1207,228,64
3220,1207,504,88
3221,1207,104,42
3222,1208,252,32
3223,1208,443,40
3224,1208,498,10
3225,1208,225,20
3226,1209,354,32
3227,1209,41,39
3228,1210,430,61
3229,1210,495,65
3230,1211,108,89
3231,1212,27,11
3232,1212,333,95
3233,1213,487,51
3234,1213,87,78
3235,1213,491,98
3236,1213,572,15
3237,1214,128,99
3238,1214,161,59
3239,1215,423,41
3240,1215,412,78
3241,1215,181,62
3242,1216,149,30
3243,1216,56,42
3244,1216,506,70
3245,1217,534,100
3246,1217,567,46
3247,1218,46,59
3248,1218,221,87
3249,1219,436,94
3250,1219,47,21
3251,1220,488,97
3252,1220,73,18
3253,1221,74,75
3254,1222,340,32
3255,1223,150,46
3256,1223,47,26
3257,1223,346,9
3258,1223,254,54
3259,1223,585,29
3260,1224,189,73
3261,1224,124,23
3262,1224,254,63
3263,1224,45,23
3264,1225,245,92
3265,1225,331,51
3266,1225,238,31
3267,1226,426,38
3268,1227,528,51
3269,1227,32,49
3270,1228,26,14
3271,1228,27,41
3272,1228,481,13
3273,1229,165,5
3274,1230,15,85
3275,1231,113,72
3276,1231,157,13
3277,1231,303,40
3278,1231,533,10
3279,1232,531,77
3280,1232,221,15
3281,1232,14,94
3282,1233,68,47
3283,1234,457,28
3284,1234,337,89
3285,1235,566,2
3286,1235,210,57
3287,1235,353,61
3288,1236,461,40
3289,1237,54,79
3290,1238,487,58
3291,1238,498,19
3292,1239,331,92
3293,1239,365,61
3294,1239,418,56
3295,1239,468,28
3296,1240,414,73
3297,1240,120,66
3298,1240,18,37
3299,1240,541,86
3300,1241,584,15
3301,1241,133,20
3302,1241,241,83
3303,1241,492,72
3304,1242,47,53
3305,1242,360,9
3306,1242,488,20
3307,1242,404,84
3308,1242,305,53
3309,1243,385,59
3310,1243,554,46
3311,1243,27,85
3312,1244,226,10
3313,1244,197,30
3314,1244,266,97
3315,1245,41,40
3316,1245,340,70
3317,1245,153,49
3318,1245,222,44
3319,1245,178,77
3320,1246,55,11
3321,1246,476,68
3322,1246,165,90
3323,1247,490,82
3324,1247,267,20
3325,1247,519,66
3326,1247,65,82
3327,1248,417,45
3328,1248,6,39
3329,1248,64,77
3330,1249,472,95
3331,1249,600,75
3332,1249,404,28
3333,1249,525,40
3334,1250,523,1
3335,1250,355,65
3336,1250,385,72
3337,1250,248,76
3338,1250,19,60
3339,1251,282,81
3340,1251,571,66
3341,1252,140,84
3342,1252,496,88
3343,1253,496,70
3344,1253,376,21
3345,1254,58,93
3346,1254,99,74
3347,1255,131,94
3348,1255,322,32
3349,1255,183,75
3350,1256,274,91
3351,1256,451,61
3352,1256,412,72
3353,1256,401,56
3354,1256,281,61
3355,1257,421,57
3356,1258,279,67
3357,1258,93,98
3358,1258,46,99
3359,1259,338,40
3360,1259,350,17
3361,1260,330,9
3362,1261,541,17
3363,1261,301,89
3364,1261,127,10
3365,1261,155,85
3366,1261,490,34
3367,1262,564,1
3368,1262,22,78
3369,1262,230,89
3370,1263,189,42
3371,1263,38,49
3372,1263,389,90
3373,1264,282,61
3374,1264,113,95
3375,1265,406,4
3376,1265,303,20
3377,1266,496,30
3378,1267,570,17
3379,1267,195,16
3380,1267,246,79
3381,1267,2,79
3382,1268,557,12
3383,1268,584,19
3384,1269,549,46
3385,1269,401,3
3386,1270,201,87
3387,1270,581,51
3388,1270,145,27
3389,1271,235,29
3390,1271,322,84
3391,1271,483,69
3392,1272,400,1
3393,1272,304,71
3394,1272,275,40
3395,1273,472,66
3396,1273,383,98
3397,1273,517,48
3398,1274,431,11
3399,1274,480,69
3400,1275,487,14
3401,1275,385,47
3402,1275,68,53
3403,1275,523,37
3404,1276,344,23
3405,1276,217,94
3406,1277,215,81
3407,1277,228,82
3408,1278,543,72
3409,1278,311,41
3410,1278,566,71
3411,1279,189,30
3412,1279,113,59
3413,1279,497,5
3414,1280,152,77
3415,1280,250,91
3416,1280,16,95
3417,1281,374,36
3418,1282,584,16
3419,1282,221,60
3420,1282,557,9
3421,1282,385,7
3422,1283,330,3
3423,1283,4,85
3424,1283,129,51
3425,1283,428,53
3426,1283,264,15
3427,1284,452,88
3428,1285,387,45
3429,1285,48,42
3430,1285,418,93
3431,1286,548,98
3432,1287,83,6
3433,1287,514,56
3434,1287,261,81
3435,1288,213,93
3436,1288,408,56
3437,1288,516,47
3438,1288,31,45
3439,1289,298,73
3440,1289,12,93
3441,1290,349,20
3442,1290,559,90
3443,1291,527,80
3444,1291,11,15
3445,1291,383,47
3446,1292,404,94
3447,1292,115,99
3448,1292,517,82
3449,1292,113,7
3450,1293,167,15
3451,1293,547,28
3452,1293,578,45
3453,1293,120,1
3454,1294,37,28
3455,1294,118,8
3456,1294,335,25
3457,1294,410,16
3458,1295,25,25
3459,1295,557,36
3460,1295,540,59
3461,1296,554,62
3462,1296,252,36
3463,1296,364,62
3464,1297,232,11
3465,1297,209,13
3466,1297,547,17
3467,1298,303,56
3468,1298,109,79
3469,1298,124,53
3470,1298,389,56
3471,1299,159,58
3472,1299,80,54
3473,1300,361,32
3474,1300,427,83
3475,1300,532,24
3476,1301,172,29
3477,1301,106,94
3478,1301,265,45
3479,1302,67,41
3480,1302,264,79
3481,1303,49,37
3482,1304,90,20
3483,1304,442,74
3484,1304,71,62
3485,1304,323,81
3486,1304,441,78
3487,1305,547,98
3488,1305,50,8
3489,1305,41,90
3490,1305,100,21
3491,1305,278,75
3492,1306,124,94
3493,1306,404,54
3494,1306,112,75
3495,1307,429,78
3496,1308,460,59
3497,1308,259,17
3498,1309,346,46
3499,1309,73,15
3500,1310,314,56
3501,1310,584,33
3502,1310,142,55
3503,1311,71,83
3504,1311,594,84
3505,1312,422,54
3506,1313,560,80
3507,1313,106,20
3508,1313,535,40
3509,1314,45,34
3510,1315,6,97
3511,1315,93,41
3512,1315,348,18
3513,1316,60,46
3514,1316,403,33
3515,1317,173,38
3516,1317,525,72
3517,1317,508,87
3518,1317,324,61
3519,1318,104,23
3520,1318,505,44
3521,1318,300,41
3522,1318,223,97
3523,1318,445,2
3524,1319,349,43
3525,1319,441,44
3526,1319,278,13
3527,1320,502,40
3528,1320,567,58
3529,1321,584,91
3530,1321,381,85
3531,1321,492,24
3532,1321,361,58
3533,1322,190,85
3534,1322,322,66
3535,1322,6,25
3536,1322,501,7
3537,1323,279,93
3538,1323,574,9
3539,1324,407,87
3540,1324,590,38
3541,1324,584,2
3542,1324,391,79
3543,1325,379,3
3544,1325,78,50
3545,1325,599,100
3546,1326,344,81
3547,1326,505,90
3548,1326,250,57
3549,1326,580,38
3550,1327,367,51
3551,1327,187,59
3552,1327,410,66
3553,1327,55,83
3554,1328,429,78
3555,1328,455,75
3556,1328,470,93
3557,1328,207,98
3558,1328,143,97
3559,1329,426,29
3560,1329,527,41
3561,1329,436,46
3562,1330,335,85
3563,1330,137,16
3564,1331,66,47
3565,1331,167,19
3566,1331,270,45
3567,1331,291,100
3568,1331,226,38
3569,1332,596,92
3570,1332,346,39
3571,1332,564,36
3572,1333,531,43
3573,1333,443,81
3574,1334,97,49
3575,1335,548,63
3576,1335,372,23
3577,1335,175,33
3578,1336,531,63
3579,1336,381,83
3580,1336,19,84
3581,1337,395,58
3582,1337,504,16
3583,1337,580,12
3584,1337,208,69
3585,1338,503,18
3586,1338,336,2
3587,1338,364,91
3588,1339,370,40
3589,1340,79,69
3590,1341,154,40
3591,1341,230,47
3592,1341,309,71
3593,1342,6,82
3594,1343,424,5
3595,1343,497,22
3596,1344,201,85
3597,1344,144,22
3598,1344,129,5
3599,1344,595,88
3600,1345,547,55
3601,1345,203,77
3602,1345,484,58
3603,1345,81,53
3604,1346,548,46
3605,1347,95,78
3606,1347,181,43
3607,1347,540,40
3608,1347,555,89
3609,1348,401,55
3610,1348,518,91
3611,1349,336,20
3612,1349,405,56
3613,1349,133,61
3614,1350,130,93
3615,1350,522,3
3616,1351,230,63
3617,1351,346,73
3618,1351,314,10
3619,1352,291,92
3620,1352,408,48
3621,1352,521,90
3622,1353,498,47
3623,1354,238,32
3624,1354,215,13
3625,1354,64,24
3626,1355,425,10
3627,1356,60,48
3628,1356,543,20
3629,1356,352,74
3630,1357,208,13
3631,1357,452,10
3632,1357,501,8
3633,1358,286,41
3634,1358,460,88
3635,1358,31,21
3636,1359,528,74
3637,1360,289,24
3638,1361,434,71
3639,1361,225,89
3640,1362,27,47
3641,1363,321,57
3642,1363,383,79
3643,1363,436,36
3644,1364,16,80
3645,1364,334,5
3646,1364,230,18
3647,1364,325,33
3648,1364,305,58
3649,1365,112,43
3650,1365,404,52
3651,1365,63,17
3652,1365,154,56
3653,1366,274,66
3654,1367,88,37
3655,1368,21,24
3656,1369,218,70
3657,1369,102,72
3658,1369,590,58
3659,1369,283,50
3660,1370,331,64
3661,1370,106,63
3662,1371,336,9
3663,1371,518,76
3664,1371,274,20
3665,1372,300,59
3666,1372,553,29
3667,1372,210,31
3668,1373,501,56
3669,1374,128,44
3670,1375,326,27
3671,1375,367,75
3672,1376,155,71
3673,1377,571,52
3674,1377,157,84
3675,1377,166,82
3676,1377,150,11
3677,1377,369,26
3678,1378,12,57
3679,1378,589,75
3680,1378,49,64
3681,1379,166,26
3682,1379,112,62
3683,1379,325,33
3684,1379,154,64
3685,1380,590,65
3686,1380,425,79
3687,1380,461,5
3688,1381,555,88
3689,1381,94,26
3690,1382,487,96
3691,1382,180,91
3692,1382,385,54
3693,1383,422,23
3694,1384,525,77
3695,1384,91,5
3696,1384,150,59
3697,1385,287,61
3698,1385,592,28
3699,1385,292,38
3700,1386,451,22
3701,1386,452,47
3702,1386,532,76
3703,1387,330,83
3704,1387,506,100
3705,1388,183,70
3706,1388,68,6
3707,1388,557,86
3708,1388,163,64
3709,1388,190,3
3710,1389,68,29
3711,1389,391,21
3712,1390,313,80
3713,1391,599,57
3714,1392,36,71
3715,1392,183,60
3716,1393,170,68
3717,1394,459,29
3718,1395,412,39
3719,1395,279,71
3720,1395,156,47
3721,1395,336,2
3722,1395,427,76
3723,1396,450,92
3724,1396,371,19
3725,1396,497,20
3726,1397,501,34
3727,1397,401,72
3728,1397,428,75
3729,1397,218,93
3730,1398,295,35
3731,1398,208,31
3732,1398,361,58
3733,1399,519,64
3734,1399,74,44
3735,1399,410,13
3736,1400,25,88
3737,1400,373,30
3738,1401,358,5
3739,1401,6,61
3740,1401,405,63
3741,1401,67,51
3742,1402,324,47
3743,1402,86,15
3744,1403,457,51
3745,1403,378,40
3746,1403,116,47
3747,1403,405,87
3748,1404,497,73
3749,1404,580,100
3750,1404,47,2
3751,1404,305,56
3752,1405,334,15
3753,1405,585,72
3754,1405,596,14
3755,1406,138,49
3756,1406,48,96
3757,1407,127,65
3758,1407,283,99
3759,1407,98,42
3760,1408,325,100
3761,1408,174,76
3762,1409,313,19
3763,1409,183,4
3764,1409,131,21
3765,1410,498,64
3766,1410,401,9
3767,1411,27,74
3768,1411,412,63
3769,1411,6,38
3770,1412,205,33
3771,1412,324,30
3772,1412,121,51
3773,1413,11,2
3774,1414,33,51
3775,1414,535,88
3776,1414,242,26
3777,1415,543,78
3778,1416,178,31
3779,1416,231,11
3780,1416,364,23
3781,1417,349,77
3782,1417,230,47
3783,1418,85,98
3784,1418,429,27
3785,1418,335,55
3786,1419,180,38
3787,1419,322,94
3788,1419,163,91
3789,1420,272,10
3790,1420,303,96
3791,1420,12,59
3792,1420,305,94
3793,1421,410,76
3794,1421,256,34
3795,1421,450,31
3796,1422,225,64
3797,1423,436,91
3798,1423,527,64
3799,1423,63,63
3800,1424,146,78
3801,1424,202,47
3802,1424,237,35
3803,1424,417,53
3804,1425,94,51
3805,1425,295,99
3806,1425,423,47
3807,1425,554,95
3808,1425,14,21
3809,1426,369,75
3810,1427,335,63
3811,1427,234,16
3812,1427,324,36
3813,1428,180,26
3814,1428,52,50
3815,1428,451,36
3816,1428,412,20
3817,1429,335,9
3818,1429,177,8
3819,1430,67,60
3820,1430,116,92
3821,1430,133,80
3822,1431,45,33
3823,1431,497,62
3824,1431,91,13
3825,1431,388,14
3826,1431,189,55
3827,1432,404,88
3828,1432,57,99
3829,1432,303,10
3830,1432,189,12
3831,1433,321,19
3832,1434,388,21
3833,1434,390,44
3834,1434,369,58
3835,1434,254,3
3836,1435,401,91
3837,1435,412,41
3838,1435,367,100
3839,1435,523,97
3840,1436,426,26
3841,1436,388,57
3842,1436,230,28
3843,1436,571,78
3844,1436,77,29
3845,1437,157,97
3846,1437,349,4
3847,1437,47,13
3848,1437,527,91
3849,1437,600,68
3850,1438,46,26
3851,1438,117,99
3852,1438,572,63
3853,1439,341,10
3854,1439,126,82
3855,1439,557,25
3856,1440,360,30
3857,1440,585,85
3858,1441,47,24
3859,1441,314,70
3860,1441,38,10
3861,1441,63,20
3862,1441,154,84
3863,1442,195,45
3864,1443,393,98
3865,1444,74,33
3866,1445,49,94
3867,1446,43,17
3868,1446,219,77
3869,1447,220,66
3870,1447,94,26
3871,1447,523,28
3872,1448,589,93
3873,1449,104,59
3874,1449,103,39
3875,1449,222,6
3876,1449,447,89
3877,1449,547,61
3878,1450,30,33
3879,1450,535,54
3880,1450,550,38
3881,1450,246,16
3882,1451,368,29
3883,1452,2,7
3884,1452,123,42
3885,1452,159,94
3886,1452,105,64
3887,1453,377,59
3888,1453,425,9
3889,1454,169,95
3890,1454,469,79
3891,1454,249,58
3892,1454,83,60
3893,1455,314,98
3894,1456,488,97
3895,1456,528,92
3896,1456,571,7
3897,1457,386,47
3898,1457,389,60
3899,1458,483,89
3900,1458,13,82
3901,1458,23,41
3902,1458,158,83
3903,1458,180,8
3904,1459,282,77
3905,1459,75,1
3906,1459,189,83
3907,1459,600,10
3908,1460,448,72
3909,1460,272,86
3910,1460,282,33
3911,1460,404,12
3912,1460,254,48
3913,1461,371,44
3914,1462,246,44
3915,1463,405,25
3916,1463,313,84
3917,1464,117,15
3918,1464,286,96
3919,1464,31,95
3920,1464,307,85
3921,1465,442,52
3922,1465,80,16
3923,1466,421,4
3924,1466,124,12
3925,1466,589,31
3926,1467,349,11
3927,1467,166,6
3928,1467,321,20
3929,1467,528,10
3930,1467,497,18
3931,1468,518,41
3932,1468,498,70
3933,1469,101,5
3934,1469,217,37
3935,1469,228,38
3936,1470,27,40
3937,1470,322,79
3938,1470,355,14
3939,1471,581,48
3940,1471,142,30
3941,1471,141,80
3942,1472,113,52
3943,1473,470,98
3944,1474,200,25
3945,1474,320,50
3946,1475,241,44
3947,1475,279,36
3948,1475,68,41
3949,1475,326,24
3950,1476,21,55
3951,1476,533,27
3952,1476,174,97
3953,1476,448,23
3954,1476,166,81
3955,1477,311,31
3956,1477,551,47
3957,1477,4,59
3958,1477,102,1
3959,1477,500,42
3960,1478,11,85
3961,1479,446,83
3962,1479,408,82
3963,1479,213,79
3964,1479,160,66
3965,1480,536,87
3966,1480,276,59
3967,1481,106,70
3968,1481,156,35
3969,1482,498,33
3970,1482,485,97
3971,1483,377,65
3972,1484,389,7
3973,1484,561,25
3974,1485,272,30
3975,1486,381,10
3976,1486,279,75
3977,1487,6,9
3978,1487,19,20
3979,1487,557,90
3980,1488,133,80
3981,1488,404,96
3982,1489,448,84
3983,1489,525,10
3984,1489,230,88
3985,1489,585,84
3986,1490,67,43
3987,1490,289,42
3988,1490,427,69
3989,1491,583,61
3990,1491,229,60
3991,1491,437,23
3992,1491,120,14
3993,1492,83,28
3994,1492,17,15
3995,1492,301,72
3996,1492,516,48
3997,1493,89,7
3998,1493,297,87
3999,1493,223,77
4000,1493,237,36
4001,1493,66,17
4002,1494,426,38
4003,1494,596,44
4004,1494,73,98
4005,1494,383,8
4006,1494,282,69
4007,1495,182,62
4008,1495,139,15
4009,1495,312,29
4010,1496,540,32
4011,1496,133,26
4012,1496,295,21
4013,1497,341,84
4014,1497,260,80
4015,1498,344,36
4016,1499,480,57
4017,1499,581,6
4018,1500,37,31
4019,1501,307,80
4020,1501,104,63
4021,1501,167,59
4022,1502,527,8
4023,1503,38,98
4024,1503,230,29
4025,1503,10,53
4026,1503,527,29
4027,1503,11,46
4028,1504,118,89
4029,1504,248,52
4030,1504,6,26
4031,1504,518,24
4032,1505,317,100
4033,1505,424,27
4034,1505,406,66
4035,1505,316,64
4036,1506,381,49
4037,1507,210,91
4038,1508,154,42
4039,1508,404,16
4040,1509,265,44
4041,1510,113,2
4042,1510,124,94
4043,1511,78,58
4044,1511,49,40
4045,1511,272,24
4046,1511,369,71
4047,1512,558,63
4048,1513,405,45
4049,1514,346,75
4050,1515,414,22
4051,1515,342,52
4052,1515,539,60
4053,1515,274,43
4054,1515,225,1
4055,1516,471,60
4056,1516,127,62
4057,1516,103,12
4058,1517,506,8
4059,1517,28,70
4060,1517,68,37
4061,1518,284,80
4062,1518,273,40
4063,1518,298,69
4064,1519,36,92
4065,1519,494,72
4066,1519,435,68
4067,1519,4,53
4068,1520,303,13
4069,1521,384,39
4070,1521,291,32
4071,1521,239,89
4072,1522,157,83
4073,1522,421,98
4074,1522,166,73
4075,1522,124,66
4076,1522,32,12
4077,1523,405,21
4078,1524,32,13
4079,1524,321,71
4080,1525,74,14
4081,1525,124,42
4082,1526,518,92
4083,1526,498,23
4084,1526,225,98
4085,1526,313,74
4086,1526,208,89
4087,1527,68,73
4088,1527,584,63
4089,1527,427,15
4090,1527,133,51
4091,1527,557,19
4092,1528,520,49
4093,1528,72,64
4094,1529,12,11
4095,1529,589,62
4096,1529,272,64
4097,1529,78,13
4098,1530,261,83
4099,1530,222,96
4100,1530,578,80
4101,1531,392,7
4102,1531,546,59
4103,1532,255,42
4104,1532,392,35
4105,1533,174,81
4106,1533,346,78
4107,1533,11,21
4108,1533,109,84
4109,1534,555,28
4110,1534,385,67
4111,1534,313,95
4112,1534,36,51
4113,1535,198,36
4114,1536,180,41
4115,1536,414,66
4116,1536,427,39
4117,1536,443,36
4118,1537,190,82
4119,1538,517,1
4120,1538,519,99
4121,1539,73,38
4122,1540,494,64
4123,1541,270,45
4124,1541,247,100
4125,1541,284,58
4126,1542,103,66
4127,1542,491,21
4128,1543,269,84
4129,1543,299,71
4130,1544,472,20
4131,1544,390,31
4132,1544,45,42
4133,1545,172,61
4134,1545,255,44
4135,1545,441,90
4136,1545,249,36
4137,1546,361,59
4138,1546,540,19
4139,1547,436,18
4140,1547,362,37
4141,1547,598,64
4142,1548,442,50
4143,1548,568,87
4144,1548,245,41
4145,1549,587,23
4146,1549,317,48
4147,1549,293,22
4148,1550,404,39
4149,1550,21,10
4150,1551,301,83
4151,1551,278,77
4152,1551,143,45
4153,1551,520,33
4154,1552,168,49
4155,1552,282,88
4156,1552,346,5
4157,1553,52,18
4158,1554,389,89
4159,1554,475,92
4160,1554,69,14
4161,1555,309,6
4162,1555,497,47
4163,1556,472,22
4164,1556,334,71
4165,1556,314,7
4166,1557,240,97
4167,1557,527,98
4168,1557,478,33
4169,1557,220,23
4170,1558,110,86
4171,1558,43,90
4172,1558,536,48
4173,1558,469,53
4174,1559,254,24
4175,1559,334,83
4176,1559,325,17
4177,1559,533,14
4178,1560,571,92
4179,1561,313,20
4180,1561,485,9
4181,1561,52,26
4182,1562,299,44
4183,1562,546,60
4184,1563,389,98
4185,1563,386,52
4186,1564,103,75
4187,1564,574,79
4188,1564,400,24
4189,1564,232,50
4190,1564,495,44
4191,1565,100,92
4192,1566,531,71
4193,1566,336,20
4194,1566,252,26
4195,1567,74,29
4196,1567,166,51
4197,1567,349,70
4198,1567,124,70
4199,1568,252,91
4200,1568,414,48
4201,1569,221,28
4202,1569,381,30
4203,1570,202,37
4204,1570,543,29
4205,1570,80,63
4206,1571,11,88
4207,1571,383,71
4208,1571,390,47
4209,1572,600,27
4210,1573,329,22
4211,1573,500,28
4212,1574,404,38
4213,1575,571,7
4214,1575,11,67
4215,1575,9,10
4216,1575,83,37
4217,1576,154,5
4218,1577,315,19
4219,1577,291,64
4220,1577,188,29
4221,1577,320,4
4222,1577,541,43
4223,1578,412,69
4224,1578,46,50
4225,1578,443,82
4226,1578,252,15
4227,1578,452,63
4228,1579,325,91
4229,1580,254,78
4230,1580,32,96
4231,1580,230,1
4232,1581,15,32
4233,1581,203,59
4234,1581,570,18
4235,1581,569,79
4236,1582,118,35
4237,1582,523,62
4238,1582,381,54
4239,1582,434,64
4240,1582,367,27
4241,1583,16,22
4242,1583,383,44
4243,1583,10,94
4244,1583,314,8
4245,1583,390,87
4246,1584,518,20
4247,1584,492,54
4248,1584,274,71
4249,1585,397,35
4250,1585,205,25
4251,1585,165,78
4252,1586,530,61
4253,1587,213,30
4254,1587,353,76
4255,1588,33,59
4256,1588,440,41
4257,1589,12,59
4258,1590,390,78
4259,1590,91,1
4260,1590,436,83
4261,1591,421,37
4262,1592,596,99
4263,1592,386,45
4264,1592,403,100
4265,1592,390,85
4266,1592,109,52
4267,1593,516,11
4268,1593,130,86
4269,1594,328,22
4270,1594,310,4
4271,1594,36,65
4272,1595,530,78
4273,1595,110,28
4274,1595,219,12
4275,1596,295,57
4276,1596,443,25
4277,1596,67,5
4278,1596,485,82
4279,1597,223,68
4280,1597,165,99
4281,1597,588,26
4282,1598,28,34
4283,1599,222,27
4284,1599,275,37
4285,1599,338,91
4286,1600,304,49
4287,1601,104,7
4288,1601,350,3
4289,1602,600,68
4290,1603,452,53
4291,1603,220,11
4292,1603,118,14
4293,1603,248,59
4294,1603,457,40
4295,1604,224,63
4296,1604,152,34
4297,1604,276,24
4298,1605,498,49
4299,1605,322,33
4300,1605,252,59
4301,1606,507,63
4302,1607,529,9
4303,1607,539,41
4304,1607,227,8
4305,1607,589,55
4306,1608,600,93
4307,1608,113,4
4308,1608,346,64
4309,1608,321,86
4310,1608,334,40
4311,1609,8,32
4312,1609,549,34
4313,1610,410,9
4314,1610,194,34
4315,1611,360,1
4316,1611,472,40
4317,1611,580,37
4318,1611,73,15
4319,1612,248,70
4320,1612,492,83
4321,1612,313,85
4322,1612,361,64
4323,1612,241,97
4324,1613,16,19
4325,1613,448,23
4326,1613,388,34
4327,1614,6,40
4328,1614,94,24
4329,1614,532,73
4330,1614,14,77
4331,1614,364,77
4332,1615,64,91
4333,1615,215,3
4334,1615,567,78
4335,1615,62,13
4336,1616,452,93
4337,1616,342,22
4338,1616,183,63
4339,1617,178,46
4340,1617,440,71
4341,1618,87,79
4342,1619,458,52
4343,1620,284,61
4344,1620,385,24
4345,1620,190,76
4346,1620,128,35
4347,1621,169,66
4348,1621,183,33
4349,1621,181,3
4350,1622,464,67
4351,1622,275,25
4352,1623,446,24
4353,1624,109,21
4354,1624,115,34
4355,1624,488,37
4356,1624,74,1
4357,1624,472,40
4358,1625,295,19
4359,1625,262,45
4360,1626,572,53
4361,1626,119,37
4362,1626,236,55
4363,1627,515,1
4364,1628,164,30
4365,1628,382,62
4366,1628,395,13
4367,1629,364,74
4368,1629,336,65
4369,1630,86,74
4370,1630,201,62
4371,1631,214,42
4372,1631,365,56
4373,1631,130,28
4374,1631,232,36
4375,1632,258,15
4376,1632,343,70
4377,1633,145,52
4378,1634,512,55
4379,1634,597,73
4380,1634,398,13
4381,1634,462,89
4382,1634,380,14
4383,1635,336,8
4384,1636,414,76
4385,1636,221,41
4386,1636,68,60
4387,1637,67,12
4388,1637,181,69
4389,1637,68,42
4390,1637,358,54
4391,1637,503,55
4392,1638,178,45
4393,1638,355,91
4394,1638,185,11
4395,1638,442,71
4396,1639,53,22
4397,1639,44,98
4398,1639,146,17
4399,1640,489,86
4400,1640,111,91
4401,1641,98,75
4402,1641,478,50
4403,1641,401,100
4404,1642,115,40
4405,1642,303,42
4406,1642,564,89
4407,1642,77,79
4408,1642,10,37
4409,1643,452,29
4410,1643,584,5
4411,1643,181,57
4412,1643,94,8
4413,1644,519,67
4414,1644,544,97
4415,1645,131,82
4416,1645,14,69
4417,1646,29,29
4418,1646,111,48
4419,1646,291,75
4420,1646,15,70
4421,1647,433,44
4422,1647,552,5
4423,1647,373,22
4424,1648,547,25
4425,1648,536,95
4426,1649,588,84
4427,1649,565,74
4428,1649,299,35
4429,1649,120,87
4430,1649,300,32
4431,1650,194,98
4432,1651,349,62
4433,1651,334,27
4434,1651,309,42
4435,1651,74,29
4436,1652,495,28
4437,1652,290,90
4438,1652,135,53
4439,1652,94,59
4440,1653,439,46
4441,1653,372,93
4442,1654,353,26
4443,1654,331,39
4444,1654,461,64
4445,1655,269,1
4446,1656,22,29
4447,1656,580,90
4448,1656,38,6
4449,1657,471,74
4450,1657,458,35
4451,1657,106,4
4452,1658,495,68
4453,1658,593,40
4454,1658,594,30
4455,1658,372,81
4456,1658,275,64
4457,1659,327,51
4458,1659,283,30
4459,1659,147,77
4460,1659,234,61
4461,1659,317,43
4462,1660,108,10
4463,1660,322,14
4464,1660,460,88
4465,1660,68,2
4466,1660,92,86
4467,1661,166,40
4468,1662,321,40
4469,1662,63,22
4470,1662,386,20
4471,1663,370,16
4472,1663,222,30
4473,1663,89,5
4474,1664,380,86
4475,1664,535,8
4476,1664,219,95
4477,1665,246,40
4478,1665,388,16
4479,1665,312,30
4480,1666,426,64
4481,1666,369,49
4482,1666,517,7
4483,1666,154,12
4484,1667,112,92
4485,1667,525,12
4486,1668,95,28
4487,1668,163,56
4488,1668,156,72
4489,1668,540,8
4490,1669,389,52
4491,1669,386,13
4492,1670,421,28
4493,1670,314,83
4494,1670,386,43
4495,1671,156,87
4496,1671,584,83
4497,1672,265,86
4498,1672,413,19
4499,1673,260,96
4500,1673,594,70
4501,1673,344,46
4502,1673,255,74
4503,1674,467,88
4504,1674,381,29
4505,1674,444,25
4506,1674,369,49
4507,1675,435,63
4508,1676,113,33
4509,1676,585,22
4510,1677,299,33
4511,1677,320,17
4512,1677,586,19
4513,1677,334,53
4514,1678,460,94
4515,1678,289,6
4516,1678,170,86
4517,1679,499,5
4518,1679,323,69
4519,1679,471,5
4520,1679,446,44
4521,1680,300,41
4522,1680,117,30
4523,1680,544,9
4524,1680,392,53
4525,1680,162,50
4526,1681,386,45
4527,1681,496,59
4528,1682,162,34
4529,1683,133,37
4530,1684,443,35
4531,1684,183,87
4532,1684,68,71
4533,1684,355,69
4534,1685,39,55
4535,1685,579,71
4536,1685,250,57
4537,1686,418,71
4538,1686,324,53
4539,1687,409,84
4540,1687,466,46
4541,1687,290,93
4542,1688,598,82
4543,1688,134,25
4544,1688,346,87
4545,1688,447,77
4546,1689,423,78
4547,1689,430,55
4548,1690,546,91
4549,1691,240,18
4550,1691,368,56
4551,1691,367,12
4552,1692,469,7
4553,1692,259,100
4554,1693,15,29
4555,1694,11,69
4556,1694,321,14
4557,1694,109,10
4558,1694,63,88
4559,1694,22,11
4560,1695,448,95
4561,1695,353,49
4562,1696,580,20
4563,1697,208,67
4564,1698,429,30
4565,1698,127,90
4566,1698,563,9
4567,1698,462,46
4568,1698,538,65
4569,1699,452,37
4570,1699,149,91
4571,1700,147,11
4572,1701,512,40
4573,1702,54,29
4574,1702,143,97
4575,1702,222,24
4576,1702,400,98
4577,1702,266,29
4578,1703,124,91
4579,1703,16,59
4580,1703,282,14
4581,1703,303,37
4582,1704,84,41
4583,1704,108,88
4584,1704,273,36
4585,1704,432,82
4586,1704,2,64
4587,1705,460,18
4588,1705,18,85
4589,1705,69,80
4590,1706,143,7
4591,1706,413,53
4592,1707,212,99
4593,1708,75,34
4594,1708,16,71
4595,1708,314,72
4596,1709,9,76
4597,1709,70,6
4598,1709,500,11
4599,1709,312,28
4600,1709,81,38
4601,1710,532,79
4602,1710,208,49
4603,1711,488,48
4604,1711,103,50
4605,1712,430,42
4606,1712,337,42
4607,1712,518,24
4608,1713,242,55
4609,1713,223,23
4610,1713,3,14
4611,1713,120,70
4612,1713,406,28
4613,1714,309,94
4614,1714,346,54
4615,1714,334,82
4616,1715,436,6
4617,1715,124,87
4618,1715,115,58
4619,1715,166,66
4620,1715,360,50
4621,1716,257,81
4622,1716,434,61
4623,1716,187,43
4624,1716,359,85
4625,1717,24,66
4626,1718,570,61
4627,1718,25,77
4628,1719,65,81
4629,1720,423,47
4630,1720,405,21
4631,1720,412,91
4632,1720,475,80
4633,1720,414,77
4634,1721,492,37
4635,1721,518,1
4636,1721,532,16
4637,1721,6,73
4638,1721,274,38
4639,1722,318,57
4640,1722,565,59
4641,1722,338,6
4642,1722,363,69
4643,1723,498,94
4644,1723,378,36
4645,1723,492,85
4646,1723,225,17
4647,1723,434,20
4648,1724,309,65
4649,1725,358,77
4650,1726,225,48
4651,1726,182,45
4652,1727,208,94
4653,1727,540,53
4654,1727,118,78
4655,1727,355,72
4656,1727,451,61
4657,1728,338,45
4658,1728,238,45
4659,1728,229,80
4660,1728,435,70
4661,1729,413,33
4662,1729,59,37
4663,1729,226,79
4664,1729,300,1
4665,1730,99,81
4666,1731,5,75
4667,1731,190,55
4668,1731,485,41
4669,1732,371,50
4670,1732,227,15
4671,1732,90,42
4672,1732,29,38
4673,1732,400,91
4674,1733,131,49
4675,1733,452,88
4676,1734,183,83
4677,1734,190,81
4678,1734,532,60
4679,1734,430,56
4680,1735,45,30
4681,1735,472,64
4682,1735,527,93
4683,1735,596,65
4684,1736,11,11
4685,1737,571,30
4686,1738,147,3
4687,1738,417,51
4688,1739,577,8
4689,1739,316,9
4690,1740,568,82
4691,1740,468,4
4692,1741,86,41
4693,1741,550,8
4694,1742,45,82
4695,1742,527,34
4696,1742,303,52
4697,1743,262,79
4698,1744,38,58
4699,1744,114,95
4700,1744,462,19
4701,1745,260,98
4702,1746,279,47
4703,1747,171,72
4704,1747,230,57
4705,1747,528,18
4706,1748,399,30
4707,1749,571,83
4708,1749,115,80
4709,1749,426,79
4710,1749,166,72
4711,1750,527,64
4712,1751,303,55
4713,1751,334,11
4714,1752,106,80
4715,1753,332,17
4716,1753,594,43
4717,1754,390,62
4718,1754,383,88
4719,1754,321,56
4720,1754,12,43
4721,1755,292,100
4722,1755,593,43
4723,1755,118,39
4724,1755,351,15
4725,1756,272,41
4726,1756,314,83
4727,1756,426,51
4728,1756,303,13
4729,1757,254,73
4730,1757,404,60
4731,1758,164,59
4732,1758,267,33
4733,1758,574,38
4734,1759,243,43
4735,1759,284,69
4736,1760,220,24
4737,1760,331,11
4738,1761,546,35
4739,1761,365,46
4740,1761,57,47
4741,1762,488,93
4742,1762,227,35
4743,1762,391,81
4744,1763,117,53
4745,1763,335,95
4746,1764,321,43
4747,1764,571,84
4748,1764,230,19
4749,1765,495,67
4750,1765,111,93
4751,1765,496,79
4752,1765,331,16
4753,1766,311,61
4754,1766,246,41
4755,1766,382,63
4756,1766,593,37
4757,1766,495,52
4758,1767,501,78
4759,1767,423,53
4760,1767,118,62
4761,1767,322,22
4762,1767,358,52
4763,1768,301,31
4764,1768,135,33
4765,1769,325,100
4766,1769,12,64
4767,1770,220,19
4768,1770,171,86
4769,1771,465,10
4770,1771,406,86
4771,1771,156,22
4772,1771,1,4
4773,1771,456,8
4774,1772,363,65
4775,1772,568,62
4776,1772,50,15
4777,1773,457,99
4778,1773,420,45
4779,1773,93,73
4780,1774,57,52
4781,1774,369,63
4782,1774,421,34
4783,1774,75,31
4784,1774,16,61
4785,1775,200,57
4786,1775,502,79
4787,1776,582,65
4788,1776,402,77
4789,1776,540,31
4790,1776,14,64
4791,1777,480,90
4792,1777,530,36
4793,1777,197,41
4794,1778,241,7
4795,1778,220,10
4796,1778,14,10
4797,1778,475,65
4798,1779,184,22
4799,1779,99,40
4800,1779,128,63
4801,1779,378,30
4802,1780,450,29
4803,1780,40,82
4804,1781,304,67
4805,1781,299,32
4806,1782,412,12
4807,1782,221,59
4808,1782,423,45
4809,1782,156,59
4810,1782,501,60
4811,1783,367,33
4812,1783,281,61
4813,1783,279,32
4814,1783,539,38
4815,1784,201,88
4816,1785,118,64
4817,1785,555,88
4818,1785,27,35
4819,1785,540,51
4820,1785,133,90
4821,1786,406,50
4822,1786,247,60
4823,1786,79,68
4824,1787,403,100
4825,1787,115,53
4826,1787,109,18
4827,1787,57,15
4828,1788,198,27
4829,1788,29,98
4830,1789,131,12
4831,1790,166,74
4832,1790,403,50
4833,1791,40,18
4834,1792,493,52
4835,1792,217,93
4836,1793,584,82
4837,1793,118,53
4838,1794,231,63
4839,1794,437,55
4840,1795,336,73
4841,1795,367,40
4842,1796,110,83
4843,1797,539,43
4844,1797,181,78
4845,1798,26,34
4846,1798,426,54
4847,1798,580,37
4848,1799,417,2
4849,1800,103,45
4850,1800,194,33
4851,1800,468,98
4852,1800,579,19
4853,1801,133,5
4854,1802,36,64
4855,1802,443,84
4856,1802,452,36
4857,1802,549,23
4858,1803,342,84
4859,1803,279,40
4860,1803,457,1
4861,1804,496,20
4862,1804,261,11
4863,1804,508,36
4864,1804,537,49
4865,1804,429,29
4866,1805,154,32
4867,1806,176,93
4868,1806,82,67
4869,1807,393,53
4870,1807,588,36
4871,1807,581,90
4872,1807,26,46
4873,1808,549,46
4874,1808,367,64
4875,1808,412,51
4876,1809,282,11
4877,1809,63,45
4878,1810,221,35
4879,1810,171,82
4880,1810,208,73
4881,1811,220,48
4882,1811,384,27
4883,1812,381,36
4884,1812,188,52
4885,1813,539,12
4886,1813,358,51
4887,1813,361,84
4888,1814,565,32
4889,1815,183,4
4890,1815,531,65
4891,1815,208,68
4892,1815,539,15
4893,1816,503,35
4894,1816,443,25
4895,1816,14,87
4896,1816,549,42
4897,1816,281,59
4898,1817,578,9
4899,1818,45,99
4900,1818,377,47
4901,1819,423,48
4902,1819,540,67
4903,1819,501,39
4904,1819,180,5
4905,1820,179,8
4906,1820,178,57
4907,1821,44,52
4908,1821,124,2
4909,1822,80,96
4910,1822,217,10
4911,1822,318,77
4912,1823,104,5
4913,1823,202,98
4914,1824,302,71
4915,1825,306,45
4916,1825,344,34
4917,1826,335,73
4918,1826,150,74
4919,1826,114,93
4920,1827,201,70
4921,1827,366,1
4922,1827,370,24
4923,1828,380,63
4924,1828,246,55
4925,1828,219,28
4926,1828,563,29
4927,1828,407,38
4928,1829,385,37
4929,1830,426,56
4930,1830,334,12
4931,1831,473,71
4932,1831,443,33
4933,1831,180,52
4934,1831,549,81
4935,1832,522,97
4936,1833,528,6
4937,1833,189,2
4938,1834,116,87
4939,1834,14,30
4940,1834,539,78
4941,1834,19,17
4942,1835,362,39
4943,1835,406,82
4944,1835,363,27
4945,1835,202,60
4946,1835,298,78
4947,1836,76,17
4948,1836,502,29
4949,1836,517,64
4950,1837,279,6
4951,1837,367,8
4952,1838,522,59
4953,1839,584,69
4954,1839,81,79
4955,1839,32,29
4956,1840,564,92
4957,1840,366,39
4958,1840,210,18
4959,1841,268,72
4960,1841,505,16
4961,1842,572,54
4962,1842,328,1
4963,1843,193,13
4964,1844,28,81
4965,1844,13,23
4966,1844,53,36
4967,1845,531,88
4968,1845,365,29
4969,1846,7,28
4970,1846,169,7
4971,1846,588,40
4972,1847,341,61
4973,1848,551,3
4974,1849,388,66
4975,1849,189,53
4976,1849,157,48
4977,1849,533,24
4978,1850,16,98
4979,1850,189,7
4980,1850,589,37
4981,1850,472,12
4982,1851,218,79
4983,1851,207,72
4984,1851,109,59
4985,1851,520,94
4986,1851,392,18
4987,1852,345,30
4988,1853,291,85
4989,1853,341,76
4990,1854,280,36
4991,1854,149,91
4992,1854,370,56
4993,1855,521,68
4994,1856,188,58
4995,1856,185,18
4996,1856,355,71
4997,1857,129,23
4998,1858,130,80
4999,1858,413,12
5000,1858,487,94
5001,1859,157,17
5002,1859,78,10
5003,1859,26,29
5004,1860,225,23
5005,1860,554,86
5006,1861,331,50
5007,1862,123,59
5008,1862,104,22
5009,1862,432,72
5010,1863,230,57
5011,1863,309,96
5012,1864,492,77
5013,1864,218,59
5014,1864,30,79
5015,1865,393,26
5016,1865,440,39
5017,1866,337,15
5018,1867,159,25
5019,1867,337,41
5020,1868,577,46
5021,1868,168,28
5022,1868,280,44
5023,1869,64,58
5024,1869,317,61
5025,1869,79,43
5026,1869,119,56
5027,1870,150,48
5028,1870,366,23
5029,1870,303,83
5030,1871,168,33
5031,1872,179,99
5032,1872,410,65
5033,1872,265,62
5034,1873,559,35
5035,1873,365,4
5036,1873,85,50
5037,1874,183,10
5038,1875,36,60
5039,1875,33,81
5040,1875,113,78
5041,1876,187,84
5042,1877,375,75
5043,1877,451,28
5044,1877,559,33
5045,1878,381,27
5046,1878,161,7
5047,1879,335,91
5048,1879,24,52
5049,1879,354,1
5050,1880,147,3
5051,1880,92,94
5052,1880,243,34
5053,1880,117,68
5054,1880,570,64
5055,1881,574,76
5056,1881,266,6
5057,1881,211,62
5058,1881,131,98
5059,1882,190,81
5060,1882,498,96
5061,1883,248,41
5062,1883,367,50
5063,1883,163,91
5064,1884,54,1
5065,1884,270,88
5066,1885,77,12
5067,1885,71,29
5068,1885,318,14
5069,1886,135,91
5070,1886,322,74
5071,1887,163,7
5072,1887,190,70
5073,1887,181,2
5074,1887,414,63
5075,1888,96,24
5076,1889,489,36
5077,1889,121,15
5078,1889,424,80
5079,1890,128,85
5080,1890,302,93
5081,1891,314,90
5082,1892,262,97
5083,1892,118,40
5084,1893,339,73
5085,1893,293,41
5086,1893,395,33
5087,1894,508,28
5088,1894,422,32
5089,1895,327,53
5090,1895,343,83
5091,1896,116,16
5092,1896,540,23
5093,1896,427,64
5094,1896,6,100
5095,1897,47,74
5096,1897,501,82
5097,1897,409,10
5098,1898,118,23
5099,1898,221,98
5100,1899,337,28
5101,1899,487,68
5102,1899,181,78
5103,1899,557,24
5104,1900,183,82
5105,1900,141,38
5106,1900,498,24
5107,1901,69,61
5108,1901,162,45
5109,1901,60,45
5110,1902,385,60
5111,1902,498,61
5112,1902,131,73
5113,1903,150,80
5114,1903,91,10
5115,1904,492,77
5116,1904,118,82
5117,1904,95,77
5118,1904,485,15
5119,1904,180,38
5120,1905,199,74
5121,1905,48,87
5122,1906,182,99
5123,1906,163,74
5124,1906,507,78
5125,1907,303,75
5126,1907,309,35
5127,1907,112,56
5128,1907,45,54
5129,1908,403,6
5130,1908,166,17
5131,1908,390,73
5132,1908,10,67
5133,1908,124,78
5134,1909,270,66
5135,1910,74,30
5136,1910,354,23
5137,1910,305,99
5138,1911,551,6
5139,1911,17,77
5140,1912,309,2
5141,1913,272,69
5142,1913,525,23
5143,1913,528,16
5144,1914,361,59
5145,1914,451,86
5146,1914,133,28
5147,1914,156,33
5148,1915,386,57
5149,1916,46,17
5150,1916,452,7
5151,1916,473,16
5152,1916,5,53
5153,1917,14,49
5154,1917,487,28
5155,1917,52,36
5156,1917,554,31
5157,1918,74,30
5158,1919,367,87
5159,1919,532,43
5160,1919,485,1
5161,1920,436,84
5162,1920,580,96
5163,1920,73,25
5164,1921,552,37
5165,1921,86,45
5166,1921,402,3
5167,1921,176,55
5168,1922,32,4
5169,1922,77,73
5170,1923,188,57
5171,1924,507,30
5172,1924,79,92
5173,1924,421,56
5174,1925,243,54
5175,1925,262,55
5176,1925,268,76
5177,1926,475,93
5178,1926,485,33
5179,1926,501,94
5180,1926,333,25
5181,1927,349,77
5182,1927,77,68
5183,1927,369,70
5184,1927,230,45
5185,1927,154,90
5186,1928,589,85
5187,1928,426,44
5188,1928,585,24
5189,1929,379,51
5190,1930,14,16
5191,1930,430,91
5192,1930,190,2
5193,1930,289,33
5194,1931,525,25
5195,1931,266,81
5196,1932,273,100
5197,1932,8,43
5198,1932,59,80
5199,1933,576,91
5200,1934,457,90
5201,1934,434,87
5202,1934,402,31
5203,1934,555,57
5204,1935,274,91
5205,1935,273,91
5206,1936,523,61
5207,1936,501,29
5208,1936,364,45
5209,1936,133,39
5210,1937,448,15
5211,1937,154,31
5212,1937,472,52
5213,1937,589,87
5214,1938,427,62
5215,1938,158,87
5216,1938,424,28
5217,1938,474,54
5218,1939,89,39
5219,1939,448,58
5220,1940,474,48
5221,1940,58,43
5222,1940,418,53
5223,1941,145,8
5224,1941,416,46
5225,1941,299,90
5226,1941,424,53
5227,1942,533,48
5228,1942,596,69
5229,1942,600,69
5230,1942,527,21
5231,1942,112,33
5232,1943,378,71
5233,1944,57,17
5234,1945,71,54
5235,1945,446,35
5236,1945,397,40
5237,1945,514,57
5238,1946,589,50
5239,1946,580,37
5240,1947,377,42
5241,1948,385,22
5242,1948,498,97
5243,1948,434,18
5244,1949,254,91
5245,1949,403,95
5246,1949,596,14
5247,1949,16,67
5248,1949,77,15
5249,1950,524,20
5250,1950,222,78
5251,1950,264,27
5252,1950,479,54
5253,1950,107,96
5254,1951,522,95
5255,1951,292,43
5256,1951,429,63
5257,1951,176,11
5258,1952,398,35
5259,1952,293,1
5260,1952,354,57
5261,1953,352,70
5262,1953,536,46
5263,1953,196,95
5264,1954,2,81
5265,1954,284,29
5266,1954,324,96
5267,1955,564,44
5268,1955,121,72
5269,1956,252,19
5270,1956,378,43
5271,1957,217,33
5272,1957,487,79
5273,1957,342,24
5274,1958,381,73
5275,1958,326,78
5276,1959,469,94
5277,1959,514,42
5278,1960,203,65
5279,1960,164,86
5280,1960,182,40
5281,1960,422,47
5282,1961,330,47
5283,1962,91,83
5284,1962,47,35
5285,1962,404,1
5286,1963,595,16
5287,1964,4,81
5288,1964,129,85
5289,1965,568,62
5290,1965,248,69
5291,1965,255,42
5292,1965,98,34
5293,1966,212,66
5294,1966,553,67
5295,1966,482,72
5296,1967,256,20
5297,1967,245,55
5298,1967,177,72
5299,1967,441,20
5300,1968,202,3
5301,1968,83,87
5302,1969,269,36
5303,1969,122,57
5304,1970,504,47
5305,1971,578,15
5306,1971,377,91
5307,1971,53,79
5308,1972,205,34
5309,1972,239,85
5310,1973,327,35
5311,1973,148,88
5312,1973,552,68
5313,1974,181,37
5314,1975,327,63
5315,1975,514,47
5316,1975,513,25
5317,1975,196,40
5318,1975,238,64
5319,1976,115,14
5320,1977,308,50
5321,1977,463,66
5322,1977,488,62
5323,1978,401,69
5324,1978,566,54
5325,1979,285,67
5326,1980,290,87
5327,1980,598,17
5328,1981,260,28
5329,1981,287,53
5330,1982,47,10
5331,1982,157,31
5332,1982,403,41
5333,1983,26,3
5334,1983,346,39
5335,1984,123,30
5336,1984,81,14
5337,1984,404,24
5338,1985,534,72
5339,1986,150,57
5340,1986,47,15
5341,1986,174,26
5342,1986,472,2
5343,1987,483,51
5344,1987,205,43
5345,1988,498,71
5346,1988,540,73
5347,1989,360,13
5348,1989,314,10
5349,1989,189,89
5350,1990,381,70
5351,1991,351,44
5352,1991,63,46
5353,1991,178,49
5354,1992,593,100
5355,1992,370,89
5356,1992,7,64
5357,1993,270,1
5358,1993,205,68
5359,1994,540,71
5360,1994,518,71
5361,1995,563,35
5362,1995,441,64
5363,1996,489,33
5364,1996,548,9
5365,1996,506,93
5366,1997,353,91
5367,1997,470,96
5368,1997,63,69
5369,1998,195,58
5370,1998,33,87
5371,1998,163,22
5372,1998,363,73
5373,1999,190,68
5374,1999,540,61
5375,1999,6,3
5376,1999,208,79
5377,1999,412,75
5378,2000,562,16
5379,2000,506,14
5380,2001,108,45
5381,2001,40,3
5382,2002,392,19
5383,2002,344,19
5384,2002,126,82
5385,2002,399,88
5386,2003,154,16
5387,2003,78,29
5388,2003,404,11
5389,2003,57,96
5390,2004,241,77
5391,2004,532,18
5392,2004,289,87
5393,2004,443,92
5394,2005,443,84
5395,2005,274,1
5396,2005,263,59
5397,2006,475,7
5398,2007,231,5
5399,2008,436,37
5400,2008,334,79
5401,2008,77,51
5402,2009,90,88
5403,2010,11,61
5404,2011,344,38
5405,2012,369,48
5406,2012,580,23
5407,2012,334,91
5408,2012,589,24
5409,2013,232,8
5410,2013,36,46
5411,2014,443,14
5412,2014,317,28
5413,2014,562,66
5414,2015,580,90
5415,2015,404,46
5416,2016,280,24
5417,2016,549,75
5418,2016,436,47
5419,2017,428,98
5420,2017,100,8
5421,2017,582,68
5422,2018,270,85
5423,2018,163,57
5424,2018,587,17
5425,2019,442,2
5426,2019,259,59
5427,2020,19,18
5428,2021,449,65
5429,2022,23,29
5430,2022,116,46
5431,2023,257,48
5432,2024,183,88
5433,2024,342,22
5434,2024,473,81
5435,2025,326,83
5436,2025,163,40
5437,2025,540,21
5438,2025,405,87
5439,2025,337,49
5440,2026,92,33
5441,2026,572,76
5442,2027,282,58
5443,2027,528,11
5444,2028,80,83
5445,2029,150,21
5446,2029,264,52
5447,2030,131,22
5448,2031,124,65
5449,2031,533,62
5450,2032,498,40
5451,2032,378,34
5452,2033,111,33
5453,2033,98,27
5454,2034,303,32
5455,2034,272,53
5456,2034,16,91
5457,2034,115,64
5458,2035,557,22
5459,2035,378,49
5460,2035,501,31
5461,2035,95,96
5462,2036,272,88
5463,2037,571,99
5464,2038,74,73
5465,2038,497,17
5466,2038,57,67
5467,2039,241,91
5468,2040,389,69
5469,2040,360,86
5470,2040,57,47
5471,2040,571,3
5472,2040,585,16
5473,2041,517,85
5474,2041,77,81
5475,2041,189,32
5476,2041,525,45
5477,2041,10,45
5478,2042,584,42
5479,2042,565,30
5480,2042,191,80
5481,2042,454,75
5482,2043,463,98
5483,2043,355,21
5484,2043,385,51
5485,2044,532,41
5486,2045,528,29
5487,2045,45,43
5488,2045,527,56
5489,2046,407,58
5490,2047,304,29
5491,2047,529,67
5492,2048,598,2
5493,2048,66,16
5494,2048,581,23
5495,2049,369,83
5496,2049,73,46
5497,2050,78,13
5498,2050,303,14
5499,2050,497,54
5500,2050,73,62
5501,2051,225,20
5502,2051,566,55
5503,2051,334,19
5504,2052,576,75
5505,2052,425,76
5506,2052,211,60
5507,2053,63,59
5508,2053,10,65
5509,2053,12,31
5510,2053,124,35
5511,2054,10,67
5512,2054,47,78
5513,2054,314,15
5514,2054,272,90
5515,2054,564,78
5516,2055,147,1
5517,2055,316,5
5518,2055,152,11
5519,2055,395,36
5520,2055,54,34
5521,2056,443,46
5522,2056,485,98
5523,2057,113,49
5524,2057,77,97
5525,2057,305,33
5526,2057,580,57
5527,2058,349,59
5528,2058,450,85
5529,2058,339,69
5530,2059,69,97
5531,2060,167,23
5532,2060,215,14
5533,2060,570,42
5534,2060,382,52
5535,2061,61,49
5536,2061,444,39
5537,2062,166,52
5538,2062,16,57
5539,2062,75,30
5540,2062,272,20
5541,2062,113,32
5542,2063,417,60
5543,2063,93,76
5544,2063,358,90
5545,2063,377,15
5546,2064,416,4
5547,2064,341,92
5548,2064,516,42
5549,2065,171,76
5550,2065,289,25
5551,2066,124,13
5552,2066,309,98
5553,2067,141,77
5554,2067,224,13
5555,2068,57,75
5556,2069,580,68
5557,2069,21,63
5558,2069,32,12
5559,2069,325,17
5560,2069,282,58
5561,2070,494,2
5562,2071,400,6
5563,2071,300,10
5564,2072,343,60
5565,2073,533,58
5566,2074,255,22
5567,2074,227,12
5568,2075,231,78
5569,2076,443,54
5570,2077,28,63
5571,2077,223,83
5572,2077,24,26
5573,2077,534,47
5574,2078,443,72
5575,2078,361,73
5576,2078,131,69
5577,2079,231,15
5578,2079,496,94
5579,2079,408,31
5580,2080,128,84
5581,2081,16,55
5582,2081,47,91
5583,2082,501,84
5584,2082,14,65
5585,2082,67,36
5586,2083,521,27
5587,2083,239,59
5588,2083,341,60
5589,2084,479,98
5590,2084,260,78
5591,2084,53,18
5592,2084,569,9
5593,2085,404,33
5594,2085,580,23
5595,2085,600,23
5596,2085,596,24
5597,2086,326,82
5598,2086,539,68
5599,2087,554,97
5600,2087,64,41
5601,2088,2,22
5602,2088,526,28
5603,2089,281,20
5604,2089,540,73
5605,2089,208,69
5606,2089,378,38
5607,2090,451,29
5608,2090,498,52
5609,2091,11,34
5610,2091,589,35
5611,2091,49,79
5612,2092,471,28
5613,2093,12,60
5614,2093,600,1
5615,2093,421,62
5616,2094,7,18
5617,2094,599,61
5618,2095,10,44
5619,2095,533,28
5620,2095,47,2
5621,2095,113,54
5622,2096,596,61
5623,2096,10,92
5624,2096,16,29
5625,2096,21,66
5626,2097,572,20
5627,2097,575,71
5628,2098,227,16
5629,2098,344,25
5630,2098,111,5
5631,2098,172,27
5632,2099,149,35
5633,2099,547,87
5634,2099,257,78
5635,2099,128,24
5636,2100,386,70
5637,2100,112,62
5638,2101,247,3
5639,2101,519,49
5640,2102,189,19
5641,2102,223,36
5642,2102,19,70
5643,2102,25,28
5644,2103,420,53
5645,2104,544,43
5646,2104,228,37
5647,2104,296,27
5648,2105,286,67
5649,2105,175,6
5650,2105,121,13
5651,2106,314,56
5652,2106,11,31
5653,2107,137,12
5654,2107,243,76
5655,2107,337,59
5656,2108,109,11
5657,2108,403,54
5658,2108,580,81
5659,2109,281,31
5660,2109,190,21
5661,2109,274,53
5662,2109,401,36
5663,2110,32,51
5664,2111,515,13
5665,2112,156,11
5666,2112,65,98
5667,2113,516,16
5668,2113,86,38
5669,2113,524,65
5670,2113,583,39
5671,2113,317,22
5672,2114,80,72
5673,2114,504,13
5674,2115,530,31
5675,2115,192,52
5676,2115,92,10
5677,2115,424,6
5678,2115,500,77
5679,2116,170,76
5680,2117,360,66
5681,2117,404,12
5682,2117,527,89
5683,2117,63,95
5684,2117,16,7
5685,2118,170,47
5686,2118,171,89
5687,2118,217,14
5688,2119,274,59
5689,2119,451,25
5690,2120,150,45
5691,2120,527,72
5692,2120,174,84
5693,2120,596,14
5694,2120,386,75
5695,2121,546,54
5696,2121,435,3
5697,2121,298,62
5698,2121,122,7
5699,2122,327,96
5700,2122,234,60
5701,2122,81,79
5702,2122,126,34
5703,2123,355,54
5704,2123,102,99
5705,2123,173,17
5706,2124,23,27
5707,2124,106,1
5708,2124,496,42
5709,2124,64,100
5710,2124,188,82
5711,2125,392,98
5712,2125,152,96
5713,2125,269,19
5714,2126,230,84
5715,2126,525,19
5716,2126,389,40
5717,2126,109,15
5718,2126,305,47
5719,2127,570,88
5720,2128,336,94
5721,2128,518,76
5722,2128,19,42
5723,2128,475,89
5724,2129,279,47
5725,2129,180,70
5726,2129,492,36
5727,2129,378,55
5728,2130,107,92
5729,2130,42,66
5730,2131,385,10
5731,2131,337,21
5732,2131,361,40
5733,2132,522,23
5734,2132,11,46
5735,2132,443,32
5736,2133,78,8
5737,2133,580,31
5738,2133,533,76
5739,2133,45,70
5740,2133,174,67
5741,2134,251,8
5742,2135,421,62
5743,2135,558,46
5744,2135,389,42
5745,2135,265,73
5746,2136,313,57
5747,2136,46,4
5748,2136,355,21
5749,2136,252,23
5750,2136,336,26
5751,2137,133,39
5752,2137,501,50
5753,2137,434,67
5754,2137,180,37
5755,2137,52,29
5756,2138,591,27
5757,2139,197,65
5758,2139,236,85
5759,2139,370,37
5760,2139,307,63
5761,2139,594,99
5762,2140,443,41
5763,2140,208,73
5764,2140,133,11
5765,2140,539,26
5766,2140,503,24
5767,2141,19,89
5768,2141,518,50
5769,2141,171,86
5770,2141,540,36
5771,2142,120,68
5772,2142,597,12
5773,2142,95,91
5774,2142,371,61
5775,2143,553,63
5776,2143,535,23
5777,2143,62,19
5778,2143,202,61
5779,2144,181,9
5780,2144,404,92
5781,2144,196,100
5782,2145,445,92
5783,2145,178,61
5784,2146,57,99
5785,2146,585,38
5786,2146,309,48
5787,2146,74,12
5788,2146,533,96
5789,2147,35,3
5790,2148,285,8
5791,2149,12,73
5792,2149,589,55
5793,2150,469,97
5794,2150,189,63
5795,2150,468,65
5796,2151,297,62
5797,2152,60,58
5798,2152,54,53
5799,2152,58,67
5800,2153,150,100
5801,2153,404,87
5802,2153,528,9
5803,2153,16,4
5804,2153,488,77
5805,2154,235,16
5806,2154,420,63
5807,2154,19,82
5808,2155,571,80
5809,2155,349,39
5810,2155,388,1
5811,2155,334,22
5812,2156,388,61
5813,2156,38,90
5814,2156,91,60
5815,2157,11,11
5816,2157,32,54
5817,2157,426,67
5818,2157,303,31
5819,2157,321,17
5820,2158,5,51
5821,2158,381,23
5822,2158,487,84
5823,2158,14,21
5824,2159,63,5
5825,2159,282,25
5826,2159,124,45
5827,2159,596,81
5828,2160,531,7
5829,2161,308,50
5830,2162,427,92
5831,2162,94,99
5832,2163,556,13
5833,2163,126,90
5834,2164,218,18
5835,2165,73,17
5836,2166,485,3
5837,2166,471,55
5838,2167,213,49
5839,2167,78,78
5840,2168,523,39
5841,2168,295,41
5842,2168,225,58
5843,2168,181,73
5844,2168,423,33
5845,2169,190,47
5846,2169,412,31
5847,2169,342,91
5848,2169,473,10
5849,2169,427,74
5850,2170,429,89
5851,2170,47,8
5852,2171,88,83
5853,2171,212,44
5854,2171,460,51
5855,2172,417,86
5856,2172,592,29
5857,2172,147,46
5858,2173,520,22
5859,2174,26,72
5860,2174,235,11
5861,2175,471,20
5862,2176,73,16
5863,2176,525,1
5864,2177,585,19
5865,2177,386,2
5866,2177,383,100
5867,2178,440,71
5868,2178,555,69
5869,2178,596,21
5870,2178,335,70
5871,2178,415,94
5872,2179,388,46
5873,2179,26,48
5874,2180,68,82
5875,2180,503,40
5876,2180,367,62
5877,2180,279,80
5878,2181,322,94
5879,2181,156,37
5880,2181,501,74
5881,2181,289,52
5882,2181,355,89
5883,2182,597,99
5884,2183,485,29
5885,2183,52,3
5886,2183,364,79
5887,2183,557,88
5888,2183,539,52
5889,2184,442,37
5890,2185,146,72
5891,2185,450,43
5892,2185,372,41
5893,2185,469,59
5894,2186,592,42
5895,2187,327,69
5896,2188,320,61
5897,2188,189,28
5898,2188,224,64
5899,2189,52,66
5900,2189,508,36
5901,2190,524,45
5902,2190,188,52
5903,2190,86,61
5904,2191,460,11
5905,2191,547,49
5906,2192,75,78
5907,2192,571,85
5908,2193,240,52
5909,2194,589,67
5910,2194,74,71
5911,2195,542,84
5912,2195,519,16
5913,2195,222,17
5914,2195,54,21
5915,2196,518,76
5916,2197,372,46
5917,2198,334,46
5918,2198,337,56
5919,2199,264,45
5920,2199,144,63
5921,2199,174,45
5922,2199,329,15
5923,2200,124,81
5924,2200,436,30
5925,2201,224,34
5926,2202,230,46
5927,2203,23,86
5928,2203,249,74
5929,2203,383,40
5930,2203,280,31
5931,2204,349,41
5932,2205,475,58
5933,2205,452,90
5934,2206,163,46
5935,2206,252,86
5936,2207,279,15
5937,2207,336,14
5938,2207,131,23
5939,2207,333,73
5940,2208,57,27
5941,2208,189,77
5942,2208,314,33
5943,2208,596,99
5944,2209,230,48
5945,2209,309,92
5946,2209,369,58
5947,2209,390,96
5948,2210,346,8
5949,2210,22,86
5950,2210,73,55
5951,2210,282,86
5952,2211,201,26
5953,2212,486,92
5954,2212,65,55
5955,2213,333,13
5956,2213,538,14
5957,2214,342,88
5958,2214,430,2
5959,2214,220,1
5960,2214,337,17
5961,2215,57,69
5962,2215,488,4
5963,2215,305,15
5964,2215,589,52
5965,2215,11,4
5966,2216,414,28
5967,2216,326,75
5968,2216,295,49
5969,2217,298,77
5970,2217,409,91
5971,2217,210,79
5972,2217,369,20
5973,2218,399,18
5974,2218,20,8
5975,2219,191,62
5976,2219,267,44
5977,2220,30,79
5978,2220,100,2
5979,2221,63,22
5980,2222,369,89
5981,2222,267,75
5982,2222,117,27
5983,2223,497,56
5984,2223,589,42
5985,2224,309,36
5986,2224,305,89
5987,2224,22,28
5988,2224,45,12
5989,2225,542,50
5990,2225,273,23
5991,2226,531,2
5992,2227,195,96
5993,2227,264,35
5994,2228,45,52
5995,2228,303,17
5996,2228,525,100
5997,2229,204,79
5998,2229,433,96
5999,2229,316,19
6000,2230,430,23
6001,2230,171,36
6002,2231,507,73
6003,2231,390,16
6004,2231,310,27
6005,2231,224,41
6006,2232,530,1
6007,2233,13,39
6008,2233,214,18
6009,2233,123,77
6010,2233,530,49
6011,2233,83,75
6012,2234,225,58
6013,2234,355,98
6014,2234,221,35
6015,2234,52,59
6016,2234,14,36
6017,2235,580,70
6018,2235,50,75
6019,2236,519,5
6020,2236,66,92
6021,2236,516,40
6022,2236,581,63
6023,2237,319,35
6024,2237,294,39
6025,2237,534,35
6026,2238,401,93
6027,2238,183,42
6028,2238,252,95
6029,2239,95,91
6030,2239,540,90
6031,2239,46,18
6032,2239,5,62
6033,2239,94,32
6034,2240,122,86
6035,2240,505,64
6036,2241,436,55
6037,2241,383,80
6038,2241,580,84
6039,2242,307,11
6040,2243,571,8
6041,2243,448,53
6042,2243,349,29
6043,2243,11,7
6044,2243,166,67
6045,2244,359,66
6046,2244,446,97
6047,2244,218,95
6048,2245,87,12
6049,2245,340,74
6050,2245,574,66
6051,2245,446,58
6052,2246,493,39
6053,2246,13,11
6054,2246,392,89
6055,2246,455,77
6056,2246,307,70
6057,2247,523,61
6058,2248,72,68
6059,2248,35,79
6060,2248,414,31
6061,2248,345,38
6062,2249,150,3
6063,2249,282,95
6064,2249,346,60
6065,2249,525,31
6066,2249,564,28
6067,2250,551,76
6068,2250,586,39
6069,2250,325,35
6070,2250,5,34
6071,2251,432,16
6072,2251,115,78
6073,2251,434,11
6074,2251,72,68
6075,2252,12,45
6076,2252,360,27
6077,2252,388,8
6078,2253,337,43
6079,2253,443,63
6080,2253,313,82
6081,2253,414,49
6082,2254,482,38
6083,2254,267,89
6084,2254,228,7
6085,2254,415,74
6086,2255,91,83
6087,2255,497,72
6088,2256,67,76
6089,2256,163,84
6090,2256,412,77
6091,2256,118,78
6092,2256,405,64
6093,2257,134,81
6094,2257,280,76
6095,2258,272,48
6096,2258,461,43
6097,2258,564,39
6098,2259,370,21
6099,2259,64,93
6100,2260,207,45
6101,2260,593,84
6102,2260,410,57
6103,2261,586,71
6104,2261,544,52
6105,2261,438,42
6106,2261,240,3
6107,2262,461,71
6108,2263,253,3
6109,2263,164,71
6110,2264,475,79
6111,2264,337,98
6112,2265,115,50
6113,2265,112,13
6114,2266,420,66
6115,2266,181,80
6116,2267,475,44
6117,2267,473,9
6118,2267,67,86
6119,2267,68,24
6120,2267,156,53
6121,2268,443,8
6122,2269,117,58
6123,2269,116,29
6124,2269,435,70
6125,2270,124,3
6126,2270,421,89
6127,2270,360,3
6128,2271,472,7
6129,2271,150,9
6130,2272,480,73
6131,2272,468,19
6132,2273,174,33
6133,2273,45,53
6134,2273,189,32
6135,2273,254,87
6136,2273,309,38
6137,2274,518,65
6138,2274,554,37
6139,2274,118,11
6140,2274,14,1
6141,2275,144,54
6142,2275,509,99
6143,2275,539,63
6144,2276,347,24
6145,2277,6,32
6146,2277,111,75
6147,2277,178,41
6148,2277,61,61
6149,2277,175,69
6150,2278,278,43
6151,2278,454,74
6152,2279,248,91
6153,2280,338,42
6154,2280,376,14
6155,2281,434,75
6156,2281,133,77
6157,2281,27,5
6158,2282,134,82
6159,2282,446,98
6160,2282,331,28
6161,2283,473,3
6162,2284,390,26
6163,2284,75,82
6164,2285,556,19
6165,2285,501,29
6166,2285,175,42
6167,2286,399,81
6168,2286,18,32
6169,2286,326,51
6170,2287,394,85
6171,2287,497,16
6172,2287,121,43
6173,2288,25,64
6174,2288,114,14
6175,2288,286,82
6176,2289,386,49
6177,2289,349,55
6178,2290,491,51
6179,2290,524,39
6180,2290,474,11
6181,2290,88,75
6182,2290,365,70
6183,2291,290,41
6184,2291,110,52
6185,2291,137,96
6186,2292,230,54
6187,2292,254,32
6188,2292,22,9
6189,2293,468,57
6190,2293,479,13
6191,2293,392,59
6192,2294,171,49
6193,2294,189,4
6194,2295,329,80
6195,2295,299,39
6196,2295,357,71
6197,2295,232,99
6198,2296,484,31
6199,2296,415,44
6200,2296,54,31
6201,2297,531,99
6202,2298,282,4
6203,2299,252,71
6204,2299,241,70
6205,2299,9,7
6206,2300,118,44
6207,2300,457,86
6208,2300,555,77
6209,2300,337,37
6210,2301,465,6
6211,2301,36,67
6212,2301,116,13
6213,2302,124,78
6214,2303,426,55
6215,2304,75,60
6216,2304,421,62
6217,2305,183,63
6218,2305,336,97
6219,2305,532,56
6220,2305,241,79
6221,2305,208,96
6222,2306,254,3
6223,2306,394,99
6224,2306,588,78
6225,2307,475,79
6226,2307,443,10
6227,2307,225,26
6228,2307,208,29
6229,2308,73,73
6230,2309,403,35
6231,2309,10,34
6232,2309,388,75
6233,2309,389,54
6234,2309,157,57
6235,2310,116,18
6236,2310,337,76
6237,2310,554,77
6238,2311,114,48
6239,2311,351,45
6240,2312,342,50
6241,2312,6,36
6242,2313,89,36
6243,2314,8,82
6244,2314,72,58
6245,2315,485,7
6246,2315,457,57
6247,2315,381,37
6248,2316,349,85
6249,2316,388,27
6250,2316,109,47
6251,2317,181,18
6252,2317,498,94
6253,2318,294,13
6254,2318,514,62
6255,2318,32,79
6256,2319,386,17
6257,2319,403,82
6258,2319,585,27
6259,2319,389,63
6260,2320,539,16
6261,2320,555,7
6262,2321,384,95
6263,2321,170,50
6264,2321,350,6
6265,2321,79,87
6266,2322,592,44
6267,2323,208,20
6268,2323,540,85
6269,2323,95,47
6270,2324,342,77
6271,2324,558,65
6272,2325,553,71
6273,2325,63,52
6274,2326,347,25
6275,2326,279,71
6276,2327,498,26
6277,2327,355,44
6278,2328,564,97
6279,2328,47,14
6280,2328,589,9
6281,2328,527,13
6282,2329,491,46
6283,2329,322,57
6284,2330,516,63
6285,2331,475,22
6286,2331,584,94
6287,2331,116,73
6288,2331,381,52
6289,2331,342,85
6290,2332,68,98
6291,2333,412,59
6292,2333,209,41
6293,2333,406,49
6294,2333,300,44
6295,2334,126,73
6296,2334,382,6
6297,2334,213,13
6298,2335,332,31
6299,2335,315,7
6300,2335,238,21
6301,2336,46,59
6302,2336,367,58
6303,2336,6,48
6304,2337,582,66
6305,2337,1,63
6306,2337,312,95
6307,2338,109,89
6308,2338,527,5
6309,2338,544,32
6310,2339,194,41
6311,2340,77,50
6312,2340,73,21
6313,2340,497,21
6314,2340,16,72
6315,2341,339,53
6316,2342,53,22
6317,2342,54,57
6318,2343,321,23
6319,2344,270,3
6320,2344,570,94
6321,2345,203,49
6322,2345,168,76
6323,2345,13,99
6324,2345,384,32
6325,2346,234,84
6326,2346,70,2
6327,2346,79,2
6328,2346,257,61
6329,2346,169,23
6330,2347,302,35
6331,2347,456,83
6332,2348,213,61
6333,2348,522,6
6334,2349,483,2
6335,2349,366,63
6336,2349,286,9
6337,2349,147,55
6338,2350,411,38
6339,2350,343,61
6340,2350,232,50
6341,2351,425,15
6342,2351,534,54
6343,2351,344,44
6344,2351,251,13
6345,2351,350,46
6346,2352,492,88
6347,2353,215,32
6348,2354,282,75
6349,2354,488,93
6350,2354,383,83
6351,2355,355,79
6352,2355,76,15
6353,2355,319,63
6354,2356,577,68
6355,2357,521,66
6356,2357,507,54
6357,2357,511,33
6358,2358,346,81
6359,2358,257,17
6360,2358,27,31
6361,2359,101,43
6362,2359,491,79
6363,2360,136,79
6364,2361,379,81
6365,2361,397,2
6366,2362,589,83
6367,2362,349,14
6368,2362,109,17
6369,2362,112,43
6370,2362,22,72
6371,2363,326,75
6372,2363,171,49
6373,2363,405,19
6374,2363,190,45
6375,2363,381,32
6376,2364,393,94
6377,2364,265,26
6378,2365,248,81
6379,2365,584,24
6380,2365,361,4
6381,2365,434,81
6382,2366,481,10
6383,2366,159,47
6384,2366,475,66
6385,2366,559,33
6386,2367,425,2
6387,2367,176,46
6388,2367,407,100
6389,2367,318,98
6390,2368,59,93
6391,2369,469,62
6392,2369,494,19
6393,2370,525,97
6394,2371,422,63
6395,2371,371,94
6396,2371,243,83
6397,2372,171,85
6398,2372,584,80
6399,2373,457,57
6400,2373,95,45
6401,2373,430,21
6402,2373,401,65
6403,2374,457,87
6404,2374,36,71
6405,2374,555,40
6406,2375,287,94
6407,2375,238,2
6408,2376,290,28
6409,2377,430,65
6410,2377,100,94
6411,2378,289,54
6412,2378,412,27
6413,2378,171,10
6414,2379,405,41
6415,2379,101,62
6416,2379,424,92
6417,2379,84,20
6418,2380,300,94
6419,2380,208,8
6420,2380,40,63
6421,2381,259,29
6422,2381,42,48
6423,2382,67,16
6424,2382,313,62
6425,2383,577,28
6426,2384,451,25
6427,2384,113,49
6428,2384,232,73
6429,2385,144,22
6430,2385,483,97
6431,2386,391,48
6432,2387,281,99
6433,2387,423,19
6434,2387,342,62
6435,2388,532,14
6436,2388,443,80
6437,2388,473,65
6438,2388,295,8
6439,2389,487,4
6440,2389,485,87
6441,2389,274,23
6442,2389,248,100
6443,2389,355,81
6444,2390,279,35
6445,2390,473,54
6446,2390,539,3
6447,2391,518,62
6448,2391,473,48
6449,2391,492,2
6450,2391,584,96
6451,2391,358,36
6452,2392,309,32
6453,2392,596,39
6454,2393,46,98
6455,2393,235,85
6456,2393,322,23
6457,2394,10,80
6458,2394,314,21
6459,2394,580,97
6460,2395,312,43
6461,2395,510,71
6462,2395,369,39
6463,2395,516,30
6464,2396,216,20
6465,2396,179,28
6466,2397,61,10
6467,2397,256,25
6468,2397,387,31
6469,2398,427,43
6470,2399,295,63
6471,2399,265,45
6472,2399,456,48
6473,2400,290,6
6474,2400,104,49
6475,2401,504,52
6476,2401,222,66
6477,2402,295,56
6478,2402,337,24
6479,2402,116,37
6480,2403,47,11
6481,2404,594,93
6482,2405,253,71
6483,2405,412,18
6484,2405,540,44
6485,2406,586,64
6486,2407,356,42
6487,2407,536,77
6488,2408,525,11
6489,2408,254,31
6490,2409,360,70
6491,2409,57,68
6492,2409,525,58
6493,2409,426,5
6494,2410,252,55
6495,2410,488,74
6496,2411,426,60
6497,2411,444,61
6498,2411,253,90
6499,2412,416,95
6500,2412,48,100
6501,2413,340,65
6502,2413,229,36
6503,2413,319,84
6504,2413,373,59
6505,2414,414,3
6506,2414,498,86
6507,2414,295,7
6508,2414,183,63
6509,2414,501,96
6510,2415,426,49
6511,2415,497,87
6512,2416,599,78
6513,2416,249,31
6514,2416,429,62
6515,2417,242,21
6516,2418,503,54
6517,2418,381,91
6518,2418,451,46
6519,2419,280,91
6520,2420,233,36
6521,2420,547,71
6522,2420,493,20
6523,2420,299,89
6524,2421,540,70
6525,2421,458,34
6526,2421,57,45
6527,2421,325,82
6528,2422,464,17
6529,2422,143,56
6530,2422,299,67
6531,2422,188,29
6532,2423,474,54
6533,2423,193,31
6534,2423,572,83
6535,2424,243,52
6536,2424,356,56
6537,2424,265,34
6538,2425,531,23
6539,2425,131,97
6540,2425,414,51
6541,2425,405,72
6542,2426,284,75
6543,2427,302,52
6544,2427,570,47
6545,2427,448,49
6546,2428,30,73
6547,2428,536,4
6548,2428,327,72
6549,2429,348,45
6550,2429,94,49
6551,2430,41,61
6552,2431,580,74
6553,2431,63,8
6554,2431,91,76
6555,2431,57,86
6556,2431,112,92
6557,2432,523,21
6558,2432,205,100
6559,2433,342,5
6560,2433,455,51
6561,2434,390,95
6562,2434,533,100
6563,2434,174,37
6564,2434,154,87
6565,2435,25,75
6566,2436,343,18
6567,2437,494,14
6568,2437,51,84
6569,2437,427,38
6570,2438,331,71
6571,2438,364,93
6572,2439,89,41
6573,2439,255,3
6574,2439,222,71
6575,2439,506,1
6576,2440,572,59
6577,2440,62,73
6578,2440,283,97
6579,2441,301,89
6580,2442,294,57
6581,2443,10,16
6582,2443,596,55
6583,2443,75,76
6584,2443,580,21
6585,2443,533,44
6586,2444,128,32
6587,2444,64,92
6588,2445,115,67
6589,2445,91,7
6590,2446,174,71
6591,2447,281,23
6592,2447,94,70
6593,2447,118,13
6594,2447,180,54
6595,2448,547,15
6596,2449,81,3
6597,2450,550,28
6598,2450,247,80
6599,2450,43,78
6600,2451,137,29
6601,2451,165,100
6602,2451,431,16
6603,2451,287,92
6604,2451,496,99
6605,2452,27,34
6606,2452,503,47
6607,2453,594,78
6608,2454,94,38
6609,2454,443,87
6610,2455,110,16
6611,2455,370,80
6612,2455,424,8
6613,2456,27,69
6614,2457,367,45
6615,2457,378,54
6616,2458,362,46
6617,2458,519,59
6618,2458,286,13
6619,2459,473,91
6620,2459,531,46
6621,2459,46,84
6622,2459,221,40
6623,2459,131,88
6624,2460,2,6
6625,2460,235,78
6626,2461,527,80
6627,2461,112,44
6628,2462,353,18
6629,2462,216,73
6630,2462,227,12
6631,2462,35,73
6632,2463,290,58
6633,2464,596,21
6634,2464,11,25
6635,2465,447,63
6636,2465,249,59
6637,2465,125,10
6638,2465,515,31
6639,2466,329,97
6640,2466,229,25
6641,2466,319,61
6642,2466,393,8
6643,2467,157,75
6644,2467,75,18
6645,2467,488,48
6646,2468,487,84
6647,2468,492,15
6648,2469,335,15
6649,2469,139,12
6650,2470,423,61
6651,2470,532,80
6652,2470,342,47
6653,2471,584,49
6654,2471,405,49
6655,2471,485,49
6656,2472,30,59
6657,2472,341,33
6658,2472,137,16
6659,2472,292,13
6660,2473,163,52
6661,2473,133,41
6662,2473,443,86
6663,2473,14,7
6664,2474,405,19
6665,2474,577,72
6666,2475,539,11
6667,2475,427,81
6668,2476,159,22
6669,2477,361,96
6670,2478,410,17
6671,2478,568,53
6672,2478,53,82
6673,2478,535,45
6674,2478,598,49
6675,2479,432,100
6676,2479,89,44
6677,2480,77,69
6678,2480,325,97
6679,2480,380,62
6680,2481,254,51
6681,2481,113,49
6682,2481,303,68
6683,2481,596,97
6684,2481,585,34
6685,2482,495,21
6686,2482,292,100
6687,2482,251,45
6688,2483,385,22
6689,2483,518,48
6690,2484,16,82
6691,2484,596,65
6692,2484,517,14
6693,2484,166,97
6694,2485,530,37
6695,2485,363,23
6696,2485,572,3
6697,2486,168,40
6698,2486,162,29
6699,2487,146,16
6700,2487,255,21
6701,2488,530,37
6702,2488,512,6
6703,2489,557,29
6704,2489,405,51
6705,2489,367,65
6706,2489,274,82
6707,2490,95,19
6708,2491,560,11
6709,2491,544,83
6710,2492,431,34
6711,2493,378,95
6712,2493,14,33
6713,2494,342,3
6714,2494,131,64
6715,2494,549,25
6716,2494,5,13
6717,2495,305,60
6718,2495,87,30
6719,2495,181,73
6720,2495,446,18
6721,2496,44,27
6722,2496,195,12
6723,2496,424,24
6724,2496,490,16
6725,2497,485,14
6726,2497,183,96
6727,2497,412,20
6728,2497,423,81
6729,2497,322,2
6730,2498,461,47
6731,2499,14,44
6732,2499,473,85
6733,2500,166,92
6734,2500,38,99
6735,2500,390,89
