grn_line_id,grn_id,po_line_id,item_id,qty_received,quality_status
1,1,1,352,340,Good Condition
2,1,2,579,288,Good Condition
3,1,3,308,129,Good Condition
4,1,4,62,48,Good Condition
5,1,5,444,286,Good Condition
6,1,6,202,300,Good Condition
7,1,7,424,240,Good Condition
8,1,8,368,460,Good Condition
9,2,9,94,98,Service Accepted
10,2,10,437,72,Service Accepted
11,2,11,342,344,Service Accepted
12,2,12,199,60,Service Accepted
13,2,13,37,456,Service Accepted
14,2,14,351,313,Service Accepted
15,2,15,135,95,Service Accepted
16,2,16,68,492,Service Accepted
17,3,17,352,191,Good Condition
18,3,18,593,20,Good Condition
19,3,19,548,43,Good Condition
20,4,20,43,276,Good Condition
21,4,21,249,493,Good Condition
22,4,22,359,495,Good Condition
23,5,23,574,499,Good Condition
24,5,24,160,422,Good Condition
25,5,25,243,150,Good Condition
26,5,26,217,203,Good Condition
27,5,27,249,305,Good Condition
28,6,28,334,137,Good Condition
29,6,29,574,462,Good Condition
30,6,30,543,261,Good Condition
31,6,31,166,144,Good Condition
32,7,32,577,264,Good Condition
33,7,33,399,452,Good Condition
34,7,34,550,126,Good Condition
35,8,35,354,161,Good Condition
36,8,36,81,142,Good Condition
37,8,37,42,205,Good Condition
38,8,38,541,102,Good Condition
39,9,39,455,384,Good Condition
40,9,40,306,456,Good Condition
41,9,41,203,194,Packaging Damaged
42,9,42,524,191,Good Condition
43,9,43,493,60,Good Condition
44,10,44,490,241,Good Condition
45,10,45,514,219,Good Condition
46,10,46,372,430,Wrong Item Sent
47,11,47,535,421,Good Condition
48,11,48,318,284,Good Condition
49,11,49,293,439,Good Condition
50,11,50,513,430,Good Condition
51,11,51,23,232,Good Condition
52,12,52,391,96,Good Condition
53,12,53,550,113,Good Condition
54,12,54,424,369,Good Condition
55,12,55,510,211,Good Condition
56,12,56,125,274,Good Condition
57,12,57,157,152,Good Condition
58,13,58,77,399,Good Condition
59,13,59,462,392,Good Condition
60,13,60,360,155,Good Condition
61,13,61,488,191,Good Condition
62,13,62,570,367,Good Condition
63,14,63,211,53,Good Condition
64,14,64,30,115,Good Condition
65,14,65,192,214,Good Condition
66,15,66,456,497,Good Condition
67,15,67,290,168,Rejected - Quality Failure
68,15,68,210,472,Rejected - Quality Failure
69,15,69,422,418,Rejected - Quality Failure
70,15,70,462,115,Good Condition
71,15,71,111,457,Good Condition
72,16,72,342,313,Service Incomplete
73,16,73,95,488,Service Accepted
74,16,74,37,455,Service Accepted
75,17,75,178,375,Good Condition
76,17,76,8,395,Good Condition
77,17,77,391,146,Good Condition
78,17,78,370,180,Good Condition
79,17,79,438,41,Good Condition
80,17,80,49,461,Good Condition
81,18,81,123,337,Good Condition
82,18,82,444,232,Good Condition
83,18,83,147,272,Good Condition
84,18,84,175,77,Good Condition
85,18,85,117,420,Good Condition
86,18,86,102,73,Good Condition
87,19,87,163,220,Service Accepted
88,19,88,333,173,Service Accepted
89,19,89,193,34,Good Condition
90,19,90,587,79,Good Condition
91,19,91,401,362,Service Accepted
92,19,92,98,217,Good Condition
93,20,93,38,495,Good Condition
94,20,94,568,245,Good Condition
95,20,95,345,462,Good Condition
96,21,96,49,318,Good Condition
97,22,97,540,27,Service Accepted
98,23,98,370,434,Good Condition
99,23,99,562,77,Good Condition
100,24,100,300,122,Good Condition
101,24,101,570,88,Good Condition
102,24,102,335,119,Good Condition
103,24,103,462,129,Good Condition
104,24,104,158,195,Good Condition
105,24,105,235,471,Good Condition
106,24,106,317,276,Good Condition
107,24,107,456,302,Good Condition
108,25,108,481,466,Good Condition
109,25,109,306,444,Good Condition
110,26,110,446,499,Good Condition
111,26,111,462,201,Good Condition
112,26,112,488,354,Good Condition
113,26,113,111,167,Good Condition
114,26,114,410,487,Good Condition
115,26,115,115,386,Good Condition
116,27,116,481,101,Good Condition
117,27,117,598,357,Good Condition
118,27,118,111,32,Good Condition
119,28,119,87,365,Good Condition
120,28,120,446,442,Good Condition
121,29,121,324,30,Good Condition
122,29,122,117,339,Good Condition
123,29,123,538,227,Good Condition
124,29,124,197,58,Good Condition
125,30,125,283,118,Good Condition
126,30,126,570,87,Good Condition
127,31,127,455,425,Good Condition
128,31,128,103,134,Good Condition
129,31,129,290,85,Good Condition
130,31,130,147,42,Good Condition
131,31,131,110,254,Good Condition
132,32,132,354,42,Good Condition
133,33,133,194,354,Good Condition
134,33,134,577,422,Good Condition
135,33,135,273,327,Good Condition
136,33,136,442,335,Good Condition
137,34,137,182,109,Good Condition
138,34,138,25,208,Good Condition
139,34,139,53,248,Good Condition
140,34,140,30,201,Good Condition
141,34,141,392,493,Good Condition
142,34,142,69,226,Good Condition
143,35,143,187,360,Good Condition
144,35,144,547,150,Good Condition
145,36,145,532,140,Service Accepted
146,37,146,341,342,Good Condition
147,37,147,561,149,Service Accepted
148,38,148,285,486,Good Condition
149,38,149,232,189,Good Condition
150,38,150,54,46,Good Condition
151,39,151,529,114,Service Accepted
152,39,152,138,263,Good Condition
153,39,153,342,134,Service Accepted
154,39,154,351,48,Service Accepted
155,39,155,132,463,Service Accepted
156,39,156,364,214,Service Accepted
157,40,157,450,361,Good Condition
158,40,158,441,33,Good Condition
159,40,159,471,348,Good Condition
160,40,160,273,439,Good Condition
161,40,161,469,310,Good Condition
162,41,162,70,238,Good Condition
163,41,163,81,422,Good Condition
164,41,164,582,360,Good Condition
165,41,165,418,202,Good Condition
166,41,166,562,104,Good Condition
167,42,167,558,195,Rejected - Quality Failure
168,42,168,391,66,Rejected - Quality Failure
169,42,169,262,222,Good Condition
170,43,170,207,154,Good Condition
171,43,171,83,188,Good Condition
172,43,172,313,133,Service Accepted
173,43,173,261,471,Good Condition
174,43,174,536,46,Good Condition
175,43,175,561,180,Service Accepted
176,44,176,87,396,Good Condition
177,44,177,345,280,Good Condition
178,44,178,456,187,Good Condition
179,45,179,249,331,Good Condition
180,45,180,359,343,Good Condition
181,45,181,43,407,Good Condition
182,46,182,203,368,Good Condition
183,46,183,345,278,Good Condition
184,46,184,568,293,Screen Damaged
185,46,185,393,284,Good Condition
186,46,186,524,427,Good Condition
187,46,187,455,135,Good Condition
188,46,188,538,152,Good Condition
189,47,189,408,406,Good Condition
190,47,190,541,327,Good Condition
191,47,191,80,266,Good Condition
192,47,192,70,342,Good Condition
193,47,193,50,380,Good Condition
194,47,194,445,132,Good Condition
195,48,195,202,312,Good Condition
196,48,196,481,454,Good Condition
197,48,197,553,130,Good Condition
198,48,198,235,288,Good Condition
199,49,199,181,278,Service Accepted
200,50,200,205,354,Good Condition
201,50,201,194,203,Good Condition
202,51,202,293,402,Good Condition
203,51,203,462,230,Minor Defect - Accepted
204,51,204,15,89,Good Condition
205,51,205,301,393,Good Condition
206,51,206,445,264,Good Condition
207,51,207,319,463,Good Condition
208,52,208,392,78,Good Condition
209,52,209,30,423,Good Condition
210,52,210,182,200,Good Condition
211,53,211,549,318,Service Accepted
212,53,212,431,131,Good Condition
213,54,213,153,131,Good Condition
214,54,214,493,336,Good Condition
215,54,215,129,25,Good Condition
216,54,216,243,156,Good Condition
217,54,217,562,244,Good Condition
218,55,218,70,52,Good Condition
219,55,219,309,218,Good Condition
220,55,220,42,199,Good Condition
221,55,221,368,82,Good Condition
222,55,222,203,78,Good Condition
223,56,223,291,394,Good Condition
224,56,224,391,132,Good Condition
225,56,225,597,297,Good Condition
226,56,226,165,471,Good Condition
227,56,227,175,415,Good Condition
228,56,228,293,382,Good Condition
229,57,229,489,174,Good Condition
230,57,230,239,237,Good Condition
231,57,231,165,425,Good Condition
232,58,232,56,281,Good Condition
233,58,233,188,409,Good Condition
234,58,234,433,439,Good Condition
235,58,235,275,406,Good Condition
236,58,236,566,230,Good Condition
237,59,237,319,444,Good Condition
238,59,238,28,26,Good Condition
239,59,239,577,393,Good Condition
240,59,240,548,312,Good Condition
241,59,241,469,166,Good Condition
242,59,242,391,180,Good Condition
243,60,243,275,175,Good Condition
244,60,244,433,129,Good Condition
245,60,245,566,216,Good Condition
246,60,246,375,132,Good Condition
247,60,247,188,155,Good Condition
248,60,248,56,105,Good Condition
249,61,249,473,407,Service Accepted
250,61,250,39,360,Service Accepted
251,61,251,361,196,Service Accepted
252,61,252,156,38,Service Accepted
253,62,253,381,203,Service Accepted
254,62,254,498,445,Service Accepted
255,62,255,281,73,Service Accepted
256,62,256,430,422,Service Accepted
257,62,257,457,266,Service Accepted
258,62,258,348,354,Service Accepted
259,62,259,296,51,Service Accepted
260,63,260,70,35,Good Condition
261,63,261,205,319,Good Condition
262,63,262,312,48,Good Condition
263,63,263,494,285,Good Condition
264,64,264,150,473,Good Condition
265,64,265,462,60,Good Condition
266,64,266,242,47,Good Condition
267,64,267,205,78,Good Condition
268,65,268,220,447,Service Accepted
269,65,269,289,174,Service Accepted
270,65,270,498,330,Service Accepted
271,65,271,241,114,Service Accepted
272,66,272,42,39,Good Condition
273,67,273,372,453,Good Condition
274,67,274,273,27,Good Condition
275,67,275,75,265,Good Condition
276,68,276,349,315,Good Condition
277,68,277,103,59,Good Condition
278,68,278,126,48,Good Condition
279,68,279,146,343,Good Condition
280,69,280,577,391,Good Condition
281,69,281,375,431,Good Condition
282,69,282,60,210,Good Condition
283,69,283,157,255,Good Condition
284,70,284,480,229,Good Condition
285,70,285,23,430,Good Condition
286,70,286,217,315,Good Condition
287,70,287,318,377,Good Condition
288,70,288,543,223,Good Condition
289,71,289,300,160,Good Condition
290,71,290,265,413,Good Condition
291,71,291,553,103,Good Condition
292,71,292,483,351,Good Condition
293,71,293,129,146,Good Condition
294,72,294,276,91,Service Accepted
295,72,295,467,105,Service Accepted
296,72,296,241,132,Service Accepted
297,72,297,220,389,Service Accepted
298,73,298,321,435,Good Condition
299,73,299,372,411,Wrong Item Sent
300,73,300,47,99,Good Condition
301,73,301,481,425,Good Condition
302,73,302,407,464,Good Condition
303,73,303,505,310,Good Condition
304,74,304,70,286,Good Condition
305,74,305,312,270,Good Condition
306,74,306,192,475,Good Condition
307,75,307,580,467,Good Condition
308,75,308,570,311,Good Condition
309,75,309,319,205,Dead on Arrival (DOA)
310,75,310,519,376,Good Condition
311,75,311,426,319,Good Condition
312,75,312,578,233,Good Condition
313,76,313,318,210,Good Condition
314,76,314,217,348,Minor Defect - Accepted
315,76,315,530,179,Good Condition
316,76,316,543,234,Good Condition
317,77,317,364,482,Service Accepted
318,77,318,279,301,Service Accepted
319,77,319,434,484,Service Accepted
320,77,320,173,36,Service Accepted
321,77,321,348,204,Service Incomplete
322,77,322,289,319,Service Incomplete
323,77,323,258,422,Service Accepted
324,77,324,347,422,Service Accepted
325,78,325,196,37,Rejected - Quality Failure
326,79,326,187,363,Good Condition
327,79,327,392,244,Good Condition
328,79,328,25,49,Good Condition
329,80,329,550,149,Good Condition
330,80,330,481,409,Good Condition
331,80,331,175,426,Good Condition
332,80,332,409,243,Good Condition
333,80,333,317,30,Good Condition
334,80,334,210,97,Good Condition
335,80,335,255,26,Good Condition
336,81,336,272,73,Good Condition
337,81,337,591,184,Dead on Arrival (DOA)
338,81,338,119,203,Good Condition
339,81,339,16,348,Good Condition
340,81,340,446,350,Good Condition
341,81,341,91,482,Good Condition
342,81,342,368,415,Good Condition
343,82,343,513,17,Good Condition
344,82,344,560,493,Good Condition
345,82,345,21,377,Good Condition
346,82,346,237,110,Good Condition
347,82,347,390,118,Good Condition
348,82,348,243,263,Good Condition
349,82,349,360,332,Good Condition
350,82,350,488,64,Good Condition
351,83,351,315,459,Good Condition
352,83,352,120,179,Good Condition
353,83,353,387,295,Service Accepted
354,83,354,429,111,Good Condition
355,83,355,437,153,Service Accepted
356,83,356,7,278,Good Condition
357,83,357,364,226,Service Accepted
358,83,358,245,394,Good Condition
359,83,359,270,454,Good Condition
360,84,360,499,384,Good Condition
361,84,361,194,447,Good Condition
362,84,362,244,132,Good Condition
363,84,363,591,86,Dead on Arrival (DOA)
364,85,364,192,65,Good Condition
365,85,365,525,39,Good Condition
366,85,366,57,83,Dead on Arrival (DOA)
367,85,367,38,324,Good Condition
368,86,368,259,406,Good Condition
369,86,369,565,136,Good Condition
370,87,370,535,335,Good Condition
371,87,371,165,363,Good Condition
372,87,372,255,124,Good Condition
373,87,373,15,168,Good Condition
374,87,374,28,416,Good Condition
375,87,375,570,54,Good Condition
376,88,376,286,112,Good Condition
377,88,377,500,153,Good Condition
378,88,378,106,418,Good Condition
379,88,379,35,368,Service Accepted
380,88,380,344,278,Good Condition
381,88,381,549,203,Service Accepted
382,89,386,308,285,Good Condition
383,89,387,597,346,Good Condition
384,90,388,251,427,Good Condition
385,90,389,239,24,Good Condition
386,90,390,108,340,Good Condition
387,90,391,359,53,Minor Defect - Accepted
388,90,392,235,463,Good Condition
389,91,393,382,255,Good Condition
390,91,394,181,338,Service Accepted
391,92,395,123,75,Good Condition
392,92,396,117,417,Good Condition
393,92,397,147,274,Minor Defect - Accepted
394,93,398,29,361,Good Condition
395,93,399,172,216,Good Condition
396,93,400,366,426,Good Condition
397,94,401,366,87,Good Condition
398,94,402,123,408,Good Condition
399,94,403,102,467,Good Condition
400,94,404,308,158,Good Condition
401,94,405,147,141,Good Condition
402,94,406,444,53,Good Condition
403,94,407,285,280,Good Condition
404,95,408,462,71,Good Condition
405,95,409,230,194,Good Condition
406,95,410,255,398,Packaging Damaged
407,95,411,157,152,Good Condition
408,95,412,10,194,Screen Damaged
409,96,413,103,468,Good Condition
410,96,414,205,209,Good Condition
411,96,415,571,476,Good Condition
412,96,416,335,199,Good Condition
413,96,417,324,430,Good Condition
414,97,418,251,282,Good Condition
415,97,419,359,45,Good Condition
416,98,420,519,231,Good Condition
417,98,421,582,472,Screen Damaged
418,98,422,217,383,Good Condition
419,98,423,551,229,Good Condition
420,99,424,49,87,Good Condition
421,99,425,238,404,Good Condition
422,99,426,421,404,Good Condition
423,99,427,370,230,Good Condition
424,99,428,48,412,Good Condition
425,100,429,183,31,Service Accepted
426,100,430,348,351,Service Accepted
427,100,431,475,113,Service Accepted
428,100,432,258,17,Service Accepted
429,101,433,240,229,Good Condition
430,101,434,432,133,Good Condition
431,101,435,179,360,Good Condition
432,101,436,578,366,Good Condition
433,101,437,4,219,Good Condition
434,101,438,176,134,Good Condition
435,102,439,550,371,Good Condition
436,102,440,474,318,Good Condition
437,102,441,251,319,Good Condition
438,102,442,393,421,Good Condition
439,102,443,141,222,Good Condition
440,102,444,194,457,Good Condition
441,103,445,91,103,Good Condition
442,103,446,80,437,Dead on Arrival (DOA)
443,103,447,11,348,Good Condition
444,103,448,550,190,Good Condition
445,103,449,160,212,Good Condition
446,103,450,570,317,Good Condition
447,103,451,54,228,Good Condition
448,104,452,80,438,Good Condition
449,104,453,474,152,Good Condition
450,105,454,483,455,Packaging Damaged
451,105,455,469,13,Good Condition
452,105,456,424,383,Good Condition
453,106,457,147,58,Good Condition
454,106,458,103,37,Good Condition
455,106,459,290,498,Good Condition
456,106,460,330,149,Good Condition
457,106,461,455,141,Good Condition
458,106,462,242,232,Good Condition
459,107,463,554,326,Service Accepted
460,107,464,501,458,Service Accepted
461,107,465,540,106,Service Accepted
462,107,466,72,370,Service Accepted
463,108,467,264,218,Good Condition
464,108,468,556,238,Good Condition
465,108,469,433,250,Good Condition
466,108,470,23,319,Good Condition
467,109,471,232,207,Good Condition
468,110,472,242,266,Good Condition
469,110,473,165,430,Good Condition
470,110,474,391,407,Good Condition
471,111,475,505,207,Good Condition
472,112,476,375,420,Good Condition
473,112,477,368,214,Good Condition
474,112,478,486,280,Good Condition
475,112,479,69,394,Good Condition
476,112,480,318,92,Good Condition
477,113,481,264,296,Good Condition
478,113,482,308,352,Good Condition
479,114,483,179,64,Good Condition
480,114,484,366,276,Good Condition
481,114,485,574,260,Good Condition
482,114,486,89,151,Good Condition
483,114,487,70,65,Good Condition
484,115,488,424,330,Good Condition
485,115,489,541,377,Good Condition
486,115,490,165,442,Good Condition
487,116,491,488,307,Good Condition
488,116,492,493,174,Good Condition
489,116,493,513,122,Good Condition
490,116,494,237,336,Good Condition
491,116,495,483,276,Good Condition
492,116,496,21,485,Good Condition
493,116,497,390,284,Good Condition
494,116,498,560,254,Good Condition
495,117,499,300,280,Good Condition
496,117,500,23,123,Good Condition
497,117,501,285,452,Good Condition
498,117,502,129,127,Good Condition
499,117,503,553,42,Good Condition
500,118,504,462,291,Good Condition
501,118,505,150,144,Good Condition
502,118,506,400,113,Good Condition
503,118,507,300,177,Good Condition
504,118,508,335,210,Good Condition
505,118,509,538,108,Good Condition
506,118,510,205,217,Good Condition
507,118,511,196,442,Good Condition
508,119,512,558,386,Good Condition
509,119,513,41,217,Good Condition
510,119,514,92,339,Good Condition
511,119,515,222,22,Good Condition
512,119,516,70,178,Good Condition
513,119,517,308,444,Good Condition
514,119,518,13,267,Good Condition
515,120,519,571,252,Good Condition
516,120,520,26,167,Good Condition
517,120,521,375,261,Good Condition
518,120,522,53,423,Good Condition
519,121,523,80,96,Good Condition
520,121,524,408,459,Good Condition
521,121,525,308,37,Good Condition
522,121,526,450,125,Good Condition
523,121,527,424,215,Good Condition
524,121,528,345,384,Good Condition
525,122,529,429,373,Good Condition
526,122,530,274,29,Service Accepted
527,122,531,315,99,Good Condition
528,122,532,320,482,Good Condition
529,123,533,185,228,Good Condition
530,123,534,151,126,Good Condition
531,123,535,244,119,Good Condition
532,124,536,509,132,Good Condition
533,124,537,512,93,Good Condition
534,124,538,406,36,Good Condition
535,125,539,562,105,Rejected - Quality Failure
536,125,540,359,202,Rejected - Quality Failure
537,125,541,301,466,Good Condition
538,125,542,304,43,Rejected - Quality Failure
539,125,543,196,27,Good Condition
540,126,544,128,419,Good Condition
541,127,545,318,109,Good Condition
542,127,546,550,70,Good Condition
543,127,547,123,260,Good Condition
544,127,548,572,190,Good Condition
545,127,549,476,335,Good Condition
546,128,550,30,256,Good Condition
547,128,551,243,219,Good Condition
548,128,552,582,120,Good Condition
549,128,553,210,89,Good Condition
550,129,554,285,358,Good Condition
551,130,555,110,228,Good Condition
552,130,556,103,197,Good Condition
553,130,557,240,133,Good Condition
554,130,558,147,478,Good Condition
555,131,559,231,263,Service Accepted
556,131,560,55,162,Service Incomplete
557,131,561,274,353,Service Accepted
558,131,562,529,235,Service Accepted
559,131,563,248,492,Service Accepted
560,131,564,27,111,Service Accepted
561,131,565,72,205,Service Accepted
562,132,566,125,271,Good Condition
563,132,567,512,316,Good Condition
564,132,568,582,154,Good Condition
565,132,569,508,196,Good Condition
566,133,570,170,283,Good Condition
567,133,571,244,107,Good Condition
568,133,572,346,83,Good Condition
569,133,573,515,297,Packaging Damaged
570,133,574,359,244,Good Condition
571,134,575,588,305,Good Condition
572,134,576,359,243,Rejected - Quality Failure
573,134,577,304,80,Rejected - Quality Failure
574,134,578,196,61,Good Condition
575,134,579,60,371,Rejected - Quality Failure
576,134,580,301,368,Good Condition
577,135,581,56,260,Good Condition
578,136,582,340,277,Good Condition
579,136,583,432,22,Good Condition
580,136,584,519,153,Good Condition
581,136,585,377,89,Good Condition
582,137,586,141,388,Good Condition
583,137,587,80,287,Good Condition
584,137,588,374,25,Good Condition
585,137,589,217,45,Good Condition
586,137,590,102,16,Good Condition
587,138,591,26,276,Good Condition
588,138,592,368,232,Good Condition
589,138,593,33,494,Good Condition
590,138,594,571,277,Good Condition
591,138,595,375,453,Good Condition
592,139,596,210,305,Good Condition
593,139,597,25,42,Good Condition
594,139,598,192,117,Good Condition
595,139,599,441,357,Good Condition
596,139,600,211,230,Good Condition
597,139,601,108,296,Good Condition
598,139,602,30,39,Good Condition
599,140,603,287,10,Good Condition
600,140,604,141,470,Good Condition
601,140,605,550,380,Good Condition
602,140,606,194,205,Good Condition
603,140,607,474,218,Good Condition
604,141,608,55,431,Service Accepted
605,141,609,44,274,Good Condition
606,141,610,475,363,Service Accepted
607,141,611,61,413,Service Accepted
608,142,612,540,179,Service Accepted
609,142,613,39,253,Service Accepted
610,142,614,361,491,Service Accepted
611,142,615,518,51,Service Accepted
612,142,616,351,228,Service Accepted
613,142,617,281,253,Service Accepted
614,143,618,49,344,Good Condition
615,143,619,109,321,Good Condition
616,143,620,170,448,Good Condition
617,144,621,236,17,Good Condition
618,145,622,577,198,Good Condition
619,145,623,439,417,Good Condition
620,145,624,291,225,Good Condition
621,145,625,42,396,Good Condition
622,145,626,79,10,Good Condition
623,145,627,170,37,Good Condition
624,146,628,308,235,Good Condition
625,146,629,572,273,Good Condition
626,146,630,317,355,Good Condition
627,146,631,110,172,Good Condition
628,147,632,103,261,Good Condition
629,147,633,117,49,Good Condition
630,147,634,300,28,Good Condition
631,147,635,579,280,Good Condition
632,148,636,453,36,Service Accepted
633,148,637,233,115,Service Incomplete
634,148,638,532,417,Service Accepted
635,148,639,545,143,Service Accepted
636,148,640,114,197,Service Accepted
637,149,641,530,15,Good Condition
638,149,642,407,472,Good Condition
639,150,644,474,382,Good Condition
640,150,645,182,366,Good Condition
641,150,646,565,259,Good Condition
642,150,647,510,284,Good Condition
643,150,648,399,196,Good Condition
644,150,649,238,242,Good Condition
645,151,650,113,280,Good Condition
646,151,651,196,197,Good Condition
647,151,652,519,225,Good Condition
648,151,653,23,468,Good Condition
649,152,654,406,73,Good Condition
650,152,655,560,39,Good Condition
651,152,656,556,92,Good Condition
652,152,657,548,371,Good Condition
653,152,658,176,261,Good Condition
654,153,659,210,153,Good Condition
655,153,660,450,436,Good Condition
656,153,661,330,350,Good Condition
657,153,662,103,148,Good Condition
658,153,663,165,95,Good Condition
659,154,664,84,73,Good Condition
660,154,665,513,204,Good Condition
661,154,666,237,297,Good Condition
662,154,667,249,379,Good Condition
663,155,668,324,185,Good Condition
664,155,669,399,428,Good Condition
665,155,670,41,366,Good Condition
666,155,671,433,495,Good Condition
667,156,672,42,256,Good Condition
668,156,673,134,131,Good Condition
669,156,674,264,435,Good Condition
670,156,675,551,498,Good Condition
671,156,676,259,147,Good Condition
672,156,677,471,269,Good Condition
673,156,678,444,188,Good Condition
674,156,679,232,141,Good Condition
675,156,680,424,89,Good Condition
676,157,681,491,410,Good Condition
677,157,682,300,374,Good Condition
678,157,683,440,41,Good Condition
679,157,684,493,387,Good Condition
680,157,685,170,307,Good Condition
681,157,686,525,36,Good Condition
682,157,687,62,187,Good Condition
683,158,688,102,318,Good Condition
684,158,689,80,110,Good Condition
685,158,690,352,283,Good Condition
686,158,691,530,232,Good Condition
687,158,692,574,178,Good Condition
688,158,693,179,72,Good Condition
689,159,694,574,320,Good Condition
690,159,695,578,106,Good Condition
691,159,696,84,170,Good Condition
692,159,697,54,488,Good Condition
693,159,698,187,95,Good Condition
694,159,699,159,51,Good Condition
695,159,700,201,246,Good Condition
696,159,701,217,79,Good Condition
697,160,709,16,231,Good Condition
698,160,710,517,261,Good Condition
699,161,711,8,403,Good Condition
700,161,712,57,364,Good Condition
701,161,713,600,109,Good Condition
702,161,714,591,13,Good Condition
703,161,715,439,112,Good Condition
704,161,716,236,297,Good Condition
705,162,717,446,443,Good Condition
706,162,718,111,61,Good Condition
707,163,719,255,399,Good Condition
708,163,720,374,269,Good Condition
709,163,721,170,225,Screen Damaged
710,163,722,319,177,Good Condition
711,163,723,71,240,Good Condition
712,164,724,498,26,Service Accepted
713,164,725,467,381,Service Accepted
714,164,726,220,308,Service Accepted
715,164,727,199,126,Service Accepted
716,164,728,241,429,Service Accepted
717,164,729,276,411,Service Accepted
718,165,730,419,220,Good Condition
719,165,731,438,203,Good Condition
720,165,732,80,473,Good Condition
721,165,733,542,61,Good Condition
722,165,734,210,268,Good Condition
723,165,735,70,371,Good Condition
724,166,736,29,76,Good Condition
725,166,737,205,149,Good Condition
726,166,738,419,499,Good Condition
727,166,739,432,53,Good Condition
728,166,740,493,424,Good Condition
729,166,741,512,184,Good Condition
730,166,742,192,62,Good Condition
731,167,743,558,39,Good Condition
732,167,744,175,198,Dead on Arrival (DOA)
733,167,745,287,157,Good Condition
734,167,746,42,357,Good Condition
735,167,747,242,170,Good Condition
736,167,748,493,308,Good Condition
737,167,749,319,37,Good Condition
738,168,750,399,469,Good Condition
739,168,751,449,35,Good Condition
740,168,752,395,389,Good Condition
741,168,753,357,173,Good Condition
742,168,754,335,222,Screen Damaged
743,169,755,439,99,Good Condition
744,169,756,524,18,Good Condition
745,169,757,59,217,Good Condition
746,169,758,508,374,Good Condition
747,170,759,97,419,Service Accepted
748,171,760,349,335,Good Condition
749,171,761,374,94,Good Condition
750,171,762,146,87,Wrong Item Sent
751,171,763,189,297,Good Condition
752,171,764,103,440,Good Condition
753,172,765,439,259,Good Condition
754,172,766,57,102,Good Condition
755,172,767,13,416,Good Condition
756,172,768,572,164,Good Condition
757,172,769,543,70,Good Condition
758,172,770,153,222,Good Condition
759,173,771,146,43,Good Condition
760,173,772,87,186,Good Condition
761,173,773,490,42,Dead on Arrival (DOA)
762,173,774,530,175,Good Condition
763,173,775,23,196,Good Condition
764,173,776,480,298,Good Condition
765,174,777,196,317,Good Condition
766,174,778,345,38,Dead on Arrival (DOA)
767,174,779,568,312,Good Condition
768,175,780,172,259,Good Condition
769,175,781,597,216,Good Condition
770,175,782,370,471,Good Condition
771,175,783,306,365,Good Condition
772,176,784,407,234,Good Condition
773,176,785,91,86,Good Condition
774,176,786,372,339,Good Condition
775,176,787,505,366,Good Condition
776,176,788,321,54,Good Condition
777,177,789,232,491,Good Condition
778,177,790,185,77,Good Condition
779,177,791,400,238,Good Condition
780,178,792,199,472,Service Accepted
781,179,793,583,112,Good Condition
782,179,794,70,231,Good Condition
783,179,795,210,483,Good Condition
784,179,796,510,162,Good Condition
785,179,797,309,272,Good Condition
786,179,798,227,203,Good Condition
787,180,799,311,395,Good Condition
788,180,800,179,330,Good Condition
789,180,801,449,371,Good Condition
790,180,802,469,278,Good Condition
791,180,803,50,160,Good Condition
792,180,804,572,14,Good Condition
793,181,805,377,168,Good Condition
794,181,806,530,425,Good Condition
795,181,807,480,484,Good Condition
796,181,808,490,438,Good Condition
797,181,809,217,278,Good Condition
798,181,810,146,298,Good Condition
799,182,811,542,81,Good Condition
800,182,812,527,125,Dead on Arrival (DOA)
801,182,813,167,314,Good Condition
802,182,814,565,44,Good Condition
803,182,815,480,414,Good Condition
804,182,816,192,368,Good Condition
805,182,817,597,353,Good Condition
806,183,818,79,454,Good Condition
807,183,819,41,169,Good Condition
808,183,820,413,468,Good Condition
809,184,821,528,203,Good Condition
810,185,822,238,439,Good Condition
811,185,823,13,486,Good Condition
812,185,824,316,137,Good Condition
813,185,825,28,340,Good Condition
814,185,826,4,257,Good Condition
815,185,827,240,74,Good Condition
816,185,828,222,448,Good Condition
817,185,829,179,13,Good Condition
818,186,830,596,90,Good Condition
819,186,831,25,183,Good Condition
820,186,832,396,247,Good Condition
821,186,833,486,284,Good Condition
822,187,834,425,117,Good Condition
823,187,835,158,11,Good Condition
824,187,836,179,340,Good Condition
825,187,837,515,17,Good Condition
826,187,838,201,110,Good Condition
827,187,839,324,18,Good Condition
828,188,840,187,47,Good Condition
829,188,841,75,381,Screen Damaged
830,188,842,481,224,Good Condition
831,189,843,127,442,Good Condition
832,189,844,318,411,Good Condition
833,189,845,439,481,Good Condition
834,189,846,460,223,Good Condition
835,189,847,597,500,Good Condition
836,189,848,424,414,Good Condition
837,189,849,151,157,Good Condition
838,190,850,28,29,Good Condition
839,190,851,509,109,Good Condition
840,190,852,122,118,Good Condition
841,190,853,251,210,Good Condition
842,190,854,125,22,Good Condition
843,190,855,469,385,Good Condition
844,191,856,574,27,Good Condition
845,191,857,543,442,Good Condition
846,191,858,166,237,Good Condition
847,191,859,291,67,Good Condition
848,192,860,551,252,Good Condition
849,193,861,426,403,Good Condition
850,193,862,395,183,Good Condition
851,193,863,449,200,Good Condition
852,193,864,170,180,Good Condition
853,193,865,574,116,Good Condition
854,193,866,568,244,Good Condition
855,194,867,418,255,Good Condition
856,194,868,141,41,Good Condition
857,194,869,489,328,Good Condition
858,194,870,70,88,Good Condition
859,194,871,582,207,Good Condition
860,194,872,146,112,Good Condition
861,195,873,35,297,Service Accepted
862,195,874,36,305,Service Accepted
863,195,875,95,72,Service Accepted
864,196,876,442,369,Good Condition
865,196,877,285,237,Good Condition
866,196,878,577,381,Good Condition
867,196,879,582,394,Good Condition
868,196,880,175,54,Good Condition
869,196,881,205,444,Good Condition
870,197,882,147,473,Good Condition
871,197,883,25,263,Good Condition
872,197,884,497,340,Good Condition
873,197,885,115,49,Good Condition
874,197,886,556,124,Good Condition
875,198,887,232,156,Good Condition
876,198,888,285,163,Good Condition
877,198,889,515,297,Good Condition
878,199,890,54,278,Good Condition
879,199,891,217,94,Good Condition
880,199,892,160,245,Good Condition
881,200,893,480,335,Good Condition
882,200,894,558,199,Good Condition
883,200,895,393,238,Rejected - Quality Failure
884,200,896,202,150,Rejected - Quality Failure
885,200,897,391,336,Rejected - Quality Failure
886,201,898,366,121,Good Condition
887,201,899,215,155,Good Condition
888,201,900,23,176,Good Condition
889,201,901,393,415,Good Condition
890,201,902,306,424,Good Condition
891,201,903,102,69,Good Condition
892,201,904,392,259,Good Condition
893,201,905,316,232,Good Condition
894,202,906,199,307,Service Accepted
895,202,907,220,25,Service Accepted
896,202,908,498,135,Service Accepted
897,202,909,289,58,Service Accepted
898,202,910,467,360,Service Accepted
899,202,911,276,497,Service Accepted
900,203,912,168,250,Good Condition
901,203,913,120,281,Good Condition
902,203,914,470,326,Good Condition
903,203,915,274,132,Service Accepted
904,203,916,245,77,Good Condition
905,203,917,429,65,Good Condition
906,203,918,387,136,Service Accepted
907,204,919,21,22,Good Condition
908,204,920,565,353,Good Condition
909,204,921,160,402,Good Condition
910,205,922,190,483,Service Accepted
911,205,923,531,425,Service Accepted
912,205,924,545,219,Service Accepted
913,205,925,36,73,Service Accepted
914,205,926,487,330,Service Accepted
915,205,927,555,123,Service Accepted
916,205,928,453,361,Service Accepted
917,205,929,414,335,Service Accepted
918,206,930,300,309,Good Condition
919,206,931,242,350,Good Condition
920,206,932,534,245,Good Condition
921,206,933,543,433,Good Condition
922,206,934,236,196,Good Condition
923,207,935,562,275,Good Condition
924,207,936,446,227,Good Condition
925,207,937,273,401,Good Condition
926,207,938,227,149,Good Condition
927,207,939,377,295,Good Condition
928,208,940,59,188,Good Condition
929,208,941,196,477,Good Condition
930,208,942,391,69,Good Condition
931,208,943,287,164,Good Condition
932,208,944,232,174,Packaging Damaged
933,208,945,205,96,Wrong Item Sent
934,209,946,471,327,Good Condition
935,209,947,442,395,Good Condition
936,209,948,194,48,Good Condition
937,209,949,441,88,Good Condition
938,209,950,285,403,Good Condition
939,209,951,582,21,Good Condition
940,209,952,28,260,Good Condition
941,209,953,570,120,Good Condition
942,209,954,577,485,Good Condition
943,210,955,179,352,Good Condition
944,210,956,287,279,Good Condition
945,210,957,165,224,Good Condition
946,210,958,560,442,Good Condition
947,210,959,170,457,Good Condition
948,211,960,590,180,Good Condition
949,211,961,173,213,Service Accepted
950,211,962,437,248,Service Accepted
951,211,963,132,373,Service Accepted
952,212,964,62,97,Good Condition
953,212,965,300,142,Good Condition
954,212,966,111,281,Good Condition
955,212,967,205,479,Good Condition
956,213,968,172,201,Good Condition
957,213,969,4,413,Good Condition
958,213,970,238,368,Good Condition
959,213,971,92,340,Good Condition
960,213,972,476,200,Good Condition
961,213,973,422,279,Good Condition
962,214,974,535,492,Good Condition
963,214,975,159,109,Rejected - Quality Failure
964,214,976,179,155,Good Condition
965,214,977,237,420,Good Condition
966,215,978,422,40,Good Condition
967,215,979,127,69,Good Condition
968,215,980,287,182,Good Condition
969,215,981,568,225,Good Condition
970,216,982,391,430,Good Condition
971,216,983,202,185,Good Condition
972,216,984,462,181,Rejected - Quality Failure
973,216,985,480,417,Rejected - Quality Failure
974,216,986,393,324,Rejected - Quality Failure
975,216,987,262,498,Good Condition
976,217,988,304,315,Good Condition
977,217,989,553,129,Good Condition
978,217,990,565,302,Good Condition
979,217,991,206,190,Good Condition
980,217,992,345,438,Good Condition
981,217,993,357,57,Good Condition
982,218,994,176,500,Good Condition
983,218,995,111,173,Good Condition
984,218,996,446,15,Good Condition
985,218,997,48,113,Good Condition
986,219,998,497,258,Good Condition
987,219,999,556,120,Good Condition
988,220,1000,43,458,Good Condition
989,220,1001,119,407,Good Condition
990,220,1002,426,260,Good Condition
991,220,1003,460,351,Good Condition
992,221,1004,80,176,Good Condition
993,221,1005,494,94,Good Condition
994,221,1006,419,99,Good Condition
995,221,1007,70,172,Good Condition
996,221,1008,566,379,Good Condition
997,222,1009,510,29,Good Condition
998,222,1010,79,171,Good Condition
999,222,1011,203,183,Good Condition
1000,222,1012,309,84,Good Condition
1001,222,1013,494,226,Good Condition
1002,222,1014,227,420,Good Condition
1003,222,1015,84,29,Dead on Arrival (DOA)
1004,223,1016,110,441,Good Condition
1005,223,1017,416,411,Good Condition
1006,223,1018,249,64,Good Condition
1007,223,1019,565,96,Good Condition
1008,223,1020,154,296,Good Condition
1009,223,1021,167,10,Good Condition
1010,223,1022,251,346,Good Condition
1011,223,1023,542,283,Good Condition
1012,223,1024,474,383,Wrong Item Sent
1013,224,1025,359,110,Good Condition
1014,224,1026,79,412,Good Condition
1015,224,1027,12,245,Good Condition
1016,224,1028,203,175,Good Condition
1017,224,1029,70,194,Good Condition
1018,224,1030,368,353,Good Condition
1019,225,1031,23,207,Good Condition
1020,225,1032,426,61,Good Condition
1021,225,1033,109,370,Good Condition
1022,225,1034,395,140,Good Condition
1023,225,1035,567,67,Good Condition
1024,226,1036,134,157,Good Condition
1025,226,1037,301,197,Good Condition
1026,226,1038,375,360,Good Condition
1027,226,1039,486,231,Good Condition
1028,226,1040,317,194,Good Condition
1029,226,1041,318,230,Good Condition
1030,227,1042,120,101,Good Condition
1031,227,1043,320,261,Good Condition
1032,227,1044,387,500,Service Accepted
1033,228,1045,450,240,Good Condition
1034,228,1046,493,124,Good Condition
1035,228,1047,240,412,Good Condition
1036,228,1048,175,105,Dead on Arrival (DOA)
1037,229,1049,54,435,Good Condition
1038,229,1050,62,197,Good Condition
1039,229,1051,567,118,Good Condition
1040,229,1052,285,355,Good Condition
1041,230,1053,123,204,Good Condition
1042,230,1054,388,222,Good Condition
1043,231,1055,474,213,Good Condition
1044,231,1056,513,287,Good Condition
1045,231,1057,238,387,Good Condition
1046,232,1058,490,99,Good Condition
1047,233,1059,55,117,Service Disputed
1048,233,1060,85,375,Service Accepted
1049,233,1061,231,455,Service Accepted
1050,234,1062,480,171,Good Condition
1051,234,1063,206,282,Rejected - Quality Failure
1052,234,1064,159,145,Good Condition
1053,234,1065,360,238,Good Condition
1054,235,1066,42,249,Good Condition
1055,235,1067,570,110,Good Condition
1056,235,1068,303,450,Good Condition
1057,235,1069,77,219,Good Condition
1058,235,1070,488,192,Screen Damaged
1059,235,1071,360,38,Good Condition
1060,236,1072,275,465,Good Condition
1061,236,1073,535,411,Good Condition
1062,236,1074,12,319,Good Condition
1063,236,1075,243,96,Packaging Damaged
1064,236,1076,206,304,Good Condition
1065,236,1077,113,129,Good Condition
1066,237,1078,177,90,Service Accepted
1067,237,1079,501,320,Service Accepted
1068,237,1080,289,58,Service Accepted
1069,237,1081,220,128,Service Accepted
1070,237,1082,358,124,Service Accepted
1071,237,1083,51,410,Service Accepted
1072,238,1084,386,476,Good Condition
1073,238,1085,103,333,Good Condition
1074,238,1086,349,97,Good Condition
1075,238,1087,374,395,Screen Damaged
1076,238,1088,189,244,Good Condition
1077,238,1089,146,192,Good Condition
1078,239,1090,227,256,Good Condition
1079,239,1091,366,202,Good Condition
1080,240,1092,79,481,Good Condition
1081,240,1093,235,34,Good Condition
1082,240,1094,512,35,Screen Damaged
1083,240,1095,481,58,Good Condition
1084,240,1096,202,31,Good Condition
1085,240,1097,42,329,Good Condition
1086,241,1098,258,301,Service Accepted
1087,241,1099,402,476,Service Accepted
1088,241,1100,475,208,Service Accepted
1089,241,1101,430,202,Service Incomplete
1090,242,1102,26,70,Good Condition
1091,242,1103,141,128,Good Condition
1092,242,1104,194,208,Good Condition
1093,242,1105,565,10,Good Condition
1094,242,1106,160,455,Good Condition
1095,242,1107,62,179,Good Condition
1096,243,1108,36,103,Service Accepted
1097,243,1109,452,217,Service Accepted
1098,243,1110,475,294,Service Accepted
1099,243,1111,19,173,Service Accepted
1100,243,1112,258,50,Service Accepted
1101,244,1113,81,145,Good Condition
1102,244,1114,48,414,Good Condition
1103,244,1115,70,297,Good Condition
1104,244,1116,582,487,Good Condition
1105,244,1117,287,80,Good Condition
1106,244,1118,102,364,Good Condition
1107,245,1119,410,231,Good Condition
1108,245,1120,582,148,Good Condition
1109,245,1121,210,388,Good Condition
1110,246,1122,319,115,Good Condition
1111,247,1123,196,30,Good Condition
1112,247,1124,455,183,Good Condition
1113,247,1125,524,83,Good Condition
1114,247,1126,393,50,Good Condition
1115,248,1127,423,151,Service Accepted
1116,248,1128,220,257,Service Accepted
1117,248,1129,279,360,Service Accepted
1118,248,1130,98,149,Good Condition
1119,248,1131,417,133,Good Condition
1120,248,1132,529,96,Service Accepted
1121,248,1133,587,66,Good Condition
1122,249,1134,306,100,Good Condition
1123,249,1135,370,301,Good Condition
1124,249,1136,172,224,Good Condition
1125,250,1137,430,379,Service Accepted
1126,251,1138,218,113,Good Condition
1127,251,1139,332,177,Good Condition
1128,251,1140,599,154,Good Condition
1129,251,1141,286,252,Good Condition
1130,252,1142,102,469,Good Condition
1131,252,1143,481,466,Good Condition
1132,253,1145,345,172,Good Condition
1133,253,1146,232,69,Good Condition
1134,253,1147,357,202,Good Condition
1135,253,1148,201,385,Good Condition
1136,253,1149,553,30,Good Condition
1137,253,1150,416,109,Good Condition
1138,253,1151,565,166,Good Condition
1139,254,1152,43,199,Good Condition
1140,254,1153,359,104,Good Condition
1141,255,1154,535,495,Good Condition
1142,255,1155,293,180,Good Condition
1143,255,1156,23,488,Good Condition
1144,256,1157,54,386,Good Condition
1145,256,1158,30,116,Good Condition
1146,256,1159,300,82,Good Condition
1147,256,1160,79,216,Good Condition
1148,256,1161,41,22,Good Condition
1149,256,1162,440,147,Good Condition
1150,256,1163,217,379,Good Condition
1151,257,1164,446,143,Good Condition
1152,257,1165,377,244,Good Condition
1153,258,1166,562,103,Good Condition
1154,258,1167,273,270,Good Condition
1155,258,1168,227,18,Good Condition
1156,258,1169,446,406,Good Condition
1157,258,1170,87,26,Good Condition
1158,259,1171,43,364,Good Condition
1159,259,1172,391,416,Good Condition
1160,259,1173,50,222,Good Condition
1161,259,1174,217,212,Good Condition
1162,260,1175,395,129,Good Condition
1163,260,1176,33,148,Good Condition
1164,261,1177,249,389,Good Condition
1165,261,1178,210,417,Good Condition
1166,261,1179,43,409,Good Condition
1167,262,1180,488,190,Good Condition
1168,262,1181,462,151,Good Condition
1169,262,1182,570,270,Good Condition
1170,262,1183,360,101,Good Condition
1171,263,1184,242,475,Good Condition
1172,263,1185,153,187,Good Condition
1173,263,1186,4,397,Good Condition
1174,263,1187,176,133,Good Condition
1175,264,1188,197,329,Good Condition
1176,264,1189,551,149,Good Condition
1177,265,1190,597,53,Good Condition
1178,265,1191,293,48,Good Condition
1179,266,1192,551,214,Good Condition
1180,266,1193,408,43,Screen Damaged
1181,266,1194,122,177,Good Condition
1182,266,1195,172,498,Good Condition
1183,267,1196,405,142,Service Accepted
1184,267,1197,97,283,Service Accepted
1185,267,1198,281,189,Service Accepted
1186,267,1199,295,211,Service Accepted
1187,267,1200,430,157,Service Accepted
1188,268,1201,148,128,Service Accepted
1189,268,1202,35,449,Service Accepted
1190,268,1203,51,145,Service Accepted
1191,268,1204,559,165,Service Accepted
1192,269,1205,196,365,Good Condition
1193,269,1206,304,448,Rejected - Quality Failure
1194,270,1207,210,68,Good Condition
1195,270,1208,462,204,Rejected - Quality Failure
1196,270,1209,89,37,Rejected - Quality Failure
1197,270,1210,290,227,Good Condition
1198,271,1211,451,458,Service Accepted
1199,271,1212,367,120,Service Accepted
1200,271,1213,200,81,Service Accepted
1201,272,1214,416,12,Good Condition
1202,273,1215,570,28,Good Condition
1203,273,1216,80,216,Good Condition
1204,273,1217,275,290,Good Condition
1205,274,1218,532,233,Service Accepted
1206,274,1219,531,238,Service Accepted
1207,274,1220,61,79,Service Accepted
1208,274,1221,44,28,Good Condition
1209,275,1222,194,342,Good Condition
1210,275,1223,474,239,Good Condition
1211,276,1224,571,15,Good Condition
1212,276,1225,53,59,Good Condition
1213,276,1226,26,213,Good Condition
1214,277,1227,378,117,Service Accepted
1215,277,1228,355,476,Service Accepted
1216,277,1229,573,231,Service Accepted
1217,277,1230,72,330,Service Accepted
1218,277,1231,326,418,Service Accepted
1219,277,1232,348,111,Service Accepted
1220,277,1233,457,22,Service Accepted
1221,278,1234,375,56,Good Condition
1222,278,1235,424,414,Good Condition
1223,278,1236,391,262,Good Condition
1224,278,1237,567,50,Good Condition
1225,278,1238,510,41,Good Condition
1226,278,1239,550,68,Good Condition
1227,279,1240,413,402,Good Condition
1228,279,1241,438,180,Packaging Damaged
1229,279,1242,460,361,Good Condition
1230,279,1243,79,220,Good Condition
1231,279,1244,571,415,Good Condition
1232,279,1245,569,30,Good Condition
1233,279,1246,489,18,Good Condition
1234,280,1247,236,235,Good Condition
1235,280,1248,243,325,Good Condition
1236,280,1249,433,213,Good Condition
1237,280,1250,524,76,Good Condition
1238,280,1251,81,212,Good Condition
1239,281,1252,396,470,Good Condition
1240,282,1253,496,386,Good Condition
1241,282,1254,171,419,Service Accepted
1242,282,1255,401,411,Service Accepted
1243,282,1256,52,388,Service Accepted
1244,283,1257,42,44,Packaging Damaged
1245,283,1258,462,301,Good Condition
1246,283,1259,303,53,Good Condition
1247,284,1260,335,358,Good Condition
1248,285,1261,474,222,Good Condition
1249,285,1262,43,280,Good Condition
1250,285,1263,287,362,Good Condition
1251,285,1264,194,495,Good Condition
1252,285,1265,550,344,Good Condition
1253,285,1266,572,188,Good Condition
1254,285,1267,80,435,Good Condition
1255,286,1268,161,343,Service Accepted
1256,286,1269,355,449,Service Accepted
1257,286,1270,296,323,Service Disputed
1258,286,1271,133,88,Service Accepted
1259,286,1272,573,97,Service Accepted
1260,286,1273,72,355,Service Accepted
1261,287,1274,123,84,Good Condition
1262,287,1275,49,448,Good Condition
1263,287,1276,126,471,Good Condition
1264,287,1277,146,109,Good Condition
1265,287,1278,159,498,Good Condition
1266,287,1279,386,350,Good Condition
1267,288,1280,543,326,Good Condition
1268,288,1281,217,392,Good Condition
1269,288,1282,530,310,Good Condition
1270,288,1283,87,304,Good Condition
1271,288,1284,480,495,Good Condition
1272,288,1285,490,315,Good Condition
1273,289,1286,43,335,Good Condition
1274,289,1287,577,362,Good Condition
1275,289,1288,512,247,Good Condition
1276,289,1289,79,34,Good Condition
1277,289,1290,519,416,Good Condition
1278,289,1291,202,292,Good Condition
1279,290,1292,47,235,Rejected - Quality Failure
1280,290,1293,275,210,Good Condition
1281,291,1294,126,134,Good Condition
1282,291,1295,189,442,Good Condition
1283,291,1296,349,447,Good Condition
1284,291,1297,49,219,Good Condition
1285,291,1298,103,456,Good Condition
1286,292,1299,154,135,Good Condition
1287,292,1300,260,393,Good Condition
1288,292,1301,23,61,Good Condition
1289,292,1302,375,159,Good Condition
1290,293,1303,97,197,Service Accepted
1291,293,1304,27,30,Service Accepted
1292,294,1305,153,354,Good Condition
1293,294,1306,230,385,Good Condition
1294,294,1307,445,291,Good Condition
1295,294,1308,600,404,Good Condition
1296,294,1309,255,239,Good Condition
1297,294,1310,375,456,Good Condition
1298,294,1311,354,257,Good Condition
1299,295,1312,238,390,Good Condition
1300,295,1313,441,82,Good Condition
1301,296,1314,72,249,Service Accepted
1302,296,1315,326,382,Service Accepted
1303,296,1316,554,368,Service Accepted
1304,297,1317,470,243,Good Condition
1305,297,1318,500,226,Good Condition
1306,297,1319,429,248,Good Condition
1307,297,1320,168,38,Good Condition
1308,297,1321,245,47,Good Condition
1309,297,1322,274,258,Service Accepted
1310,298,1323,481,227,Good Condition
1311,298,1324,317,345,Good Condition
1312,298,1325,406,58,Good Condition
1313,298,1326,308,280,Good Condition
1314,299,1327,430,280,Service Accepted
1315,299,1328,475,14,Service Accepted
1316,299,1329,183,210,Service Accepted
1317,300,1330,102,385,Good Condition
1318,301,1331,469,298,Good Condition
1319,301,1332,122,475,Good Condition
1320,301,1333,125,20,Good Condition
1321,301,1334,251,290,Good Condition
1322,301,1335,509,475,Good Condition
1323,301,1336,471,242,Good Condition
1324,302,1337,146,292,Good Condition
1325,302,1338,202,267,Good Condition
1326,303,1339,531,326,Service Accepted
1327,303,1340,55,31,Service Accepted
1328,304,1341,514,64,Good Condition
1329,304,1342,577,228,Good Condition
1330,304,1343,462,224,Good Condition
1331,304,1344,69,421,Good Condition
1332,304,1345,70,303,Good Condition
1333,304,1346,583,401,Good Condition
1334,305,1347,334,30,Good Condition
1335,305,1348,291,47,Good Condition
1336,306,1349,62,398,Good Condition
1337,306,1350,285,52,Good Condition
1338,306,1351,54,155,Good Condition
1339,306,1352,567,443,Good Condition
1340,306,1353,251,331,Good Condition
1341,307,1354,43,254,Good Condition
1342,307,1355,359,336,Good Condition
1343,308,1356,596,237,Good Condition
1344,308,1357,205,285,Good Condition
1345,308,1358,324,324,Good Condition
1346,309,1359,201,417,Dead on Arrival (DOA)
1347,309,1360,439,449,Good Condition
1348,309,1361,170,144,Good Condition
1349,310,1362,519,115,Good Condition
1350,310,1363,170,156,Good Condition
1351,310,1364,81,253,Good Condition
1352,310,1365,577,49,Good Condition
1353,310,1366,71,301,Good Condition
1354,310,1367,79,69,Good Condition
1355,310,1368,481,491,Good Condition
1356,311,1369,565,39,Good Condition
1357,311,1370,32,246,Good Condition
1358,311,1371,392,23,Good Condition
1359,311,1372,542,284,Good Condition
1360,311,1373,110,185,Good Condition
1361,311,1374,308,452,Good Condition
1362,312,1375,515,487,Good Condition
1363,312,1376,551,200,Good Condition
1364,312,1377,304,276,Good Condition
1365,312,1378,493,27,Good Condition
1366,312,1379,396,28,Good Condition
1367,313,1380,313,357,Service Accepted
1368,313,1381,46,383,Service Accepted
1369,313,1382,414,405,Service Accepted
1370,313,1383,35,182,Service Disputed
1371,313,1384,163,153,Service Accepted
1372,313,1385,295,289,Service Accepted
1373,314,1386,285,380,Good Condition
1374,314,1387,319,95,Good Condition
1375,314,1388,265,330,Good Condition
1376,314,1389,392,375,Good Condition
1377,315,1390,400,75,Good Condition
1378,315,1391,38,191,Good Condition
1379,315,1392,303,370,Good Condition
1380,315,1393,91,144,Good Condition
1381,315,1394,158,435,Dead on Arrival (DOA)
1382,315,1395,235,360,Good Condition
1383,315,1396,335,499,Good Condition
1384,316,1397,560,161,Good Condition
1385,316,1398,571,94,Good Condition
1386,316,1399,103,234,Good Condition
1387,316,1400,84,139,Good Condition
1388,316,1401,568,124,Good Condition
1389,317,1402,218,148,Good Condition
1390,317,1403,332,422,Good Condition
1391,317,1404,599,344,Good Condition
1392,318,1405,367,247,Service Accepted
1393,318,1406,131,146,Service Accepted
1394,318,1407,498,417,Service Accepted
1395,318,1408,451,453,Service Accepted
1396,319,1409,57,483,Good Condition
1397,319,1410,141,125,Good Condition
1398,319,1411,571,388,Good Condition
1399,319,1412,232,19,Good Condition
1400,319,1413,481,110,Good Condition
1401,319,1414,254,203,Good Condition
1402,319,1415,75,409,Good Condition
1403,320,1416,308,332,Good Condition
1404,320,1417,176,494,Good Condition
1405,320,1418,317,384,Good Condition
1406,320,1419,306,300,Good Condition
1407,320,1420,160,103,Good Condition
1408,320,1421,556,179,Good Condition
1409,321,1422,473,115,Service Accepted
1410,321,1423,361,443,Service Accepted
1411,321,1424,540,217,Service Accepted
1412,321,1425,136,390,Service Accepted
1413,321,1426,96,301,Service Accepted
1414,321,1427,39,442,Service Accepted
1415,322,1428,570,439,Good Condition
1416,322,1429,512,64,Good Condition
1417,322,1430,413,373,Good Condition
1418,322,1431,441,331,Good Condition
1419,322,1432,324,242,Good Condition
1420,322,1433,129,447,Good Condition
1421,322,1434,593,11,Good Condition
1422,322,1435,556,334,Good Condition
1423,322,1436,583,102,Good Condition
1424,323,1437,425,81,Good Condition
1425,323,1438,194,211,Good Condition
1426,323,1439,598,265,Good Condition
1427,324,1440,74,201,Good Condition
1428,324,1441,77,321,Good Condition
1429,325,1442,109,12,Good Condition
1430,326,1443,540,421,Service Incomplete
1431,326,1444,274,83,Service Accepted
1432,327,1445,528,196,Good Condition
1433,327,1446,585,325,Good Condition
1434,327,1447,150,411,Good Condition
1435,327,1448,89,310,Good Condition
1436,327,1449,147,155,Good Condition
1437,328,1450,450,199,Good Condition
1438,328,1451,13,273,Good Condition
1439,328,1452,541,106,Good Condition
1440,328,1453,283,17,Good Condition
1441,328,1454,28,32,Good Condition
1442,329,1455,382,281,Good Condition
1443,329,1456,6,69,Service Accepted
1444,329,1457,475,262,Service Accepted
1445,330,1458,206,368,Good Condition
1446,330,1459,151,399,Good Condition
1447,330,1460,113,82,Good Condition
1448,331,1461,141,223,Good Condition
1449,331,1462,406,10,Good Condition
1450,332,1463,444,321,Good Condition
1451,332,1464,226,251,Good Condition
1452,332,1465,15,205,Good Condition
1453,332,1466,192,181,Good Condition
1454,333,1467,4,142,Good Condition
1455,333,1468,172,460,Good Condition
1456,333,1469,422,236,Good Condition
1457,333,1470,283,235,Good Condition
1458,333,1471,287,480,Good Condition
1459,334,1472,525,401,Good Condition
1460,334,1473,311,473,Good Condition
1461,334,1474,38,279,Good Condition
1462,334,1475,13,322,Good Condition
1463,334,1476,32,193,Good Condition
1464,335,1477,446,221,Good Condition
1465,335,1478,550,279,Good Condition
1466,335,1479,395,43,Good Condition
1467,335,1480,582,103,Good Condition
1468,335,1481,514,72,Good Condition
1469,335,1482,4,189,Good Condition
1470,335,1483,566,452,Good Condition
1471,335,1484,242,294,Good Condition
1472,335,1485,196,115,Good Condition
1473,336,1486,513,368,Good Condition
1474,336,1487,102,412,Good Condition
1475,336,1488,499,135,Good Condition
1476,336,1489,25,25,Good Condition
1477,336,1490,304,413,Good Condition
1478,336,1491,396,385,Good Condition
1479,336,1492,237,260,Good Condition
1480,336,1493,371,51,Good Condition
1481,337,1494,570,45,Good Condition
1482,338,1495,553,410,Good Condition
1483,339,1496,23,346,Good Condition
1484,339,1497,553,97,Good Condition
1485,339,1498,243,493,Good Condition
1486,339,1499,483,189,Good Condition
1487,340,1500,508,477,Good Condition
1488,340,1501,572,88,Good Condition
1489,340,1502,179,218,Good Condition
1490,340,1503,50,147,Good Condition
1491,341,1504,593,70,Good Condition
1492,341,1505,62,335,Good Condition
1493,342,1506,551,317,Good Condition
1494,342,1507,122,430,Good Condition
1495,342,1508,408,318,Good Condition
1496,342,1509,249,352,Good Condition
1497,342,1510,22,151,Good Condition
1498,343,1511,281,37,Service Accepted
1499,344,1512,375,244,Good Condition
1500,345,1513,568,394,Good Condition
1501,345,1514,493,125,Good Condition
1502,345,1515,196,85,Wrong Item Sent
1503,345,1516,455,130,Good Condition
1504,346,1517,415,38,Service Accepted
1505,346,1518,532,477,Service Accepted
1506,346,1519,414,80,Service Accepted
1507,347,1520,192,34,Good Condition
1508,347,1521,553,118,Good Condition
1509,347,1522,521,170,Good Condition
1510,347,1523,505,192,Good Condition
1511,348,1524,16,216,Good Condition
1512,348,1525,324,27,Packaging Damaged
1513,348,1526,197,117,Good Condition
1514,349,1527,432,90,Good Condition
1515,349,1528,222,497,Good Condition
1516,349,1529,170,324,Good Condition
1517,349,1530,240,265,Good Condition
1518,349,1531,283,379,Good Condition
1519,350,1532,572,465,Good Condition
1520,350,1533,41,354,Good Condition
1521,350,1534,13,245,Good Condition
1522,350,1535,108,99,Good Condition
1523,351,1536,466,448,Good Condition
1524,351,1537,332,163,Good Condition
1525,351,1538,218,498,Good Condition
1526,352,1539,15,485,Good Condition
1527,352,1540,28,374,Good Condition
1528,352,1541,565,257,Good Condition
1529,352,1542,255,117,Good Condition
1530,352,1543,535,272,Good Condition
1531,353,1544,53,209,Good Condition
1532,353,1545,25,459,Good Condition
1533,353,1546,182,343,Good Condition
1534,353,1547,69,22,Good Condition
1535,353,1548,30,493,Good Condition
1536,353,1549,392,251,Good Condition
1537,354,1550,395,37,Good Condition
1538,354,1551,272,440,Good Condition
1539,354,1552,170,310,Good Condition
1540,355,1553,82,221,Good Condition
1541,355,1554,33,67,Good Condition
1542,355,1555,375,172,Good Condition
1543,356,1556,108,489,Good Condition
1544,356,1557,324,83,Good Condition
1545,356,1558,243,181,Good Condition
1546,357,1559,165,147,Screen Damaged
1547,357,1560,293,130,Good Condition
1548,357,1561,597,45,Good Condition
1549,357,1562,141,362,Good Condition
1550,357,1563,291,28,Good Condition
1551,358,1564,192,18,Good Condition
1552,358,1565,318,362,Good Condition
1553,358,1566,521,440,Good Condition
1554,358,1567,553,324,Good Condition
1555,359,1568,189,30,Good Condition
1556,359,1569,159,500,Good Condition
1557,359,1570,386,43,Good Condition
1558,359,1571,374,153,Good Condition
1559,359,1572,123,146,Good Condition
1560,359,1573,49,332,Good Condition
1561,360,1574,176,82,Good Condition
1562,360,1575,317,324,Good Condition
1563,360,1576,308,171,Good Condition
1564,361,1577,566,25,Good Condition
1565,361,1578,56,355,Good Condition
1566,361,1579,188,404,Good Condition
1567,361,1580,433,79,Good Condition
1568,362,1581,481,31,Good Condition
1569,362,1582,129,162,Good Condition
1570,362,1583,62,162,Good Condition
1571,362,1584,287,443,Good Condition
1572,362,1585,395,88,Good Condition
1573,362,1586,598,383,Good Condition
1574,363,1587,578,34,Good Condition
1575,363,1588,185,295,Good Condition
1576,363,1589,565,90,Dead on Arrival (DOA)
1577,363,1590,396,238,Good Condition
1578,363,1591,456,467,Good Condition
1579,363,1592,119,224,Good Condition
1580,364,1593,137,218,Good Condition
1581,364,1594,106,214,Good Condition
1582,365,1595,108,160,Good Condition
1583,365,1596,70,171,Good Condition
1584,365,1597,558,254,Good Condition
1585,365,1598,308,424,Good Condition
1586,366,1599,139,188,Service Incomplete
1587,366,1600,148,468,Service Accepted
1588,366,1601,465,261,Service Accepted
1589,366,1602,200,256,Service Accepted
1590,366,1603,502,428,Service Accepted
1591,366,1604,36,157,Service Accepted
1592,366,1605,559,20,Service Accepted
1593,366,1606,35,334,Service Accepted
1594,367,1607,446,23,Good Condition
1595,368,1608,227,228,Good Condition
1596,368,1609,273,194,Good Condition
1597,368,1610,87,388,Good Condition
1598,368,1611,377,420,Good Condition
1599,369,1612,375,76,Good Condition
1600,369,1613,78,483,Good Condition
1601,369,1614,568,180,Good Condition
1602,370,1615,41,432,Good Condition
1603,370,1616,306,16,Good Condition
1604,370,1617,578,50,Good Condition
1605,370,1618,354,162,Good Condition
1606,370,1619,579,144,Good Condition
1607,370,1620,335,280,Good Condition
1608,371,1621,486,481,Good Condition
1609,371,1622,450,199,Good Condition
1610,371,1623,129,255,Good Condition
1611,371,1624,41,354,Good Condition
1612,372,1625,9,322,Good Condition
1613,372,1626,10,102,Good Condition
1614,372,1627,375,70,Good Condition
1615,372,1628,38,136,Good Condition
1616,372,1629,476,127,Good Condition
1617,372,1630,45,263,Good Condition
1618,372,1631,157,76,Good Condition
1619,373,1632,493,432,Good Condition
1620,373,1633,119,329,Good Condition
1621,374,1634,249,84,Good Condition
1622,374,1635,43,312,Good Condition
1623,374,1636,192,188,Good Condition
1624,374,1637,413,221,Good Condition
1625,374,1638,15,223,Good Condition
1626,374,1639,255,288,Good Condition
1627,374,1640,551,17,Good Condition
1628,375,1641,255,61,Good Condition
1629,375,1642,444,356,Good Condition
1630,376,1643,87,58,Good Condition
1631,376,1644,273,181,Good Condition
1632,376,1645,227,311,Good Condition
1633,376,1646,562,273,Good Condition
1634,376,1647,446,314,Good Condition
1635,376,1648,377,19,Good Condition
1636,377,1649,111,81,Good Condition
1637,377,1650,456,124,Good Condition
1638,377,1651,462,320,Good Condition
1639,377,1652,210,212,Good Condition
1640,377,1653,89,357,Rejected - Quality Failure
1641,377,1654,290,362,Rejected - Quality Failure
1642,378,1655,319,328,Good Condition
1643,378,1656,530,85,Good Condition
1644,378,1657,28,28,Good Condition
1645,379,1658,199,343,Service Accepted
1646,379,1659,37,445,Service Accepted
1647,379,1660,142,209,Service Accepted
1648,379,1661,452,325,Service Accepted
1649,379,1662,68,188,Service Accepted
1650,379,1663,482,355,Service Accepted
1651,379,1664,430,247,Service Accepted
1652,380,1665,582,473,Good Condition
1653,380,1666,410,327,Good Condition
1654,380,1667,317,45,Good Condition
1655,380,1668,481,253,Good Condition
1656,380,1669,550,394,Good Condition
1657,380,1670,392,144,Good Condition
1658,381,1671,206,474,Good Condition
1659,381,1672,357,434,Good Condition
1660,381,1673,304,381,Good Condition
1661,381,1674,565,455,Good Condition
1662,381,1675,226,481,Good Condition
1663,381,1676,128,401,Good Condition
1664,382,1677,391,189,Good Condition
1665,383,1678,59,364,Good Condition
1666,383,1679,494,144,Good Condition
1667,383,1680,127,227,Good Condition
1668,383,1681,439,488,Good Condition
1669,383,1682,211,492,Good Condition
1670,384,1683,577,92,Good Condition
1671,384,1684,103,207,Good Condition
1672,384,1685,188,421,Good Condition
1673,385,1686,366,220,Good Condition
1674,386,1687,87,314,Good Condition
1675,386,1688,70,448,Wrong Item Sent
1676,386,1689,510,234,Good Condition
1677,387,1690,325,72,Good Condition
1678,387,1691,172,199,Good Condition
1679,387,1692,154,19,Good Condition
1680,387,1693,374,11,Good Condition
1681,387,1694,75,28,Good Condition
1682,388,1695,451,178,Service Accepted
1683,388,1696,133,330,Service Accepted
1684,388,1697,378,71,Service Accepted
1685,388,1698,281,421,Service Accepted
1686,388,1699,427,272,Service Accepted
1687,388,1700,457,253,Service Accepted
1688,388,1701,72,184,Service Accepted
1689,389,1702,572,45,Good Condition
1690,389,1703,50,434,Good Condition
1691,389,1704,311,478,Good Condition
1692,389,1705,449,282,Good Condition
1693,389,1706,41,245,Good Condition
1694,389,1707,179,24,Good Condition
1695,389,1708,399,328,Good Condition
1696,390,1709,110,498,Good Condition
1697,390,1710,330,189,Good Condition
1698,390,1711,240,151,Good Condition
1699,390,1712,242,258,Good Condition
1700,390,1713,569,494,Good Condition
1701,390,1714,290,285,Good Condition
1702,391,1715,469,68,Good Condition
1703,391,1716,251,223,Good Condition
1704,391,1717,509,313,Good Condition
1705,391,1718,28,144,Good Condition
1706,391,1719,122,479,Good Condition
1707,392,1720,494,241,Good Condition
1708,392,1721,390,134,Good Condition
1709,392,1722,42,189,Good Condition
1710,392,1723,368,373,Good Condition
1711,393,1724,551,154,Good Condition
1712,393,1725,565,85,Good Condition
1713,393,1726,530,28,Good Condition
1714,393,1727,185,252,Good Condition
1715,393,1728,119,340,Good Condition
1716,393,1729,396,21,Good Condition
1717,393,1730,304,362,Good Condition
1718,393,1731,456,24,Good Condition
1719,394,1732,570,421,Good Condition
1720,394,1733,360,401,Good Condition
1721,394,1734,462,165,Good Condition
1722,394,1735,303,239,Good Condition
1723,394,1736,488,498,Good Condition
1724,394,1737,42,106,Good Condition
1725,395,1738,172,81,Good Condition
1726,395,1739,314,56,Good Condition
1727,395,1740,574,317,Good Condition
1728,395,1741,89,454,Good Condition
1729,395,1742,126,455,Good Condition
1730,395,1743,70,111,Good Condition
1731,396,1744,548,311,Good Condition
1732,396,1745,175,390,Good Condition
1733,396,1746,352,362,Good Condition
1734,396,1747,395,147,Good Condition
1735,396,1748,593,248,Good Condition
1736,396,1749,556,409,Good Condition
1737,397,1750,375,115,Good Condition
1738,398,1753,8,254,Good Condition
1739,398,1754,446,123,Good Condition
1740,398,1755,396,366,Good Condition
1741,398,1756,441,76,Good Condition
1742,398,1757,560,481,Good Condition
1743,398,1758,368,222,Good Condition
1744,399,1759,514,486,Good Condition
1745,399,1760,424,410,Good Condition
1746,399,1761,372,19,Good Condition
1747,399,1762,582,104,Good Condition
1748,399,1763,571,484,Good Condition
1749,400,1764,196,95,Good Condition
1750,400,1765,176,466,Good Condition
1751,400,1766,70,359,Good Condition
1752,401,1767,344,60,Good Condition
1753,401,1768,156,467,Service Accepted
1754,401,1769,286,39,Good Condition
1755,401,1770,94,467,Service Accepted
1756,401,1771,313,77,Service Accepted
1757,401,1772,137,67,Good Condition
1758,401,1773,511,221,Good Condition
1759,402,1774,173,13,Service Accepted
1760,402,1775,561,311,Service Accepted
1761,402,1776,437,288,Service Accepted
1762,402,1777,342,160,Service Accepted
1763,402,1778,341,280,Good Condition
1764,403,1779,70,232,Good Condition
1765,403,1780,50,161,Good Condition
1766,403,1781,450,109,Good Condition
1767,403,1782,308,454,Good Condition
1768,404,1783,551,388,Good Condition
1769,404,1784,512,68,Good Condition
1770,404,1785,222,407,Good Condition
1771,404,1786,170,232,Good Condition
1772,404,1787,89,215,Good Condition
1773,404,1788,413,223,Good Condition
1774,404,1789,319,156,Good Condition
1775,404,1790,71,215,Good Condition
1776,404,1791,54,353,Good Condition
1777,405,1792,199,41,Service Disputed
1778,405,1793,97,363,Service Accepted
1779,405,1794,516,173,Good Condition
1780,405,1795,266,87,Minor Defect - Accepted
1781,405,1796,137,286,Good Condition
1782,405,1797,213,165,Good Condition
1783,406,1798,391,361,Good Condition
1784,406,1799,232,206,Good Condition
1785,406,1800,404,191,Good Condition
1786,406,1801,227,178,Good Condition
1787,406,1802,593,221,Packaging Damaged
1788,406,1803,287,57,Good Condition
1789,407,1804,309,474,Good Condition
1790,407,1805,359,362,Good Condition
1791,407,1806,84,236,Good Condition
1792,408,1807,165,371,Dead on Arrival (DOA)
1793,408,1808,15,439,Good Condition
1794,408,1809,293,55,Good Condition
1795,408,1810,445,209,Good Condition
1796,408,1811,319,89,Good Condition
1797,409,1812,80,149,Good Condition
1798,409,1813,566,425,Good Condition
1799,409,1814,123,287,Good Condition
1800,410,1815,16,487,Good Condition
1801,410,1816,244,371,Good Condition
1802,410,1817,151,395,Good Condition
1803,410,1818,538,338,Good Condition
1804,410,1819,69,355,Good Condition
1805,410,1820,335,374,Good Condition
1806,410,1821,324,215,Good Condition
1807,410,1822,146,68,Good Condition
1808,411,1823,259,459,Good Condition
1809,412,1824,377,286,Screen Damaged
1810,412,1825,543,215,Good Condition
1811,412,1826,490,99,Good Condition
1812,412,1827,217,238,Good Condition
1813,413,1828,266,442,Good Condition
1814,413,1829,398,228,Good Condition
1815,413,1830,549,267,Service Accepted
1816,413,1831,51,219,Service Accepted
1817,413,1832,27,78,Service Accepted
1818,414,1833,176,192,Good Condition
1819,414,1834,424,21,Good Condition
1820,414,1835,357,352,Good Condition
1821,414,1836,363,98,Good Condition
1822,414,1837,354,33,Good Condition
1823,414,1838,316,209,Good Condition
1824,415,1839,346,353,Screen Damaged
1825,415,1840,244,258,Good Condition
1826,415,1841,77,472,Good Condition
1827,415,1842,474,463,Good Condition
1828,415,1843,515,374,Good Condition
1829,416,1844,251,78,Good Condition
1830,416,1845,108,147,Good Condition
1831,416,1846,359,372,Good Condition
1832,416,1847,239,134,Good Condition
1833,417,1848,402,294,Service Incomplete
1834,417,1849,475,359,Service Accepted
1835,417,1850,430,478,Service Accepted
1836,417,1851,296,316,Service Accepted
1837,417,1852,348,147,Service Accepted
1838,418,1853,556,63,Good Condition
1839,419,1854,160,186,Good Condition
1840,419,1855,11,89,Good Condition
1841,419,1856,550,377,Good Condition
1842,419,1857,80,329,Good Condition
1843,419,1858,570,199,Good Condition
1844,420,1861,185,404,Good Condition
1845,421,1862,285,337,Good Condition
1846,421,1863,406,121,Good Condition
1847,421,1864,265,194,Good Condition
1848,421,1865,483,303,Good Condition
1849,421,1866,243,287,Good Condition
1850,421,1867,319,118,Good Condition
1851,422,1868,126,439,Good Condition
1852,422,1869,570,271,Good Condition
1853,423,1870,259,75,Good Condition
1854,424,1871,451,393,Service Accepted
1855,424,1872,498,314,Service Accepted
1856,424,1873,367,410,Service Accepted
1857,425,1876,597,312,Good Condition
1858,425,1877,306,100,Good Condition
1859,425,1878,370,490,Good Condition
1860,425,1879,172,348,Good Condition
1861,426,1880,111,360,Good Condition
1862,426,1881,515,485,Good Condition
1863,426,1882,499,338,Good Condition
1864,426,1883,122,70,Good Condition
1865,426,1884,165,47,Rejected - Quality Failure
1866,426,1885,324,279,Rejected - Quality Failure
1867,427,1886,497,331,Good Condition
1868,427,1887,115,75,Good Condition
1869,427,1888,25,434,Good Condition
1870,427,1889,147,46,Good Condition
1871,428,1890,524,496,Good Condition
1872,428,1891,422,467,Good Condition
1873,428,1892,591,372,Good Condition
1874,428,1893,251,31,Good Condition
1875,428,1894,165,154,Good Condition
1876,428,1895,510,232,Good Condition
1877,429,1896,572,345,Good Condition
1878,429,1897,571,271,Good Condition
1879,429,1898,345,14,Good Condition
1880,429,1899,514,406,Good Condition
1881,429,1900,483,342,Good Condition
1882,430,1901,510,221,Screen Damaged
1883,430,1902,446,369,Good Condition
1884,430,1903,113,300,Good Condition
1885,430,1904,119,312,Good Condition
1886,431,1905,351,103,Service Incomplete
1887,431,1906,95,220,Service Accepted
1888,431,1907,68,320,Service Accepted
1889,431,1908,204,54,Service Accepted
1890,431,1909,342,200,Service Accepted
1891,431,1910,135,235,Service Accepted
1892,431,1911,485,350,Service Accepted
1893,432,1912,239,397,Good Condition
1894,432,1913,512,189,Good Condition
1895,432,1914,151,261,Good Condition
1896,432,1915,446,76,Good Condition
1897,432,1916,244,495,Dead on Arrival (DOA)
1898,433,1917,172,491,Good Condition
1899,434,1918,551,338,Good Condition
1900,434,1919,505,286,Good Condition
1901,434,1920,491,261,Good Condition
1902,434,1921,15,419,Good Condition
1903,435,1922,404,401,Good Condition
1904,435,1923,196,56,Good Condition
1905,435,1924,591,371,Good Condition
1906,435,1925,287,437,Good Condition
1907,435,1926,227,363,Good Condition
1908,435,1927,205,225,Good Condition
1909,436,1928,283,377,Good Condition
1910,436,1929,395,217,Good Condition
1911,436,1930,486,25,Good Condition
1912,436,1931,25,63,Good Condition
1913,436,1932,424,18,Good Condition
1914,437,1933,80,193,Good Condition
1915,437,1934,474,454,Good Condition
1916,437,1935,194,352,Good Condition
1917,437,1936,393,159,Good Condition
1918,437,1937,251,287,Good Condition
1919,437,1938,43,315,Good Condition
1920,438,1939,108,236,Good Condition
1921,439,1940,273,396,Good Condition
1922,439,1941,325,292,Good Condition
1923,439,1942,33,456,Good Condition
1924,439,1943,154,183,Good Condition
1925,439,1944,395,442,Good Condition
1926,439,1945,110,72,Good Condition
1927,439,1946,12,313,Good Condition
1928,440,1947,416,51,Wrong Item Sent
1929,440,1948,170,231,Good Condition
1930,440,1949,314,163,Good Condition
1931,440,1950,75,403,Good Condition
1932,440,1951,240,15,Good Condition
1933,440,1952,232,435,Good Condition
1934,441,1953,393,352,Good Condition
1935,441,1954,366,67,Good Condition
1936,441,1955,23,39,Good Condition
1937,441,1956,215,19,Good Condition
1938,441,1957,285,443,Good Condition
1939,441,1958,102,130,Good Condition
1940,442,1959,395,309,Good Condition
1941,443,1960,491,243,Good Condition
1942,443,1961,185,92,Good Condition
1943,443,1962,335,379,Good Condition
1944,443,1963,15,393,Good Condition
1945,443,1964,505,26,Good Condition
1946,444,1965,300,356,Good Condition
1947,444,1966,352,367,Good Condition
1948,444,1967,202,348,Good Condition
1949,444,1968,317,100,Good Condition
1950,444,1969,579,197,Good Condition
1951,445,1970,469,438,Good Condition
1952,445,1971,251,371,Good Condition
1953,445,1972,122,45,Good Condition
1954,445,1973,48,79,Good Condition
1955,446,1974,87,67,Good Condition
1956,446,1975,227,112,Good Condition
1957,446,1976,377,323,Good Condition
1958,447,1977,335,433,Good Condition
1959,447,1978,113,179,Good Condition
1960,447,1979,259,360,Good Condition
1961,448,1980,392,492,Good Condition
1962,448,1981,340,123,Good Condition
1963,448,1982,210,253,Good Condition
1964,448,1983,550,302,Good Condition
1965,448,1984,409,389,Good Condition
1966,448,1985,255,399,Good Condition
1967,449,1986,486,228,Good Condition
1968,449,1987,230,127,Good Condition
1969,449,1988,472,80,Good Condition
1970,450,1989,262,167,Rejected - Quality Failure
1971,450,1990,202,283,Rejected - Quality Failure
1972,451,1991,23,405,Good Condition
1973,452,1992,404,397,Good Condition
1974,452,1993,227,439,Wrong Item Sent
1975,452,1994,578,321,Dead on Arrival (DOA)
1976,452,1995,593,244,Good Condition
1977,452,1996,211,200,Good Condition
1978,452,1997,528,322,Good Condition
1979,452,1998,242,91,Good Condition
1980,452,1999,196,369,Good Condition
1981,452,2000,232,500,Good Condition
1982,453,2001,456,339,Good Condition
1983,454,2002,81,21,Good Condition
1984,454,2003,306,348,Good Condition
1985,454,2004,102,455,Good Condition
1986,455,2005,285,258,Good Condition
1987,455,2006,28,194,Good Condition
1988,455,2007,205,165,Good Condition
1989,455,2008,471,109,Good Condition
1990,455,2009,524,472,Good Condition
1991,455,2010,23,197,Good Condition
1992,455,2011,582,320,Good Condition
1993,456,2012,151,130,Good Condition
1994,456,2013,8,361,Good Condition
1995,456,2014,53,459,Good Condition
1996,456,2015,565,219,Good Condition
1997,456,2016,48,87,Good Condition
1998,457,2017,199,17,Service Accepted
1999,457,2018,437,336,Service Accepted
2000,457,2019,485,213,Service Accepted
2001,457,2020,465,127,Service Accepted
2002,457,2021,342,159,Service Accepted
2003,458,2022,54,401,Good Condition
2004,458,2023,232,287,Wrong Item Sent
2005,458,2024,62,459,Good Condition
2006,458,2025,285,155,Good Condition
2007,459,2026,70,469,Good Condition
2008,459,2027,408,162,Good Condition
2009,459,2028,450,280,Good Condition
2010,459,2029,80,387,Good Condition
2011,460,2030,50,169,Good Condition
2012,460,2031,217,225,Good Condition
2013,461,2032,192,151,Good Condition
2014,461,2033,38,341,Good Condition
2015,461,2034,178,104,Good Condition
2016,461,2035,525,12,Good Condition
2017,461,2036,240,358,Good Condition
2018,461,2037,311,489,Good Condition
2019,461,2038,583,19,Packaging Damaged
2020,462,2039,308,292,Good Condition
2021,462,2040,548,384,Good Condition
2022,462,2041,406,411,Good Condition
2023,462,2042,176,252,Good Condition
2024,463,2043,528,317,Good Condition
2025,463,2044,404,253,Good Condition
2026,463,2045,59,388,Good Condition
2027,463,2046,593,338,Good Condition
2028,463,2047,287,476,Good Condition
2029,463,2048,242,470,Good Condition
2030,463,2049,232,225,Good Condition
2031,464,2050,551,365,Good Condition
2032,464,2051,578,473,Good Condition
2033,464,2052,530,28,Good Condition
2034,464,2053,185,288,Good Condition
2035,464,2054,456,456,Dead on Arrival (DOA)
2036,464,2055,304,302,Good Condition
2037,465,2056,392,189,Good Condition
2038,465,2057,102,273,Good Condition
2039,465,2058,597,298,Good Condition
2040,465,2059,317,129,Good Condition
2041,465,2060,481,226,Good Condition
2042,465,2061,285,454,Good Condition
2043,466,2062,57,360,Good Condition
2044,466,2063,222,71,Good Condition
2045,466,2064,243,168,Good Condition
2046,466,2065,407,413,Good Condition
2047,466,2066,13,371,Good Condition
2048,466,2067,600,441,Good Condition
2049,466,2068,352,305,Good Condition
2050,467,2069,582,90,Good Condition
2051,467,2070,167,23,Good Condition
2052,467,2071,74,236,Good Condition
2053,468,2072,537,53,Service Accepted
2054,468,2073,220,295,Service Accepted
2055,468,2074,333,225,Service Accepted
2056,468,2075,465,492,Service Accepted
2057,468,2076,417,270,Good Condition
2058,468,2077,52,320,Service Accepted
2059,468,2078,66,394,Good Condition
2060,468,2079,423,94,Service Accepted
2061,469,2080,567,412,Good Condition
2062,469,2081,251,483,Good Condition
2063,469,2082,62,438,Good Condition
2064,470,2083,84,85,Good Condition
2065,470,2084,371,382,Good Condition
2066,470,2085,29,252,Good Condition
2067,470,2086,28,480,Good Condition
2068,470,2087,304,283,Good Condition
2069,470,2088,48,230,Good Condition
2070,470,2089,450,20,Good Condition
2071,470,2090,396,97,Good Condition
2072,471,2091,1,419,Minor Defect - Accepted
2073,471,2092,142,392,Service Accepted
2074,471,2093,133,465,Service Accepted
2075,471,2094,83,335,Good Condition
2076,471,2095,536,450,Good Condition
2077,471,2096,207,261,Good Condition
2078,472,2097,439,483,Good Condition
2079,472,2098,201,321,Good Condition
2080,472,2099,357,166,Good Condition
2081,472,2100,206,251,Good Condition
2082,472,2101,232,177,Good Condition
2083,472,2102,170,26,Good Condition
2084,473,2103,409,208,Good Condition
2085,473,2104,159,436,Good Condition
2086,474,2105,449,193,Good Condition
2087,474,2106,509,98,Good Condition
2088,474,2107,29,204,Good Condition
2089,474,2108,512,395,Good Condition
2090,474,2109,419,280,Good Condition
2091,474,2110,493,120,Good Condition
2092,474,2111,192,357,Good Condition
2093,475,2112,89,182,Good Condition
2094,475,2113,179,284,Good Condition
2095,476,2114,242,442,Good Condition
2096,476,2115,558,99,Good Condition
2097,476,2116,54,281,Good Condition
2098,476,2117,240,48,Good Condition
2099,477,2118,396,210,Good Condition
2100,477,2119,304,137,Good Condition
2101,477,2120,84,183,Good Condition
2102,477,2121,371,284,Good Condition
2103,477,2122,165,169,Good Condition
2104,478,2123,493,41,Good Condition
2105,478,2124,176,391,Good Condition
2106,478,2125,330,182,Good Condition
2107,479,2126,593,453,Good Condition
2108,479,2127,175,372,Good Condition
2109,479,2128,335,500,Good Condition
2110,479,2129,377,340,Good Condition
2111,479,2130,399,331,Good Condition
2112,479,2131,565,266,Good Condition
2113,479,2132,556,402,Good Condition
2114,480,2133,82,362,Good Condition
2115,480,2134,600,268,Good Condition
2116,480,2135,441,245,Good Condition
2117,481,2136,74,402,Good Condition
2118,481,2137,407,112,Good Condition
2119,481,2138,505,144,Good Condition
2120,481,2139,47,171,Good Condition
2121,481,2140,372,467,Good Condition
2122,481,2141,321,348,Good Condition
2123,481,2142,481,302,Good Condition
2124,482,2143,151,193,Good Condition
2125,482,2144,407,363,Good Condition
2126,482,2145,198,124,Good Condition
2127,483,2146,475,199,Service Accepted
2128,483,2147,258,91,Service Accepted
2129,483,2148,402,96,Service Accepted
2130,483,2149,348,38,Service Accepted
2131,484,2150,202,314,Good Condition
2132,484,2151,59,91,Good Condition
2133,485,2152,351,471,Service Accepted
2134,485,2153,138,435,Good Condition
2135,485,2154,342,47,Service Accepted
2136,486,2155,462,393,Good Condition
2137,486,2156,305,330,Good Condition
2138,486,2157,410,373,Good Condition
2139,487,2158,324,168,Good Condition
2140,487,2159,259,41,Good Condition
2141,487,2160,146,142,Good Condition
2142,487,2161,335,224,Good Condition
2143,487,2162,319,267,Good Condition
2144,488,2163,572,482,Good Condition
2145,488,2164,285,272,Good Condition
2146,488,2165,425,255,Good Condition
2147,488,2166,395,77,Good Condition
2148,488,2167,111,424,Good Condition
2149,488,2168,300,428,Good Condition
2150,488,2169,481,391,Good Condition
2151,488,2170,317,63,Good Condition
2152,489,2171,128,84,Good Condition
2153,489,2172,565,409,Good Condition
2154,489,2173,553,190,Good Condition
2155,489,2174,439,481,Good Condition
2156,489,2175,226,67,Good Condition
2157,489,2176,232,211,Good Condition
2158,490,2177,439,135,Good Condition
2159,490,2178,28,432,Good Condition
2160,490,2179,122,414,Good Condition
2161,490,2180,125,40,Good Condition
2162,490,2181,48,364,Good Condition
2163,491,2182,553,432,Good Condition
2164,491,2183,62,21,Good Condition
2165,491,2184,370,168,Good Condition
2166,492,2185,196,497,Good Condition
2167,492,2186,293,500,Wrong Item Sent
2168,492,2187,211,162,Good Condition
2169,492,2188,59,229,Good Condition
2170,492,2189,578,369,Good Condition
2171,492,2190,528,142,Good Condition
2172,493,2191,275,195,Good Condition
2173,493,2192,80,180,Good Condition
2174,493,2193,11,52,Good Condition
2175,493,2194,570,91,Good Condition
2176,493,2195,54,53,Good Condition
2177,493,2196,550,490,Good Condition
2178,494,2197,188,411,Good Condition
2179,494,2198,375,91,Good Condition
2180,494,2199,566,247,Good Condition
2181,494,2200,433,298,Good Condition
2182,495,2201,426,383,Good Condition
2183,495,2202,571,295,Good Condition
2184,495,2203,8,292,Good Condition
2185,495,2204,275,251,Good Condition
2186,495,2205,79,481,Good Condition
2187,495,2206,119,25,Packaging Damaged
2188,495,2207,314,40,Good Condition
2189,495,2208,460,21,Good Condition
2190,495,2209,300,320,Packaging Damaged
2191,496,2210,449,74,Good Condition
2192,496,2211,167,404,Good Condition
2193,496,2212,489,468,Good Condition
2194,496,2213,23,195,Good Condition
2195,496,2214,59,142,Good Condition
2196,496,2215,87,286,Good Condition
2197,496,2216,41,360,Good Condition
2198,497,2217,387,177,Service Accepted
2199,498,2218,163,138,Service Accepted
2200,498,2219,529,193,Service Accepted
2201,498,2220,417,363,Good Condition
2202,498,2221,279,201,Service Incomplete
2203,498,2222,587,73,Good Condition
2204,498,2223,171,232,Service Accepted
2205,499,2224,170,381,Good Condition
2206,499,2225,185,422,Good Condition
2207,500,2226,147,14,Good Condition
2208,500,2227,556,54,Good Condition
2209,500,2228,115,388,Good Condition
2210,501,2229,54,392,Good Condition
2211,502,2230,48,163,Good Condition
2212,502,2231,122,19,Good Condition
2213,502,2232,469,258,Good Condition
2214,502,2233,28,439,Good Condition
2215,502,2234,509,453,Good Condition
2216,502,2235,251,395,Good Condition
2217,503,2236,562,38,Good Condition
2218,503,2237,196,492,Good Condition
2219,503,2238,588,364,Good Condition
2220,503,2239,60,365,Good Condition
2221,503,2240,301,179,Good Condition
2222,504,2241,54,96,Good Condition
2223,504,2242,567,244,Good Condition
2224,504,2243,251,378,Good Condition
2225,504,2244,285,190,Good Condition
2226,504,2245,62,385,Good Condition
2227,505,2246,127,187,Good Condition
2228,505,2247,170,350,Good Condition
2229,505,2248,553,216,Good Condition
2230,506,2249,426,346,Good Condition
2231,506,2250,567,296,Good Condition
2232,506,2251,395,335,Good Condition
2233,507,2252,508,437,Good Condition
2234,507,2253,493,359,Good Condition
2235,507,2254,300,343,Good Condition
2236,507,2255,425,322,Good Condition
2237,507,2256,512,262,Good Condition
2238,507,2257,147,439,Good Condition
2239,507,2258,158,329,Good Condition
2240,507,2259,170,50,Good Condition
2241,508,2260,551,183,Packaging Damaged
2242,508,2261,449,244,Good Condition
2243,508,2262,206,18,Good Condition
2244,509,2263,12,109,Good Condition
2245,509,2264,359,148,Good Condition
2246,509,2265,390,351,Screen Damaged
2247,509,2266,583,329,Good Condition
2248,509,2267,510,457,Good Condition
2249,509,2268,42,99,Good Condition
2250,509,2269,309,456,Good Condition
2251,510,2270,255,310,Good Condition
2252,510,2271,194,394,Good Condition
2253,510,2272,42,369,Good Condition
2254,510,2273,425,295,Good Condition
2255,511,2274,354,103,Good Condition
2256,511,2275,489,484,Good Condition
2257,512,2276,199,56,Service Accepted
2258,512,2277,241,196,Service Accepted
2259,512,2278,467,91,Service Accepted
2260,513,2279,201,166,Good Condition
2261,513,2280,416,451,Good Condition
2262,513,2281,357,390,Good Condition
2263,513,2282,439,488,Good Condition
2264,513,2283,565,89,Dead on Arrival (DOA)
2265,513,2284,125,470,Good Condition
2266,514,2285,129,355,Good Condition
2267,514,2286,54,174,Good Condition
2268,514,2287,153,132,Good Condition
2269,514,2288,243,54,Good Condition
2270,515,2289,103,28,Good Condition
2271,515,2290,377,447,Good Condition
2272,515,2291,311,307,Good Condition
2273,515,2292,340,306,Good Condition
2274,515,2293,543,274,Good Condition
2275,515,2294,395,473,Good Condition
2276,516,2295,538,172,Good Condition
2277,516,2296,15,65,Good Condition
2278,517,2297,577,238,Packaging Damaged
2279,517,2298,354,336,Good Condition
2280,517,2299,301,392,Good Condition
2281,517,2300,375,336,Good Condition
2282,517,2301,366,124,Good Condition
2283,517,2302,125,129,Good Condition
2284,518,2303,185,48,Good Condition
2285,518,2304,314,80,Good Condition
2286,518,2305,79,494,Good Condition
2287,518,2306,456,460,Good Condition
2288,518,2307,318,107,Good Condition
2289,518,2308,170,352,Good Condition
2290,518,2309,416,13,Good Condition
2291,518,2310,345,496,Good Condition
2292,519,2317,200,287,Service Accepted
2293,519,2318,367,416,Service Accepted
2294,520,2319,577,353,Good Condition
2295,520,2320,108,238,Good Condition
2296,520,2321,439,324,Good Condition
2297,520,2322,227,203,Good Condition
2298,520,2323,243,139,Good Condition
2299,520,2324,62,264,Good Condition
2300,521,2325,514,159,Good Condition
2301,522,2326,422,177,Good Condition
2302,522,2327,462,128,Good Condition
2303,523,2328,218,414,Good Condition
2304,523,2329,39,77,Service Accepted
2305,523,2330,332,214,Good Condition
2306,523,2331,286,498,Good Condition
2307,524,2332,189,202,Good Condition
2308,525,2333,25,39,Wrong Item Sent
2309,525,2334,488,224,Good Condition
2310,526,2335,459,139,Good Condition
2311,526,2336,590,387,Good Condition
2312,526,2337,351,123,Service Accepted
2313,526,2338,173,197,Service Accepted
2314,526,2339,294,385,Service Accepted
2315,527,2340,89,442,Good Condition
2316,527,2341,422,429,Good Condition
2317,527,2342,210,367,Good Condition
2318,528,2343,103,22,Good Condition
2319,528,2344,330,214,Good Condition
2320,528,2345,450,216,Good Condition
2321,529,2346,123,382,Good Condition
2322,529,2347,102,78,Good Condition
2323,529,2348,285,168,Good Condition
2324,529,2349,308,52,Good Condition
2325,530,2350,236,498,Good Condition
2326,530,2351,222,119,Good Condition
2327,530,2352,490,241,Good Condition
2328,530,2353,444,141,Good Condition
2329,530,2354,117,257,Good Condition
2330,530,2355,481,321,Good Condition
2331,530,2356,147,58,Good Condition
2332,531,2357,548,268,Good Condition
2333,531,2358,317,411,Good Condition
2334,531,2359,560,168,Good Condition
2335,531,2360,481,219,Good Condition
2336,531,2361,306,72,Good Condition
2337,531,2362,556,70,Screen Damaged
2338,532,2363,481,113,Good Condition
2339,532,2364,490,475,Good Condition
2340,532,2365,123,313,Good Condition
2341,532,2366,102,374,Good Condition
2342,532,2367,147,68,Good Condition
2343,533,2368,259,374,Good Condition
2344,533,2369,306,377,Good Condition
2345,533,2370,565,466,Good Condition
2346,533,2371,513,265,Good Condition
2347,533,2372,153,209,Good Condition
2348,533,2373,293,355,Good Condition
2349,533,2374,211,148,Good Condition
2350,534,2375,314,442,Good Condition
2351,534,2376,416,157,Good Condition
2352,534,2377,170,300,Good Condition
2353,534,2378,75,396,Good Condition
2354,535,2379,13,130,Good Condition
2355,535,2380,239,80,Good Condition
2356,535,2381,170,105,Good Condition
2357,535,2382,179,194,Screen Damaged
2358,536,2383,543,138,Packaging Damaged
2359,536,2384,574,353,Good Condition
2360,536,2385,291,195,Good Condition
2361,536,2386,334,223,Good Condition
2362,537,2387,556,254,Good Condition
2363,537,2388,308,239,Good Condition
2364,537,2389,141,214,Good Condition
2365,537,2390,406,353,Good Condition
2366,537,2391,160,282,Good Condition
2367,537,2392,306,273,Good Condition
2368,538,2393,196,459,Good Condition
2369,538,2394,528,69,Good Condition
2370,538,2395,391,492,Good Condition
2371,538,2396,578,470,Good Condition
2372,538,2397,404,278,Good Condition
2373,538,2398,211,268,Good Condition
2374,538,2399,59,317,Good Condition
2375,538,2400,232,460,Good Condition
2376,539,2401,553,97,Good Condition
2377,539,2402,318,208,Good Condition
2378,539,2403,521,59,Good Condition
2379,540,2404,218,42,Good Condition
2380,541,2405,197,54,Good Condition
2381,541,2406,185,486,Good Condition
2382,541,2407,259,441,Packaging Damaged
2383,542,2408,172,423,Good Condition
2384,542,2409,597,292,Good Condition
2385,542,2410,306,95,Good Condition
2386,542,2411,370,33,Good Condition
2387,543,2412,68,345,Service Accepted
2388,543,2413,199,108,Service Accepted
2389,543,2414,342,363,Service Accepted
2390,543,2415,557,312,Service Accepted
2391,543,2416,37,260,Service Accepted
2392,544,2417,566,178,Good Condition
2393,545,2418,49,398,Good Condition
2394,546,2419,79,290,Good Condition
2395,546,2420,202,198,Good Condition
2396,546,2421,300,379,Good Condition
2397,546,2422,318,384,Good Condition
2398,546,2423,30,143,Good Condition
2399,546,2424,41,412,Good Condition
2400,546,2425,525,398,Good Condition
2401,546,2426,562,174,Good Condition
2402,547,2427,570,247,Good Condition
2403,547,2428,360,193,Screen Damaged
2404,548,2437,196,444,Good Condition
2405,548,2438,524,269,Good Condition
2406,548,2439,345,198,Good Condition
2407,549,2440,150,76,Good Condition
2408,549,2441,89,399,Good Condition
2409,550,2442,201,296,Good Condition
2410,550,2443,304,418,Good Condition
2411,550,2444,357,176,Good Condition
2412,551,2445,54,303,Good Condition
2413,552,2446,354,454,Good Condition
2414,552,2447,424,298,Good Condition
2415,552,2448,538,234,Good Condition
2416,552,2449,363,53,Good Condition
2417,552,2450,176,466,Good Condition
2418,552,2451,357,408,Good Condition
2419,552,2452,316,98,Good Condition
2420,553,2453,273,190,Good Condition
2421,553,2454,446,16,Good Condition
2422,553,2455,87,243,Good Condition
2423,553,2456,227,374,Good Condition
2424,554,2457,543,50,Packaging Damaged
2425,554,2458,600,208,Good Condition
2426,554,2459,222,161,Good Condition
2427,554,2460,57,285,Good Condition
2428,554,2461,360,73,Good Condition
2429,555,2462,4,258,Good Condition
2430,555,2463,259,272,Good Condition
2431,555,2464,243,300,Good Condition
2432,555,2465,227,318,Good Condition
2433,555,2466,324,59,Good Condition
2434,555,2467,192,193,Good Condition
2435,555,2468,25,413,Good Condition
2436,555,2469,439,79,Good Condition
2437,556,2470,433,369,Good Condition
2438,556,2471,275,206,Good Condition
2439,556,2472,566,200,Good Condition
2440,556,2473,56,462,Good Condition
2441,556,2474,375,486,Good Condition
2442,556,2475,188,64,Good Condition
2443,557,2476,196,423,Good Condition
2444,558,2477,110,324,Good Condition
2445,558,2478,597,185,Good Condition
2446,558,2479,366,493,Wrong Item Sent
2447,558,2480,392,112,Good Condition
2448,558,2481,129,227,Good Condition
2449,558,2482,192,435,Good Condition
2450,558,2483,527,102,Screen Damaged
2451,559,2484,542,251,Good Condition
2452,559,2485,416,67,Packaging Damaged
2453,559,2486,392,456,Good Condition
2454,559,2487,110,149,Good Condition
2455,559,2488,308,383,Good Condition
2456,560,2489,449,290,Good Condition
2457,560,2490,227,202,Good Condition
2458,561,2491,113,169,Good Condition
2459,561,2492,421,403,Dead on Arrival (DOA)
2460,561,2493,519,22,Good Condition
2461,561,2494,196,279,Good Condition
2462,561,2495,372,361,Good Condition
2463,561,2496,489,148,Packaging Damaged
2464,561,2497,273,376,Good Condition
2465,561,2498,53,361,Good Condition
2466,562,2499,583,127,Good Condition
2467,562,2500,210,355,Good Condition
2468,563,2501,565,450,Good Condition
2469,563,2502,515,181,Good Condition
2470,563,2503,530,171,Good Condition
2471,563,2504,119,346,Good Condition
2472,564,2505,366,228,Good Condition
2473,564,2506,285,311,Good Condition
2474,564,2507,147,348,Good Condition
2475,564,2508,110,492,Good Condition
2476,564,2509,481,476,Good Condition
2477,564,2510,236,345,Good Condition
2478,564,2511,117,323,Good Condition
2479,565,2512,578,300,Good Condition
2480,565,2513,354,175,Good Condition
2481,565,2514,306,194,Good Condition
2482,565,2515,50,238,Good Condition
2483,565,2516,335,162,Good Condition
2484,566,2517,422,58,Rejected - Quality Failure
2485,566,2518,456,10,Good Condition
2486,567,2519,89,461,Good Condition
2487,567,2520,70,360,Good Condition
2488,567,2521,324,215,Good Condition
2489,567,2522,29,196,Good Condition
2490,567,2523,314,259,Good Condition
2491,567,2524,580,67,Good Condition
2492,568,2525,515,30,Good Condition
2493,568,2526,151,453,Good Condition
2494,568,2527,425,212,Good Condition
2495,568,2528,217,170,Good Condition
2496,568,2529,582,365,Good Condition
2497,568,2530,158,171,Good Condition
2498,568,2531,53,336,Good Condition
2499,568,2532,565,117,Good Condition
2500,569,2533,494,245,Good Condition
2501,570,2534,47,283,Good Condition
2502,570,2535,321,133,Good Condition
2503,570,2536,74,261,Good Condition
2504,570,2537,481,129,Good Condition
2505,571,2538,432,321,Dead on Arrival (DOA)
2506,571,2539,210,322,Minor Defect - Accepted
2507,571,2540,146,312,Good Condition
2508,572,2541,418,95,Good Condition
2509,572,2542,141,17,Good Condition
2510,573,2543,521,252,Good Condition
2511,573,2544,505,65,Good Condition
2512,573,2545,192,89,Good Condition
2513,574,2546,126,20,Good Condition
2514,574,2547,432,487,Good Condition
2515,574,2548,146,486,Good Condition
2516,574,2549,570,247,Good Condition
2517,575,2550,217,154,Good Condition
2518,575,2551,255,430,Good Condition
2519,575,2552,50,67,Good Condition
2520,575,2553,43,129,Good Condition
2521,575,2554,391,481,Good Condition
2522,576,2555,50,473,Good Condition
2523,576,2556,308,454,Good Condition
2524,576,2557,70,208,Good Condition
2525,576,2558,450,315,Good Condition
2526,576,2559,424,459,Screen Damaged
2527,577,2560,48,291,Good Condition
2528,577,2561,185,135,Good Condition
2529,577,2562,551,81,Good Condition
2530,578,2563,275,20,Good Condition
2531,578,2564,566,415,Good Condition
2532,578,2565,433,180,Good Condition
2533,579,2566,556,236,Good Condition
2534,579,2567,550,357,Good Condition
2535,579,2568,290,411,Good Condition
2536,579,2569,357,220,Good Condition
2537,579,2570,572,256,Good Condition
2538,579,2571,242,331,Good Condition
2539,580,2572,557,258,Service Accepted
2540,580,2573,502,238,Service Accepted
2541,580,2574,37,128,Service Accepted
2542,580,2575,465,454,Service Disputed
2543,580,2576,68,464,Service Accepted
2544,580,2577,485,296,Service Accepted
2545,580,2578,351,345,Service Accepted
2546,580,2579,342,238,Service Accepted
2547,581,2580,251,163,Good Condition
2548,581,2581,16,240,Good Condition
2549,581,2582,439,282,Wrong Item Sent
2550,581,2583,493,439,Good Condition
2551,581,2584,287,364,Good Condition
2552,581,2585,483,354,Good Condition
2553,581,2586,491,310,Good Condition
2554,581,2587,469,436,Good Condition
2555,582,2588,50,43,Good Condition
2556,582,2589,41,294,Good Condition
2557,582,2590,306,377,Good Condition
2558,583,2591,101,465,Service Accepted
2559,583,2592,58,278,Good Condition
2560,583,2593,549,272,Service Accepted
2561,584,2594,574,177,Good Condition
2562,584,2595,89,166,Good Condition
2563,584,2596,150,418,Good Condition
2564,584,2597,585,99,Good Condition
2565,585,2598,456,35,Good Condition
2566,585,2599,330,468,Good Condition
2567,585,2600,562,131,Good Condition
2568,585,2601,153,120,Good Condition
2569,585,2602,129,449,Good Condition
2570,586,2603,300,153,Good Condition
2571,586,2604,553,44,Good Condition
2572,587,2605,236,481,Good Condition
2573,587,2606,578,361,Good Condition
2574,587,2607,170,432,Good Condition
2575,587,2608,392,21,Good Condition
2576,587,2609,222,103,Good Condition
2577,588,2610,524,359,Good Condition
2578,589,2611,572,194,Good Condition
2579,589,2612,393,437,Good Condition
2580,589,2613,550,68,Good Condition
2581,589,2614,194,51,Good Condition
2582,589,2615,251,68,Good Condition
2583,589,2616,43,45,Good Condition
2584,589,2617,474,186,Good Condition
2585,590,2618,480,99,Good Condition
2586,590,2619,377,197,Good Condition
2587,590,2620,217,207,Good Condition
2588,590,2621,543,404,Good Condition
2589,590,2622,318,131,Good Condition
2590,590,2623,530,172,Good Condition
2591,591,2624,288,404,Service Accepted
2592,591,2625,452,428,Service Accepted
2593,591,2626,289,54,Service Accepted
2594,591,2627,37,230,Service Accepted
2595,591,2628,361,128,Service Accepted
2596,592,2629,56,383,Good Condition
2597,592,2630,424,331,Good Condition
2598,593,2631,182,469,Good Condition
2599,594,2632,556,367,Good Condition
2600,594,2633,519,180,Good Condition
2601,594,2634,395,169,Good Condition
2602,594,2635,377,264,Good Condition
2603,595,2636,48,258,Good Condition
2604,595,2637,102,140,Good Condition
2605,596,2638,146,266,Good Condition
2606,596,2639,210,364,Good Condition
2607,596,2640,570,220,Good Condition
2608,596,2641,126,149,Good Condition
2609,596,2642,432,243,Good Condition
2610,597,2643,242,129,Good Condition
2611,597,2644,570,306,Good Condition
2612,597,2645,303,23,Good Condition
2613,597,2646,235,455,Good Condition
2614,597,2647,150,346,Good Condition
2615,597,2648,38,52,Good Condition
2616,597,2649,196,413,Good Condition
2617,597,2650,335,11,Good Condition
2618,598,2651,591,289,Good Condition
2619,599,2652,163,283,Service Accepted
2620,600,2653,202,366,Good Condition
2621,600,2654,240,278,Wrong Item Sent
2622,600,2655,416,162,Good Condition
2623,600,2656,538,431,Good Condition
2624,601,2657,578,70,Good Condition
2625,601,2658,446,61,Good Condition
2626,601,2659,300,120,Good Condition
2627,601,2660,407,416,Good Condition
2628,601,2661,242,444,Good Condition
2629,601,2662,560,155,Good Condition
2630,601,2663,8,496,Good Condition
2631,602,2664,41,460,Good Condition
2632,603,2665,580,274,Good Condition
2633,603,2666,123,424,Good Condition
2634,603,2667,70,93,Packaging Damaged
2635,603,2668,172,123,Good Condition
2636,603,2669,126,215,Good Condition
2637,604,2670,205,472,Good Condition
2638,604,2671,232,150,Good Condition
2639,604,2672,578,429,Good Condition
2640,604,2673,287,224,Good Condition
2641,604,2674,593,239,Good Condition
2642,604,2675,242,472,Good Condition
2643,604,2676,293,172,Good Condition
2644,605,2677,251,27,Good Condition
2645,605,2678,285,305,Good Condition
2646,605,2679,54,273,Good Condition
2647,605,2680,515,76,Good Condition
2648,606,2681,559,61,Service Accepted
2649,606,2682,294,345,Service Accepted
2650,607,2683,566,472,Good Condition
2651,608,2684,550,144,Good Condition
2652,608,2685,570,37,Good Condition
2653,608,2686,275,173,Good Condition
2654,608,2687,71,87,Good Condition
2655,609,2688,50,330,Good Condition
2656,609,2689,572,404,Good Condition
2657,609,2690,56,492,Good Condition
2658,609,2691,399,249,Good Condition
2659,610,2692,43,496,Good Condition
2660,610,2693,249,57,Good Condition
2661,611,2694,423,28,Service Accepted
2662,611,2695,430,379,Service Accepted
2663,611,2696,183,177,Service Accepted
2664,612,2697,494,369,Good Condition
2665,612,2698,543,326,Good Condition
2666,612,2699,103,136,Good Condition
2667,612,2700,519,483,Good Condition
2668,612,2701,33,406,Good Condition
2669,612,2702,340,373,Good Condition
2670,612,2703,311,433,Good Condition
2671,613,2706,210,58,Good Condition
2672,614,2707,340,477,Good Condition
2673,614,2708,126,141,Good Condition
2674,614,2709,392,246,Good Condition
2675,614,2710,410,281,Good Condition
2676,614,2711,153,67,Good Condition
2677,615,2712,367,186,Service Accepted
2678,615,2713,200,395,Service Accepted
2679,615,2714,131,44,Service Accepted
2680,616,2715,87,463,Good Condition
2681,616,2716,210,183,Good Condition
2682,616,2717,227,55,Good Condition
2683,617,2718,158,34,Good Condition
2684,617,2719,187,420,Good Condition
2685,617,2720,196,193,Good Condition
2686,617,2721,547,256,Good Condition
2687,617,2722,565,349,Good Condition
2688,617,2723,446,299,Good Condition
2689,617,2724,442,98,Good Condition
2690,618,2725,424,237,Good Condition
2691,618,2726,301,47,Good Condition
2692,618,2727,413,414,Good Condition
2693,618,2728,441,331,Good Condition
2694,618,2729,583,290,Good Condition
2695,619,2730,306,175,Good Condition
2696,619,2731,82,97,Good Condition
2697,619,2732,582,357,Good Condition
2698,619,2733,42,399,Good Condition
2699,619,2734,424,202,Good Condition
2700,619,2735,519,373,Good Condition
2701,619,2736,400,475,Good Condition
2702,619,2737,471,328,Good Condition
2703,620,2738,396,259,Good Condition
2704,621,2739,151,325,Packaging Damaged
2705,621,2740,56,233,Good Condition
2706,621,2741,597,305,Packaging Damaged
2707,621,2742,192,318,Good Condition
2708,621,2743,600,500,Good Condition
2709,621,2744,127,488,Good Condition
2710,621,2745,374,156,Good Condition
2711,621,2746,460,298,Good Condition
2712,622,2747,374,136,Good Condition
2713,623,2748,4,472,Good Condition
2714,623,2749,196,226,Good Condition
2715,623,2750,565,158,Good Condition
2716,623,2751,446,448,Good Condition
2717,623,2752,158,201,Screen Damaged
2718,624,2753,275,291,Good Condition
2719,624,2754,103,196,Good Condition
2720,624,2755,444,185,Good Condition
2721,625,2756,446,25,Good Condition
2722,625,2757,242,319,Good Condition
2723,625,2758,4,301,Good Condition
2724,625,2759,176,321,Good Condition
2725,626,2760,146,85,Good Condition
2726,626,2761,349,172,Good Condition
2727,626,2762,386,291,Good Condition
2728,627,2763,276,482,Service Accepted
2729,627,2764,241,335,Service Accepted
2730,627,2765,498,182,Service Accepted
2731,627,2766,220,211,Service Accepted
2732,628,2767,275,378,Rejected - Quality Failure
2733,628,2768,469,404,Good Condition
2734,629,2769,374,276,Screen Damaged
2735,630,2770,467,47,Service Accepted
2736,630,2771,220,154,Service Accepted
2737,630,2772,241,485,Service Accepted
2738,631,2773,232,212,Packaging Damaged
2739,631,2774,305,256,Good Condition
2740,632,2775,374,179,Good Condition
2741,632,2776,102,401,Good Condition
2742,632,2777,196,109,Good Condition
2743,633,2778,137,484,Good Condition
2744,633,2779,213,399,Good Condition
2745,633,2780,31,134,Good Condition
2746,633,2781,97,190,Service Accepted
2747,633,2782,398,259,Good Condition
2748,634,2783,194,493,Good Condition
2749,634,2784,205,259,Good Condition
2750,634,2785,441,123,Good Condition
2751,634,2786,413,405,Good Condition
2752,635,2787,141,19,Good Condition
2753,635,2788,75,256,Good Condition
2754,635,2789,159,362,Good Condition
2755,636,2790,489,400,Good Condition
2756,636,2791,239,365,Good Condition
2757,636,2792,179,37,Good Condition
2758,636,2793,541,78,Good Condition
2759,637,2794,524,26,Good Condition
2760,637,2795,441,454,Good Condition
2761,638,2796,220,185,Service Accepted
2762,638,2797,212,317,Service Accepted
2763,638,2798,51,64,Service Accepted
2764,639,2799,481,484,Good Condition
2765,639,2800,141,63,Good Condition
2766,639,2801,160,375,Good Condition
2767,639,2802,306,202,Good Condition
2768,639,2803,548,377,Good Condition
2769,639,2804,556,193,Good Condition
2770,640,2805,62,309,Good Condition
2771,640,2806,317,10,Good Condition
2772,641,2807,421,122,Good Condition
2773,641,2808,238,30,Good Condition
2774,641,2809,49,59,Good Condition
2775,641,2810,391,27,Good Condition
2776,641,2811,48,19,Good Condition
2777,642,2812,167,58,Good Condition
2778,642,2813,416,349,Good Condition
2779,642,2814,474,188,Good Condition
2780,642,2815,249,174,Good Condition
2781,643,2816,510,483,Good Condition
2782,643,2817,399,72,Good Condition
2783,643,2818,13,457,Good Condition
2784,643,2819,211,35,Good Condition
2785,644,2820,179,27,Good Condition
2786,644,2821,251,204,Good Condition
2787,644,2822,108,318,Good Condition
2788,644,2823,235,178,Good Condition
2789,644,2824,239,85,Good Condition
2790,645,2825,32,317,Dead on Arrival (DOA)
2791,645,2826,110,422,Good Condition
2792,645,2827,129,254,Good Condition
2793,645,2828,565,139,Good Condition
2794,645,2829,251,339,Good Condition
2795,646,2830,306,350,Good Condition
2796,646,2831,535,377,Good Condition
2797,646,2832,244,189,Good Condition
2798,646,2833,570,217,Good Condition
2799,647,2834,562,275,Good Condition
2800,647,2835,377,75,Good Condition
2801,647,2836,446,91,Good Condition
2802,648,2837,325,328,Good Condition
2803,648,2838,395,36,Good Condition
2804,648,2839,260,434,Good Condition
2805,648,2840,189,133,Good Condition
2806,648,2841,375,93,Good Condition
2807,649,2842,439,463,Good Condition
2808,649,2843,62,59,Good Condition
2809,649,2844,227,172,Good Condition
2810,649,2845,324,440,Good Condition
2811,649,2846,25,265,Good Condition
2812,649,2847,259,224,Good Condition
2813,649,2848,243,194,Good Condition
2814,649,2849,210,76,Good Condition
2815,649,2850,108,174,Screen Damaged
2816,649,2851,192,475,Good Condition
2817,650,2852,515,204,Good Condition
2818,650,2853,54,419,Good Condition
2819,650,2854,232,274,Good Condition
2820,650,2855,251,449,Good Condition
2821,650,2856,567,489,Good Condition
2822,651,2857,541,60,Good Condition
2823,652,2858,419,316,Good Condition
2824,652,2859,449,96,Good Condition
2825,652,2860,597,228,Good Condition
2826,653,2861,189,378,Good Condition
2827,653,2862,345,161,Good Condition
2828,653,2863,167,463,Good Condition
2829,653,2864,582,39,Good Condition
2830,653,2865,483,269,Good Condition
2831,653,2866,490,164,Good Condition
2832,654,2867,591,105,Good Condition
2833,654,2868,598,344,Good Condition
2834,654,2869,513,377,Screen Damaged
2835,654,2870,194,303,Good Condition
2836,654,2871,244,138,Good Condition
2837,655,2872,359,265,Good Condition
2838,656,2873,43,105,Good Condition
2839,656,2874,251,94,Good Condition
2840,656,2875,141,358,Good Condition
2841,657,2876,359,225,Good Condition
2842,657,2877,486,146,Good Condition
2843,657,2878,301,332,Good Condition
2844,657,2879,69,383,Good Condition
2845,657,2880,317,91,Good Condition
2846,658,2881,445,104,Good Condition
2847,658,2882,59,495,Good Condition
2848,658,2883,424,224,Good Condition
2849,658,2884,494,182,Good Condition
2850,658,2885,129,36,Good Condition
2851,658,2886,43,65,Good Condition
2852,658,2887,287,64,Good Condition
2853,659,2888,15,226,Good Condition
2854,659,2889,335,308,Good Condition
2855,660,2890,28,416,Good Condition
2856,661,2891,47,105,Good Condition
2857,661,2892,91,184,Good Condition
2858,662,2893,335,370,Good Condition
2859,663,2894,220,169,Service Accepted
2860,663,2895,501,354,Service Accepted
2861,663,2896,358,443,Service Accepted
2862,663,2897,233,72,Service Accepted
2863,663,2898,51,479,Service Accepted
2864,664,2899,110,393,Good Condition
2865,664,2900,569,460,Good Condition
2866,664,2901,240,185,Good Condition
2867,664,2902,242,161,Good Condition
2868,664,2903,147,485,Good Condition
2869,665,2904,129,426,Good Condition
2870,665,2905,409,486,Good Condition
2871,665,2906,462,207,Good Condition
2872,665,2907,264,492,Good Condition
2873,665,2908,41,212,Good Condition
2874,665,2909,550,115,Good Condition
2875,665,2910,111,434,Good Condition
2876,665,2911,317,254,Good Condition
2877,666,2912,326,482,Service Accepted
2878,667,2913,505,276,Good Condition
2879,667,2914,91,497,Good Condition
2880,667,2915,407,191,Good Condition
2881,667,2916,372,105,Good Condition
2882,667,2917,47,429,Good Condition
2883,668,2918,529,317,Service Accepted
2884,668,2919,537,64,Service Accepted
2885,668,2920,333,241,Service Accepted
2886,669,2921,117,194,Good Condition
2887,669,2922,444,383,Good Condition
2888,669,2923,175,48,Good Condition
2889,669,2924,366,237,Good Condition
2890,669,2925,110,33,Good Condition
2891,669,2926,236,475,Good Condition
2892,670,2927,153,278,Good Condition
2893,670,2928,600,146,Good Condition
2894,671,2929,300,282,Good Condition
2895,671,2930,558,408,Good Condition
2896,671,2931,50,251,Good Condition
2897,672,2932,123,181,Good Condition
2898,672,2933,542,333,Good Condition
2899,672,2934,388,248,Good Condition
2900,672,2935,419,110,Packaging Damaged
2901,672,2936,80,375,Good Condition
2902,672,2937,474,391,Good Condition
2903,672,2938,566,170,Good Condition
2904,672,2939,438,18,Good Condition
2905,673,2940,570,403,Good Condition
2906,673,2941,77,243,Good Condition
2907,673,2942,419,334,Good Condition
2908,673,2943,42,358,Good Condition
2909,673,2944,462,296,Good Condition
2910,673,2945,488,450,Good Condition
2911,674,2946,538,33,Good Condition
2912,674,2947,318,331,Good Condition
2913,674,2948,317,176,Good Condition
2914,674,2949,69,267,Good Condition
2915,674,2950,301,107,Good Condition
2916,674,2951,134,463,Good Condition
2917,674,2952,556,474,Good Condition
2918,675,2953,505,117,Good Condition
2919,675,2954,192,96,Good Condition
2920,675,2955,318,459,Good Condition
2921,675,2956,521,382,Good Condition
2922,675,2957,553,275,Good Condition
2923,676,2958,413,56,Good Condition
2924,676,2959,81,366,Good Condition
2925,676,2960,582,264,Dead on Arrival (DOA)
2926,676,2961,146,29,Good Condition
2927,676,2962,84,426,Good Condition
2928,676,2963,371,119,Good Condition
2929,677,2964,489,470,Good Condition
2930,678,2965,540,207,Service Accepted
2931,678,2966,72,128,Service Accepted
2932,678,2967,501,51,Service Accepted
2933,678,2968,274,48,Service Accepted
2934,678,2969,326,354,Service Accepted
2935,679,2970,364,349,Service Accepted
2936,679,2971,315,415,Good Condition
2937,679,2972,7,365,Good Condition
2938,679,2973,437,32,Service Accepted
2939,679,2974,245,19,Good Condition
2940,679,2975,320,277,Good Condition
2941,679,2976,120,404,Good Condition
2942,680,2977,159,356,Dead on Arrival (DOA)
2943,680,2978,206,289,Screen Damaged
2944,680,2979,243,255,Good Condition
2945,680,2980,179,444,Rejected - Quality Failure
2946,681,2981,319,361,Good Condition
2947,681,2982,538,32,Good Condition
2948,681,2983,577,222,Good Condition
2949,681,2984,462,391,Good Condition
2950,681,2985,558,486,Good Condition
2951,682,2986,488,364,Good Condition
2952,682,2987,306,264,Good Condition
2953,682,2988,232,326,Good Condition
2954,682,2989,172,99,Good Condition
2955,682,2990,117,289,Wrong Item Sent
2956,682,2991,25,463,Good Condition
2957,683,2992,375,15,Good Condition
2958,683,2993,26,386,Dead on Arrival (DOA)
2959,684,2994,562,180,Good Condition
2960,684,2995,578,389,Good Condition
2961,684,2996,330,244,Good Condition
2962,684,2997,426,48,Good Condition
2963,684,2998,580,428,Good Condition
2964,684,2999,598,262,Good Condition
2965,684,3000,519,101,Good Condition
2966,685,3001,33,429,Good Condition
2967,686,3002,244,446,Good Condition
2968,686,3003,306,97,Good Condition
2969,686,3004,255,22,Good Condition
2970,686,3005,202,29,Good Condition
2971,686,3006,582,216,Good Condition
2972,686,3007,28,280,Good Condition
2973,687,3008,185,419,Wrong Item Sent
2974,687,3009,272,220,Good Condition
2975,687,3010,79,314,Good Condition
2976,687,3011,416,188,Good Condition
2977,687,3012,259,297,Good Condition
2978,687,3013,456,77,Good Condition
2979,688,3014,33,244,Good Condition
2980,688,3015,13,402,Good Condition
2981,688,3016,410,486,Good Condition
2982,688,3017,317,19,Good Condition
2983,689,3018,89,349,Dead on Arrival (DOA)
2984,689,3019,528,334,Good Condition
2985,689,3020,585,18,Good Condition
2986,689,3021,147,414,Good Condition
2987,689,3022,574,142,Good Condition
2988,689,3023,150,292,Good Condition
2989,689,3024,167,380,Good Condition
2990,690,3025,274,432,Service Accepted
2991,690,3026,248,83,Service Accepted
2992,690,3027,27,63,Service Accepted
2993,690,3028,55,81,Service Accepted
2994,690,3029,96,47,Service Accepted
2995,690,3030,85,211,Service Accepted
2996,691,3031,203,426,Good Condition
2997,691,3032,42,485,Good Condition
2998,691,3033,12,134,Good Condition
2999,692,3034,357,50,Good Condition
3000,692,3035,345,96,Good Condition
3001,692,3036,128,437,Good Condition
3002,692,3037,416,436,Good Condition
3003,692,3038,232,492,Good Condition
3004,692,3039,439,483,Good Condition
3005,693,3040,78,283,Good Condition
3006,693,3041,391,480,Good Condition
3007,693,3042,109,316,Good Condition
3008,693,3043,272,215,Good Condition
3009,694,3044,176,111,Good Condition
3010,695,3045,377,490,Good Condition
3011,695,3046,494,56,Good Condition
3012,695,3047,318,60,Good Condition
3013,695,3048,311,287,Good Condition
3014,695,3049,33,99,Good Condition
3015,696,3050,210,56,Good Condition
3016,696,3051,359,462,Good Condition
3017,696,3052,551,455,Good Condition
3018,696,3053,23,164,Good Condition
3019,696,3054,15,35,Good Condition
3020,696,3055,82,178,Good Condition
3021,696,3056,413,202,Good Condition
3022,696,3057,232,107,Good Condition
3023,696,3058,255,302,Good Condition
3024,696,3059,455,66,Good Condition
3025,697,3060,259,52,Good Condition
3026,697,3061,577,288,Good Condition
3027,697,3062,439,177,Good Condition
3028,697,3063,211,153,Good Condition
3029,697,3064,192,210,Good Condition
3030,697,3065,108,207,Good Condition
3031,698,3066,324,305,Good Condition
3032,698,3067,205,59,Good Condition
3033,698,3068,560,126,Good Condition
3034,698,3069,103,247,Good Condition
3035,698,3070,568,330,Good Condition
3036,698,3071,596,67,Good Condition
3037,698,3072,335,280,Good Condition
3038,699,3073,87,407,Good Condition
3039,699,3074,317,78,Good Condition
3040,699,3075,363,341,Good Condition
3041,699,3076,9,295,Good Condition
3042,699,3077,43,218,Good Condition
3043,699,3078,445,472,Good Condition
3044,699,3079,512,157,Good Condition
3045,700,3080,22,489,Dead on Arrival (DOA)
3046,700,3081,490,34,Screen Damaged
3047,700,3082,172,116,Good Condition
3048,700,3083,551,417,Wrong Item Sent
3049,701,3084,474,440,Good Condition
3050,701,3085,194,43,Good Condition
3051,701,3086,251,286,Good Condition
3052,701,3087,371,136,Good Condition
3053,701,3088,43,403,Good Condition
3054,702,3089,489,178,Good Condition
3055,702,3090,560,363,Good Condition
3056,702,3091,287,148,Good Condition
3057,702,3092,13,376,Good Condition
3058,702,3093,165,89,Good Condition
3059,702,3094,179,302,Good Condition
3060,703,3095,288,100,Service Accepted
3061,704,3096,79,248,Good Condition
3062,705,3097,217,392,Good Condition
3063,705,3098,480,287,Good Condition
3064,705,3099,146,175,Good Condition
3065,705,3100,87,464,Good Condition
3066,705,3101,377,243,Good Condition
3067,705,3102,543,15,Good Condition
3068,706,3103,513,219,Good Condition
3069,706,3104,360,92,Good Condition
3070,706,3105,493,23,Good Condition
3071,707,3106,433,103,Good Condition
3072,707,3107,23,481,Good Condition
3073,707,3108,556,277,Good Condition
3074,708,3114,240,431,Packaging Damaged
3075,709,3115,187,372,Good Condition
3076,709,3116,54,144,Good Condition
3077,709,3117,243,190,Good Condition
3078,709,3118,84,162,Good Condition
3079,709,3119,159,141,Good Condition
3080,709,3120,574,258,Good Condition
3081,709,3121,301,195,Good Condition
3082,709,3122,432,228,Good Condition
3083,710,3123,433,132,Good Condition
3084,710,3124,375,24,Good Condition
3085,710,3125,566,49,Good Condition
3086,710,3126,275,114,Good Condition
3087,711,3127,78,75,Good Condition
3088,712,3128,551,423,Good Condition
3089,712,3129,589,308,Good Condition
3090,712,3130,530,413,Good Condition
3091,712,3131,113,373,Good Condition
3092,712,3132,249,182,Good Condition
3093,712,3133,122,165,Good Condition
3094,713,3134,345,341,Good Condition
3095,713,3135,201,220,Good Condition
3096,714,3136,518,424,Service Accepted
3097,714,3137,96,63,Service Accepted
3098,714,3138,361,496,Service Accepted
3099,714,3139,351,237,Service Accepted
3100,714,3140,540,80,Service Accepted
3101,714,3141,473,275,Service Accepted
3102,715,3142,165,337,Good Condition
3103,716,3143,84,195,Good Condition
3104,716,3144,29,295,Good Condition
3105,716,3145,102,240,Good Condition
3106,716,3146,371,396,Good Condition
3107,716,3147,249,56,Good Condition
3108,717,3148,187,186,Good Condition
3109,717,3149,505,432,Good Condition
3110,718,3150,41,207,Good Condition
3111,718,3151,179,302,Good Condition
3112,718,3152,433,397,Good Condition
3113,718,3153,311,155,Good Condition
3114,719,3154,159,88,Good Condition
3115,719,3155,206,27,Rejected - Quality Failure
3116,720,3156,392,420,Good Condition
3117,720,3157,42,379,Good Condition
3118,720,3158,211,68,Good Condition
3119,720,3159,236,111,Good Condition
3120,721,3160,13,159,Good Condition
3121,721,3161,543,152,Good Condition
3122,721,3162,360,357,Good Condition
3123,721,3163,243,204,Good Condition
3124,722,3164,80,435,Good Condition
3125,722,3165,446,435,Good Condition
3126,722,3166,352,414,Good Condition
3127,722,3167,89,122,Dead on Arrival (DOA)
3128,723,3168,202,374,Good Condition
3129,723,3169,483,484,Good Condition
3130,723,3170,300,408,Good Condition
3131,723,3171,243,399,Good Condition
3132,724,3172,211,400,Good Condition
3133,725,3173,429,149,Good Condition
3134,725,3174,168,14,Good Condition
3135,725,3175,245,350,Good Condition
3136,725,3176,270,108,Good Condition
3137,725,3177,500,417,Good Condition
3138,725,3178,387,346,Service Accepted
3139,725,3179,320,75,Good Condition
3140,726,3180,54,95,Good Condition
3141,726,3181,170,487,Good Condition
3142,726,3182,440,107,Good Condition
3143,727,3183,449,481,Good Condition
3144,727,3184,432,331,Screen Damaged
3145,728,3185,374,451,Good Condition
3146,728,3186,308,21,Good Condition
3147,728,3187,352,321,Good Condition
3148,728,3188,275,265,Good Condition
3149,728,3189,368,308,Good Condition
3150,728,3190,579,216,Good Condition
3151,728,3191,202,400,Good Condition
3152,728,3192,110,238,Good Condition
3153,729,3193,161,32,Service Incomplete
3154,729,3194,478,245,Service Accepted
3155,729,3195,427,303,Service Accepted
3156,729,3196,133,67,Service Accepted
3157,729,3197,573,369,Service Accepted
3158,729,3198,355,181,Service Accepted
3159,729,3199,326,207,Service Accepted
3160,730,3200,111,239,Good Condition
3161,730,3201,395,256,Good Condition
3162,730,3202,597,227,Good Condition
3163,730,3203,572,361,Good Condition
3164,730,3204,285,90,Good Condition
3165,731,3205,352,50,Good Condition
3166,731,3206,335,309,Good Condition
3167,731,3207,449,459,Good Condition
3168,731,3208,548,104,Minor Defect - Accepted
3169,731,3209,175,73,Good Condition
3170,731,3210,519,220,Good Condition
3171,731,3211,211,162,Good Condition
3172,732,3212,109,340,Good Condition
3173,733,3213,176,14,Good Condition
3174,733,3214,424,407,Good Condition
3175,734,3215,577,257,Good Condition
3176,734,3216,446,349,Good Condition
3177,734,3217,28,483,Good Condition
3178,735,3218,306,338,Good Condition
3179,735,3219,287,129,Good Condition
3180,735,3220,582,198,Good Condition
3181,735,3221,102,99,Good Condition
3182,735,3222,70,245,Good Condition
3183,736,3223,148,162,Service Accepted
3184,736,3224,200,470,Service Accepted
3185,736,3225,559,461,Service Accepted
3186,737,3226,497,339,Good Condition
3187,737,3227,556,470,Good Condition
3188,737,3228,115,412,Good Condition
3189,737,3229,147,324,Good Condition
3190,738,3230,402,194,Service Accepted
3191,738,3231,430,463,Service Accepted
3192,738,3232,258,117,Service Accepted
3193,738,3233,183,343,Service Accepted
3194,739,3234,392,422,Good Condition
3195,739,3235,316,297,Good Condition
3196,739,3236,393,99,Good Condition
3197,739,3237,330,272,Good Condition
3198,739,3238,197,35,Good Condition
3199,739,3239,102,108,Good Condition
3200,739,3240,23,302,Good Condition
3201,739,3241,306,302,Good Condition
3202,740,3242,493,212,Dead on Arrival (DOA)
3203,740,3243,483,403,Good Condition
3204,741,3244,361,181,Service Accepted
3205,741,3245,351,456,Service Accepted
3206,741,3246,518,18,Service Accepted
3207,741,3247,39,187,Service Accepted
3208,741,3248,378,140,Service Accepted
3209,741,3249,473,500,Service Accepted
3210,741,3250,96,410,Service Accepted
3211,742,3251,126,165,Packaging Damaged
3212,742,3252,172,199,Good Condition
3213,742,3253,580,490,Good Condition
3214,742,3254,324,483,Good Condition
3215,742,3255,366,465,Good Condition
3216,742,3256,70,34,Good Condition
3217,743,3257,123,155,Good Condition
3218,743,3258,318,419,Good Condition
3219,743,3259,242,168,Good Condition
3220,743,3260,335,127,Good Condition
3221,743,3261,264,478,Good Condition
3222,743,3262,588,391,Good Condition
3223,743,3263,357,121,Good Condition
3224,743,3264,237,28,Good Condition
3225,744,3265,242,157,Good Condition
3226,744,3266,151,378,Good Condition
3227,744,3267,530,200,Good Condition
3228,745,3268,185,64,Good Condition
3229,745,3269,201,44,Good Condition
3230,745,3270,471,139,Good Condition
3231,746,3271,488,396,Good Condition
3232,746,3272,493,223,Good Condition
3233,746,3273,560,334,Good Condition
3234,746,3274,513,184,Good Condition
3235,746,3275,21,92,Good Condition
3236,747,3276,197,298,Good Condition
3237,747,3277,202,113,Good Condition
3238,748,3278,82,477,Good Condition
3239,748,3279,424,317,Good Condition
3240,748,3280,582,331,Good Condition
3241,749,3281,16,160,Good Condition
3242,749,3282,287,443,Good Condition
3243,749,3283,469,452,Good Condition
3244,749,3284,424,216,Good Condition
3245,749,3285,71,32,Good Condition
3246,749,3286,491,12,Good Condition
3247,749,3287,251,474,Good Condition
3248,750,3288,519,178,Good Condition
3249,750,3289,29,89,Packaging Damaged
3250,750,3290,574,86,Good Condition
3251,750,3291,324,156,Packaging Damaged
3252,751,3292,488,303,Good Condition
3253,751,3293,77,409,Good Condition
3254,751,3294,42,188,Good Condition
3255,751,3295,419,74,Packaging Damaged
3256,751,3296,303,169,Good Condition
3257,751,3297,570,484,Good Condition
3258,752,3298,430,379,Service Accepted
3259,753,3299,413,425,Good Condition
3260,753,3300,324,12,Good Condition
3261,753,3301,524,81,Good Condition
3262,754,3302,160,26,Good Condition
3263,754,3303,21,448,Good Condition
3264,754,3304,194,251,Good Condition
3265,754,3305,141,357,Good Condition
3266,754,3306,565,113,Good Condition
3267,754,3307,62,428,Good Condition
3268,754,3308,26,191,Good Condition
3269,755,3309,562,407,Good Condition
3270,755,3310,588,98,Good Condition
3271,755,3311,196,478,Rejected - Quality Failure
3272,755,3312,60,395,Good Condition
3273,755,3313,304,410,Good Condition
3274,755,3314,301,203,Good Condition
3275,756,3315,462,259,Good Condition
3276,756,3316,399,216,Good Condition
3277,756,3317,60,80,Good Condition
3278,757,3318,598,90,Good Condition
3279,757,3319,499,108,Good Condition
3280,758,3320,334,78,Good Condition
3281,758,3321,574,438,Good Condition
3282,758,3322,543,397,Good Condition
3283,758,3323,166,386,Good Condition
3284,759,3324,272,203,Good Condition
3285,759,3325,206,317,Dead on Arrival (DOA)
3286,759,3326,551,133,Good Condition
3287,759,3327,574,103,Good Condition
3288,759,3328,395,248,Good Condition
3289,759,3329,476,231,Packaging Damaged
3290,759,3330,568,311,Good Condition
3291,759,3331,449,132,Good Condition
3292,760,3332,357,329,Good Condition
3293,760,3333,211,402,Good Condition
3294,760,3334,556,313,Good Condition
3295,760,3335,352,464,Good Condition
3296,761,3336,476,52,Good Condition
3297,761,3337,50,249,Good Condition
3298,761,3338,558,415,Good Condition
3299,761,3339,543,110,Good Condition
3300,761,3340,568,465,Good Condition
3301,762,3341,56,238,Good Condition
3302,763,3342,367,248,Service Disputed
3303,764,3343,293,255,Good Condition
3304,764,3344,535,14,Good Condition
3305,764,3345,318,399,Good Condition
3306,764,3346,513,208,Good Condition
3307,764,3347,23,427,Screen Damaged
3308,765,3348,1,111,Good Condition
3309,765,3349,261,211,Good Condition
3310,765,3350,503,494,Service Accepted
3311,766,3351,236,342,Good Condition
3312,767,3352,283,123,Good Condition
3313,767,3353,424,227,Good Condition
3314,767,3354,81,57,Good Condition
3315,767,3355,25,374,Good Condition
3316,768,3356,349,273,Good Condition
3317,768,3357,103,234,Good Condition
3318,768,3358,159,206,Good Condition
3319,768,3359,146,458,Good Condition
3320,768,3360,123,474,Good Condition
3321,768,3361,189,110,Good Condition
3322,768,3362,49,87,Good Condition
3323,769,3363,306,307,Good Condition
3324,769,3364,335,75,Good Condition
3325,769,3365,41,152,Good Condition
3326,770,3366,179,305,Dead on Arrival (DOA)
3327,770,3367,42,478,Good Condition
3328,770,3368,439,67,Good Condition
3329,770,3369,577,202,Good Condition
3330,770,3370,43,330,Good Condition
3331,770,3371,235,88,Good Condition
3332,770,3372,481,399,Good Condition
3333,771,3373,161,308,Service Accepted
3334,771,3374,478,416,Service Accepted
3335,772,3375,550,334,Good Condition
3336,772,3376,363,422,Wrong Item Sent
3337,772,3377,159,262,Good Condition
3338,773,3378,222,164,Good Condition
3339,773,3379,123,435,Good Condition
3340,773,3380,117,499,Good Condition
3341,773,3381,308,275,Good Condition
3342,773,3382,285,372,Good Condition
3343,773,3383,175,300,Good Condition
3344,773,3384,366,331,Good Condition
3345,773,3385,102,211,Good Condition
3346,774,3386,56,254,Good Condition
3347,774,3387,433,297,Good Condition
3348,774,3388,275,182,Good Condition
3349,774,3389,375,242,Good Condition
3350,775,3390,414,460,Service Accepted
3351,776,3391,217,200,Good Condition
3352,776,3392,43,305,Good Condition
3353,776,3393,255,255,Minor Defect - Accepted
3354,777,3399,220,120,Service Accepted
3355,777,3400,199,125,Service Incomplete
3356,777,3401,467,179,Service Accepted
3357,777,3402,289,375,Service Accepted
3358,777,3403,276,469,Service Accepted
3359,778,3404,395,21,Good Condition
3360,778,3405,77,195,Good Condition
3361,778,3406,109,438,Good Condition
3362,778,3407,23,60,Good Condition
3363,779,3408,582,93,Good Condition
3364,779,3409,471,135,Good Condition
3365,779,3410,424,279,Good Condition
3366,779,3411,259,436,Good Condition
3367,779,3412,444,438,Good Condition
3368,779,3413,519,166,Good Condition
3369,779,3414,134,486,Good Condition
3370,780,3415,476,412,Good Condition
3371,780,3416,50,184,Good Condition
3372,780,3417,568,84,Good Condition
3373,780,3418,558,156,Good Condition
3374,780,3419,543,236,Good Condition
3375,780,3420,300,314,Good Condition
3376,781,3421,15,138,Good Condition
3377,781,3422,582,343,Good Condition
3378,781,3423,535,42,Good Condition
3379,781,3424,244,264,Good Condition
3380,781,3425,565,31,Good Condition
3381,781,3426,306,30,Good Condition
3382,782,3427,570,92,Good Condition
3383,782,3428,77,300,Good Condition
3384,782,3429,42,207,Good Condition
3385,782,3430,360,267,Good Condition
3386,783,3435,43,17,Good Condition
3387,783,3436,359,450,Good Condition
3388,783,3437,249,431,Good Condition
3389,784,3438,217,326,Good Condition
3390,784,3439,551,456,Good Condition
3391,784,3440,202,287,Good Condition
3392,784,3441,134,130,Good Condition
3393,784,3442,318,486,Good Condition
3394,785,3443,141,154,Good Condition
3395,785,3444,160,225,Good Condition
3396,785,3445,26,212,Good Condition
3397,785,3446,21,47,Good Condition
3398,785,3447,565,373,Good Condition
3399,786,3448,441,81,Good Condition
3400,786,3449,413,187,Good Condition
3401,787,3450,56,269,Good Condition
3402,787,3451,375,465,Good Condition
3403,787,3452,433,19,Good Condition
3404,787,3453,275,377,Good Condition
3405,787,3454,566,201,Good Condition
3406,788,3455,515,98,Good Condition
3407,788,3456,244,50,Good Condition
3408,788,3457,170,220,Good Condition
3409,789,3458,173,76,Service Accepted
3410,789,3459,355,210,Service Accepted
3411,789,3460,364,62,Service Accepted
3412,789,3461,434,460,Service Accepted
3413,789,3462,276,117,Service Accepted
3414,789,3463,347,124,Service Accepted
3415,789,3464,555,137,Service Accepted
3416,790,3465,48,289,Good Condition
3417,790,3466,438,340,Good Condition
3418,790,3467,238,191,Good Condition
3419,790,3468,49,16,Good Condition
3420,790,3469,178,295,Good Condition
3421,791,3470,249,118,Good Condition
3422,791,3471,43,223,Good Condition
3423,791,3472,359,73,Good Condition
3424,792,3473,515,171,Good Condition
3425,792,3474,565,319,Good Condition
3426,792,3475,456,378,Good Condition
3427,792,3476,530,186,Good Condition
3428,792,3477,396,209,Good Condition
3429,793,3478,62,371,Good Condition
3430,793,3479,515,193,Good Condition
3431,793,3480,285,223,Good Condition
3432,793,3481,232,334,Good Condition
3433,794,3482,375,76,Good Condition
3434,794,3483,567,31,Good Condition
3435,794,3484,125,132,Good Condition
3436,794,3485,424,106,Good Condition
3437,794,3486,391,150,Good Condition
3438,794,3487,197,443,Good Condition
3439,794,3488,60,366,Good Condition
3440,795,3489,87,463,Good Condition
3441,796,3490,70,370,Good Condition
3442,796,3491,460,55,Good Condition
3443,796,3492,440,163,Good Condition
3444,796,3493,236,10,Good Condition
3445,796,3494,562,296,Good Condition
3446,796,3495,81,335,Good Condition
3447,796,3496,553,168,Good Condition
3448,797,3497,1,403,Good Condition
3449,797,3498,341,445,Good Condition
3450,797,3499,132,12,Service Accepted
3451,797,3500,437,169,Service Accepted
3452,797,3501,173,42,Service Accepted
3453,797,3502,529,424,Service Accepted
3454,797,3503,294,411,Service Accepted
3455,797,3504,459,311,Good Condition
3456,797,3505,351,199,Service Accepted
3457,798,3506,444,264,Good Condition
3458,798,3507,23,197,Good Condition
3459,798,3508,26,189,Good Condition
3460,798,3509,113,282,Dead on Arrival (DOA)
3461,798,3510,489,82,Good Condition
3462,799,3511,42,340,Good Condition
3463,799,3512,141,400,Good Condition
3464,799,3513,146,487,Good Condition
3465,799,3514,287,388,Good Condition
3466,799,3515,70,151,Good Condition
3467,799,3516,185,462,Good Condition
3468,799,3517,371,84,Good Condition
3469,800,3518,287,245,Good Condition
3470,800,3519,568,172,Good Condition
3471,800,3520,489,412,Good Condition
3472,800,3521,239,54,Good Condition
3473,800,3522,560,310,Good Condition
3474,801,3523,69,118,Good Condition
3475,801,3524,392,291,Good Condition
3476,801,3525,30,375,Good Condition
3477,801,3526,182,338,Good Condition
3478,801,3527,53,367,Good Condition
3479,802,3528,111,46,Good Condition
3480,803,3529,570,387,Good Condition
3481,803,3530,126,301,Good Condition
3482,803,3531,146,221,Good Condition
3483,803,3532,432,110,Good Condition
3484,804,3533,426,259,Good Condition
3485,804,3534,580,344,Dead on Arrival (DOA)
3486,804,3535,330,318,Good Condition
3487,805,3536,111,486,Good Condition
3488,805,3537,499,237,Rejected - Quality Failure
3489,805,3538,541,30,Good Condition
3490,805,3539,324,135,Good Condition
3491,806,3540,446,213,Good Condition
3492,806,3541,273,377,Good Condition
3493,806,3542,562,252,Good Condition
3494,806,3543,227,464,Good Condition
3495,807,3544,335,353,Good Condition
3496,807,3545,41,497,Good Condition
3497,807,3546,354,228,Good Condition
3498,807,3547,306,285,Good Condition
3499,808,3548,236,97,Good Condition
3500,808,3549,243,176,Good Condition
3501,808,3550,577,292,Good Condition
3502,808,3551,13,129,Good Condition
3503,808,3552,572,189,Good Condition
3504,808,3553,57,159,Good Condition
3505,809,3554,481,342,Good Condition
3506,809,3555,141,34,Good Condition
3507,809,3556,306,200,Good Condition
3508,809,3557,548,149,Good Condition
3509,809,3558,317,357,Good Condition
3510,809,3559,160,397,Good Condition
3511,810,3560,48,482,Good Condition
3512,810,3561,462,383,Good Condition
3513,810,3562,488,178,Good Condition
3514,810,3563,305,184,Good Condition
3515,810,3564,115,372,Good Condition
3516,810,3565,176,87,Good Condition
3517,811,3566,324,226,Good Condition
3518,811,3567,146,435,Good Condition
3519,811,3568,151,278,Good Condition
3520,811,3569,240,377,Good Condition
3521,811,3570,244,295,Good Condition
3522,812,3571,227,434,Packaging Damaged
3523,812,3572,488,124,Good Condition
3524,812,3573,172,406,Good Condition
3525,813,3574,102,25,Good Condition
3526,813,3575,48,267,Good Condition
3527,813,3576,582,324,Good Condition
3528,813,3577,306,335,Good Condition
3529,814,3578,26,302,Good Condition
3530,814,3579,375,178,Good Condition
3531,815,3580,597,180,Good Condition
3532,816,3581,30,203,Good Condition
3533,816,3582,202,154,Good Condition
3534,816,3583,300,354,Good Condition
3535,817,3584,451,370,Service Accepted
3536,817,3585,367,349,Service Accepted
3537,817,3586,498,119,Service Accepted
3538,818,3587,462,165,Good Condition
3539,819,3588,43,144,Good Condition
3540,819,3589,474,143,Good Condition
3541,819,3590,287,397,Good Condition
3542,819,3591,194,279,Good Condition
3543,819,3592,80,454,Good Condition
3544,819,3593,141,392,Good Condition
3545,820,3594,232,416,Good Condition
3546,820,3595,48,380,Good Condition
3547,820,3596,400,189,Good Condition
3548,820,3597,185,307,Good Condition
3549,821,3598,317,244,Good Condition
3550,821,3599,550,278,Good Condition
3551,821,3600,60,21,Good Condition
3552,821,3601,399,44,Good Condition
3553,822,3602,372,209,Good Condition
3554,822,3603,273,464,Good Condition
3555,822,3604,421,161,Dead on Arrival (DOA)
3556,822,3605,26,137,Good Condition
3557,822,3606,588,196,Good Condition
3558,823,3607,230,29,Good Condition
3559,823,3608,588,132,Good Condition
3560,823,3609,445,446,Good Condition
3561,823,3610,476,233,Good Condition
3562,823,3611,425,180,Good Condition
3563,823,3612,354,249,Dead on Arrival (DOA)
3564,823,3613,9,454,Good Condition
3565,824,3614,342,167,Service Accepted
3566,824,3615,173,37,Service Accepted
3567,824,3616,1,242,Good Condition
3568,824,3617,561,327,Service Accepted
3569,824,3618,294,359,Service Accepted
3570,825,3619,550,160,Good Condition
3571,825,3620,25,200,Good Condition
3572,826,3621,375,228,Good Condition
3573,826,3622,566,134,Good Condition
3574,826,3623,188,418,Good Condition
3575,827,3624,183,120,Service Accepted
3576,827,3625,97,342,Service Accepted
3577,827,3626,281,19,Service Accepted
3578,828,3627,391,56,Rejected - Quality Failure
3579,829,3628,26,206,Good Condition
3580,830,3629,304,352,Good Condition
3581,830,3630,237,71,Good Condition
3582,830,3631,249,471,Good Condition
3583,830,3632,499,257,Good Condition
3584,830,3633,127,292,Good Condition
3585,831,3634,530,35,Good Condition
3586,831,3635,456,282,Good Condition
3587,831,3636,119,456,Good Condition
3588,831,3637,551,234,Good Condition
3589,831,3638,396,40,Good Condition
3590,832,3639,474,293,Good Condition
3591,832,3640,70,128,Good Condition
3592,832,3641,123,148,Good Condition
3593,832,3642,393,125,Good Condition
3594,833,3643,293,97,Good Condition
3595,833,3644,182,194,Good Condition
3596,833,3645,306,469,Good Condition
3597,833,3646,565,241,Good Condition
3598,834,3647,129,300,Good Condition
3599,834,3648,550,364,Good Condition
3600,835,3649,33,381,Good Condition
3601,836,3650,206,37,Good Condition
3602,836,3651,237,250,Good Condition
3603,836,3652,12,347,Rejected - Quality Failure
3604,836,3653,151,424,Packaging Damaged
3605,836,3654,9,275,Good Condition
3606,836,3655,113,373,Rejected - Quality Failure
3607,836,3656,243,62,Good Condition
3608,836,3657,159,86,Good Condition
3609,836,3658,47,132,Dead on Arrival (DOA)
3610,837,3659,318,285,Good Condition
3611,837,3660,56,248,Good Condition
3612,837,3661,192,308,Good Condition
3613,837,3662,597,396,Good Condition
3614,837,3663,424,153,Good Condition
3615,837,3664,86,453,Good Condition
3616,837,3665,374,358,Good Condition
3617,838,3666,392,98,Good Condition
3618,838,3667,69,24,Good Condition
3619,838,3668,30,342,Good Condition
3620,839,3669,258,390,Service Accepted
3621,839,3670,348,462,Service Incomplete
3622,839,3671,296,256,Service Accepted
3623,839,3672,402,35,Service Incomplete
3624,839,3673,430,440,Service Accepted
3625,839,3674,183,287,Service Accepted
3626,840,3675,423,301,Service Accepted
3627,841,3676,567,62,Good Condition
3628,841,3677,583,171,Good Condition
3629,841,3678,129,103,Good Condition
3630,841,3679,368,462,Good Condition
3631,841,3680,424,358,Good Condition
3632,841,3681,122,413,Good Condition
3633,841,3682,570,477,Good Condition
3634,841,3683,512,272,Good Condition
3635,841,3684,413,459,Good Condition
3636,842,3685,540,274,Service Accepted
3637,842,3686,575,93,Service Accepted
3638,842,3687,434,39,Service Accepted
3639,842,3688,295,101,Service Accepted
3640,842,3689,35,251,Service Accepted
3641,842,3690,114,285,Service Accepted
3642,843,3691,89,439,Good Condition
3643,843,3692,290,263,Dead on Arrival (DOA)
3644,843,3693,111,400,Rejected - Quality Failure
3645,844,3701,588,431,Good Condition
3646,844,3702,476,45,Good Condition
3647,844,3703,318,374,Good Condition
3648,844,3704,550,337,Good Condition
3649,845,3705,568,482,Good Condition
3650,845,3706,476,86,Good Condition
3651,846,3707,324,391,Good Condition
3652,846,3708,243,323,Good Condition
3653,846,3709,227,262,Good Condition
3654,846,3710,192,35,Good Condition
3655,846,3711,577,491,Good Condition
3656,846,3712,439,295,Good Condition
3657,847,3713,74,232,Good Condition
3658,848,3714,179,99,Good Condition
3659,848,3715,217,100,Good Condition
3660,848,3716,158,271,Good Condition
3661,849,3717,290,101,Good Condition
3662,849,3718,335,365,Good Condition
3663,849,3719,556,150,Good Condition
3664,849,3720,237,248,Good Condition
3665,849,3721,550,475,Good Condition
3666,849,3722,588,225,Good Condition
3667,850,3723,211,433,Screen Damaged
3668,850,3724,232,17,Good Condition
3669,850,3725,591,474,Good Condition
3670,851,3726,238,425,Good Condition
3671,851,3727,49,221,Good Condition
3672,851,3728,48,59,Dead on Arrival (DOA)
3673,851,3729,421,161,Screen Damaged
3674,851,3730,178,470,Good Condition
3675,851,3731,8,240,Good Condition
3676,851,3732,370,159,Good Condition
3677,852,3733,273,485,Good Condition
3678,852,3734,205,415,Good Condition
3679,853,3735,494,196,Good Condition
3680,853,3736,103,14,Good Condition
3681,853,3737,33,46,Good Condition
3682,853,3738,324,133,Good Condition
3683,853,3739,377,189,Good Condition
3684,853,3740,81,467,Good Condition
3685,853,3741,432,207,Good Condition
3686,853,3742,318,320,Good Condition
3687,854,3743,335,64,Good Condition
3688,854,3744,535,308,Good Condition
3689,855,3745,582,334,Good Condition
3690,855,3746,243,235,Good Condition
3691,855,3747,62,296,Good Condition
3692,855,3748,25,273,Good Condition
3693,855,3749,439,290,Good Condition
3694,855,3750,108,464,Good Condition
3695,855,3751,441,168,Good Condition
3696,855,3752,4,228,Good Condition
3697,856,3753,185,202,Good Condition
3698,856,3754,551,332,Good Condition
3699,856,3755,304,232,Good Condition
3700,856,3756,565,454,Good Condition
3701,856,3757,493,23,Good Condition
3702,857,3758,305,367,Good Condition
3703,857,3759,185,352,Good Condition
3704,857,3760,111,149,Good Condition
3705,857,3761,48,60,Good Condition
3706,858,3762,372,271,Good Condition
3707,858,3763,424,340,Good Condition
3708,858,3764,189,470,Good Condition
3709,858,3765,490,136,Good Condition
3710,859,3766,487,189,Service Accepted
3711,859,3767,573,399,Service Accepted
3712,859,3768,177,41,Service Accepted
3713,859,3769,434,86,Service Accepted
3714,859,3770,46,82,Service Accepted
3715,860,3771,275,194,Good Condition
3716,860,3772,153,158,Good Condition
3717,860,3773,510,341,Dead on Arrival (DOA)
3718,860,3774,182,114,Good Condition
3719,860,3775,399,323,Good Condition
3720,860,3776,474,336,Good Condition
3721,860,3777,306,159,Good Condition
3722,861,3778,524,110,Good Condition
3723,861,3779,81,176,Good Condition
3724,861,3780,50,362,Good Condition
3725,861,3781,543,49,Good Condition
3726,861,3782,108,374,Good Condition
3727,861,3783,196,130,Good Condition
3728,861,3784,176,35,Good Condition
3729,862,3785,570,373,Good Condition
3730,862,3786,210,288,Good Condition
3731,862,3787,432,347,Good Condition
3732,862,3788,146,47,Good Condition
3733,862,3789,126,467,Good Condition
3734,863,3790,422,101,Good Condition
3735,863,3791,456,484,Good Condition
3736,863,3792,69,385,Good Condition
3737,864,3793,377,365,Good Condition
3738,864,3794,490,422,Good Condition
3739,864,3795,146,439,Good Condition
3740,864,3796,318,267,Good Condition
3741,864,3797,23,225,Good Condition
3742,864,3798,480,350,Good Condition
3743,865,3799,316,26,Good Condition
3744,865,3800,176,313,Good Condition
3745,866,3801,574,99,Good Condition
3746,866,3802,570,305,Good Condition
3747,866,3803,187,359,Good Condition
3748,866,3804,179,228,Good Condition
3749,866,3805,201,148,Good Condition
3750,866,3806,54,88,Good Condition
3751,866,3807,249,497,Good Condition
3752,866,3808,578,417,Good Condition
3753,866,3809,84,62,Good Condition
3754,867,3810,540,324,Service Accepted
3755,867,3811,326,412,Service Accepted
3756,867,3812,501,469,Service Accepted
3757,867,3813,274,188,Service Accepted
3758,868,3818,187,492,Good Condition
3759,868,3819,306,88,Good Condition
3760,868,3820,363,336,Good Condition
3761,868,3821,550,410,Good Condition
3762,868,3822,392,156,Good Condition
3763,869,3823,541,460,Good Condition
3764,869,3824,538,82,Dead on Arrival (DOA)
3765,870,3825,275,137,Good Condition
3766,870,3826,91,304,Good Condition
3767,870,3827,570,66,Good Condition
3768,870,3828,550,457,Good Condition
3769,870,3829,54,489,Good Condition
3770,871,3830,50,421,Good Condition
3771,871,3831,579,18,Good Condition
3772,872,3832,287,223,Good Condition
3773,873,3833,509,426,Good Condition
3774,873,3834,577,180,Good Condition
3775,873,3835,391,101,Good Condition
3776,873,3836,366,485,Good Condition
3777,873,3837,354,74,Good Condition
3778,874,3838,54,46,Good Condition
3779,874,3839,217,406,Good Condition
3780,874,3840,160,64,Good Condition
3781,874,3841,432,146,Good Condition
3782,874,3842,84,184,Good Condition
3783,875,3843,111,366,Good Condition
3784,875,3844,89,248,Good Condition
3785,876,3845,311,100,Good Condition
3786,877,3846,81,464,Good Condition
3787,877,3847,70,188,Good Condition
3788,877,3848,582,60,Good Condition
3789,878,3849,146,235,Good Condition
3790,878,3850,23,261,Good Condition
3791,878,3851,530,182,Good Condition
3792,879,3852,462,279,Good Condition
3793,879,3853,77,90,Good Condition
3794,879,3854,488,384,Good Condition
3795,879,3855,303,34,Good Condition
3796,880,3860,235,362,Good Condition
3797,880,3861,439,153,Good Condition
3798,880,3862,79,386,Dead on Arrival (DOA)
3799,880,3863,260,482,Good Condition
3800,880,3864,481,28,Good Condition
3801,881,3865,432,439,Good Condition
3802,881,3866,240,182,Good Condition
3803,881,3867,179,86,Good Condition
3804,881,3868,283,199,Good Condition
3805,881,3869,449,296,Good Condition
3806,881,3870,598,319,Good Condition
3807,881,3871,4,300,Good Condition
3808,882,3872,295,75,Service Accepted
3809,883,3873,535,218,Good Condition
3810,883,3874,23,350,Good Condition
3811,883,3875,293,87,Good Condition
3812,884,3876,392,84,Good Condition
3813,885,3877,472,32,Good Condition
3814,885,3878,153,423,Good Condition
3815,885,3879,236,433,Packaging Damaged
3816,885,3880,360,45,Good Condition
3817,885,3881,13,23,Good Condition
3818,885,3882,57,456,Good Condition
3819,885,3883,572,457,Good Condition
3820,885,3884,407,303,Good Condition
3821,886,3885,393,359,Good Condition
3822,886,3886,203,41,Good Condition
3823,887,3887,518,485,Service Accepted
3824,887,3888,39,261,Service Accepted
3825,887,3889,281,428,Service Accepted
3826,887,3890,540,263,Service Accepted
3827,888,3891,419,67,Good Condition
3828,888,3892,81,486,Good Condition
3829,888,3893,62,164,Good Condition
3830,889,3894,183,423,Service Accepted
3831,889,3895,475,272,Service Accepted
3832,889,3896,258,221,Service Accepted
3833,889,3897,430,12,Service Accepted
3834,889,3898,296,469,Service Incomplete
3835,890,3899,440,327,Good Condition
3836,890,3900,81,371,Good Condition
3837,890,3901,524,437,Good Condition
3838,890,3902,562,475,Good Condition
3839,890,3903,236,421,Good Condition
3840,891,3904,293,70,Good Condition
3841,891,3905,391,32,Good Condition
3842,892,3906,360,148,Good Condition
3843,892,3907,570,282,Good Condition
3844,892,3908,488,32,Good Condition
3845,893,3909,172,368,Good Condition
3846,893,3910,422,160,Good Condition
3847,893,3911,69,273,Good Condition
3848,893,3912,456,192,Good Condition
3849,893,3913,238,407,Good Condition
3850,893,3914,370,151,Good Condition
3851,894,3915,407,235,Good Condition
3852,894,3916,242,347,Good Condition
3853,894,3917,395,264,Good Condition
3854,894,3918,396,466,Good Condition
3855,894,3919,578,202,Good Condition
3856,895,3920,163,190,Service Accepted
3857,895,3921,98,339,Good Condition
3858,895,3922,417,214,Good Condition
3859,895,3923,171,157,Service Accepted
3860,895,3924,220,462,Service Accepted
3861,895,3925,193,420,Good Condition
3862,895,3926,496,400,Good Condition
3863,895,3927,537,83,Service Accepted
3864,895,3928,401,142,Service Accepted
3865,896,3929,538,67,Good Condition
3866,896,3930,345,135,Good Condition
3867,896,3931,38,86,Good Condition
3868,896,3932,524,473,Good Condition
3869,897,3933,293,320,Good Condition
3870,897,3934,318,212,Good Condition
3871,897,3935,513,163,Good Condition
3872,897,3936,23,81,Good Condition
3873,898,3937,29,318,Good Condition
3874,898,3938,419,382,Good Condition
3875,898,3939,192,385,Good Condition
3876,898,3940,512,171,Good Condition
3877,898,3941,406,87,Good Condition
3878,898,3942,449,260,Good Condition
3879,898,3943,493,16,Good Condition
3880,899,3944,432,49,Good Condition
3881,900,3945,574,160,Good Condition
3882,900,3946,211,277,Good Condition
3883,900,3947,418,343,Good Condition
3884,900,3948,392,316,Good Condition
3885,900,3949,111,45,Good Condition
3886,901,3950,419,158,Good Condition
3887,901,3951,462,304,Good Condition
3888,901,3952,360,77,Good Condition
3889,901,3953,77,66,Good Condition
3890,902,3954,472,491,Good Condition
3891,902,3955,374,341,Good Condition
3892,902,3956,433,260,Good Condition
3893,902,3957,154,330,Good Condition
3894,902,3958,517,373,Dead on Arrival (DOA)
3895,902,3959,33,60,Wrong Item Sent
3896,903,3960,538,173,Good Condition
3897,903,3961,60,424,Good Condition
3898,903,3962,227,62,Good Condition
3899,904,3963,359,499,Good Condition
3900,904,3964,249,427,Good Condition
3901,904,3965,43,474,Good Condition
3902,905,3966,53,468,Good Condition
3903,905,3967,375,133,Good Condition
3904,906,3968,48,38,Good Condition
3905,906,3969,335,123,Good Condition
3906,906,3970,551,475,Good Condition
3907,906,3971,505,404,Good Condition
3908,906,3972,89,463,Good Condition
3909,906,3973,185,213,Good Condition
3910,907,3974,48,236,Good Condition
3911,907,3975,304,303,Good Condition
3912,907,3976,513,254,Screen Damaged
3913,907,3977,28,63,Screen Damaged
3914,908,3978,264,152,Good Condition
3915,908,3979,483,245,Good Condition
3916,908,3980,392,39,Good Condition
3917,909,3981,210,421,Good Condition
3918,909,3982,111,46,Rejected - Quality Failure
3919,909,3983,89,459,Good Condition
3920,909,3984,290,234,Rejected - Quality Failure
3921,909,3985,462,401,Good Condition
3922,909,3986,456,214,Good Condition
3923,910,3987,347,450,Service Incomplete
3924,910,3988,173,30,Service Accepted
3925,910,3989,434,357,Service Accepted
3926,910,3990,190,284,Service Accepted
3927,910,3991,276,297,Service Incomplete
3928,911,3992,582,32,Good Condition
3929,911,3993,287,321,Good Condition
3930,911,3994,102,149,Good Condition
3931,911,3995,70,72,Good Condition
3932,911,3996,81,64,Good Condition
3933,911,3997,306,108,Good Condition
3934,912,3998,166,233,Good Condition
3935,912,3999,291,491,Packaging Damaged
3936,912,4000,543,76,Good Condition
3937,913,4001,433,398,Good Condition
3938,913,4002,264,61,Good Condition
3939,913,4003,23,257,Good Condition
3940,914,4004,82,161,Good Condition
3941,914,4005,374,370,Good Condition
3942,914,4006,598,450,Packaging Damaged
3943,914,4007,551,395,Good Condition
3944,914,4008,582,376,Good Condition
3945,914,4009,167,195,Good Condition
3946,915,4010,391,134,Good Condition
3947,915,4011,242,384,Good Condition
3948,915,4012,287,301,Good Condition
3949,915,4013,578,227,Good Condition
3950,915,4014,293,17,Good Condition
3951,915,4015,593,208,Good Condition
3952,916,4016,52,169,Service Accepted
3953,916,4017,279,165,Service Accepted
3954,916,4018,529,433,Service Accepted
3955,916,4019,193,104,Good Condition
3956,916,4020,66,125,Good Condition
3957,916,4021,220,10,Service Accepted
3958,916,4022,163,354,Service Accepted
3959,916,4023,171,89,Service Accepted
3960,916,4024,401,299,Service Accepted
3961,917,4025,43,341,Good Condition
3962,917,4026,249,68,Good Condition
3963,917,4027,359,343,Good Condition
3964,918,4028,146,75,Good Condition
3965,919,4029,558,290,Good Condition
3966,919,4030,480,341,Rejected - Quality Failure
3967,919,4031,391,216,Good Condition
3968,919,4032,202,212,Rejected - Quality Failure
3969,919,4033,262,298,Good Condition
3970,919,4034,393,87,Good Condition
3971,920,4035,126,228,Good Condition
3972,920,4036,570,140,Good Condition
3973,920,4037,146,394,Good Condition
3974,920,4038,210,116,Good Condition
3975,920,4039,432,315,Good Condition
3976,921,4040,537,270,Service Accepted
3977,921,4041,496,475,Good Condition
3978,921,4042,465,426,Service Accepted
3979,922,4043,231,361,Service Accepted
3980,922,4044,274,365,Service Disputed
3981,922,4045,55,410,Service Accepted
3982,923,4046,215,262,Good Condition
3983,923,4047,287,422,Good Condition
3984,923,4048,238,219,Good Condition
3985,924,4049,486,191,Good Condition
3986,924,4050,515,320,Good Condition
3987,924,4051,38,459,Good Condition
3988,924,4052,230,63,Good Condition
3989,924,4053,240,352,Packaging Damaged
3990,924,4054,472,28,Good Condition
3991,924,4055,440,299,Good Condition
3992,925,4056,451,150,Service Accepted
3993,926,4057,565,360,Good Condition
3994,926,4058,324,272,Good Condition
3995,926,4059,179,301,Good Condition
3996,926,4060,425,98,Good Condition
3997,926,4061,407,130,Good Condition
3998,927,4062,487,451,Service Accepted
3999,927,4063,532,427,Service Incomplete
4000,927,4064,453,284,Service Accepted
4001,927,4065,190,99,Service Accepted
4002,927,4066,274,423,Service Accepted
4003,927,4067,555,477,Service Accepted
4004,928,4068,421,63,Good Condition
4005,928,4069,53,212,Good Condition
4006,928,4070,588,218,Good Condition
4007,928,4071,497,282,Good Condition
4008,929,4072,283,279,Good Condition
4009,929,4073,13,196,Good Condition
4010,929,4074,424,112,Good Condition
4011,929,4075,282,284,Good Condition
4012,930,4076,119,396,Good Condition
4013,930,4077,422,240,Good Condition
4014,930,4078,439,342,Good Condition
4015,931,4079,179,12,Good Condition
4016,931,4080,251,299,Good Condition
4017,931,4081,108,57,Good Condition
4018,931,4082,235,27,Good Condition
4019,931,4083,239,126,Good Condition
4020,932,4084,22,22,Good Condition
4021,932,4085,75,236,Good Condition
4022,933,4086,205,328,Good Condition
4023,933,4087,568,304,Good Condition
4024,933,4088,577,492,Good Condition
4025,933,4089,84,298,Good Condition
4026,933,4090,596,43,Good Condition
4027,933,4091,542,266,Good Condition
4028,934,4092,81,23,Packaging Damaged
4029,934,4093,306,238,Good Condition
4030,934,4094,287,95,Good Condition
4031,934,4095,48,249,Good Condition
4032,934,4096,102,160,Good Condition
4033,935,4097,205,280,Good Condition
4034,935,4098,28,311,Good Condition
4035,935,4099,450,103,Good Condition
4036,935,4100,471,346,Good Condition
4037,935,4101,413,314,Good Condition
4038,935,4102,194,362,Good Condition
4039,935,4103,469,432,Good Condition
4040,936,4104,165,446,Good Condition
4041,936,4105,597,157,Good Condition
4042,936,4106,141,292,Good Condition
4043,936,4107,391,21,Good Condition
4044,936,4108,293,140,Good Condition
4045,936,4109,291,210,Good Condition
4046,937,4110,317,426,Good Condition
4047,937,4111,446,71,Good Condition
4048,937,4112,54,232,Good Condition
4049,937,4113,170,474,Good Condition
4050,937,4114,89,131,Good Condition
4051,937,4115,264,325,Good Condition
4052,937,4116,33,73,Good Condition
4053,937,4117,319,111,Good Condition
4054,937,4118,410,152,Screen Damaged
4055,938,4119,189,28,Good Condition
4056,938,4120,424,443,Good Condition
4057,938,4121,571,302,Good Condition
4058,939,4122,419,160,Good Condition
4059,939,4123,489,92,Good Condition
4060,939,4124,570,409,Good Condition
4061,939,4125,424,322,Good Condition
4062,939,4126,87,336,Good Condition
4063,939,4127,597,131,Good Condition
4064,939,4128,515,301,Good Condition
4065,939,4129,203,21,Good Condition
4066,940,4130,58,91,Good Condition
4067,940,4131,199,187,Service Accepted
4068,940,4132,398,215,Good Condition
4069,940,4133,97,87,Service Accepted
4070,940,4134,266,11,Good Condition
4071,940,4135,51,285,Service Accepted
4072,940,4136,83,376,Good Condition
4073,940,4137,137,467,Good Condition
4074,941,4138,303,84,Good Condition
4075,941,4139,419,435,Good Condition
4076,941,4140,570,213,Good Condition
4077,941,4141,462,84,Good Condition
4078,941,4142,488,228,Good Condition
4079,941,4143,77,281,Good Condition
4080,942,4144,127,267,Good Condition
4081,942,4145,450,147,Good Condition
4082,942,4146,304,313,Good Condition
4083,943,4147,418,113,Good Condition
4084,943,4148,287,380,Good Condition
4085,943,4149,201,83,Good Condition
4086,943,4150,211,357,Good Condition
4087,943,4151,578,290,Good Condition
4088,944,4152,439,12,Good Condition
4089,945,4153,167,250,Good Condition
4090,945,4154,574,239,Packaging Damaged
4091,945,4155,160,372,Good Condition
4092,945,4156,585,158,Good Condition
4093,945,4157,89,238,Good Condition
4094,946,4158,301,323,Good Condition
4095,946,4159,560,222,Wrong Item Sent
4096,946,4160,49,19,Good Condition
4097,946,4161,483,69,Good Condition
4098,946,4162,182,42,Good Condition
4099,946,4163,360,425,Good Condition
4100,946,4164,243,18,Good Condition
4101,947,4165,215,19,Good Condition
4102,948,4166,283,459,Good Condition
4103,948,4167,56,62,Good Condition
4104,948,4168,456,443,Good Condition
4105,948,4169,127,452,Minor Defect - Accepted
4106,948,4170,172,317,Good Condition
4107,948,4171,287,342,Good Condition
4108,948,4172,92,24,Good Condition
4109,948,4173,476,167,Good Condition
4110,949,4174,558,201,Good Condition
4111,949,4175,262,465,Good Condition
4112,949,4176,391,340,Good Condition
4113,949,4177,393,63,Rejected - Quality Failure
4114,949,4178,480,226,Good Condition
4115,950,4179,15,428,Good Condition
4116,950,4180,28,427,Good Condition
4117,950,4181,165,265,Good Condition
4118,951,4182,21,400,Good Condition
4119,951,4183,483,54,Good Condition
4120,951,4184,301,141,Good Condition
4121,951,4185,243,358,Good Condition
4122,952,4186,243,453,Good Condition
4123,952,4187,300,134,Good Condition
4124,953,4188,294,493,Service Accepted
4125,953,4189,502,81,Service Accepted
4126,953,4190,139,321,Service Accepted
4127,953,4191,200,433,Service Accepted
4128,954,4192,486,474,Good Condition
4129,955,4193,319,36,Good Condition
4130,955,4194,113,432,Good Condition
4131,956,4195,165,52,Good Condition
4132,956,4196,175,343,Good Condition
4133,957,4197,69,204,Good Condition
4134,957,4198,335,13,Good Condition
4135,957,4199,170,104,Good Condition
4136,958,4200,231,289,Service Accepted
4137,958,4201,85,174,Service Accepted
4138,958,4202,27,320,Service Accepted
4139,958,4203,96,81,Service Accepted
4140,958,4204,248,339,Service Accepted
4141,959,4205,202,156,Good Condition
4142,960,4206,541,249,Good Condition
4143,960,4207,424,169,Good Condition
4144,960,4208,508,282,Good Condition
4145,960,4209,377,245,Good Condition
4146,960,4210,62,199,Good Condition
4147,960,4211,567,242,Good Condition
4148,961,4212,460,238,Good Condition
4149,961,4213,391,72,Good Condition
4150,961,4214,175,280,Good Condition
4151,961,4215,530,267,Good Condition
4152,961,4216,319,55,Good Condition
4153,962,4217,569,351,Good Condition
4154,963,4218,505,139,Good Condition
4155,963,4219,48,165,Good Condition
4156,963,4220,89,301,Good Condition
4157,963,4221,185,211,Good Condition
4158,963,4222,335,333,Good Condition
4159,963,4223,15,355,Good Condition
4160,964,4224,513,335,Good Condition
4161,964,4225,182,173,Good Condition
4162,964,4226,211,241,Good Condition
4163,965,4227,56,80,Good Condition
4164,965,4228,69,409,Good Condition
4165,965,4229,287,421,Good Condition
4166,965,4230,290,19,Good Condition
4167,965,4231,422,460,Good Condition
4168,965,4232,476,19,Good Condition
4169,965,4233,283,121,Good Condition
4170,965,4234,441,110,Good Condition
4171,966,4235,513,67,Good Condition
4172,966,4236,591,123,Good Condition
4173,967,4237,359,19,Good Condition
4174,967,4238,249,139,Good Condition
4175,967,4239,43,24,Good Condition
4176,968,4240,311,349,Good Condition
4177,969,4241,153,496,Good Condition
4178,969,4242,393,351,Good Condition
4179,969,4243,202,320,Good Condition
4180,969,4244,23,451,Good Condition
4181,969,4245,285,275,Good Condition
4182,970,4246,262,423,Rejected - Quality Failure
4183,970,4247,480,294,Good Condition
4184,970,4248,202,284,Good Condition
4185,970,4249,391,429,Good Condition
4186,970,4250,393,198,Rejected - Quality Failure
4187,971,4251,176,34,Good Condition
4188,971,4252,306,421,Good Condition
4189,972,4253,173,281,Service Accepted
4190,972,4254,364,353,Service Accepted
4191,972,4255,342,348,Service Accepted
4192,973,4256,48,63,Good Condition
4193,974,4257,175,359,Good Condition
4194,974,4258,291,194,Good Condition
4195,974,4259,597,134,Good Condition
4196,975,4260,543,123,Good Condition
4197,975,4261,568,171,Good Condition
4198,975,4262,476,378,Good Condition
4199,976,4263,459,48,Good Condition
4200,976,4264,342,118,Service Accepted
4201,976,4265,351,493,Service Accepted
4202,976,4266,529,229,Service Accepted
4203,976,4267,364,467,Service Accepted
4204,976,4268,561,326,Service Accepted
4205,976,4269,1,196,Good Condition
4206,977,4270,114,139,Service Accepted
4207,978,4271,188,12,Minor Defect - Accepted
4208,978,4272,433,220,Good Condition
4209,978,4273,56,355,Good Condition
4210,978,4274,275,310,Good Condition
4211,978,4275,375,12,Good Condition
4212,979,4276,91,266,Good Condition
4213,979,4277,80,378,Good Condition
4214,979,4278,160,264,Good Condition
4215,980,4279,151,40,Rejected - Quality Failure
4216,980,4280,9,72,Rejected - Quality Failure
4217,980,4281,360,279,Good Condition
4218,980,4282,275,242,Good Condition
4219,980,4283,480,391,Good Condition
4220,981,4284,82,203,Good Condition
4221,981,4285,232,101,Minor Defect - Accepted
4222,981,4286,519,130,Good Condition
4223,981,4287,259,327,Good Condition
4224,981,4288,264,373,Good Condition
4225,982,4289,87,404,Good Condition
4226,982,4290,273,294,Good Condition
4227,982,4291,377,287,Good Condition
4228,982,4292,227,411,Good Condition
4229,983,4293,240,300,Good Condition
4230,983,4294,569,298,Good Condition
4231,983,4295,455,412,Good Condition
4232,983,4296,290,61,Good Condition
4233,983,4297,330,248,Good Condition
4234,983,4298,147,93,Minor Defect - Accepted
4235,983,4299,110,88,Good Condition
4236,984,4300,571,11,Good Condition
4237,984,4301,483,214,Good Condition
4238,984,4302,514,24,Good Condition
4239,984,4303,562,304,Packaging Damaged
4240,984,4304,372,199,Good Condition
4241,984,4305,167,93,Good Condition
4242,985,4306,424,104,Good Condition
4243,985,4307,122,61,Good Condition
4244,986,4308,182,257,Good Condition
4245,986,4309,69,125,Good Condition
4246,986,4310,53,427,Good Condition
4247,986,4311,25,266,Good Condition
4248,987,4312,570,108,Good Condition
4249,987,4313,303,43,Good Condition
4250,988,4314,395,106,Good Condition
4251,988,4315,433,155,Good Condition
4252,988,4316,472,389,Good Condition
4253,988,4317,12,283,Good Condition
4254,988,4318,325,319,Good Condition
4255,988,4319,172,483,Wrong Item Sent
4256,988,4320,273,60,Good Condition
4257,988,4321,517,450,Good Condition
4258,988,4322,375,76,Good Condition
4259,989,4323,133,111,Service Accepted
4260,989,4324,313,168,Service Accepted
4261,989,4325,83,283,Good Condition
4262,989,4326,561,68,Service Incomplete
4263,989,4327,1,183,Good Condition
4264,989,4328,142,259,Service Accepted
4265,989,4329,563,131,Good Condition
4266,989,4330,207,134,Good Condition
4267,989,4331,507,292,Good Condition
4268,990,4332,117,208,Good Condition
4269,990,4333,285,389,Good Condition
4270,990,4334,102,222,Good Condition
4271,990,4335,175,176,Good Condition
4272,991,4336,233,203,Service Accepted
4273,991,4337,531,228,Service Accepted
4274,991,4338,545,333,Service Accepted
4275,991,4339,274,76,Service Accepted
4276,991,4340,415,48,Service Accepted
4277,992,4341,273,8,Good Condition
4278,992,4342,113,42,Good Condition
4279,992,4343,26,304,Good Condition
4280,992,4344,421,22,Good Condition
4281,992,4345,119,426,Good Condition
4282,992,4346,489,500,Good Condition
4283,993,4347,71,185,Good Condition
4284,993,4348,486,478,Good Condition
4285,993,4349,345,114,Good Condition
4286,993,4350,50,120,Good Condition
4287,993,4351,70,362,Good Condition
4288,993,4352,151,298,Good Condition
4289,994,4353,172,463,Good Condition
4290,994,4354,357,212,Good Condition
4291,994,4355,550,493,Good Condition
4292,995,4356,512,401,Good Condition
4293,995,4357,368,338,Good Condition
4294,995,4358,122,174,Good Condition
4295,995,4359,567,281,Good Condition
4296,995,4360,541,329,Good Condition
4297,995,4361,301,248,Good Condition
4298,995,4362,129,150,Good Condition
4299,995,4363,441,161,Good Condition
4300,995,4364,583,274,Good Condition
4301,996,4365,235,278,Good Condition
4302,996,4366,239,179,Good Condition
4303,997,4375,455,368,Good Condition
4304,997,4376,538,302,Good Condition
4305,997,4377,38,141,Good Condition
4306,998,4378,529,369,Service Accepted
4307,999,4379,345,498,Good Condition
4308,999,4380,203,234,Good Condition
4309,999,4381,568,201,Dead on Arrival (DOA)
4310,999,4382,538,339,Good Condition
4311,999,4383,196,375,Good Condition
4312,999,4384,306,209,Good Condition
4313,1000,4385,211,141,Good Condition
4314,1000,4386,578,124,Good Condition
4315,1000,4387,23,389,Good Condition
4316,1000,4388,418,134,Good Condition
4317,1001,4389,69,254,Good Condition
4318,1001,4390,244,338,Good Condition
4319,1001,4391,324,460,Good Condition
4320,1001,4392,460,246,Good Condition
4321,1001,4393,416,467,Good Condition
4322,1001,4394,197,172,Good Condition
4323,1001,4395,16,244,Good Condition
4324,1002,4396,589,447,Good Condition
4325,1002,4397,122,107,Good Condition
4326,1002,4398,87,86,Wrong Item Sent
4327,1002,4399,22,163,Good Condition
4328,1002,4400,172,425,Good Condition
4329,1002,4401,408,320,Good Condition
4330,1003,4402,318,332,Good Condition
4331,1003,4403,185,316,Good Condition
4332,1003,4404,345,302,Good Condition
4333,1003,4405,272,414,Good Condition
4334,1004,4406,395,79,Good Condition
4335,1004,4407,368,218,Good Condition
4336,1004,4408,300,470,Good Condition
4337,1004,4409,560,235,Good Condition
4338,1004,4410,242,393,Good Condition
4339,1004,4411,396,191,Good Condition
4340,1004,4412,446,176,Good Condition
4341,1005,4413,440,278,Good Condition
4342,1005,4414,50,183,Good Condition
4343,1005,4415,481,310,Good Condition
4344,1005,4416,562,362,Good Condition
4345,1005,4417,70,332,Good Condition
4346,1006,4418,306,126,Good Condition
4347,1006,4419,232,121,Good Condition
4348,1006,4420,550,112,Good Condition
4349,1006,4421,436,239,Good Condition
4350,1006,4422,363,112,Good Condition
4351,1006,4423,227,30,Good Condition
4352,1006,4424,25,123,Good Condition
4353,1007,4425,230,410,Good Condition
4354,1007,4426,174,436,Good Condition
4355,1007,4427,462,242,Good Condition
4356,1007,4428,588,419,Good Condition
4357,1007,4429,153,13,Good Condition
4358,1007,4430,476,217,Good Condition
4359,1007,4431,10,43,Good Condition
4360,1008,4432,51,360,Service Accepted
4361,1008,4433,200,212,Service Accepted
4362,1008,4434,35,173,Service Accepted
4363,1008,4435,139,135,Service Accepted
4364,1008,4436,502,141,Service Accepted
4365,1009,4437,127,252,Good Condition
4366,1009,4438,236,422,Good Condition
4367,1009,4439,439,314,Good Condition
4368,1009,4440,524,412,Good Condition
4369,1010,4441,50,273,Good Condition
4370,1010,4442,433,56,Good Condition
4371,1010,4443,179,448,Good Condition
4372,1010,4444,469,169,Good Condition
4373,1010,4445,572,444,Good Condition
4374,1010,4446,311,399,Good Condition
4375,1010,4447,41,434,Good Condition
4376,1011,4448,42,106,Good Condition
4377,1011,4449,556,262,Good Condition
4378,1011,4450,476,48,Good Condition
4379,1011,4451,566,128,Minor Defect - Accepted
4380,1011,4452,572,47,Good Condition
4381,1011,4453,588,173,Good Condition
4382,1012,4454,129,275,Good Condition
4383,1012,4455,42,13,Good Condition
4384,1012,4456,194,91,Good Condition
4385,1012,4457,499,184,Good Condition
4386,1012,4458,425,392,Good Condition
4387,1012,4459,513,371,Good Condition
4388,1012,4460,255,266,Good Condition
4389,1013,4461,300,65,Good Condition
4390,1013,4462,170,405,Good Condition
4391,1013,4463,205,401,Good Condition
4392,1013,4464,33,352,Minor Defect - Accepted
4393,1013,4465,508,332,Good Condition
4394,1013,4466,125,448,Good Condition
4395,1013,4467,158,311,Good Condition
4396,1013,4468,425,193,Good Condition
4397,1014,4469,147,445,Good Condition
4398,1014,4470,490,369,Good Condition
4399,1014,4471,175,453,Good Condition
4400,1014,4472,366,320,Good Condition
4401,1014,4473,308,462,Good Condition
4402,1014,4474,123,190,Good Condition
4403,1014,4475,102,192,Good Condition
4404,1015,4476,486,200,Good Condition
4405,1015,4477,70,456,Good Condition
4406,1015,4478,176,104,Screen Damaged
4407,1016,4479,42,408,Good Condition
4408,1016,4480,488,41,Good Condition
4409,1016,4481,360,287,Good Condition
4410,1016,4482,419,29,Good Condition
4411,1017,4483,562,262,Good Condition
4412,1017,4484,426,222,Good Condition
4413,1017,4485,330,490,Good Condition
4414,1017,4486,598,104,Good Condition
4415,1017,4487,519,354,Good Condition
4416,1017,4488,570,350,Good Condition
4417,1018,4489,598,485,Good Condition
4418,1018,4490,240,181,Good Condition
4419,1018,4491,316,405,Good Condition
4420,1018,4492,560,260,Good Condition
4421,1018,4493,410,270,Good Condition
4422,1019,4494,226,320,Good Condition
4423,1019,4495,43,35,Good Condition
4424,1020,4496,286,372,Good Condition
4425,1020,4497,466,338,Good Condition
4426,1020,4498,218,388,Good Condition
4427,1020,4499,332,284,Good Condition
4428,1020,4500,39,204,Service Accepted
4429,1021,4501,170,142,Good Condition
4430,1021,4502,493,287,Dead on Arrival (DOA)
4431,1021,4503,582,246,Good Condition
4432,1022,4504,391,442,Good Condition
4433,1022,4505,175,228,Good Condition
4434,1022,4506,141,53,Dead on Arrival (DOA)
4435,1023,4507,525,398,Good Condition
4436,1024,4508,359,289,Good Condition
4437,1024,4509,79,305,Good Condition
4438,1024,4510,583,396,Good Condition
4439,1024,4511,494,122,Good Condition
4440,1025,4512,515,405,Good Condition
4441,1025,4513,396,110,Good Condition
4442,1025,4514,185,475,Good Condition
4443,1026,4515,340,455,Good Condition
4444,1026,4516,8,347,Good Condition
4445,1026,4517,476,75,Good Condition
4446,1027,4518,96,347,Service Accepted
4447,1027,4519,361,476,Service Accepted
4448,1027,4520,540,385,Service Accepted
4449,1028,4521,50,225,Good Condition
4450,1028,4522,476,155,Good Condition
4451,1028,4523,568,142,Good Condition
4452,1028,4524,300,179,Good Condition
4453,1029,4525,129,245,Good Condition
4454,1030,4526,227,233,Good Condition
4455,1030,4527,42,300,Minor Defect - Accepted
4456,1030,4528,146,97,Good Condition
4457,1030,4529,185,272,Good Condition
4458,1030,4530,371,71,Good Condition
4459,1031,4531,510,160,Good Condition
4460,1031,4532,226,378,Good Condition
4461,1032,4533,53,360,Good Condition
4462,1032,4534,392,172,Good Condition
4463,1032,4535,69,235,Good Condition
4464,1032,4536,30,445,Good Condition
4465,1033,4537,364,160,Service Accepted
4466,1033,4538,289,281,Service Accepted
4467,1033,4539,279,458,Service Accepted
4468,1033,4540,276,96,Service Accepted
4469,1033,4541,173,310,Service Accepted
4470,1034,4542,306,473,Good Condition
4471,1034,4543,42,482,Good Condition
4472,1034,4544,134,478,Good Condition
4473,1034,4545,582,244,Good Condition
4474,1034,4546,519,128,Good Condition
4475,1034,4547,82,50,Good Condition
4476,1034,4548,264,99,Good Condition
4477,1034,4549,400,346,Good Condition
4478,1035,4550,499,159,Good Condition
4479,1035,4551,591,192,Good Condition
4480,1035,4552,42,161,Good Condition
4481,1036,4553,26,72,Good Condition
4482,1036,4554,21,64,Good Condition
4483,1036,4555,194,40,Good Condition
4484,1037,4556,472,460,Good Condition
4485,1037,4557,189,376,Good Condition
4486,1037,4558,33,49,Good Condition
4487,1037,4559,395,385,Good Condition
4488,1037,4560,374,485,Good Condition
4489,1037,4561,172,19,Good Condition
4490,1037,4562,375,157,Good Condition
4491,1038,4563,29,416,Good Condition
4492,1038,4564,249,479,Good Condition
4493,1038,4565,165,30,Good Condition
4494,1038,4566,48,442,Good Condition
4495,1038,4567,127,136,Good Condition
4496,1039,4568,293,203,Good Condition
4497,1039,4569,513,378,Good Condition
4498,1039,4570,535,477,Good Condition
4499,1039,4571,23,281,Good Condition
4500,1039,4572,318,16,Good Condition
4501,1040,4573,399,267,Good Condition
4502,1040,4574,395,54,Good Condition
4503,1040,4575,175,18,Good Condition
4504,1040,4576,519,146,Good Condition
4505,1040,4577,548,366,Good Condition
4506,1041,4578,115,349,Good Condition
4507,1041,4579,25,237,Good Condition
4508,1041,4580,497,398,Good Condition
4509,1042,4581,570,207,Good Condition
4510,1042,4582,462,169,Good Condition
4511,1042,4583,303,440,Good Condition
4512,1042,4584,419,40,Good Condition
4513,1042,4585,42,118,Good Condition
4514,1043,4586,439,397,Good Condition
4515,1043,4587,48,34,Good Condition
4516,1043,4588,509,348,Good Condition
4517,1043,4589,251,291,Good Condition
4518,1043,4590,125,32,Good Condition
4519,1043,4591,469,425,Good Condition
4520,1044,4592,176,442,Good Condition
4521,1044,4593,243,279,Good Condition
4522,1044,4594,562,324,Good Condition
4523,1044,4595,456,467,Dead on Arrival (DOA)
4524,1045,4596,579,467,Good Condition
4525,1045,4597,335,240,Good Condition
4526,1045,4598,354,482,Good Condition
4527,1045,4599,306,10,Good Condition
4528,1046,4600,134,210,Good Condition
4529,1047,4601,27,287,Service Accepted
4530,1047,4602,85,186,Service Accepted
4531,1047,4603,72,81,Service Accepted
4532,1048,4604,377,59,Good Condition
4533,1048,4605,562,254,Good Condition
4534,1048,4606,273,191,Good Condition
4535,1049,4615,354,451,Good Condition
4536,1049,4616,306,48,Good Condition
4537,1049,4617,419,268,Good Condition
4538,1049,4618,579,172,Good Condition
4539,1049,4619,335,40,Good Condition
4540,1050,4620,178,85,Good Condition
4541,1050,4621,57,43,Good Condition
4542,1050,4622,197,239,Good Condition
4543,1050,4623,583,255,Good Condition
4544,1050,4624,407,256,Good Condition
4545,1050,4625,78,321,Good Condition
4546,1050,4626,32,387,Good Condition
4547,1051,4627,357,251,Good Condition
4548,1051,4628,42,388,Good Condition
4549,1052,4629,239,182,Good Condition
4550,1052,4630,449,345,Good Condition
4551,1052,4631,509,112,Good Condition
4552,1052,4632,493,119,Good Condition
4553,1052,4633,192,196,Good Condition
4554,1052,4634,29,149,Good Condition
4555,1052,4635,547,292,Good Condition
4556,1052,4636,406,302,Screen Damaged
4557,1052,4637,432,208,Good Condition
4558,1053,4638,43,302,Good Condition
4559,1053,4639,359,318,Good Condition
4560,1053,4640,249,322,Good Condition
4561,1054,4641,556,193,Good Condition
4562,1054,4642,115,222,Good Condition
4563,1054,4643,25,276,Good Condition
4564,1054,4644,497,95,Good Condition
4565,1055,4645,72,107,Service Accepted
4566,1055,4646,274,395,Service Accepted
4567,1056,4647,596,352,Good Condition
4568,1056,4648,324,471,Good Condition
4569,1056,4649,29,445,Good Condition
4570,1056,4650,126,60,Good Condition
4571,1056,4651,330,60,Good Condition
4572,1056,4652,314,105,Good Condition
4573,1057,4653,188,418,Good Condition
4574,1057,4654,56,330,Good Condition
4575,1057,4655,433,198,Good Condition
4576,1057,4656,566,477,Good Condition
4577,1058,4657,129,104,Good Condition
4578,1058,4658,486,58,Good Condition
4579,1058,4659,92,339,Good Condition
4580,1058,4660,558,292,Good Condition
4581,1058,4661,13,493,Good Condition
4582,1058,4662,375,479,Good Condition
4583,1059,4664,211,438,Good Condition
4584,1059,4665,508,187,Good Condition
4585,1059,4666,236,354,Good Condition
4586,1060,4667,562,48,Good Condition
4587,1060,4668,493,16,Good Condition
4588,1060,4669,456,289,Good Condition
4589,1061,4670,393,236,Good Condition
4590,1061,4671,462,498,Good Condition
4591,1061,4672,202,219,Rejected - Quality Failure
4592,1061,4673,262,465,Good Condition
4593,1062,4674,566,301,Good Condition
4594,1062,4675,128,255,Good Condition
4595,1062,4676,438,113,Good Condition
4596,1062,4677,123,15,Good Condition
4597,1063,4678,301,182,Good Condition
4598,1063,4679,462,111,Good Condition
4599,1063,4680,445,358,Good Condition
4600,1063,4681,165,124,Good Condition
4601,1063,4682,319,115,Good Condition
4602,1063,4683,538,55,Good Condition
4603,1064,4684,439,362,Good Condition
4604,1064,4685,23,442,Good Condition
4605,1064,4686,352,477,Good Condition
4606,1064,4687,407,78,Good Condition
4607,1064,4688,543,224,Good Condition
4608,1065,4689,127,419,Good Condition
4609,1065,4690,290,75,Good Condition
4610,1065,4691,56,70,Good Condition
4611,1065,4692,92,241,Good Condition
4612,1065,4693,476,297,Good Condition
4613,1066,4694,377,307,Good Condition
4614,1066,4695,446,303,Good Condition
4615,1066,4696,273,453,Good Condition
4616,1066,4697,227,409,Good Condition
4617,1067,4698,286,394,Good Condition
4618,1068,4699,593,74,Wrong Item Sent
4619,1068,4700,591,460,Good Condition
4620,1068,4701,232,454,Good Condition
4621,1068,4702,211,123,Good Condition
4622,1068,4703,578,490,Screen Damaged
4623,1069,4704,236,486,Good Condition
4624,1069,4705,102,295,Good Condition
4625,1069,4706,483,483,Good Condition
4626,1069,4707,553,260,Good Condition
4627,1069,4708,524,238,Good Condition
4628,1069,4709,460,487,Good Condition
4629,1069,4710,243,471,Good Condition
4630,1070,4711,320,231,Good Condition
4631,1070,4712,120,308,Good Condition
4632,1070,4713,315,255,Good Condition
4633,1070,4714,168,479,Good Condition
4634,1071,4715,574,71,Good Condition
4635,1071,4716,543,383,Good Condition
4636,1071,4717,291,400,Good Condition
4637,1071,4718,166,35,Good Condition
4638,1072,4719,424,370,Good Condition
4639,1072,4720,357,235,Good Condition
4640,1072,4721,176,451,Good Condition
4641,1072,4722,316,291,Good Condition
4642,1073,4723,503,343,Service Accepted
4643,1073,4724,507,464,Good Condition
4644,1074,4725,543,114,Good Condition
4645,1074,4726,368,275,Good Condition
4646,1074,4727,8,223,Good Condition
4647,1074,4728,446,35,Good Condition
4648,1074,4729,236,451,Good Condition
4649,1074,4730,185,370,Good Condition
4650,1074,4731,330,52,Good Condition
4651,1074,4732,560,206,Good Condition
4652,1075,4733,462,279,Rejected - Quality Failure
4653,1075,4734,290,319,Rejected - Quality Failure
4654,1075,4735,422,199,Good Condition
4655,1075,4736,111,250,Good Condition
4656,1076,4737,558,443,Good Condition
4657,1076,4738,462,19,Good Condition
4658,1076,4739,391,157,Good Condition
4659,1076,4740,480,287,Good Condition
4660,1076,4741,262,157,Good Condition
4661,1077,4742,25,129,Good Condition
4662,1078,4743,203,35,Good Condition
4663,1078,4744,38,111,Good Condition
4664,1078,4745,393,69,Good Condition
4665,1078,4746,524,178,Good Condition
4666,1079,4747,185,173,Good Condition
4667,1080,4748,279,123,Service Accepted
4668,1080,4749,347,406,Service Accepted
4669,1080,4750,173,86,Service Accepted
4670,1080,4751,289,323,Service Accepted
4671,1080,4752,555,191,Service Accepted
4672,1080,4753,348,382,Service Accepted
4673,1081,4754,189,69,Good Condition
4674,1081,4755,123,286,Good Condition
4675,1081,4756,146,56,Wrong Item Sent
4676,1081,4757,349,156,Dead on Arrival (DOA)
4677,1081,4758,386,95,Good Condition
4678,1082,4759,330,437,Good Condition
4679,1082,4760,165,15,Good Condition
4680,1083,4761,559,451,Service Accepted
4681,1083,4762,502,381,Service Incomplete
4682,1084,4763,77,325,Good Condition
4683,1085,4764,515,416,Rejected - Quality Failure
4684,1085,4765,111,123,Rejected - Quality Failure
4685,1085,4766,165,139,Good Condition
4686,1086,4767,43,315,Good Condition
4687,1086,4768,255,177,Good Condition
4688,1086,4769,217,14,Good Condition
4689,1087,4770,59,274,Good Condition
4690,1087,4771,236,441,Good Condition
4691,1087,4772,127,164,Good Condition
4692,1087,4773,508,229,Good Condition
4693,1087,4774,439,211,Good Condition
4694,1087,4775,211,181,Good Condition
4695,1088,4776,241,442,Service Accepted
4696,1088,4777,452,88,Service Accepted
4697,1088,4778,19,221,Service Accepted
4698,1088,4779,173,45,Service Accepted
4699,1089,4780,375,91,Good Condition
4700,1089,4781,567,13,Good Condition
4701,1089,4782,424,299,Good Condition
4702,1089,4783,550,374,Good Condition
4703,1089,4784,301,37,Good Condition
4704,1090,4785,9,270,Good Condition
4705,1090,4786,287,195,Good Condition
4706,1090,4787,236,259,Good Condition
4707,1090,4788,43,69,Good Condition
4708,1090,4789,456,166,Good Condition
4709,1090,4790,424,16,Good Condition
4710,1090,4791,494,361,Good Condition
4711,1091,4792,11,446,Good Condition
4712,1091,4793,570,386,Good Condition
4713,1091,4794,160,329,Good Condition
4714,1091,4795,71,305,Good Condition
4715,1091,4796,550,383,Good Condition
4716,1092,4797,517,83,Good Condition
4717,1092,4798,446,284,Good Condition
4718,1092,4799,439,194,Packaging Damaged
4719,1092,4800,165,499,Good Condition
4720,1092,4801,113,47,Good Condition
4721,1092,4802,524,203,Good Condition
4722,1092,4803,368,96,Good Condition
4723,1093,4804,446,140,Good Condition
4724,1093,4805,562,402,Good Condition
4725,1093,4806,227,46,Good Condition
4726,1093,4807,273,198,Good Condition
4727,1093,4808,377,112,Good Condition
4728,1094,4809,192,104,Good Condition
4729,1094,4810,553,302,Good Condition
4730,1095,4811,47,280,Good Condition
4731,1095,4812,372,39,Good Condition
4732,1095,4813,481,268,Good Condition
4733,1095,4814,321,489,Good Condition
4734,1095,4815,91,278,Good Condition
4735,1096,4816,561,30,Service Accepted
4736,1096,4817,503,473,Service Accepted
4737,1096,4818,142,149,Service Accepted
4738,1096,4819,83,197,Good Condition
4739,1096,4820,1,453,Good Condition
4740,1096,4821,207,32,Good Condition
4741,1096,4822,118,197,Service Accepted
4742,1097,4823,227,500,Good Condition
4743,1097,4824,441,363,Good Condition
4744,1098,4825,357,425,Packaging Damaged
4745,1098,4826,159,98,Good Condition
4746,1098,4827,489,61,Good Condition
4747,1099,4828,42,81,Good Condition
4748,1099,4829,591,471,Good Condition
4749,1099,4830,194,46,Good Condition
4750,1099,4831,499,386,Good Condition
4751,1100,4832,170,394,Good Condition
4752,1101,4833,491,208,Good Condition
4753,1101,4834,335,416,Good Condition
4754,1101,4835,551,109,Good Condition
4755,1101,4836,48,71,Good Condition
4756,1101,4837,505,274,Good Condition
4757,1102,4838,115,76,Good Condition
4758,1102,4839,185,448,Good Condition
4759,1102,4840,111,20,Good Condition
4760,1102,4841,176,401,Good Condition
4761,1103,4842,393,433,Good Condition
4762,1104,4843,486,104,Good Condition
4763,1104,4844,70,236,Good Condition
4764,1105,4845,82,293,Good Condition
4765,1105,4846,273,82,Good Condition
4766,1105,4847,187,206,Good Condition
4767,1105,4848,372,69,Good Condition
4768,1105,4849,73,415,Good Condition
4769,1105,4850,110,324,Wrong Item Sent
4770,1105,4851,254,190,Good Condition
4771,1106,4852,13,258,Good Condition
4772,1106,4853,81,331,Good Condition
4773,1106,4854,395,296,Good Condition
4774,1106,4855,596,468,Good Condition
4775,1106,4856,570,155,Wrong Item Sent
4776,1106,4857,396,492,Good Condition
4777,1107,4858,126,80,Good Condition
4778,1108,4859,318,128,Good Condition
4779,1108,4860,521,436,Good Condition
4780,1108,4861,505,137,Good Condition
4781,1108,4862,553,386,Minor Defect - Accepted
4782,1108,4863,192,473,Good Condition
4783,1109,4864,542,36,Good Condition
4784,1109,4865,249,123,Good Condition
4785,1109,4866,154,368,Good Condition
4786,1109,4867,392,479,Good Condition
4787,1110,4868,185,215,Good Condition
4788,1110,4869,305,496,Good Condition
4789,1110,4870,410,59,Good Condition
4790,1110,4871,446,428,Good Condition
4791,1110,4872,70,499,Good Condition
4792,1110,4873,400,371,Good Condition
4793,1110,4874,488,269,Good Condition
4794,1110,4875,232,487,Good Condition
4795,1111,4876,304,353,Good Condition
4796,1111,4877,499,302,Good Condition
4797,1111,4878,25,461,Minor Defect - Accepted
4798,1112,4879,62,102,Good Condition
4799,1112,4880,217,363,Good Condition
4800,1112,4881,300,417,Good Condition
4801,1112,4882,525,175,Good Condition
4802,1112,4883,202,321,Good Condition
4803,1112,4884,79,76,Good Condition
4804,1112,4885,318,476,Good Condition
4805,1113,4886,313,37,Service Accepted
4806,1113,4887,344,321,Good Condition
4807,1113,4888,269,244,Good Condition
4808,1113,4889,286,19,Good Condition
4809,1113,4890,353,401,Good Condition
4810,1113,4891,511,251,Good Condition
4811,1113,4892,339,265,Good Condition
4812,1113,4893,281,16,Service Accepted
4813,1114,4894,511,180,Good Condition
4814,1114,4895,353,240,Good Condition
4815,1114,4896,35,399,Service Accepted
4816,1114,4897,295,464,Service Accepted
4817,1114,4898,94,424,Service Accepted
4818,1114,4899,246,471,Good Condition
4819,1114,4900,209,493,Service Accepted
4820,1114,4901,549,258,Service Accepted
4821,1115,4902,141,29,Good Condition
4822,1115,4903,418,300,Good Condition
4823,1115,4904,70,448,Good Condition
4824,1115,4905,413,477,Good Condition
4825,1116,4906,577,54,Good Condition
4826,1116,4907,188,40,Good Condition
4827,1117,4908,39,202,Service Incomplete
4828,1117,4909,286,458,Good Condition
4829,1118,4910,340,98,Good Condition
4830,1118,4911,324,297,Good Condition
4831,1118,4912,395,26,Good Condition
4832,1118,4913,432,131,Good Condition
4833,1118,4914,81,303,Good Condition
4834,1118,4915,33,143,Good Condition
4835,1118,4916,566,215,Good Condition
4836,1118,4917,377,85,Good Condition
4837,1119,4918,74,401,Good Condition
4838,1119,4919,321,166,Good Condition
4839,1119,4920,372,293,Good Condition
4840,1119,4921,407,163,Good Condition
4841,1119,4922,47,322,Good Condition
4842,1120,4923,574,139,Good Condition
4843,1120,4924,291,321,Good Condition
4844,1121,4925,179,414,Good Condition
4845,1122,4926,80,177,Good Condition
4846,1122,4927,308,42,Good Condition
4847,1122,4928,408,352,Good Condition
4848,1122,4929,541,181,Good Condition
4849,1122,4930,50,74,Good Condition
4850,1123,4931,48,260,Good Condition
4851,1123,4932,89,316,Good Condition
4852,1123,4933,335,324,Good Condition
4853,1124,4934,172,73,Good Condition
4854,1124,4935,370,364,Good Condition
4855,1124,4936,306,244,Good Condition
4856,1125,4937,103,78,Good Condition
4857,1125,4938,205,311,Wrong Item Sent
4858,1126,4939,142,297,Service Accepted
4859,1126,4940,501,111,Service Accepted
4860,1127,4941,197,216,Good Condition
4861,1127,4942,285,426,Good Condition
4862,1127,4943,330,348,Good Condition
4863,1127,4944,215,424,Good Condition
4864,1128,4945,569,332,Good Condition
4865,1128,4946,50,484,Good Condition
4866,1128,4947,508,326,Good Condition
4867,1128,4948,196,441,Good Condition
4868,1129,4949,541,39,Good Condition
4869,1129,4950,357,32,Good Condition
4870,1129,4951,240,53,Good Condition
4871,1129,4952,175,237,Good Condition
4872,1129,4953,319,499,Good Condition
4873,1130,4954,210,194,Good Condition
4874,1130,4955,392,64,Good Condition
4875,1131,4956,8,137,Minor Defect - Accepted
4876,1131,4957,203,96,Good Condition
4877,1131,4958,534,430,Good Condition
4878,1131,4959,560,201,Good Condition
4879,1131,4960,242,490,Good Condition
4880,1132,4961,402,76,Service Accepted
4881,1132,4962,475,168,Service Accepted
4882,1133,4963,469,189,Good Condition
4883,1133,4964,122,406,Good Condition
4884,1133,4965,125,421,Good Condition
4885,1133,4966,28,480,Good Condition
4886,1133,4967,471,444,Screen Damaged
4887,1133,4968,439,492,Good Condition
4888,1133,4969,48,182,Good Condition
4889,1133,4970,251,59,Good Condition
4890,1134,4971,211,95,Good Condition
4891,1135,4972,391,317,Good Condition
4892,1135,4973,109,401,Good Condition
4893,1135,4974,426,118,Good Condition
4894,1135,4975,395,351,Good Condition
4895,1135,4976,170,330,Good Condition
4896,1135,4977,8,68,Good Condition
4897,1136,4978,70,260,Good Condition
4898,1137,4979,541,192,Good Condition
4899,1137,4980,239,166,Good Condition
4900,1137,4981,179,345,Good Condition
4901,1137,4982,489,160,Good Condition
4902,1137,4983,560,68,Good Condition
4903,1137,4984,165,248,Good Condition
4904,1138,4985,372,483,Good Condition
4905,1138,4986,217,21,Good Condition
4906,1138,4987,151,224,Good Condition
4907,1138,4988,176,251,Good Condition
4908,1138,4989,81,83,Good Condition
4909,1138,4990,50,219,Good Condition
4910,1138,4991,569,40,Minor Defect - Accepted
4911,1138,4992,543,130,Good Condition
4912,1138,4993,108,319,Good Condition
4913,1138,4994,519,299,Good Condition
4914,1139,4995,517,96,Good Condition
4915,1140,4996,13,169,Good Condition
4916,1140,4997,407,228,Good Condition
4917,1140,4998,352,139,Good Condition
4918,1140,4999,8,134,Good Condition
4919,1140,5000,153,471,Good Condition
4920,1140,5001,591,490,Good Condition
4921,1140,5002,57,91,Good Condition
4922,1141,5003,70,401,Good Condition
4923,1141,5004,185,472,Good Condition
4924,1141,5005,111,317,Good Condition
4925,1141,5006,232,112,Good Condition
4926,1141,5007,446,430,Good Condition
4927,1141,5008,488,409,Good Condition
4928,1142,5009,239,434,Good Condition
4929,1142,5010,287,141,Good Condition
4930,1142,5011,170,102,Good Condition
4931,1142,5012,13,44,Good Condition
4932,1142,5013,179,309,Good Condition
4933,1143,5014,43,330,Good Condition
4934,1143,5015,391,32,Good Condition
4935,1143,5016,217,88,Good Condition
4936,1144,5017,102,248,Good Condition
4937,1145,5018,48,18,Good Condition
4938,1146,5019,275,191,Good Condition
4939,1146,5020,489,452,Good Condition
4940,1146,5021,79,130,Dead on Arrival (DOA)
4941,1146,5022,43,392,Good Condition
4942,1146,5023,78,350,Good Condition
4943,1146,5024,314,71,Good Condition
4944,1147,5025,42,498,Good Condition
4945,1147,5026,471,335,Good Condition
4946,1147,5027,217,319,Good Condition
4947,1147,5028,264,185,Good Condition
4948,1148,5029,83,243,Good Condition
4949,1148,5030,503,259,Service Accepted
4950,1148,5031,501,287,Service Accepted
4951,1148,5032,207,55,Good Condition
4952,1148,5033,561,453,Service Accepted
4953,1149,5034,474,116,Good Condition
4954,1149,5035,371,443,Good Condition
4955,1149,5036,572,81,Dead on Arrival (DOA)
4956,1149,5037,251,64,Good Condition
4957,1150,5038,391,22,Good Condition
4958,1150,5039,293,232,Good Condition
4959,1150,5040,242,125,Good Condition
4960,1150,5041,175,354,Good Condition
4961,1150,5042,165,493,Good Condition
4962,1151,5043,402,240,Service Accepted
4963,1152,5044,70,107,Good Condition
4964,1152,5045,483,299,Good Condition
4965,1153,5046,53,148,Good Condition
4966,1153,5047,497,126,Good Condition
4967,1153,5048,26,117,Good Condition
4968,1154,5049,262,118,Good Condition
4969,1154,5050,480,359,Good Condition
4970,1154,5051,393,70,Good Condition
4971,1155,5052,540,89,Service Accepted
4972,1155,5053,274,480,Service Accepted
4973,1156,5054,318,299,Good Condition
4974,1156,5055,301,365,Good Condition
4975,1156,5056,170,473,Good Condition
4976,1156,5057,335,142,Dead on Arrival (DOA)
4977,1156,5058,486,53,Good Condition
4978,1156,5059,375,179,Good Condition
4979,1157,5060,582,181,Good Condition
4980,1157,5061,565,465,Dead on Arrival (DOA)
4981,1157,5062,244,82,Good Condition
4982,1157,5063,28,379,Good Condition
4983,1157,5064,570,455,Good Condition
4984,1158,5065,202,119,Good Condition
4985,1158,5066,41,351,Good Condition
4986,1159,5067,357,395,Good Condition
4987,1159,5068,237,478,Good Condition
4988,1159,5069,556,394,Good Condition
4989,1159,5070,535,253,Good Condition
4990,1160,5071,243,359,Good Condition
4991,1161,5072,301,184,Good Condition
4992,1161,5073,125,218,Good Condition
4993,1161,5074,510,167,Good Condition
4994,1161,5075,157,14,Good Condition
4995,1161,5076,567,450,Packaging Damaged
4996,1161,5077,577,409,Good Condition
4997,1161,5078,251,477,Good Condition
4998,1162,5079,496,468,Good Condition
4999,1162,5080,587,256,Good Condition
5000,1162,5081,333,173,Service Accepted
5001,1162,5082,220,158,Service Accepted
5002,1163,5083,295,34,Service Accepted
5003,1164,5084,270,97,Good Condition
5004,1164,5085,245,99,Good Condition
5005,1164,5086,500,380,Good Condition
5006,1165,5087,43,402,Good Condition
5007,1165,5088,359,196,Good Condition
5008,1165,5089,249,69,Good Condition
5009,1166,5090,555,22,Service Accepted
5010,1166,5091,173,217,Service Accepted
5011,1166,5092,348,278,Service Accepted
5012,1166,5093,364,436,Service Disputed
5013,1166,5094,281,247,Service Accepted
5014,1166,5095,94,441,Service Accepted
5015,1167,5096,103,198,Good Condition
5016,1167,5097,146,78,Good Condition
5017,1167,5098,349,21,Good Condition
5018,1168,5099,308,421,Good Condition
5019,1169,5100,392,48,Good Condition
5020,1169,5101,483,90,Good Condition
5021,1169,5102,23,279,Good Condition
5022,1169,5103,300,245,Good Condition
5023,1169,5104,264,62,Good Condition
5024,1169,5105,556,173,Good Condition
5025,1170,5106,419,214,Good Condition
5026,1170,5107,303,87,Good Condition
5027,1171,5108,478,367,Service Accepted
5028,1172,5109,395,408,Good Condition
5029,1172,5110,399,322,Good Condition
5030,1172,5111,211,148,Good Condition
5031,1172,5112,172,169,Good Condition
5032,1172,5113,519,367,Good Condition
5033,1172,5114,449,433,Good Condition
5034,1173,5115,596,93,Good Condition
5035,1173,5116,84,401,Good Condition
5036,1173,5117,568,303,Good Condition
5037,1174,5118,582,459,Good Condition
5038,1174,5119,287,360,Good Condition
5039,1175,5120,218,357,Good Condition
5040,1175,5121,286,381,Good Condition
5041,1175,5122,466,437,Good Condition
5042,1176,5123,462,478,Good Condition
5043,1176,5124,70,439,Wrong Item Sent
5044,1176,5125,176,212,Good Condition
5045,1176,5126,48,154,Good Condition
5046,1176,5127,185,54,Good Condition
5047,1176,5128,410,268,Good Condition
5048,1177,5129,190,125,Service Accepted
5049,1177,5130,114,354,Service Accepted
5050,1177,5131,532,175,Service Accepted
5051,1177,5132,36,31,Service Accepted
5052,1177,5133,545,209,Service Accepted
5053,1178,5134,176,371,Good Condition
5054,1178,5135,424,337,Good Condition
5055,1178,5136,357,165,Good Condition
5056,1178,5137,363,374,Good Condition
5057,1179,5138,531,148,Service Accepted
5058,1180,5139,240,289,Packaging Damaged
5059,1180,5140,538,188,Good Condition
5060,1180,5141,202,340,Good Condition
5061,1180,5142,460,68,Good Condition
5062,1180,5143,244,91,Good Condition
5063,1181,5144,551,96,Good Condition
5064,1181,5145,42,51,Good Condition
5065,1181,5146,232,217,Good Condition
5066,1181,5147,444,97,Good Condition
5067,1181,5148,264,408,Good Condition
5068,1181,5149,519,396,Good Condition
5069,1182,5150,433,436,Good Condition
5070,1182,5151,23,471,Good Condition
5071,1182,5152,308,240,Good Condition
5072,1182,5153,264,328,Good Condition
5073,1182,5154,392,238,Good Condition
5074,1183,5155,419,336,Good Condition
5075,1183,5156,462,297,Good Condition
5076,1183,5157,360,23,Good Condition
5077,1183,5158,488,52,Good Condition
5078,1184,5159,530,315,Good Condition
5079,1184,5160,551,439,Good Condition
5080,1184,5161,304,374,Good Condition
5081,1185,5162,176,70,Good Condition
5082,1185,5163,538,299,Good Condition
5083,1185,5164,363,114,Good Condition
5084,1185,5165,316,51,Good Condition
5085,1185,5166,354,167,Good Condition
5086,1186,5167,593,159,Good Condition
5087,1186,5168,196,127,Good Condition
5088,1186,5169,205,21,Good Condition
5089,1186,5170,227,51,Good Condition
5090,1186,5171,591,287,Dead on Arrival (DOA)
5091,1186,5172,242,19,Good Condition
5092,1186,5173,391,25,Good Condition
5093,1187,5174,565,227,Good Condition
5094,1187,5175,21,312,Good Condition
5095,1187,5176,160,467,Good Condition
5096,1187,5177,194,41,Good Condition
5097,1187,5178,141,441,Good Condition
5098,1187,5179,26,321,Good Condition
5099,1188,5180,192,251,Good Condition
5100,1188,5181,244,458,Good Condition
5101,1189,5182,238,402,Good Condition
5102,1189,5183,28,171,Good Condition
5103,1189,5184,4,260,Good Condition
5104,1189,5185,13,210,Good Condition
5105,1189,5186,176,311,Good Condition
5106,1190,5187,196,377,Good Condition
5107,1190,5188,141,149,Good Condition
5108,1191,5189,218,162,Good Condition
5109,1191,5190,39,205,Service Accepted
5110,1191,5191,466,276,Good Condition
5111,1191,5192,599,36,Good Condition
5112,1192,5193,165,175,Good Condition
5113,1192,5194,450,101,Good Condition
5114,1192,5195,210,221,Good Condition
5115,1192,5196,103,16,Good Condition
5116,1193,5197,493,462,Good Condition
5117,1193,5198,147,166,Good Condition
5118,1193,5199,300,182,Good Condition
5119,1194,5200,306,210,Good Condition
5120,1195,5201,320,141,Good Condition
5121,1195,5202,315,393,Good Condition
5122,1195,5203,270,404,Good Condition
5123,1195,5204,120,34,Good Condition
5124,1195,5205,470,243,Good Condition
5125,1195,5206,364,175,Service Accepted
5126,1195,5207,437,422,Service Disputed
5127,1195,5208,429,155,Good Condition
5128,1196,5209,119,446,Minor Defect - Accepted
5129,1196,5210,304,459,Dead on Arrival (DOA)
5130,1196,5211,551,337,Good Condition
5131,1196,5212,515,167,Good Condition
5132,1196,5213,530,275,Good Condition
5133,1196,5214,565,103,Good Condition
5134,1197,5215,200,12,Service Accepted
5135,1197,5216,502,276,Service Accepted
5136,1198,5217,438,492,Good Condition
5137,1198,5218,236,483,Wrong Item Sent
5138,1199,5219,445,490,Good Condition
5139,1199,5220,566,408,Good Condition
5140,1199,5221,556,429,Good Condition
5141,1199,5222,550,398,Good Condition
5142,1199,5223,476,264,Good Condition
5143,1200,5224,45,261,Good Condition
5144,1200,5225,476,28,Good Condition
5145,1201,5226,318,310,Good Condition
5146,1202,5227,502,423,Service Accepted
5147,1202,5228,575,292,Service Accepted
5148,1202,5229,114,380,Service Accepted
5149,1202,5230,46,394,Service Accepted
5150,1202,5231,434,424,Service Accepted
5151,1202,5232,313,363,Service Accepted
5152,1203,5233,318,160,Good Condition
5153,1204,5234,97,274,Service Accepted
5154,1204,5235,423,167,Service Accepted
5155,1204,5236,405,213,Service Accepted
5156,1204,5237,281,148,Service Accepted
5157,1204,5238,295,443,Service Accepted
5158,1205,5239,423,492,Service Accepted
5159,1205,5240,295,254,Service Accepted
5160,1205,5241,183,187,Service Accepted
5161,1205,5242,405,26,Service Accepted
5162,1205,5243,97,277,Service Incomplete
5163,1205,5244,430,140,Service Accepted
5164,1206,5245,45,375,Dead on Arrival (DOA)
5165,1206,5246,38,202,Good Condition
5166,1206,5247,375,402,Good Condition
5167,1206,5248,600,126,Screen Damaged
5168,1206,5249,255,405,Good Condition
5169,1206,5250,54,225,Good Condition
5170,1206,5251,230,460,Good Condition
5171,1207,5252,366,391,Good Condition
5172,1207,5253,48,432,Good Condition
5173,1208,5254,255,225,Good Condition
5174,1208,5255,217,72,Good Condition
5175,1208,5256,391,73,Good Condition
5176,1208,5257,50,470,Good Condition
5177,1208,5258,43,236,Good Condition
5178,1209,5263,77,398,Good Condition
5179,1209,5264,515,255,Good Condition
5180,1209,5265,304,382,Good Condition
5181,1209,5266,244,465,Good Condition
5182,1210,5267,568,131,Good Condition
5183,1210,5268,543,323,Good Condition
5184,1210,5269,50,438,Good Condition
5185,1210,5270,558,488,Good Condition
5186,1211,5271,330,319,Good Condition
5187,1211,5272,185,96,Good Condition
5188,1211,5273,407,489,Good Condition
5189,1211,5274,8,210,Good Condition
5190,1211,5275,578,13,Good Condition
5191,1212,5276,110,407,Good Condition
5192,1212,5277,308,197,Good Condition
5193,1212,5278,117,332,Good Condition
5194,1212,5279,490,263,Good Condition
5195,1212,5280,175,349,Good Condition
5196,1212,5281,444,124,Good Condition
5197,1212,5282,222,181,Good Condition
5198,1212,5283,236,247,Good Condition
5199,1212,5284,102,360,Good Condition
5200,1213,5285,568,410,Good Condition
5201,1213,5286,13,422,Good Condition
5202,1213,5287,287,360,Good Condition
5203,1214,5288,222,110,Good Condition
5204,1214,5289,13,89,Good Condition
5205,1214,5290,572,26,Good Condition
5206,1214,5291,57,150,Good Condition
5207,1215,5292,355,333,Service Accepted
5208,1215,5293,276,419,Service Accepted
5209,1215,5294,190,466,Service Accepted
5210,1215,5295,281,354,Service Accepted
5211,1215,5296,258,309,Service Accepted
5212,1215,5297,348,402,Service Accepted
5213,1216,5298,359,248,Good Condition
5214,1216,5299,249,112,Good Condition
5215,1217,5300,359,226,Good Condition
5216,1217,5301,43,270,Good Condition
5217,1217,5302,249,322,Good Condition
5218,1218,5303,456,398,Good Condition
5219,1218,5304,562,207,Good Condition
5220,1218,5305,493,140,Good Condition
5221,1218,5306,243,439,Good Condition
5222,1218,5307,129,463,Good Condition
5223,1218,5308,455,172,Good Condition
5224,1219,5309,117,493,Good Condition
5225,1219,5310,319,266,Good Condition
5226,1220,5311,358,127,Service Accepted
5227,1220,5312,177,119,Service Accepted
5228,1220,5313,501,285,Service Accepted
5229,1220,5314,51,252,Service Accepted
5230,1220,5315,289,293,Service Accepted
5231,1220,5316,212,433,Service Accepted
5232,1221,5317,540,143,Service Accepted
5233,1221,5318,72,216,Service Accepted
5234,1222,5319,469,432,Good Condition
5235,1222,5320,491,462,Good Condition
5236,1222,5321,444,173,Packaging Damaged
5237,1222,5322,71,106,Good Condition
5238,1222,5323,287,152,Good Condition
5239,1222,5324,251,36,Good Condition
5240,1222,5325,16,8,Good Condition
5241,1223,5326,571,370,Good Condition
5242,1223,5327,53,66,Wrong Item Sent
5243,1223,5328,375,463,Good Condition
5244,1223,5329,26,227,Good Condition
5245,1224,5330,497,178,Good Condition
5246,1224,5331,530,139,Good Condition
5247,1225,5332,64,279,Good Condition
5248,1226,5333,392,59,Good Condition
5249,1226,5334,69,481,Good Condition
5250,1226,5335,53,301,Good Condition
5251,1226,5336,30,145,Good Condition
5252,1226,5337,182,468,Good Condition
5253,1227,5338,512,50,Good Condition
5254,1227,5339,29,14,Good Condition
5255,1227,5340,547,182,Good Condition
5256,1227,5341,432,135,Good Condition
5257,1227,5342,239,390,Good Condition
5258,1228,5343,161,248,Service Accepted
5259,1228,5344,457,49,Service Accepted
5260,1228,5345,381,18,Service Accepted
5261,1228,5346,355,129,Service Accepted
5262,1229,5347,550,85,Good Condition
5263,1229,5348,287,484,Good Condition
5264,1229,5349,439,77,Good Condition
5265,1229,5350,424,26,Good Condition
5266,1229,5351,16,360,Good Condition
5267,1229,5352,71,306,Good Condition
5268,1230,5353,62,237,Good Condition
5269,1230,5354,232,230,Good Condition
5270,1230,5355,567,189,Good Condition
5271,1230,5356,251,212,Packaging Damaged
5272,1230,5357,285,380,Good Condition
5273,1230,5358,515,101,Good Condition
5274,1230,5359,54,148,Good Condition
5275,1231,5360,481,403,Good Condition
5276,1231,5361,141,112,Good Condition
5277,1231,5362,372,403,Good Condition
5278,1232,5368,439,338,Good Condition
5279,1232,5369,251,180,Good Condition
5280,1232,5370,71,70,Good Condition
5281,1232,5371,424,381,Good Condition
5282,1232,5372,16,214,Good Condition
5283,1233,5373,481,381,Good Condition
5284,1234,5374,416,490,Good Condition
5285,1234,5375,553,28,Good Condition
5286,1234,5376,127,132,Good Condition
5287,1234,5377,125,407,Good Condition
5288,1234,5378,170,408,Good Condition
5289,1234,5379,304,462,Screen Damaged
5290,1234,5380,439,397,Good Condition
5291,1234,5381,565,275,Good Condition
5292,1235,5382,456,288,Good Condition
5293,1235,5383,129,481,Good Condition
5294,1235,5384,455,406,Good Condition
5295,1235,5385,153,101,Screen Damaged
5296,1235,5386,176,28,Good Condition
5297,1235,5387,243,401,Good Condition
5298,1235,5388,54,170,Good Condition
5299,1235,5389,493,475,Good Condition
5300,1236,5390,524,108,Good Condition
5301,1236,5391,450,59,Good Condition
5302,1236,5392,441,465,Good Condition
5303,1237,5393,474,395,Good Condition
5304,1237,5394,469,189,Wrong Item Sent
5305,1237,5395,551,125,Good Condition
5306,1237,5396,598,50,Good Condition
5307,1238,5397,366,8,Good Condition
5308,1238,5398,375,142,Good Condition
5309,1238,5399,441,343,Good Condition
5310,1239,5400,363,128,Good Condition
5311,1239,5401,255,372,Good Condition
5312,1239,5402,446,20,Good Condition
5313,1239,5403,335,270,Screen Damaged
5314,1239,5404,170,365,Good Condition
5315,1239,5405,33,440,Good Condition
5316,1239,5406,13,351,Good Condition
5317,1240,5407,47,192,Good Condition
5318,1240,5408,407,147,Good Condition
5319,1240,5409,505,400,Good Condition
5320,1240,5410,481,91,Good Condition
5321,1240,5411,372,372,Good Condition
5322,1241,5412,80,451,Good Condition
5323,1242,5413,167,172,Good Condition
5324,1242,5414,424,82,Good Condition
5325,1242,5415,189,182,Good Condition
5326,1243,5416,25,456,Good Condition
5327,1243,5417,556,60,Good Condition
5328,1243,5418,147,98,Good Condition
5329,1243,5419,497,236,Good Condition
5330,1244,5420,146,250,Good Condition
5331,1244,5421,386,462,Good Condition
5332,1244,5422,189,117,Good Condition
5333,1245,5423,565,198,Dead on Arrival (DOA)
5334,1246,5424,79,130,Good Condition
5335,1246,5425,198,243,Screen Damaged
5336,1246,5426,489,258,Good Condition
5337,1247,5427,562,19,Good Condition
5338,1248,5428,100,363,Good Condition
5339,1248,5429,452,291,Service Accepted
5340,1248,5430,475,356,Service Accepted
5341,1249,5431,157,153,Good Condition
5342,1249,5432,197,157,Good Condition
5343,1249,5433,301,464,Good Condition
5344,1249,5434,375,39,Good Condition
5345,1249,5435,366,424,Good Condition
5346,1250,5442,505,310,Good Condition
5347,1250,5443,318,333,Good Condition
5348,1250,5444,192,148,Good Condition
5349,1250,5445,521,414,Good Condition
5350,1251,5446,502,187,Service Accepted
5351,1251,5447,135,74,Service Accepted
5352,1251,5448,503,146,Service Accepted
5353,1251,5449,204,183,Service Accepted
5354,1251,5450,405,237,Service Accepted
5355,1251,5451,95,359,Service Accepted
5356,1251,5452,465,426,Service Accepted
5357,1251,5453,37,342,Service Accepted
5358,1252,5454,430,469,Service Accepted
5359,1252,5455,97,444,Service Accepted
5360,1253,5456,560,490,Packaging Damaged
5361,1253,5457,182,168,Good Condition
5362,1253,5458,513,228,Good Condition
5363,1253,5459,483,109,Good Condition
5364,1253,5460,301,309,Good Condition
5365,1253,5461,49,396,Good Condition
5366,1253,5462,243,19,Good Condition
5367,1254,5463,249,467,Good Condition
5368,1254,5464,43,273,Good Condition
5369,1254,5465,359,75,Good Condition
5370,1255,5466,557,303,Service Accepted
5371,1255,5467,204,258,Service Incomplete
5372,1255,5468,94,14,Service Accepted
5373,1255,5469,502,239,Service Accepted
5374,1255,5470,485,69,Service Accepted
5375,1256,5471,42,70,Good Condition
5376,1256,5472,87,441,Good Condition
5377,1256,5473,38,61,Good Condition
5378,1256,5474,272,365,Good Condition
5379,1257,5475,102,471,Good Condition
5380,1257,5476,259,441,Good Condition
5381,1257,5477,510,132,Dead on Arrival (DOA)
5382,1257,5478,211,261,Good Condition
5383,1258,5479,165,231,Good Condition
5384,1258,5480,242,446,Good Condition
5385,1258,5481,175,250,Good Condition
5386,1258,5482,293,406,Good Condition
5387,1258,5483,391,222,Good Condition
5388,1259,5484,433,348,Good Condition
5389,1259,5485,449,91,Good Condition
5390,1259,5486,50,291,Good Condition
5391,1259,5487,311,431,Good Condition
5392,1259,5488,508,169,Good Condition
5393,1259,5489,469,45,Good Condition
5394,1260,5490,129,306,Good Condition
5395,1260,5491,87,456,Good Condition
5396,1260,5492,441,311,Good Condition
5397,1261,5493,395,134,Good Condition
5398,1261,5494,187,313,Good Condition
5399,1262,5495,196,348,Good Condition
5400,1262,5496,591,187,Good Condition
5401,1262,5497,205,436,Good Condition
5402,1262,5498,227,82,Good Condition
5403,1262,5499,578,207,Good Condition
5404,1262,5500,391,249,Good Condition
5405,1262,5501,593,471,Packaging Damaged
5406,1262,5502,211,156,Good Condition
5407,1263,5503,141,366,Good Condition
5408,1263,5504,505,91,Good Condition
5409,1263,5505,110,259,Good Condition
5410,1263,5506,73,39,Good Condition
5411,1263,5507,22,392,Good Condition
5412,1263,5508,82,274,Good Condition
5413,1263,5509,57,368,Good Condition
5414,1264,5510,502,403,Service Accepted
5415,1264,5511,540,336,Service Accepted
5416,1265,5512,91,24,Good Condition
5417,1265,5513,407,229,Good Condition
5418,1265,5514,505,164,Good Condition
5419,1265,5515,74,443,Good Condition
5420,1266,5516,497,468,Good Condition
5421,1266,5517,25,423,Good Condition
5422,1266,5518,147,436,Good Condition
5423,1266,5519,115,117,Good Condition
5424,1267,5520,313,105,Service Accepted
5425,1267,5521,177,110,Service Accepted
5426,1267,5522,434,152,Service Accepted
5427,1268,5523,146,467,Good Condition
5428,1268,5524,217,396,Good Condition
5429,1268,5525,480,130,Good Condition
5430,1268,5526,87,80,Good Condition
5431,1268,5527,23,33,Good Condition
5432,1268,5528,318,133,Minor Defect - Accepted
5433,1269,5529,308,408,Good Condition
5434,1269,5530,486,105,Good Condition
5435,1269,5531,375,318,Good Condition
5436,1269,5532,92,254,Good Condition
5437,1269,5533,41,118,Good Condition
5438,1269,5534,222,309,Good Condition
5439,1269,5535,572,425,Dead on Arrival (DOA)
5440,1269,5536,450,286,Good Condition
5441,1269,5537,108,259,Good Condition
5442,1270,5538,77,305,Good Condition
5443,1270,5539,357,362,Good Condition
5444,1270,5540,185,201,Good Condition
5445,1270,5541,409,33,Good Condition
5446,1270,5542,489,414,Good Condition
5447,1271,5543,593,58,Good Condition
5448,1271,5544,62,160,Good Condition
5449,1271,5545,441,363,Good Condition
5450,1271,5546,165,164,Good Condition
5451,1271,5547,570,155,Good Condition
5452,1271,5548,368,39,Good Condition
5453,1271,5549,86,331,Good Condition
5454,1272,5550,196,13,Good Condition
5455,1272,5551,232,494,Good Condition
5456,1272,5552,293,275,Good Condition
5457,1272,5553,593,219,Good Condition
5458,1272,5554,287,456,Good Condition
5459,1273,5555,361,471,Service Incomplete
5460,1273,5556,281,500,Service Accepted
5461,1273,5557,288,348,Service Accepted
5462,1273,5558,37,72,Service Accepted
5463,1273,5559,452,368,Service Accepted
5464,1273,5560,133,79,Service Accepted
5465,1274,5561,25,230,Good Condition
5466,1274,5562,102,196,Good Condition
5467,1274,5563,499,378,Good Condition
5468,1274,5564,48,286,Dead on Arrival (DOA)
5469,1274,5565,29,87,Good Condition
5470,1275,5566,103,333,Good Condition
5471,1275,5567,569,310,Good Condition
5472,1275,5568,242,277,Good Condition
5473,1276,5569,555,259,Service Accepted
5474,1276,5570,281,338,Service Accepted
5475,1277,5571,89,332,Screen Damaged
5476,1277,5572,335,416,Good Condition
5477,1277,5573,15,344,Good Condition
5478,1278,5574,499,444,Good Condition
5479,1278,5575,513,327,Good Condition
5480,1278,5576,598,460,Good Condition
5481,1278,5577,42,390,Good Condition
5482,1278,5578,255,103,Good Condition
5483,1279,5579,117,178,Good Condition
5484,1279,5580,197,301,Good Condition
5485,1279,5581,151,326,Good Condition
5486,1279,5582,460,339,Packaging Damaged
5487,1279,5583,202,257,Good Condition
5488,1280,5584,537,468,Service Accepted
5489,1280,5585,401,11,Service Accepted
5490,1280,5586,465,243,Service Accepted
5491,1280,5587,171,280,Service Accepted
5492,1280,5588,417,222,Good Condition
5493,1280,5589,220,421,Service Accepted
5494,1281,5590,375,235,Good Condition
5495,1281,5591,60,238,Good Condition
5496,1281,5592,227,156,Good Condition
5497,1282,5593,494,12,Good Condition
5498,1282,5594,438,153,Good Condition
5499,1282,5595,388,37,Good Condition
5500,1282,5596,210,180,Good Condition
5501,1282,5597,598,279,Good Condition
5502,1282,5598,474,41,Good Condition
5503,1282,5599,80,42,Good Condition
5504,1282,5600,542,135,Good Condition
5505,1283,5601,244,141,Good Condition
5506,1284,5602,392,213,Good Condition
5507,1284,5603,251,483,Good Condition
5508,1284,5604,597,197,Good Condition
5509,1285,5605,176,103,Good Condition
5510,1285,5606,160,327,Good Condition
5511,1285,5607,548,433,Good Condition
5512,1285,5608,317,311,Good Condition
5513,1285,5609,141,142,Good Condition
5514,1285,5610,556,481,Good Condition
5515,1285,5611,306,20,Good Condition
5516,1286,5612,210,186,Good Condition
5517,1286,5613,450,173,Good Condition
5518,1286,5614,330,151,Good Condition
5519,1286,5615,103,323,Good Condition
5520,1287,5616,285,305,Good Condition
5521,1287,5617,319,394,Good Condition
5522,1287,5618,300,88,Good Condition
5523,1287,5619,287,69,Good Condition
5524,1287,5620,572,184,Good Condition
5525,1287,5621,598,488,Good Condition
5526,1288,5622,342,406,Service Accepted
5527,1288,5623,204,178,Service Accepted
5528,1288,5624,95,113,Service Accepted
5529,1289,5625,568,413,Good Condition
5530,1290,5626,535,88,Good Condition
5531,1290,5627,582,450,Good Condition
5532,1290,5628,202,170,Good Condition
5533,1291,5629,134,285,Good Condition
5534,1292,5630,165,264,Rejected - Quality Failure
5535,1292,5631,499,368,Good Condition
5536,1292,5632,111,478,Rejected - Quality Failure
5537,1292,5633,541,191,Rejected - Quality Failure
5538,1293,5634,306,249,Good Condition
5539,1293,5635,597,209,Good Condition
5540,1294,5636,421,488,Good Condition
5541,1294,5637,8,277,Good Condition
5542,1294,5638,41,61,Good Condition
5543,1294,5639,79,320,Good Condition
5544,1294,5640,571,282,Good Condition
5545,1294,5641,569,302,Good Condition
5546,1294,5642,413,487,Good Condition
5547,1295,5643,39,374,Service Accepted
5548,1295,5644,332,163,Good Condition
5549,1295,5645,218,258,Good Condition
5550,1295,5646,466,419,Good Condition
5551,1295,5647,286,436,Good Condition
5552,1295,5648,599,23,Good Condition
5553,1296,5649,238,204,Good Condition
5554,1296,5650,391,346,Good Condition
5555,1296,5651,383,494,Good Condition
5556,1297,5652,167,90,Good Condition
5557,1297,5653,150,41,Screen Damaged
5558,1297,5654,147,63,Good Condition
5559,1297,5655,574,270,Good Condition
5560,1297,5656,528,383,Good Condition
5561,1298,5657,596,458,Good Condition
5562,1298,5658,84,251,Good Condition
5563,1298,5659,335,20,Dead on Arrival (DOA)
5564,1298,5660,103,80,Good Condition
5565,1299,5661,524,181,Good Condition
5566,1299,5662,486,445,Good Condition
5567,1299,5663,196,64,Good Condition
5568,1299,5664,217,145,Good Condition
5569,1300,5665,377,381,Good Condition
5570,1300,5666,490,203,Good Condition
5571,1300,5667,530,257,Good Condition
5572,1300,5668,480,252,Dead on Arrival (DOA)
5573,1300,5669,146,351,Good Condition
5574,1300,5670,87,430,Good Condition
5575,1301,5671,324,264,Good Condition
5576,1301,5672,572,208,Good Condition
5577,1301,5673,243,56,Good Condition
5578,1302,5674,240,197,Good Condition
5579,1302,5675,242,472,Good Condition
5580,1303,5676,103,84,Good Condition
5581,1303,5677,290,168,Good Condition
5582,1303,5678,110,413,Good Condition
5583,1303,5679,455,192,Good Condition
5584,1303,5680,240,26,Good Condition
5585,1303,5681,147,194,Good Condition
5586,1304,5682,433,201,Good Condition
5587,1304,5683,566,140,Good Condition
5588,1304,5684,188,146,Good Condition
5589,1304,5685,275,13,Good Condition
5590,1305,5686,71,166,Good Condition
5591,1305,5687,179,417,Good Condition
5592,1305,5688,481,375,Good Condition
5593,1305,5689,43,181,Good Condition
5594,1305,5690,260,200,Good Condition
5595,1305,5691,519,404,Good Condition
5596,1306,5692,335,201,Good Condition
5597,1306,5693,324,323,Good Condition
5598,1306,5694,319,109,Good Condition
5599,1307,5695,275,107,Good Condition
5600,1307,5696,153,287,Good Condition
5601,1307,5697,238,118,Good Condition
5602,1307,5698,259,252,Good Condition
5603,1307,5699,211,362,Good Condition
5604,1307,5700,13,229,Good Condition
5605,1307,5701,182,39,Good Condition
5606,1307,5702,306,241,Minor Defect - Accepted
5607,1308,5703,230,173,Good Condition
5608,1308,5704,476,203,Good Condition
5609,1308,5705,462,364,Good Condition
5610,1308,5706,157,144,Good Condition
5611,1308,5707,445,109,Good Condition
5612,1308,5708,174,68,Good Condition
5613,1308,5709,38,458,Good Condition
5614,1309,5710,462,364,Good Condition
5615,1309,5711,480,82,Good Condition
5616,1309,5712,558,444,Good Condition
5617,1309,5713,391,153,Good Condition
5618,1309,5714,262,373,Good Condition
5619,1309,5715,393,499,Good Condition
5620,1310,5716,367,101,Service Accepted
5621,1310,5717,451,453,Service Accepted
5622,1310,5718,498,301,Service Accepted
5623,1311,5719,158,412,Good Condition
5624,1312,5720,119,241,Good Condition
5625,1312,5721,413,297,Packaging Damaged
5626,1312,5722,109,230,Good Condition
5627,1312,5723,300,120,Wrong Item Sent
5628,1312,5724,314,482,Good Condition
5629,1312,5725,421,270,Good Condition
5630,1312,5726,79,454,Good Condition
5631,1312,5727,543,421,Good Condition
5632,1313,5728,396,279,Good Condition
5633,1313,5729,371,315,Good Condition
5634,1313,5730,237,332,Good Condition
5635,1313,5731,513,191,Good Condition
5636,1313,5732,499,66,Good Condition
5637,1313,5733,48,271,Good Condition
5638,1313,5734,127,474,Good Condition
5639,1314,5735,360,346,Good Condition
5640,1315,5736,304,441,Good Condition
5641,1315,5737,455,128,Good Condition
5642,1315,5738,359,270,Good Condition
5643,1316,5739,335,227,Good Condition
5644,1316,5740,324,158,Good Condition
5645,1316,5741,103,133,Good Condition
5646,1316,5742,84,61,Good Condition
5647,1316,5743,188,63,Good Condition
5648,1316,5744,577,332,Good Condition
5649,1317,5745,572,228,Good Condition
5650,1317,5746,439,289,Good Condition
5651,1318,5747,316,94,Good Condition
5652,1318,5748,538,394,Good Condition
5653,1319,5749,598,477,Minor Defect - Accepted
5654,1319,5750,28,298,Good Condition
5655,1320,5751,438,44,Good Condition
5656,1320,5752,178,327,Good Condition
5657,1320,5753,48,58,Good Condition
5658,1320,5754,383,62,Good Condition
5659,1320,5755,370,180,Good Condition
5660,1320,5756,421,410,Good Condition
5661,1321,5757,474,209,Good Condition
5662,1321,5758,244,483,Good Condition
5663,1322,5759,293,394,Good Condition
5664,1322,5760,141,406,Good Condition
5665,1322,5761,291,132,Good Condition
5666,1322,5762,165,223,Good Condition
5667,1322,5763,175,26,Dead on Arrival (DOA)
5668,1323,5764,396,198,Good Condition
5669,1323,5765,29,293,Good Condition
5670,1323,5766,499,247,Good Condition
5671,1323,5767,84,99,Good Condition
5672,1323,5768,28,339,Good Condition
5673,1323,5769,304,22,Good Condition
5674,1323,5770,25,403,Good Condition
5675,1324,5771,47,195,Good Condition
5676,1324,5772,9,14,Good Condition
5677,1324,5773,159,478,Screen Damaged
5678,1324,5774,535,129,Good Condition
5679,1325,5775,85,362,Service Accepted
5680,1325,5776,529,188,Service Accepted
5681,1325,5777,27,344,Service Accepted
5682,1325,5778,96,61,Service Accepted
5683,1326,5779,239,175,Good Condition
5684,1327,5780,502,349,Service Accepted
5685,1327,5781,94,351,Service Accepted
5686,1327,5782,557,167,Service Accepted
5687,1327,5783,503,398,Service Accepted
5688,1327,5784,465,289,Service Accepted
5689,1327,5785,95,448,Service Accepted
5690,1327,5786,485,212,Service Accepted
5691,1328,5787,582,295,Good Condition
5692,1328,5788,255,389,Good Condition
5693,1328,5789,409,467,Good Condition
5694,1328,5790,550,382,Good Condition
5695,1328,5791,126,415,Good Condition
5696,1328,5792,481,142,Good Condition
5697,1329,5793,60,206,Good Condition
5698,1329,5794,577,25,Good Condition
5699,1329,5795,69,435,Good Condition
5700,1329,5796,550,91,Good Condition
5701,1329,5797,111,492,Good Condition
5702,1329,5798,70,297,Good Condition
5703,1330,5799,255,460,Good Condition
5704,1330,5800,409,279,Good Condition
5705,1330,5801,126,71,Good Condition
5706,1330,5802,550,198,Good Condition
5707,1330,5803,317,180,Good Condition
5708,1330,5804,410,424,Good Condition
5709,1330,5805,392,317,Good Condition
5710,1331,5806,419,405,Good Condition
5711,1331,5807,236,137,Good Condition
5712,1331,5808,70,494,Good Condition
5713,1332,5809,131,372,Service Accepted
5714,1332,5810,367,300,Service Accepted
5715,1332,5811,451,124,Service Accepted
5716,1332,5812,498,377,Service Accepted
5717,1333,5813,300,201,Good Condition
5718,1333,5814,23,22,Good Condition
5719,1333,5815,556,376,Screen Damaged
5720,1333,5816,392,223,Good Condition
5721,1333,5817,483,401,Good Condition
5722,1334,5818,165,372,Good Condition
5723,1334,5819,371,495,Good Condition
5724,1334,5820,25,475,Good Condition
5725,1334,5821,237,491,Good Condition
5726,1334,5822,450,86,Good Condition
5727,1334,5823,396,345,Good Condition
5728,1334,5824,513,350,Good Condition
5729,1334,5825,28,329,Good Condition
5730,1335,5826,7,111,Good Condition
5731,1335,5827,437,404,Service Accepted
5732,1335,5828,245,282,Good Condition
5733,1335,5829,168,292,Good Condition
5734,1336,5830,553,22,Good Condition
5735,1336,5831,521,164,Good Condition
5736,1337,5832,25,468,Good Condition
5737,1337,5833,196,452,Good Condition
5738,1338,5834,172,162,Good Condition
5739,1338,5835,597,279,Good Condition
5740,1338,5836,370,330,Good Condition
5741,1338,5837,306,471,Good Condition
5742,1339,5838,146,274,Good Condition
5743,1340,5839,577,11,Good Condition
5744,1340,5840,103,388,Good Condition
5745,1340,5841,571,205,Good Condition
5746,1340,5842,324,179,Good Condition
5747,1340,5843,596,95,Good Condition
5748,1340,5844,335,81,Good Condition
5749,1341,5845,189,96,Screen Damaged
5750,1341,5846,571,202,Good Condition
5751,1342,5847,568,448,Good Condition
5752,1342,5848,196,169,Good Condition
5753,1342,5849,524,180,Good Condition
5754,1342,5850,38,281,Good Condition
5755,1342,5851,203,454,Good Condition
5756,1343,5852,199,265,Service Accepted
5757,1343,5853,289,134,Service Accepted
5758,1343,5854,220,63,Service Accepted
5759,1343,5855,498,496,Service Accepted
5760,1343,5856,276,464,Service Accepted
5761,1344,5857,430,104,Service Accepted
5762,1344,5858,348,242,Service Accepted
5763,1345,5859,319,397,Good Condition
5764,1345,5860,42,496,Good Condition
5765,1345,5861,541,233,Good Condition
5766,1346,5862,194,225,Good Condition
5767,1346,5863,287,212,Good Condition
5768,1346,5864,43,243,Good Condition
5769,1346,5865,474,149,Good Condition
5770,1347,5866,335,436,Good Condition
5771,1347,5867,151,460,Good Condition
5772,1347,5868,538,54,Good Condition
5773,1347,5869,416,417,Good Condition
5774,1347,5870,370,220,Good Condition
5775,1347,5871,117,293,Good Condition
5776,1348,5872,304,399,Good Condition
5777,1348,5873,359,394,Rejected - Quality Failure
5778,1348,5874,60,144,Good Condition
5779,1348,5875,562,103,Good Condition
5780,1348,5876,301,202,Good Condition
5781,1348,5877,588,470,Good Condition
5782,1349,5878,179,155,Good Condition
5783,1349,5879,235,321,Good Condition
5784,1350,5880,531,24,Service Accepted
5785,1350,5881,532,127,Service Accepted
5786,1350,5882,544,299,Good Condition
5787,1350,5883,61,135,Service Accepted
5788,1351,5884,157,298,Good Condition
5789,1351,5885,445,123,Good Condition
5790,1351,5886,600,265,Good Condition
5791,1351,5887,588,137,Good Condition
5792,1351,5888,462,391,Good Condition
5793,1351,5889,354,212,Good Condition
5794,1351,5890,38,194,Good Condition
5795,1351,5891,45,31,Good Condition
5796,1351,5892,153,389,Good Condition
5797,1352,5893,69,356,Good Condition
5798,1352,5894,324,113,Good Condition
5799,1352,5895,16,72,Good Condition
5800,1352,5896,197,223,Good Condition
5801,1352,5897,202,209,Good Condition
5802,1353,5898,433,385,Good Condition
5803,1353,5899,562,171,Good Condition
5804,1353,5900,460,75,Good Condition
5805,1353,5901,419,456,Good Condition
5806,1353,5902,236,471,Good Condition
5807,1354,5903,579,359,Good Condition
5808,1354,5904,50,19,Good Condition
5809,1354,5905,335,398,Good Condition
5810,1354,5906,306,297,Good Condition
5811,1355,5907,318,233,Good Condition
5812,1355,5908,227,319,Good Condition
5813,1355,5909,60,119,Good Condition
5814,1355,5910,359,242,Good Condition
5815,1355,5911,556,470,Good Condition
5816,1355,5912,301,428,Good Condition
5817,1355,5913,368,81,Good Condition
5818,1356,5914,89,498,Good Condition
5819,1356,5915,317,403,Good Condition
5820,1356,5916,374,248,Good Condition
5821,1356,5917,222,240,Good Condition
5822,1357,5918,203,237,Good Condition
5823,1357,5919,84,254,Good Condition
5824,1357,5920,390,344,Good Condition
5825,1357,5921,12,303,Good Condition
5826,1357,5922,79,39,Good Condition
5827,1358,5923,383,219,Good Condition
5828,1358,5924,421,86,Good Condition
5829,1358,5925,8,162,Packaging Damaged
5830,1359,5926,324,369,Good Condition
5831,1359,5927,469,326,Good Condition
5832,1359,5928,273,130,Good Condition
5833,1359,5929,28,421,Good Condition
5834,1359,5930,450,60,Good Condition
5835,1359,5931,175,227,Good Condition
5836,1359,5932,442,162,Good Condition
5837,1360,5933,243,17,Good Condition
5838,1360,5934,301,326,Good Condition
5839,1360,5935,179,199,Good Condition
5840,1360,5936,249,119,Good Condition
5841,1360,5937,217,260,Good Condition
5842,1361,5938,255,268,Good Condition
5843,1361,5939,50,193,Good Condition
5844,1361,5940,391,308,Good Condition
5845,1361,5941,43,220,Good Condition
5846,1362,5942,441,70,Good Condition
5847,1362,5943,374,179,Good Condition
5848,1362,5944,574,162,Good Condition
5849,1362,5945,82,263,Good Condition
5850,1363,5946,319,476,Good Condition
5851,1363,5947,56,302,Good Condition
5852,1363,5948,562,458,Good Condition
5853,1363,5949,580,56,Good Condition
5854,1364,5950,285,270,Good Condition
5855,1364,5951,300,491,Good Condition
5856,1364,5952,243,285,Good Condition
5857,1365,5953,301,68,Good Condition
5858,1365,5954,359,422,Good Condition
5859,1365,5955,588,383,Good Condition
5860,1365,5956,60,459,Rejected - Quality Failure
5861,1366,5957,141,335,Good Condition
5862,1366,5958,293,45,Good Condition
5863,1366,5959,175,456,Good Condition
5864,1367,5960,86,480,Good Condition
5865,1367,5961,413,102,Good Condition
5866,1367,5962,541,79,Good Condition
5867,1367,5963,368,377,Good Condition
5868,1367,5964,324,410,Good Condition
5869,1368,5965,243,72,Good Condition
5870,1369,5966,319,195,Good Condition
5871,1370,5967,182,370,Good Condition
5872,1370,5968,306,240,Good Condition
5873,1370,5969,238,375,Good Condition
5874,1370,5970,211,207,Dead on Arrival (DOA)
5875,1370,5971,293,63,Good Condition
5876,1371,5972,55,189,Service Accepted
5877,1371,5973,44,272,Good Condition
5878,1371,5974,544,193,Good Condition
5879,1372,5975,137,326,Good Condition
5880,1372,5976,97,52,Service Accepted
5881,1372,5977,31,448,Good Condition
5882,1372,5978,549,211,Service Accepted
5883,1373,5979,293,199,Good Condition
5884,1373,5980,391,138,Good Condition
5885,1373,5981,165,240,Good Condition
5886,1374,5982,549,167,Service Accepted
5887,1374,5983,511,125,Good Condition
5888,1374,5984,295,358,Service Accepted
5889,1374,5985,209,384,Service Accepted
5890,1374,5986,137,418,Good Condition
5891,1374,5987,313,308,Service Accepted
5892,1374,5988,344,313,Good Condition
5893,1374,5989,339,415,Good Condition
5894,1374,5990,246,144,Good Condition
5895,1375,5991,242,265,Good Condition
5896,1375,5992,290,62,Good Condition
5897,1376,5993,179,148,Good Condition
5898,1376,5994,80,468,Good Condition
5899,1376,5995,446,322,Good Condition
5900,1376,5996,374,315,Good Condition
5901,1376,5997,141,283,Good Condition
5902,1376,5998,574,349,Good Condition
5903,1377,5999,540,490,Service Accepted
5904,1377,6000,156,126,Service Accepted
5905,1377,6001,96,154,Service Accepted
5906,1377,6002,351,112,Service Accepted
5907,1377,6003,378,348,Service Accepted
5908,1377,6004,518,387,Service Accepted
5909,1378,6005,531,193,Service Accepted
5910,1378,6006,55,440,Service Accepted
5911,1378,6007,61,303,Service Accepted
5912,1378,6008,544,30,Good Condition
5913,1379,6009,59,135,Good Condition
5914,1379,6010,528,33,Good Condition
5915,1379,6011,404,407,Good Condition
5916,1379,6012,211,395,Good Condition
5917,1379,6013,196,293,Good Condition
5918,1380,6014,232,252,Good Condition
5919,1380,6015,553,372,Good Condition
5920,1380,6016,304,138,Good Condition
5921,1380,6017,127,463,Good Condition
5922,1380,6018,201,211,Good Condition
5923,1380,6019,206,393,Good Condition
5924,1381,6020,290,215,Screen Damaged
5925,1381,6021,89,289,Good Condition
5926,1382,6022,469,291,Good Condition
5927,1382,6023,494,315,Good Condition
5928,1383,6024,452,373,Service Accepted
5929,1383,6025,302,452,Service Accepted
5930,1383,6026,382,53,Good Condition
5931,1383,6027,181,331,Service Incomplete
5932,1383,6028,6,107,Service Accepted
5933,1383,6029,544,72,Good Condition
5934,1383,6030,64,28,Good Condition
5935,1383,6031,358,436,Service Accepted
5936,1384,6032,274,215,Service Accepted
5937,1385,6033,515,336,Good Condition
5938,1385,6034,62,469,Good Condition
5939,1386,6035,251,325,Good Condition
5940,1386,6036,122,361,Good Condition
5941,1387,6037,82,181,Packaging Damaged
5942,1387,6038,359,64,Good Condition
5943,1387,6039,73,227,Good Condition
5944,1387,6040,159,420,Good Condition
5945,1387,6041,187,402,Good Condition
5946,1388,6042,555,452,Service Accepted
5947,1388,6043,289,105,Service Accepted
5948,1389,6044,301,483,Good Condition
5949,1389,6045,483,78,Good Condition
5950,1389,6046,390,135,Good Condition
5951,1389,6047,360,291,Good Condition
5952,1389,6048,237,44,Good Condition
5953,1389,6049,560,156,Good Condition
5954,1389,6050,182,17,Good Condition
5955,1390,6051,35,417,Service Accepted
5956,1390,6052,46,37,Service Accepted
5957,1390,6053,313,490,Service Accepted
5958,1391,6054,306,90,Good Condition
5959,1391,6055,419,196,Good Condition
5960,1391,6056,354,192,Good Condition
5961,1392,6057,75,426,Good Condition
5962,1392,6058,551,182,Good Condition
5963,1393,6059,285,304,Good Condition
5964,1393,6060,205,123,Good Condition
5965,1394,6061,146,405,Good Condition
5966,1394,6062,335,313,Good Condition
5967,1394,6063,319,414,Good Condition
5968,1394,6064,113,96,Good Condition
5969,1395,6065,135,33,Service Accepted
5970,1395,6066,465,467,Service Accepted
5971,1396,6067,540,143,Service Accepted
5972,1396,6068,163,39,Service Accepted
5973,1396,6069,487,122,Service Accepted
5974,1396,6070,313,317,Service Accepted
5975,1396,6071,414,179,Service Accepted
5976,1396,6072,295,433,Service Accepted
5977,1396,6073,114,15,Service Accepted
5978,1397,6074,118,148,Service Accepted
5979,1397,6075,133,331,Service Accepted
5980,1397,6076,507,45,Good Condition
5981,1397,6077,1,151,Good Condition
5982,1397,6078,536,262,Good Condition
5983,1397,6079,561,386,Service Accepted
5984,1398,6080,108,365,Good Condition
5985,1399,6081,335,222,Good Condition
5986,1399,6082,324,209,Good Condition
5987,1399,6083,113,13,Good Condition
5988,1400,6084,13,346,Good Condition
5989,1400,6085,239,417,Good Condition
5990,1400,6086,287,116,Good Condition
5991,1400,6087,560,370,Good Condition
5992,1400,6088,541,354,Good Condition
5993,1401,6089,286,366,Good Condition
5994,1401,6090,106,348,Good Condition
5995,1401,6091,500,262,Good Condition
5996,1401,6092,295,86,Service Accepted
5997,1401,6093,339,344,Good Condition
5998,1401,6094,209,332,Service Accepted
5999,1401,6095,137,104,Good Condition
6000,1401,6096,549,224,Service Accepted
6001,1401,6097,156,428,Service Accepted
6002,1402,6098,50,207,Good Condition
6003,1402,6099,217,453,Good Condition
6004,1402,6100,391,489,Good Condition
6005,1402,6101,43,137,Good Condition
6006,1403,6102,172,390,Good Condition
6007,1403,6103,597,344,Good Condition
6008,1404,6104,89,482,Good Condition
6009,1404,6105,255,48,Good Condition
6010,1404,6106,264,310,Good Condition
6011,1404,6107,170,67,Good Condition
6012,1404,6108,512,107,Good Condition
6013,1405,6109,89,20,Rejected - Quality Failure
6014,1405,6110,210,152,Good Condition
6015,1405,6111,462,16,Rejected - Quality Failure
6016,1406,6112,147,480,Good Condition
6017,1406,6113,569,71,Good Condition
6018,1406,6114,240,462,Good Condition
6019,1406,6115,455,285,Good Condition
6020,1407,6116,189,373,Good Condition
6021,1407,6117,146,315,Good Condition
6022,1407,6118,374,246,Good Condition
6023,1407,6119,49,431,Good Condition
6024,1408,6120,142,438,Service Accepted
6025,1408,6121,36,328,Service Accepted
6026,1409,6122,146,299,Good Condition
6027,1409,6123,126,443,Good Condition
6028,1409,6124,570,48,Good Condition
6029,1410,6125,113,415,Good Condition
6030,1410,6126,324,28,Good Condition
6031,1410,6127,335,292,Good Condition
6032,1410,6128,259,43,Good Condition
6033,1411,6129,196,62,Good Condition
6034,1411,6130,542,271,Good Condition
6035,1411,6131,232,379,Good Condition
6036,1411,6132,159,162,Good Condition
6037,1412,6133,94,68,Service Accepted
6038,1413,6134,227,384,Good Condition
6039,1413,6135,377,121,Good Condition
6040,1413,6136,87,129,Good Condition
6041,1414,6137,517,92,Good Condition
6042,1415,6138,550,319,Good Condition
6043,1415,6139,510,151,Good Condition
6044,1416,6140,165,480,Good Condition
6045,1416,6141,450,337,Good Condition
6046,1416,6142,103,493,Good Condition
6047,1416,6143,210,131,Good Condition
6048,1417,6144,12,163,Good Condition
6049,1417,6145,395,379,Good Condition
6050,1418,6146,519,475,Good Condition
6051,1419,6147,446,461,Good Condition
6052,1419,6148,273,309,Good Condition
6053,1419,6149,87,406,Good Condition
6054,1420,6150,573,131,Service Accepted
6055,1420,6151,430,348,Service Accepted
6056,1420,6152,161,348,Service Accepted
6057,1420,6153,451,453,Service Accepted
6058,1421,6154,77,295,Good Condition
6059,1421,6155,74,352,Good Condition
6060,1421,6156,23,59,Good Condition
6061,1421,6157,395,450,Good Condition
6062,1421,6158,553,119,Good Condition
6063,1421,6159,426,32,Good Condition
6064,1422,6160,210,332,Good Condition
6065,1422,6161,126,57,Good Condition
6066,1422,6162,432,370,Good Condition
6067,1423,6163,587,17,Good Condition
6068,1423,6164,220,276,Service Accepted
6069,1423,6165,537,151,Service Accepted
6070,1423,6166,279,330,Service Accepted
6071,1423,6167,496,277,Good Condition
6072,1423,6168,193,271,Good Condition
6073,1424,6169,543,383,Packaging Damaged
6074,1424,6170,166,276,Good Condition
6075,1424,6171,574,457,Good Condition
6076,1424,6172,334,328,Good Condition
6077,1425,6173,175,140,Good Condition
6078,1426,6174,172,31,Wrong Item Sent
6079,1426,6175,392,277,Good Condition
6080,1426,6176,488,265,Good Condition
6081,1426,6177,25,100,Good Condition
6082,1426,6178,542,371,Good Condition
6083,1427,6179,242,51,Good Condition
6084,1427,6180,165,46,Good Condition
6085,1427,6181,175,144,Good Condition
6086,1427,6182,597,33,Good Condition
6087,1428,6183,56,424,Good Condition
6088,1428,6184,127,280,Good Condition
6089,1428,6185,192,447,Good Condition
6090,1428,6186,318,296,Good Condition
6091,1428,6187,597,73,Good Condition
6092,1428,6188,424,400,Good Condition
6093,1429,6189,558,214,Good Condition
6094,1429,6190,391,342,Good Condition
6095,1429,6191,202,151,Good Condition
6096,1430,6192,449,155,Good Condition
6097,1430,6193,179,178,Good Condition
6098,1430,6194,176,380,Good Condition
6099,1431,6195,432,368,Good Condition
6100,1431,6196,244,341,Good Condition
6101,1432,6197,111,127,Good Condition
6102,1432,6198,176,253,Good Condition
6103,1432,6199,462,57,Good Condition
6104,1433,6200,392,196,Good Condition
6105,1433,6201,598,224,Good Condition
6106,1433,6202,317,119,Good Condition
6107,1434,6203,96,212,Service Accepted
6108,1435,6204,290,48,Screen Damaged
6109,1435,6205,103,289,Good Condition
6110,1435,6206,110,448,Good Condition
6111,1436,6207,275,405,Good Condition
6112,1436,6208,56,159,Good Condition
6113,1436,6209,433,264,Good Condition
6114,1436,6210,375,472,Good Condition
6115,1437,6211,197,208,Good Condition
6116,1437,6212,600,194,Good Condition
6117,1437,6213,129,200,Good Condition
6118,1438,6214,242,242,Good Condition
6119,1438,6215,528,110,Good Condition
6120,1439,6216,66,292,Good Condition
6121,1439,6217,537,485,Service Accepted
6122,1439,6218,423,307,Service Accepted
6123,1439,6219,171,479,Service Accepted
6124,1439,6220,465,170,Service Accepted
6125,1439,6221,163,183,Service Accepted
6126,1439,6222,279,391,Service Accepted
6127,1440,6223,56,390,Good Condition
6128,1441,6224,572,115,Good Condition
6129,1442,6225,321,395,Good Condition
6130,1442,6226,407,442,Good Condition
6131,1442,6227,505,398,Good Condition
6132,1443,6228,102,269,Good Condition
6133,1443,6229,23,198,Good Condition
6134,1443,6230,306,124,Good Condition
6135,1443,6231,393,114,Good Condition
6136,1443,6232,366,487,Good Condition
6137,1443,6233,285,331,Good Condition
6138,1443,6234,392,235,Good Condition
6139,1444,6235,59,219,Good Condition
6140,1444,6236,524,87,Good Condition
6141,1444,6237,439,22,Good Condition
6142,1444,6238,494,419,Good Condition
6143,1444,6239,211,82,Good Condition
6144,1444,6240,127,227,Good Condition
6145,1445,6241,578,253,Dead on Arrival (DOA)
6146,1445,6242,407,384,Good Condition
6147,1445,6243,560,14,Good Condition
6148,1445,6244,534,337,Good Condition
6149,1446,6245,28,321,Good Condition
6150,1447,6246,108,350,Good Condition
6151,1447,6247,30,239,Good Condition
6152,1447,6248,211,176,Good Condition
6153,1447,6249,439,321,Good Condition
6154,1447,6250,25,52,Good Condition
6155,1448,6251,366,282,Good Condition
6156,1448,6252,285,121,Good Condition
6157,1448,6253,316,269,Good Condition
6158,1448,6254,202,341,Good Condition
6159,1448,6255,330,336,Good Condition
6160,1449,6256,560,319,Good Condition
6161,1449,6257,330,387,Good Condition
6162,1449,6258,578,310,Good Condition
6163,1449,6259,185,82,Good Condition
6164,1449,6260,236,99,Good Condition
6165,1450,6261,50,311,Good Condition
6166,1450,6262,391,18,Good Condition
6167,1450,6263,255,37,Good Condition
6168,1451,6264,258,399,Service Accepted
6169,1452,6265,115,374,Good Condition
6170,1452,6266,556,31,Good Condition
6171,1452,6267,25,135,Good Condition
6172,1452,6268,497,92,Good Condition
6173,1453,6269,77,126,Good Condition
6174,1453,6270,395,153,Good Condition
6175,1453,6271,567,482,Good Condition
6176,1454,6272,568,180,Good Condition
6177,1454,6273,560,347,Good Condition
6178,1454,6274,239,60,Good Condition
6179,1454,6275,489,401,Good Condition
6180,1454,6276,170,18,Good Condition
6181,1454,6277,165,245,Good Condition
6182,1454,6278,179,276,Good Condition
6183,1455,6279,330,88,Good Condition
6184,1455,6280,236,247,Good Condition
6185,1455,6281,395,478,Good Condition
6186,1455,6282,185,462,Good Condition
6187,1455,6283,300,330,Good Condition
6188,1455,6284,578,487,Good Condition
6189,1456,6285,16,12,Good Condition
6190,1456,6286,91,286,Good Condition
6191,1456,6287,113,340,Good Condition
6192,1456,6288,517,161,Good Condition
6193,1456,6289,251,210,Good Condition
6194,1456,6290,272,215,Good Condition
6195,1457,6291,391,10,Good Condition
6196,1457,6292,262,485,Good Condition
6197,1458,6293,172,473,Good Condition
6198,1458,6294,377,180,Good Condition
6199,1458,6295,593,93,Good Condition
6200,1458,6296,449,312,Good Condition
6201,1458,6297,556,262,Good Condition
6202,1458,6298,352,233,Good Condition
6203,1459,6299,62,490,Good Condition
6204,1459,6300,285,337,Packaging Damaged
6205,1459,6301,54,466,Good Condition
6206,1460,6302,580,209,Good Condition
6207,1460,6303,598,53,Good Condition
6208,1460,6304,519,478,Good Condition
6209,1460,6305,570,480,Good Condition
6210,1460,6306,562,174,Good Condition
6211,1461,6307,170,258,Good Condition
6212,1461,6308,226,142,Good Condition
6213,1461,6309,345,182,Good Condition
6214,1461,6310,201,166,Good Condition
6215,1461,6311,553,212,Good Condition
6216,1461,6312,357,93,Good Condition
6217,1462,6313,432,379,Good Condition
6218,1462,6314,210,381,Good Condition
6219,1462,6315,570,263,Good Condition
6220,1462,6316,126,133,Good Condition
6221,1463,6317,282,25,Good Condition
6222,1463,6318,486,485,Good Condition
6223,1463,6319,13,263,Good Condition
6224,1463,6320,424,186,Good Condition
6225,1463,6321,596,254,Good Condition
6226,1463,6322,25,357,Good Condition
6227,1463,6323,81,46,Packaging Damaged
6228,1464,6324,345,244,Good Condition
6229,1464,6325,572,434,Good Condition
6230,1465,6326,197,429,Good Condition
6231,1465,6327,391,492,Good Condition
6232,1465,6328,375,271,Good Condition
6233,1465,6329,424,66,Good Condition
6234,1465,6330,60,33,Good Condition
6235,1465,6331,251,261,Packaging Damaged
6236,1465,6332,577,146,Good Condition
6237,1465,6333,354,212,Good Condition
6238,1465,6334,509,422,Good Condition
6239,1466,6335,396,382,Good Condition
6240,1466,6336,493,392,Good Condition
6241,1466,6337,440,216,Good Condition
6242,1466,6338,483,14,Good Condition
6243,1466,6339,524,478,Screen Damaged
6244,1466,6340,433,381,Good Condition
6245,1467,6341,496,414,Good Condition
6246,1467,6342,333,15,Service Accepted
6247,1467,6343,279,406,Service Accepted
6248,1467,6344,423,16,Service Accepted
6249,1467,6345,171,287,Service Accepted
6250,1468,6346,70,14,Good Condition
6251,1468,6347,80,148,Good Condition
6252,1469,6348,72,489,Service Accepted
6253,1469,6349,274,100,Service Accepted
6254,1469,6350,248,488,Service Accepted
6255,1469,6351,27,372,Service Accepted
6256,1470,6352,62,338,Good Condition
6257,1470,6353,160,10,Good Condition
6258,1471,6354,217,48,Good Condition
6259,1471,6355,43,300,Good Condition
6260,1471,6356,255,87,Good Condition
6261,1472,6357,456,182,Good Condition
6262,1472,6358,363,103,Good Condition
6263,1473,6359,493,116,Good Condition
6264,1473,6360,243,65,Good Condition
6265,1473,6361,81,343,Good Condition
6266,1473,6362,102,12,Good Condition
6267,1473,6363,370,155,Good Condition
6268,1473,6364,562,108,Good Condition
6269,1473,6365,62,225,Good Condition
6270,1474,6366,170,123,Good Condition
6271,1474,6367,410,95,Good Condition
6272,1475,6368,491,187,Good Condition
6273,1475,6369,15,192,Good Condition
6274,1475,6370,551,171,Good Condition
6275,1475,6371,335,210,Good Condition
6276,1475,6372,185,98,Good Condition
6277,1475,6373,505,143,Good Condition
6278,1475,6374,89,150,Good Condition
6279,1476,6375,232,478,Good Condition
6280,1476,6376,550,166,Good Condition
6281,1477,6377,571,14,Good Condition
6282,1477,6378,53,66,Packaging Damaged
6283,1477,6379,26,445,Good Condition
6284,1477,6380,33,13,Good Condition
6285,1478,6381,244,99,Screen Damaged
6286,1478,6382,509,422,Good Condition
6287,1478,6383,151,423,Good Condition
6288,1478,6384,547,19,Good Condition
6289,1478,6385,29,257,Good Condition
6290,1478,6386,419,113,Good Condition
6291,1478,6387,239,398,Good Condition
6292,1479,6388,96,40,Service Accepted
6293,1479,6389,540,438,Service Accepted
6294,1479,6390,351,92,Service Accepted
6295,1479,6391,473,10,Service Accepted
6296,1479,6392,156,421,Service Accepted
6297,1479,6393,39,284,Service Accepted
6298,1479,6394,136,446,Service Accepted
6299,1480,6397,319,353,Dead on Arrival (DOA)
6300,1480,6398,598,113,Good Condition
6301,1480,6399,43,474,Good Condition
6302,1480,6400,548,472,Good Condition
6303,1480,6401,530,333,Good Condition
6304,1480,6402,409,119,Good Condition
6305,1480,6403,391,112,Good Condition
6306,1481,6404,449,172,Good Condition
6307,1481,6405,151,154,Good Condition
6308,1481,6406,509,443,Good Condition
6309,1481,6407,244,395,Good Condition
6310,1481,6408,406,85,Good Condition
6311,1481,6409,446,433,Good Condition
6312,1481,6410,205,435,Good Condition
6313,1482,6411,202,313,Good Condition
6314,1482,6412,460,431,Good Condition
6315,1482,6413,335,109,Good Condition
6316,1482,6414,69,278,Good Condition
6317,1482,6415,77,203,Good Condition
6318,1482,6416,151,300,Good Condition
6319,1482,6417,538,404,Good Condition
6320,1483,6418,560,346,Good Condition
6321,1483,6419,160,14,Good Condition
6322,1484,6420,50,290,Good Condition
6323,1484,6421,41,191,Good Condition
6324,1484,6422,433,427,Good Condition
6325,1484,6423,449,311,Good Condition
6326,1485,6424,189,447,Good Condition
6327,1485,6425,260,11,Good Condition
6328,1485,6426,172,413,Good Condition
6329,1485,6427,395,371,Good Condition
6330,1485,6428,154,181,Good Condition
6331,1486,6429,393,299,Good Condition
6332,1486,6430,572,229,Good Condition
6333,1486,6431,287,122,Good Condition
6334,1486,6432,80,460,Good Condition
6335,1486,6433,194,355,Good Condition
6336,1486,6434,550,96,Good Condition
6337,1487,6435,54,470,Good Condition
6338,1488,6436,198,286,Good Condition
6339,1488,6437,185,425,Good Condition
6340,1488,6438,242,398,Good Condition
6341,1488,6439,151,42,Good Condition
6342,1488,6440,79,347,Good Condition
6343,1488,6441,497,109,Good Condition
6344,1489,6442,172,111,Good Condition
6345,1489,6443,232,482,Good Condition
6346,1489,6444,488,112,Good Condition
6347,1490,6445,48,59,Good Condition
6348,1490,6446,287,377,Good Condition
6349,1490,6447,582,457,Dead on Arrival (DOA)
6350,1491,6448,159,122,Good Condition
6351,1491,6449,243,54,Good Condition
6352,1491,6450,217,493,Good Condition
6353,1491,6451,211,120,Screen Damaged
6354,1491,6452,249,96,Good Condition
6355,1491,6453,187,210,Good Condition
6356,1491,6454,574,316,Good Condition
6357,1491,6455,301,498,Good Condition
6358,1492,6456,314,360,Good Condition
6359,1492,6457,574,98,Good Condition
6360,1492,6458,126,162,Good Condition
6361,1492,6459,123,463,Packaging Damaged
6362,1492,6460,172,146,Good Condition
6363,1492,6461,70,372,Good Condition
6364,1492,6462,580,135,Good Condition
6365,1493,6463,462,171,Good Condition
6366,1493,6464,400,380,Good Condition
6367,1493,6465,48,234,Good Condition
6368,1493,6466,70,197,Good Condition
6369,1493,6467,185,195,Good Condition
6370,1493,6468,232,342,Good Condition
6371,1493,6469,446,280,Good Condition
6372,1494,6470,318,291,Good Condition
6373,1494,6471,293,229,Good Condition
6374,1494,6472,513,459,Good Condition
6375,1494,6473,535,73,Good Condition
6376,1494,6474,23,261,Good Condition
6377,1495,6475,285,211,Good Condition
6378,1495,6476,54,74,Good Condition
6379,1495,6477,62,143,Packaging Damaged
6380,1496,6478,48,84,Good Condition
6381,1496,6479,515,355,Good Condition
6382,1497,6480,255,403,Good Condition
6383,1497,6481,15,163,Good Condition
6384,1497,6482,210,403,Good Condition
6385,1497,6483,232,110,Good Condition
6386,1497,6484,370,91,Good Condition
6387,1497,6485,249,209,Good Condition
6388,1497,6486,89,81,Good Condition
6389,1498,6487,123,459,Good Condition
6390,1498,6488,366,255,Good Condition
6391,1498,6489,102,250,Good Condition
6392,1498,6490,110,55,Good Condition
6393,1498,6491,308,199,Good Condition
6394,1498,6492,147,81,Good Condition
6395,1498,6493,490,243,Good Condition
6396,1498,6494,285,486,Good Condition
6397,1499,6495,23,33,Good Condition
6398,1499,6496,426,267,Good Condition
6399,1500,6497,395,356,Good Condition
6400,1500,6498,325,483,Good Condition
6401,1500,6499,172,346,Good Condition
6402,1500,6500,273,19,Packaging Damaged
6403,1500,6501,517,379,Dead on Arrival (DOA)
6404,1500,6502,33,470,Good Condition
6405,1500,6503,75,210,Good Condition
6406,1500,6504,189,41,Good Condition
6407,1501,6505,304,223,Good Condition
6408,1501,6506,588,192,Good Condition
6409,1501,6507,359,367,Rejected - Quality Failure
6410,1501,6508,301,473,Rejected - Quality Failure
6411,1501,6509,60,469,Good Condition
6412,1502,6510,176,250,Good Condition
6413,1502,6511,538,366,Dead on Arrival (DOA)
6414,1502,6512,354,90,Good Condition
6415,1503,6513,156,155,Service Accepted
6416,1503,6514,136,449,Service Accepted
6417,1503,6515,378,244,Service Accepted
6418,1503,6516,281,398,Service Accepted
6419,1504,6517,178,308,Packaging Damaged
6420,1504,6518,49,309,Good Condition
6421,1505,6519,474,102,Packaging Damaged
6422,1505,6520,469,197,Good Condition
6423,1505,6521,74,90,Screen Damaged
6424,1505,6522,102,407,Good Condition
6425,1505,6523,167,144,Good Condition
6426,1505,6524,582,433,Good Condition
6427,1505,6525,82,439,Good Condition
6428,1506,6526,577,94,Good Condition
6429,1506,6527,23,219,Good Condition
6430,1506,6528,450,128,Good Condition
6431,1506,6529,570,320,Good Condition
6432,1506,6530,205,449,Good Condition
6433,1507,6531,532,101,Service Incomplete
6434,1507,6532,531,331,Service Accepted
6435,1507,6533,44,283,Good Condition
6436,1507,6534,55,411,Service Accepted
6437,1507,6535,475,259,Service Accepted
6438,1508,6536,281,72,Service Accepted
6439,1508,6537,94,89,Service Accepted
6440,1508,6538,173,52,Service Accepted
6441,1508,6539,231,305,Service Accepted
6442,1508,6540,279,361,Service Accepted
6443,1508,6541,355,432,Service Disputed
6444,1508,6542,289,489,Service Accepted
6445,1509,6543,240,126,Good Condition
6446,1509,6544,314,462,Good Condition
6447,1509,6545,38,260,Good Condition
6448,1510,6546,126,344,Good Condition
6449,1510,6547,89,470,Good Condition
6450,1510,6548,48,287,Good Condition
6451,1511,6549,110,23,Good Condition
6452,1511,6550,273,31,Good Condition
6453,1511,6551,75,284,Good Condition
6454,1511,6552,82,431,Good Condition
6455,1511,6553,254,288,Good Condition
6456,1511,6554,187,370,Good Condition
6457,1511,6555,505,345,Good Condition
6458,1511,6556,571,274,Good Condition
6459,1512,6557,49,157,Good Condition
6460,1512,6558,146,132,Good Condition
6461,1512,6559,123,158,Good Condition
6462,1512,6560,349,49,Dead on Arrival (DOA)
6463,1512,6561,159,320,Good Condition
6464,1512,6562,374,141,Good Condition
6465,1513,6563,550,358,Good Condition
6466,1513,6564,71,298,Good Condition
6467,1513,6565,483,225,Good Condition
6468,1513,6566,16,164,Good Condition
6469,1514,6567,240,118,Good Condition
6470,1514,6568,330,462,Good Condition
6471,1514,6569,569,157,Good Condition
6472,1514,6570,147,273,Good Condition
6473,1515,6571,206,33,Good Condition
6474,1515,6572,535,179,Wrong Item Sent
6475,1515,6573,560,281,Packaging Damaged
6476,1516,6574,345,11,Good Condition
6477,1516,6575,304,270,Good Condition
6478,1517,6576,81,82,Good Condition
6479,1517,6577,287,170,Good Condition
6480,1517,6578,48,28,Good Condition
6481,1517,6579,102,202,Good Condition
6482,1517,6580,582,464,Good Condition
6483,1518,6581,551,228,Good Condition
6484,1518,6582,22,387,Good Condition
6485,1518,6583,589,106,Good Condition
6486,1518,6584,490,185,Good Condition
6487,1518,6585,87,384,Good Condition
6488,1519,6586,70,72,Good Condition
6489,1519,6587,111,150,Good Condition
6490,1519,6588,264,36,Good Condition
6491,1520,6593,335,292,Good Condition
6492,1520,6594,571,363,Good Condition
6493,1520,6595,577,460,Good Condition
6494,1520,6596,103,500,Good Condition
6495,1520,6597,568,447,Good Condition
6496,1520,6598,205,220,Good Condition
6497,1520,6599,84,307,Good Condition
6498,1521,6600,211,174,Dead on Arrival (DOA)
6499,1521,6601,153,414,Screen Damaged
6500,1521,6602,510,319,Good Condition
6501,1521,6603,102,200,Good Condition
6502,1522,6604,74,357,Good Condition
6503,1522,6605,91,462,Good Condition
6504,1522,6606,47,496,Good Condition
6505,1522,6607,407,146,Good Condition
6506,1522,6608,321,131,Good Condition
6507,1523,6609,57,115,Good Condition
6508,1523,6610,243,192,Good Condition
6509,1523,6611,13,103,Good Condition
6510,1523,6612,360,130,Good Condition
6511,1523,6613,439,399,Wrong Item Sent
6512,1523,6614,572,421,Good Condition
6513,1523,6615,600,435,Good Condition
6514,1524,6616,175,249,Good Condition
6515,1524,6617,54,471,Good Condition
6516,1524,6618,541,367,Good Condition
6517,1524,6619,450,300,Good Condition
6518,1524,6620,240,264,Good Condition
6519,1525,6621,375,324,Good Condition
6520,1525,6622,56,38,Good Condition
6521,1525,6623,433,180,Good Condition
6522,1525,6624,275,363,Good Condition
6523,1525,6625,188,179,Good Condition
6524,1526,6626,313,350,Service Accepted
6525,1527,6627,515,388,Good Condition
6526,1527,6628,122,259,Rejected - Quality Failure
6527,1527,6629,111,247,Good Condition
6528,1527,6630,471,79,Rejected - Quality Failure
6529,1527,6631,499,156,Good Condition
6530,1527,6632,541,76,Good Condition
6531,1528,6633,413,131,Good Condition
6532,1528,6634,551,208,Good Condition
6533,1528,6635,82,32,Good Condition
6534,1528,6636,510,355,Good Condition
6535,1528,6637,444,40,Good Condition
6536,1528,6638,192,194,Good Condition
6537,1529,6639,392,305,Good Condition
6538,1529,6640,227,221,Good Condition
6539,1530,6641,91,384,Good Condition
6540,1531,6642,556,79,Good Condition
6541,1531,6643,497,120,Screen Damaged
6542,1531,6644,115,328,Good Condition
6543,1531,6645,147,465,Good Condition
6544,1532,6646,129,177,Good Condition
6545,1532,6647,202,139,Good Condition
6546,1533,6648,293,49,Good Condition
6547,1533,6649,15,298,Good Condition
6548,1533,6650,165,411,Good Condition
6549,1533,6651,319,238,Good Condition
6550,1533,6652,462,331,Good Condition
6551,1533,6653,445,471,Good Condition
6552,1534,6654,196,218,Good Condition
6553,1534,6655,203,156,Good Condition
6554,1534,6656,345,177,Good Condition
6555,1534,6657,306,377,Good Condition
6556,1535,6658,503,240,Service Accepted
6557,1535,6659,465,204,Service Incomplete
6558,1535,6660,68,383,Service Accepted
6559,1535,6661,37,142,Service Accepted
6560,1535,6662,351,34,Service Incomplete
6561,1535,6663,94,309,Service Accepted
6562,1536,6664,326,182,Service Disputed
6563,1536,6665,296,443,Service Accepted
6564,1536,6666,133,359,Service Accepted
6565,1536,6667,72,32,Service Accepted
6566,1536,6668,573,104,Service Accepted
6567,1537,6669,596,52,Good Condition
6568,1537,6670,571,203,Good Condition
6569,1537,6671,542,301,Good Condition
6570,1537,6672,568,155,Good Condition
6571,1537,6673,335,369,Good Condition
6572,1537,6674,103,75,Good Condition
6573,1538,6675,236,248,Good Condition
6574,1538,6676,577,21,Good Condition
6575,1538,6677,407,68,Good Condition
6576,1538,6678,222,110,Good Condition
6577,1538,6679,472,324,Good Condition
6578,1538,6680,543,421,Wrong Item Sent
6579,1539,6681,578,326,Good Condition
6580,1539,6682,442,289,Good Condition
6581,1539,6683,570,230,Good Condition
6582,1539,6684,205,216,Good Condition
6583,1539,6685,582,100,Good Condition
6584,1539,6686,175,484,Good Condition
6585,1539,6687,194,76,Good Condition
6586,1540,6688,71,242,Good Condition
6587,1540,6689,363,138,Good Condition
6588,1540,6690,551,87,Good Condition
6589,1540,6691,264,321,Good Condition
6590,1540,6692,54,172,Good Condition
6591,1540,6693,335,125,Good Condition
6592,1540,6694,13,383,Good Condition
6593,1541,6695,231,228,Service Accepted
6594,1541,6696,279,414,Service Accepted
6595,1542,6697,210,312,Good Condition
6596,1542,6698,80,122,Good Condition
6597,1542,6699,167,472,Good Condition
6598,1543,6700,493,164,Good Condition
6599,1543,6701,243,55,Good Condition
6600,1543,6702,481,145,Good Condition
6601,1544,6703,410,216,Good Condition
6602,1544,6704,176,84,Good Condition
6603,1545,6705,490,192,Good Condition
6604,1545,6706,480,206,Good Condition
6605,1545,6707,530,103,Good Condition
6606,1545,6708,543,184,Good Condition
6607,1545,6709,318,470,Good Condition
6608,1545,6710,146,479,Good Condition
6609,1546,6716,74,130,Good Condition
6610,1546,6717,91,496,Good Condition
6611,1546,6718,47,58,Good Condition
6612,1546,6719,407,18,Good Condition
6613,1546,6720,372,88,Good Condition
6614,1546,6721,505,114,Good Condition
6615,1546,6722,321,351,Good Condition
6616,1547,6723,53,288,Good Condition
6617,1547,6724,25,261,Good Condition
6618,1548,6725,578,344,Good Condition
6619,1548,6726,456,74,Good Condition
6620,1548,6727,396,134,Good Condition
6621,1548,6728,551,261,Good Condition
6622,1548,6729,119,152,Good Condition
6623,1548,6730,565,463,Good Condition
6624,1549,6731,102,101,Good Condition
6625,1549,6732,392,341,Good Condition
6626,1549,6733,153,365,Good Condition
6627,1549,6734,23,325,Good Condition
6628,1550,6735,59,118,Good Condition
6629,1550,6736,404,296,Good Condition
6630,1551,6737,302,177,Service Accepted
6631,1551,6738,90,41,Good Condition
6632,1551,6739,382,298,Good Condition
6633,1551,6740,100,329,Good Condition
6634,1551,6741,6,110,Service Accepted
6635,1552,6742,498,256,Service Accepted
6636,1552,6743,451,359,Service Accepted
6637,1553,6744,232,495,Good Condition
6638,1553,6745,471,182,Good Condition
6639,1553,6746,82,60,Good Condition
6640,1553,6747,444,50,Good Condition
6641,1553,6748,551,183,Good Condition
6642,1553,6749,582,288,Good Condition
6643,1553,6750,134,131,Good Condition
6644,1554,6751,72,135,Service Accepted
6645,1554,6752,326,218,Service Accepted
6646,1554,6753,554,244,Service Incomplete
6647,1554,6754,274,444,Service Accepted
6648,1555,6755,109,262,Good Condition
6649,1555,6756,77,157,Good Condition
6650,1555,6757,553,14,Good Condition
6651,1556,6758,304,282,Good Condition
6652,1556,6759,359,435,Good Condition
6653,1556,6760,474,284,Good Condition
6654,1556,6761,77,158,Good Condition
6655,1556,6762,244,16,Good Condition
6656,1556,6763,170,173,Good Condition
6657,1557,6764,249,367,Good Condition
6658,1557,6765,102,284,Good Condition
6659,1557,6766,48,45,Good Condition
6660,1558,6767,499,91,Good Condition
6661,1558,6768,111,336,Good Condition
6662,1558,6769,515,397,Good Condition
6663,1558,6770,165,121,Rejected - Quality Failure
6664,1558,6771,122,240,Good Condition
6665,1558,6772,541,340,Good Condition
6666,1559,6773,431,66,Good Condition
6667,1559,6774,31,199,Good Condition
6668,1559,6775,101,359,Service Accepted
6669,1559,6776,51,254,Service Accepted
6670,1560,6777,117,470,Good Condition
6671,1560,6778,275,211,Good Condition
6672,1560,6779,300,293,Minor Defect - Accepted
6673,1560,6780,62,310,Good Condition
6674,1560,6781,110,274,Good Condition
6675,1560,6782,202,369,Good Condition
6676,1560,6783,572,421,Good Condition
6677,1561,6784,462,160,Good Condition
6678,1561,6785,202,109,Rejected - Quality Failure
6679,1561,6786,393,300,Good Condition
6680,1561,6787,262,158,Rejected - Quality Failure
6681,1562,6788,220,53,Service Accepted
6682,1562,6789,467,439,Service Accepted
6683,1562,6790,241,86,Service Accepted
6684,1562,6791,199,272,Service Accepted
6685,1562,6792,276,411,Service Incomplete
6686,1563,6793,486,37,Good Condition
6687,1563,6794,283,211,Good Condition
6688,1564,6795,62,433,Good Condition
6689,1564,6796,251,478,Good Condition
6690,1564,6797,54,123,Good Condition
6691,1564,6798,285,273,Packaging Damaged
6692,1565,6799,430,167,Service Accepted
6693,1566,6800,113,494,Good Condition
6694,1566,6801,259,157,Good Condition
6695,1566,6802,146,357,Good Condition
6696,1566,6803,335,220,Good Condition
6697,1567,6804,131,212,Service Accepted
6698,1567,6805,367,272,Service Accepted
6699,1567,6806,451,145,Service Accepted
6700,1567,6807,498,412,Service Accepted
6701,1568,6808,200,387,Service Accepted
6702,1568,6809,451,338,Service Accepted
6703,1569,6810,541,401,Good Condition
6704,1569,6811,87,81,Good Condition
6705,1569,6812,146,478,Good Condition
6706,1570,6813,160,346,Good Condition
6707,1570,6814,26,275,Good Condition
6708,1570,6815,141,282,Good Condition
6709,1570,6816,21,132,Good Condition
6710,1571,6817,330,348,Good Condition
6711,1571,6818,210,103,Good Condition
6712,1571,6819,165,409,Good Condition
6713,1571,6820,450,56,Good Condition
6714,1571,6821,103,131,Good Condition
6715,1572,6822,359,165,Good Condition
6716,1573,6823,513,205,Good Condition
6717,1573,6824,153,480,Good Condition
6718,1573,6825,13,172,Good Condition
6719,1573,6826,259,188,Good Condition
6720,1573,6827,238,423,Good Condition
6721,1574,6828,39,330,Service Accepted
6722,1574,6829,540,461,Service Accepted
6723,1574,6830,518,451,Service Accepted
6724,1574,6831,378,284,Service Accepted
6725,1574,6832,361,444,Service Accepted
6726,1574,6833,473,395,Service Accepted
6727,1575,6834,28,438,Good Condition
6728,1575,6835,469,464,Good Condition
6729,1575,6836,471,322,Good Condition
6730,1575,6837,251,232,Good Condition
6731,1575,6838,509,262,Good Condition
6732,1576,6839,290,177,Good Condition
6733,1576,6840,330,385,Good Condition
6734,1577,6841,41,307,Good Condition
6735,1577,6842,222,313,Good Condition
6736,1578,6843,249,130,Good Condition
6737,1578,6844,359,335,Good Condition
6738,1578,6845,43,61,Good Condition
6739,1579,6846,488,360,Good Condition
6740,1580,6847,243,467,Good Condition
6741,1580,6848,456,393,Good Condition
6742,1580,6849,493,31,Good Condition
6743,1580,6850,176,239,Good Condition
6744,1581,6851,185,308,Good Condition
6745,1582,6852,512,100,Good Condition
6746,1582,6853,519,312,Good Condition
6747,1582,6854,71,210,Good Condition
6748,1582,6855,275,89,Good Condition
6749,1582,6856,553,303,Good Condition
6750,1582,6857,43,447,Good Condition
6751,1582,6858,170,422,Good Condition
6752,1583,6859,439,434,Good Condition
6753,1583,6860,524,368,Good Condition
6754,1584,6861,236,32,Good Condition
6755,1584,6862,308,449,Good Condition
6756,1584,6863,222,332,Good Condition
6757,1585,6864,185,153,Good Condition
6758,1585,6865,230,328,Good Condition
6759,1585,6866,71,78,Good Condition
6760,1585,6867,260,73,Good Condition
6761,1585,6868,486,43,Good Condition
6762,1585,6869,12,131,Good Condition
6763,1586,6870,19,89,Service Accepted
6764,1586,6871,173,62,Service Accepted
6765,1586,6872,452,224,Service Accepted
6766,1586,6873,241,381,Service Accepted
6767,1587,6874,30,367,Good Condition
6768,1587,6875,392,337,Good Condition
6769,1587,6876,53,64,Good Condition
6770,1587,6877,182,486,Good Condition
6771,1587,6878,69,90,Good Condition
6772,1588,6879,141,100,Good Condition
6773,1588,6880,26,487,Good Condition
6774,1588,6881,21,404,Good Condition
6775,1588,6882,194,401,Good Condition
6776,1588,6883,62,282,Good Condition
6777,1588,6884,565,300,Good Condition
6778,1589,6885,25,379,Good Condition
6779,1590,6886,489,236,Minor Defect - Accepted
6780,1590,6887,287,265,Good Condition
6781,1590,6888,170,421,Dead on Arrival (DOA)
6782,1591,6889,111,372,Good Condition
6783,1591,6890,122,458,Good Condition
6784,1592,6891,596,325,Good Condition
6785,1593,6892,375,453,Packaging Damaged
6786,1593,6893,255,444,Packaging Damaged
6787,1593,6894,230,13,Good Condition
6788,1593,6895,462,419,Good Condition
6789,1593,6896,354,89,Good Condition
6790,1594,6901,141,174,Good Condition
6791,1594,6902,406,355,Good Condition
6792,1594,6903,548,375,Good Condition
6793,1594,6904,306,332,Good Condition
6794,1594,6905,308,263,Good Condition
6795,1594,6906,160,318,Good Condition
6796,1594,6907,176,207,Good Condition
6797,1595,6908,132,301,Service Accepted
6798,1595,6909,294,219,Service Incomplete
6799,1595,6910,561,167,Service Accepted
6800,1595,6911,351,453,Service Accepted
6801,1595,6912,342,289,Service Accepted
6802,1596,6913,528,80,Good Condition
6803,1597,6914,375,175,Good Condition
6804,1597,6915,275,264,Good Condition
6805,1597,6916,566,130,Good Condition
6806,1597,6917,56,185,Good Condition
6807,1598,6918,422,87,Good Condition
6808,1598,6919,568,10,Good Condition
6809,1598,6920,238,44,Good Condition
6810,1598,6921,215,466,Good Condition
6811,1598,6922,69,346,Good Condition
6812,1598,6923,424,499,Good Condition
6813,1598,6924,476,116,Good Condition
6814,1599,6925,283,250,Good Condition
6815,1599,6926,69,480,Good Condition
6816,1599,6927,568,472,Good Condition
6817,1599,6928,172,471,Minor Defect - Accepted
6818,1599,6929,370,435,Good Condition
6819,1600,6930,291,170,Good Condition
6820,1600,6931,165,232,Good Condition
6821,1600,6932,242,98,Good Condition
6822,1600,6933,141,315,Good Condition
6823,1600,6934,391,189,Good Condition
6824,1600,6935,293,29,Good Condition
6825,1600,6936,175,489,Good Condition
6826,1601,6937,393,68,Good Condition
6827,1601,6938,23,77,Good Condition
6828,1601,6939,197,361,Good Condition
6829,1601,6940,366,483,Good Condition
6830,1602,6941,567,258,Good Condition
6831,1602,6942,368,429,Good Condition
6832,1602,6943,324,290,Good Condition
6833,1602,6944,301,396,Good Condition
6834,1602,6945,122,359,Good Condition
6835,1603,6946,408,454,Good Condition
6836,1603,6947,122,34,Good Condition
6837,1603,6948,22,186,Good Condition
6838,1603,6949,87,134,Good Condition
6839,1603,6950,172,166,Good Condition
6840,1603,6951,589,267,Good Condition
6841,1603,6952,490,63,Good Condition
6842,1604,6953,591,199,Good Condition
6843,1604,6954,578,380,Good Condition
6844,1604,6955,593,81,Good Condition
6845,1604,6956,293,391,Packaging Damaged
6846,1604,6957,227,401,Good Condition
6847,1605,6958,95,110,Service Accepted
6848,1605,6959,342,348,Service Accepted
6849,1606,6960,306,21,Good Condition
6850,1606,6961,255,485,Good Condition
6851,1606,6962,570,258,Good Condition
6852,1607,6963,548,295,Good Condition
6853,1607,6964,460,30,Good Condition
6854,1607,6965,175,61,Good Condition
6855,1607,6966,102,376,Good Condition
6856,1607,6967,28,248,Dead on Arrival (DOA)
6857,1607,6968,319,214,Good Condition
6858,1607,6969,577,81,Good Condition
6859,1607,6970,409,396,Good Condition
6860,1608,6971,486,304,Good Condition
6861,1609,6972,281,136,Service Accepted
6862,1609,6973,133,277,Service Accepted
6863,1609,6974,482,371,Service Accepted
6864,1609,6975,142,399,Service Accepted
6865,1609,6976,148,445,Service Accepted
6866,1609,6977,94,135,Service Accepted
6867,1609,6978,478,278,Service Accepted
6868,1609,6979,37,325,Service Accepted
6869,1610,6980,577,193,Good Condition
6870,1610,6981,572,57,Good Condition
6871,1610,6982,57,413,Good Condition
6872,1610,6983,591,458,Good Condition
6873,1610,6984,472,214,Good Condition
6874,1610,6985,222,456,Good Condition
6875,1610,6986,543,92,Packaging Damaged
6876,1611,6987,146,231,Packaging Damaged
6877,1611,6988,335,201,Good Condition
6878,1612,6989,319,18,Good Condition
6879,1612,6990,446,283,Good Condition
6880,1612,6991,170,45,Good Condition
6881,1612,6992,374,198,Good Condition
6882,1612,6993,54,279,Good Condition
6883,1613,6994,462,25,Good Condition
6884,1613,6995,235,333,Good Condition
6885,1614,6996,70,408,Good Condition
6886,1614,6997,371,24,Good Condition
6887,1614,6998,146,13,Good Condition
6888,1614,6999,418,172,Good Condition
6889,1614,7000,541,263,Good Condition
6890,1614,7001,489,176,Good Condition
6891,1614,7002,413,18,Good Condition
6892,1615,7003,471,105,Good Condition
6893,1615,7004,324,394,Good Condition
6894,1615,7005,541,500,Good Condition
6895,1615,7006,102,169,Good Condition
6896,1616,7007,165,407,Good Condition
6897,1616,7008,424,219,Good Condition
6898,1616,7009,512,386,Good Condition
6899,1616,7010,62,216,Good Condition
6900,1616,7011,570,247,Good Condition
6901,1616,7012,301,341,Good Condition
6902,1616,7013,368,99,Good Condition
6903,1617,7014,410,251,Good Condition
6904,1617,7015,400,397,Good Condition
6905,1617,7016,462,154,Good Condition
6906,1617,7017,115,384,Good Condition
6907,1617,7018,70,345,Good Condition
6908,1618,7019,4,216,Good Condition
6909,1618,7020,422,77,Dead on Arrival (DOA)
6910,1618,7021,92,262,Good Condition
6911,1618,7022,441,295,Good Condition
6912,1618,7023,370,281,Good Condition
6913,1618,7024,287,13,Good Condition
6914,1618,7025,283,364,Good Condition
6915,1619,7026,358,114,Service Accepted
6916,1619,7027,452,477,Service Accepted
6917,1619,7028,302,152,Service Accepted
6918,1620,7029,439,337,Good Condition
6919,1620,7030,16,367,Good Condition
6920,1620,7031,251,84,Good Condition
6921,1620,7032,491,346,Good Condition
6922,1620,7033,71,99,Good Condition
6923,1620,7034,483,427,Good Condition
6924,1620,7035,424,393,Good Condition
6925,1620,7036,469,92,Good Condition
6926,1621,7037,273,440,Good Condition
6927,1621,7038,446,311,Good Condition
6928,1621,7039,377,374,Good Condition
6929,1621,7040,562,108,Good Condition
6930,1622,7041,426,302,Good Condition
6931,1622,7042,395,197,Good Condition
6932,1622,7043,23,145,Good Condition
6933,1622,7044,553,196,Good Condition
6934,1622,7045,109,227,Good Condition
6935,1622,7046,567,260,Good Condition
6936,1623,7047,547,303,Good Condition
6937,1624,7048,197,361,Good Condition
6938,1624,7049,16,428,Good Condition
6939,1624,7050,117,186,Good Condition
6940,1624,7051,370,29,Good Condition
6941,1624,7052,416,231,Packaging Damaged
6942,1624,7053,240,371,Good Condition
6943,1624,7054,538,136,Good Condition
6944,1625,7055,433,339,Good Condition
6945,1625,7056,300,423,Good Condition
6946,1625,7057,23,366,Good Condition
6947,1625,7058,556,377,Good Condition
6948,1625,7059,483,342,Good Condition
6949,1625,7060,392,184,Good Condition
6950,1626,7061,71,474,Good Condition
6951,1627,7062,393,496,Good Condition
6952,1627,7063,262,29,Good Condition
6953,1627,7064,462,233,Good Condition
6954,1627,7065,480,341,Good Condition
6955,1627,7066,558,444,Rejected - Quality Failure
6956,1627,7067,391,274,Good Condition
6957,1628,7068,190,313,Service Accepted
6958,1628,7069,545,308,Service Accepted
6959,1628,7070,414,117,Service Accepted
6960,1629,7071,393,361,Good Condition
6961,1629,7072,80,228,Good Condition
6962,1629,7073,43,219,Good Condition
6963,1629,7074,371,151,Good Condition
6964,1629,7075,251,250,Good Condition
6965,1630,7076,556,37,Good Condition
6966,1630,7077,141,81,Good Condition
6967,1630,7078,406,414,Good Condition
6968,1630,7079,481,108,Good Condition
6969,1630,7080,317,154,Good Condition
6970,1630,7081,308,323,Good Condition
6971,1630,7082,560,479,Good Condition
6972,1631,7083,500,183,Good Condition
6973,1631,7084,315,419,Good Condition
6974,1632,7085,556,327,Good Condition
6975,1632,7086,115,10,Good Condition
6976,1632,7087,25,91,Good Condition
6977,1632,7088,147,236,Good Condition
6978,1633,7089,51,27,Service Accepted
6979,1633,7090,233,285,Service Accepted
6980,1633,7091,220,289,Service Accepted
6981,1634,7092,378,344,Service Accepted
6982,1634,7093,248,244,Service Accepted
6983,1634,7094,94,471,Service Accepted
6984,1634,7095,430,374,Service Accepted
6985,1634,7096,482,371,Service Accepted
6986,1634,7097,199,39,Service Incomplete
6987,1635,7098,370,254,Good Condition
6988,1635,7099,438,159,Packaging Damaged
6989,1636,7100,391,244,Good Condition
6990,1636,7101,165,434,Good Condition
6991,1636,7102,141,237,Good Condition
6992,1636,7103,597,227,Good Condition
6993,1637,7104,25,59,Good Condition
6994,1637,7105,81,156,Good Condition
6995,1637,7106,570,299,Good Condition
6996,1637,7107,424,303,Good Condition
6997,1637,7108,486,427,Good Condition
6998,1638,7109,598,273,Good Condition
6999,1638,7110,600,476,Good Condition
7000,1639,7111,119,293,Good Condition
7001,1639,7112,109,465,Good Condition
7002,1639,7113,569,107,Good Condition
7003,1639,7114,8,344,Good Condition
7004,1639,7115,78,455,Good Condition
7005,1639,7116,426,369,Good Condition
7006,1639,7117,314,163,Good Condition
7007,1639,7118,41,356,Good Condition
7008,1640,7119,179,304,Good Condition
7009,1640,7120,449,314,Good Condition
7010,1640,7121,433,340,Good Condition
7011,1641,7122,562,178,Good Condition
7012,1642,7123,211,74,Good Condition
7013,1642,7124,227,208,Good Condition
7014,1642,7125,591,394,Good Condition
7015,1642,7126,391,474,Good Condition
7016,1642,7127,242,384,Good Condition
7017,1643,7128,456,132,Good Condition
7018,1643,7129,129,424,Good Condition
7019,1643,7130,562,416,Good Condition
7020,1644,7131,407,432,Good Condition
7021,1644,7132,534,287,Good Condition
7022,1645,7133,251,35,Good Condition
7023,1645,7134,179,267,Good Condition
7024,1645,7135,108,213,Good Condition
7025,1645,7136,235,70,Good Condition
7026,1646,7137,274,347,Service Accepted
7027,1646,7138,501,382,Service Accepted
7028,1646,7139,326,311,Service Accepted
7029,1646,7140,72,435,Service Accepted
7030,1646,7141,554,91,Service Accepted
7031,1646,7142,540,150,Service Accepted
7032,1647,7143,167,27,Good Condition
7033,1647,7144,449,401,Good Condition
7034,1647,7145,59,198,Good Condition
7035,1647,7146,23,96,Good Condition
7036,1647,7147,87,318,Good Condition
7037,1647,7148,597,113,Good Condition
7038,1648,7149,111,143,Good Condition
7039,1648,7150,515,100,Rejected - Quality Failure
7040,1648,7151,165,134,Good Condition
7041,1648,7152,187,363,Rejected - Quality Failure
7042,1649,7153,508,190,Good Condition
7043,1649,7154,236,315,Good Condition
7044,1650,7155,74,75,Good Condition
7045,1651,7156,4,305,Good Condition
7046,1651,7157,176,267,Good Condition
7047,1651,7158,439,47,Good Condition
7048,1651,7159,211,376,Good Condition
7049,1651,7160,259,391,Good Condition
7050,1651,7161,449,88,Good Condition
7051,1652,7162,281,24,Service Accepted
7052,1652,7163,452,115,Service Accepted
7053,1652,7164,361,295,Service Accepted
7054,1652,7165,540,389,Service Accepted
7055,1652,7166,378,315,Service Accepted
7056,1652,7167,482,154,Service Accepted
7057,1652,7168,142,304,Service Accepted
7058,1653,7169,197,217,Good Condition
7059,1653,7170,567,358,Good Condition
7060,1653,7171,354,130,Good Condition
7061,1653,7172,509,34,Good Condition
7062,1654,7173,489,337,Good Condition
7063,1654,7174,119,49,Wrong Item Sent
7064,1654,7175,588,425,Good Condition
7065,1654,7176,519,60,Good Condition
7066,1654,7177,53,354,Good Condition
7067,1654,7178,372,85,Good Condition
7068,1654,7179,497,434,Good Condition
7069,1655,7180,29,292,Good Condition
7070,1655,7181,48,166,Good Condition
7071,1655,7182,179,267,Good Condition
7072,1655,7183,123,399,Good Condition
7073,1655,7184,314,91,Good Condition
7074,1656,7185,469,402,Good Condition
7075,1656,7186,409,458,Good Condition
7076,1656,7187,43,263,Good Condition
7077,1656,7188,175,382,Good Condition
7078,1656,7189,446,67,Good Condition
7079,1656,7190,319,277,Good Condition
7080,1656,7191,548,263,Good Condition
7081,1656,7192,598,30,Good Condition
7082,1657,7193,231,240,Service Accepted
7083,1657,7194,274,73,Service Accepted
7084,1657,7195,55,372,Service Accepted
7085,1657,7196,529,128,Service Accepted
7086,1657,7197,27,305,Service Accepted
7087,1657,7198,85,454,Service Accepted
7088,1657,7199,72,252,Service Accepted
7089,1658,7200,542,234,Good Condition
7090,1658,7201,103,127,Good Condition
7091,1658,7202,84,108,Good Condition
7092,1659,7203,289,338,Service Accepted
7093,1659,7204,241,190,Service Accepted
7094,1659,7205,199,498,Service Accepted
7095,1659,7206,220,283,Service Accepted
7096,1659,7207,498,479,Service Accepted
7097,1659,7208,276,64,Service Accepted
7098,1660,7209,306,477,Good Condition
7099,1660,7210,203,267,Good Condition
7100,1660,7211,493,161,Good Condition
7101,1660,7212,38,327,Good Condition
7102,1660,7213,345,304,Good Condition
7103,1660,7214,524,441,Good Condition
7104,1660,7215,393,176,Good Condition
7105,1661,7216,317,218,Good Condition
7106,1661,7217,579,417,Good Condition
7107,1661,7218,275,358,Good Condition
7108,1661,7219,374,150,Good Condition
7109,1662,7220,319,311,Good Condition
7110,1662,7221,426,19,Good Condition
7111,1662,7222,519,440,Good Condition
7112,1662,7223,580,277,Good Condition
7113,1663,7224,524,459,Good Condition
7114,1663,7225,165,499,Good Condition
7115,1663,7226,517,368,Good Condition
7116,1663,7227,446,39,Good Condition
7117,1663,7228,510,195,Good Condition
7118,1663,7229,591,269,Good Condition
7119,1663,7230,16,201,Good Condition
7120,1664,7231,588,227,Packaging Damaged
7121,1664,7232,54,355,Wrong Item Sent
7122,1664,7233,153,408,Good Condition
7123,1664,7234,425,442,Good Condition
7124,1665,7235,560,359,Good Condition
7125,1666,7236,160,102,Good Condition
7126,1667,7237,441,216,Good Condition
7127,1667,7238,82,192,Good Condition
7128,1667,7239,167,342,Good Condition
7129,1668,7240,148,161,Service Accepted
7130,1668,7241,482,31,Service Incomplete
7131,1668,7242,133,95,Service Accepted
7132,1668,7243,281,58,Service Accepted
7133,1668,7244,248,48,Service Accepted
7134,1668,7245,68,21,Service Accepted
7135,1668,7246,361,32,Service Accepted
7136,1669,7247,19,103,Service Accepted
7137,1669,7248,258,241,Service Accepted
7138,1669,7249,95,130,Service Accepted
7139,1669,7250,475,415,Service Accepted
7140,1669,7251,173,388,Service Accepted
7141,1669,7252,241,167,Service Accepted
7142,1670,7253,358,47,Service Accepted
7143,1671,7254,485,227,Service Accepted
7144,1671,7255,405,94,Service Accepted
7145,1671,7256,437,432,Service Accepted
7146,1671,7257,351,176,Service Accepted
7147,1671,7258,37,101,Service Accepted
7148,1671,7259,199,100,Service Accepted
7149,1671,7260,204,108,Service Accepted
7150,1672,7261,578,138,Screen Damaged
7151,1672,7262,565,54,Good Condition
7152,1672,7263,551,240,Good Condition
7153,1672,7264,493,269,Good Condition
7154,1673,7265,491,365,Good Condition
7155,1673,7266,505,225,Good Condition
7156,1673,7267,48,95,Good Condition
7157,1673,7268,15,471,Good Condition
7158,1673,7269,185,500,Good Condition
7159,1674,7270,558,230,Good Condition
7160,1674,7271,391,47,Good Condition
7161,1674,7272,462,332,Good Condition
7162,1675,7273,21,500,Good Condition
7163,1676,7274,503,421,Service Accepted
7164,1676,7275,351,365,Service Accepted
7165,1676,7276,437,309,Service Accepted
7166,1676,7277,342,79,Service Accepted
7167,1677,7278,276,104,Service Accepted
7168,1677,7279,199,143,Service Accepted
7169,1677,7280,241,34,Service Accepted
7170,1678,7281,551,169,Good Condition
7171,1678,7282,89,347,Dead on Arrival (DOA)
7172,1679,7283,560,425,Good Condition
7173,1679,7284,240,167,Good Condition
7174,1679,7285,179,380,Good Condition
7175,1679,7286,4,192,Good Condition
7176,1679,7287,432,452,Good Condition
7177,1679,7288,222,174,Good Condition
7178,1680,7289,455,396,Good Condition
7179,1680,7290,203,333,Good Condition
7180,1680,7291,538,146,Good Condition
7181,1680,7292,345,458,Good Condition
7182,1680,7293,568,266,Good Condition
7183,1681,7294,330,224,Dead on Arrival (DOA)
7184,1681,7295,562,329,Good Condition
7185,1682,7296,483,241,Good Condition
7186,1682,7297,264,120,Good Condition
7187,1682,7298,556,277,Good Condition
7188,1682,7299,308,248,Good Condition
7189,1683,7303,558,250,Good Condition
7190,1683,7304,300,55,Good Condition
7191,1683,7305,568,25,Good Condition
7192,1683,7306,50,423,Good Condition
7193,1683,7307,476,206,Good Condition
7194,1684,7308,153,336,Good Condition
7195,1684,7309,455,260,Good Condition
7196,1684,7310,243,290,Good Condition
7197,1684,7311,562,450,Good Condition
7198,1684,7312,129,280,Good Condition
7199,1684,7313,330,444,Good Condition
7200,1685,7314,54,200,Good Condition
7201,1685,7315,251,486,Good Condition
7202,1685,7316,515,243,Good Condition
7203,1685,7317,285,435,Good Condition
7204,1686,7318,159,253,Good Condition
7205,1686,7319,409,77,Good Condition
7206,1686,7320,201,306,Good Condition
7207,1686,7321,579,181,Packaging Damaged
7208,1687,7322,548,295,Good Condition
7209,1687,7323,308,324,Good Condition
7210,1687,7324,556,464,Good Condition
7211,1687,7325,317,439,Good Condition
7212,1688,7326,347,383,Service Accepted
7213,1688,7327,531,95,Service Accepted
7214,1688,7328,190,231,Service Accepted
7215,1688,7329,36,397,Service Accepted
7216,1688,7330,233,171,Service Accepted
7217,1689,7331,131,267,Service Accepted
7218,1689,7332,200,338,Service Accepted
7219,1689,7333,367,209,Service Accepted
7220,1689,7334,498,436,Service Accepted
7221,1689,7335,451,18,Service Accepted
7222,1690,7336,97,71,Service Incomplete
7223,1690,7337,183,421,Service Accepted
7224,1690,7338,295,263,Service Accepted
7225,1691,7339,74,490,Good Condition
7226,1691,7340,481,353,Good Condition
7227,1691,7341,91,237,Good Condition
7228,1691,7342,321,220,Good Condition
7229,1692,7343,326,339,Service Accepted
7230,1692,7344,532,12,Service Accepted
7231,1692,7345,487,321,Service Accepted
7232,1692,7346,114,192,Service Incomplete
7233,1692,7347,453,314,Service Accepted
7234,1693,7348,25,252,Good Condition
7235,1694,7349,172,92,Packaging Damaged
7236,1694,7350,110,206,Good Condition
7237,1694,7351,433,394,Good Condition
7238,1694,7352,189,249,Good Condition
7239,1694,7353,375,197,Good Condition
7240,1695,7354,525,485,Good Condition
7241,1696,7355,505,69,Good Condition
7242,1696,7356,192,232,Good Condition
7243,1696,7357,521,202,Good Condition
7244,1696,7358,318,299,Good Condition
7245,1697,7359,222,268,Good Condition
7246,1697,7360,33,207,Good Condition
7247,1697,7361,512,179,Good Condition
7248,1697,7362,551,143,Good Condition
7249,1697,7363,255,200,Good Condition
7250,1697,7364,317,131,Good Condition
7251,1698,7365,286,114,Good Condition
7252,1698,7366,332,219,Good Condition
7253,1698,7367,39,451,Service Accepted
7254,1699,7368,248,248,Service Accepted
7255,1699,7369,55,160,Service Accepted
7256,1699,7370,27,303,Service Accepted
7257,1700,7371,342,137,Service Accepted
7258,1700,7372,132,113,Service Accepted
7259,1701,7373,290,223,Good Condition
7260,1701,7374,103,403,Good Condition
7261,1701,7375,242,129,Good Condition
7262,1701,7376,569,405,Good Condition
7263,1701,7377,330,370,Good Condition
7264,1701,7378,110,14,Good Condition
7265,1701,7379,147,182,Good Condition
7266,1702,7380,211,49,Good Condition
7267,1702,7381,275,368,Good Condition
7268,1702,7382,13,267,Good Condition
7269,1702,7383,474,38,Good Condition
7270,1702,7384,153,50,Good Condition
7271,1702,7385,238,440,Good Condition
7272,1703,7386,568,263,Good Condition
7273,1703,7387,78,49,Good Condition
7274,1703,7388,360,180,Good Condition
7275,1703,7389,449,385,Good Condition
7276,1704,7390,358,464,Service Accepted
7277,1704,7391,212,71,Service Accepted
7278,1704,7392,233,230,Service Accepted
7279,1705,7393,300,348,Good Condition
7280,1705,7394,317,221,Good Condition
7281,1706,7395,513,52,Good Condition
7282,1706,7396,48,207,Good Condition
7283,1706,7397,396,277,Good Condition
7284,1707,7398,525,171,Good Condition
7285,1707,7399,13,274,Good Condition
7286,1707,7400,311,100,Good Condition
7287,1707,7401,240,158,Good Condition
7288,1707,7402,583,139,Good Condition
7289,1707,7403,197,182,Wrong Item Sent
7290,1708,7404,439,407,Good Condition
7291,1708,7405,59,476,Good Condition
7292,1708,7406,494,474,Good Condition
7293,1708,7407,236,368,Good Condition
7294,1709,7408,591,81,Good Condition
7295,1709,7409,404,135,Good Condition
7296,1709,7410,391,376,Good Condition
7297,1709,7411,578,267,Good Condition
7298,1710,7412,525,308,Dead on Arrival (DOA)
7299,1710,7413,134,257,Good Condition
7300,1710,7414,30,235,Good Condition
7301,1710,7415,54,310,Packaging Damaged
7302,1710,7416,551,73,Good Condition
7303,1710,7417,493,239,Good Condition
7304,1710,7418,217,165,Good Condition
7305,1711,7419,558,310,Good Condition
7306,1711,7420,242,423,Good Condition
7307,1711,7421,357,138,Good Condition
7308,1711,7422,287,423,Good Condition
7309,1711,7423,175,407,Good Condition
7310,1711,7424,42,265,Good Condition
7311,1711,7425,450,128,Good Condition
7312,1712,7426,521,61,Good Condition
7313,1713,7427,110,473,Good Condition
7314,1713,7428,189,428,Good Condition
7315,1714,7429,475,30,Service Accepted
7316,1714,7430,302,380,Service Accepted
7317,1714,7431,358,359,Service Accepted
7318,1714,7432,64,203,Good Condition
7319,1714,7433,100,310,Good Condition
7320,1714,7434,90,228,Good Condition
7321,1714,7435,6,48,Service Accepted
7322,1715,7436,285,295,Good Condition
7323,1715,7437,567,475,Good Condition
7324,1715,7438,54,196,Good Condition
7325,1716,7439,285,28,Good Condition
7326,1716,7440,425,478,Good Condition
7327,1717,7441,202,308,Good Condition
7328,1717,7442,265,342,Good Condition
7329,1717,7443,319,165,Good Condition
7330,1717,7444,406,82,Good Condition
7331,1717,7445,553,211,Good Condition
7332,1717,7446,285,478,Good Condition
7333,1718,7447,391,26,Good Condition
7334,1718,7448,370,220,Good Condition
7335,1718,7449,238,267,Good Condition
7336,1718,7450,438,411,Good Condition
7337,1718,7451,178,205,Good Condition
7338,1719,7452,311,143,Good Condition
7339,1720,7457,598,354,Good Condition
7340,1720,7458,553,326,Good Condition
7341,1720,7459,41,162,Good Condition
7342,1721,7460,304,444,Good Condition
7343,1721,7461,588,363,Good Condition
7344,1721,7462,359,431,Good Condition
7345,1721,7463,196,30,Good Condition
7346,1721,7464,301,427,Rejected - Quality Failure
7347,1722,7465,483,157,Good Condition
7348,1722,7466,21,430,Good Condition
7349,1722,7467,49,112,Good Condition
7350,1723,7468,7,188,Good Condition
7351,1724,7469,202,235,Rejected - Quality Failure
7352,1724,7470,558,185,Good Condition
7353,1724,7471,393,338,Rejected - Quality Failure
7354,1725,7472,568,198,Good Condition
7355,1725,7473,300,310,Good Condition
7356,1725,7474,558,291,Good Condition
7357,1725,7475,476,314,Good Condition
7358,1725,7476,50,372,Good Condition
7359,1726,7477,72,401,Service Accepted
7360,1726,7478,540,75,Service Accepted
7361,1726,7479,274,270,Service Accepted
7362,1726,7480,554,453,Service Accepted
7363,1726,7481,326,436,Service Accepted
7364,1727,7482,242,236,Good Condition
7365,1727,7483,550,433,Good Condition
7366,1727,7484,335,403,Good Condition
7367,1727,7485,566,429,Good Condition
7368,1727,7486,445,61,Good Condition
7369,1727,7487,237,489,Good Condition
7370,1727,7488,264,437,Good Condition
7371,1727,7489,572,235,Good Condition
7372,1727,7490,418,427,Good Condition
7373,1728,7491,355,47,Service Accepted
7374,1728,7492,161,25,Service Accepted
7375,1728,7493,378,323,Service Accepted
7376,1728,7494,478,434,Service Accepted
7377,1728,7495,133,215,Service Disputed
7378,1728,7496,498,13,Service Incomplete
7379,1728,7497,296,65,Service Accepted
7380,1729,7498,196,213,Good Condition
7381,1730,7499,319,112,Good Condition
7382,1730,7500,335,437,Good Condition
7383,1730,7501,113,262,Good Condition
7384,1730,7502,324,449,Good Condition
7385,1730,7503,259,458,Good Condition
7386,1730,7504,146,480,Good Condition
7387,1731,7505,596,253,Good Condition
7388,1731,7506,424,26,Good Condition
7389,1731,7507,13,345,Wrong Item Sent
7390,1731,7508,486,71,Packaging Damaged
7391,1732,7509,62,62,Good Condition
7392,1732,7510,572,391,Good Condition
7393,1732,7511,317,476,Good Condition
7394,1732,7512,275,376,Good Condition
7395,1732,7513,300,357,Good Condition
7396,1732,7514,117,378,Good Condition
7397,1732,7515,103,240,Good Condition
7398,1733,7516,497,450,Good Condition
7399,1733,7517,79,95,Good Condition
7400,1733,7518,530,95,Good Condition
7401,1733,7519,151,465,Good Condition
7402,1733,7520,242,171,Good Condition
7403,1733,7521,407,132,Wrong Item Sent
7404,1734,7522,38,176,Good Condition
7405,1734,7523,455,462,Good Condition
7406,1734,7524,393,349,Packaging Damaged
7407,1734,7525,493,184,Good Condition
7408,1734,7526,306,457,Good Condition
7409,1735,7527,126,456,Good Condition
7410,1735,7528,330,159,Good Condition
7411,1736,7529,470,286,Good Condition
7412,1736,7530,245,170,Good Condition
7413,1736,7531,364,346,Service Accepted
7414,1736,7532,429,320,Good Condition
7415,1736,7533,120,26,Good Condition
7416,1736,7534,437,233,Service Accepted
7417,1736,7535,320,419,Good Condition
7418,1737,7536,308,10,Good Condition
7419,1737,7537,23,470,Good Condition
7420,1737,7538,300,320,Good Condition
7421,1737,7539,556,499,Good Condition
7422,1738,7540,103,201,Good Condition
7423,1738,7541,566,221,Good Condition
7424,1738,7542,318,288,Good Condition
7425,1739,7543,142,174,Service Accepted
7426,1739,7544,563,495,Good Condition
7427,1739,7545,313,94,Service Accepted
7428,1739,7546,118,424,Service Accepted
7429,1739,7547,83,219,Good Condition
7430,1739,7548,561,65,Service Accepted
7431,1739,7549,501,207,Service Accepted
7432,1739,7550,1,382,Good Condition
7433,1740,7551,551,191,Good Condition
7434,1741,7552,562,98,Good Condition
7435,1741,7553,227,71,Good Condition
7436,1741,7554,377,99,Good Condition
7437,1742,7555,70,31,Good Condition
7438,1742,7556,424,296,Good Condition
7439,1742,7557,80,255,Good Condition
7440,1743,7558,220,182,Service Accepted
7441,1743,7559,501,303,Service Accepted
7442,1743,7560,177,322,Service Accepted
7443,1743,7561,358,160,Service Accepted
7444,1743,7562,233,66,Service Accepted
7445,1744,7563,236,60,Good Condition
7446,1745,7564,514,148,Good Condition
7447,1745,7565,490,81,Good Condition
7448,1745,7566,167,229,Good Condition
7449,1745,7567,424,99,Good Condition
7450,1745,7568,572,343,Good Condition
7451,1745,7569,372,107,Good Condition
7452,1746,7570,53,138,Good Condition
7453,1746,7571,571,147,Good Condition
7454,1747,7572,530,60,Good Condition
7455,1747,7573,489,43,Good Condition
7456,1747,7574,185,169,Good Condition
7457,1747,7575,198,411,Good Condition
7458,1748,7576,408,328,Good Condition
7459,1749,7577,274,229,Service Accepted
7460,1749,7578,529,472,Service Accepted
7461,1749,7579,55,404,Service Accepted
7462,1749,7580,248,444,Service Accepted
7463,1749,7581,27,329,Service Accepted
7464,1749,7582,72,57,Service Accepted
7465,1750,7583,570,78,Wrong Item Sent
7466,1750,7584,426,138,Good Condition
7467,1750,7585,319,223,Good Condition
7468,1750,7586,56,111,Good Condition
7469,1750,7587,580,329,Good Condition
7470,1751,7588,80,128,Good Condition
7471,1751,7589,566,47,Good Condition
7472,1751,7590,542,47,Packaging Damaged
7473,1752,7591,348,254,Service Accepted
7474,1752,7592,430,79,Service Accepted
7475,1752,7593,183,131,Service Disputed
7476,1752,7594,296,412,Service Accepted
7477,1753,7595,81,325,Good Condition
7478,1753,7596,79,266,Good Condition
7479,1753,7597,42,70,Good Condition
7480,1753,7598,553,267,Good Condition
7481,1753,7599,439,297,Good Condition
7482,1753,7600,481,56,Good Condition
7483,1754,7601,38,42,Good Condition
7484,1754,7602,476,221,Good Condition
7485,1754,7603,375,275,Good Condition
7486,1754,7604,230,493,Good Condition
7487,1754,7605,54,357,Good Condition
7488,1754,7606,354,41,Good Condition
7489,1754,7607,157,136,Good Condition
7490,1754,7608,10,448,Good Condition
7491,1755,7609,501,327,Service Accepted
7492,1755,7610,326,473,Service Accepted
7493,1755,7611,554,125,Service Accepted
7494,1755,7612,540,451,Service Accepted
7495,1755,7613,274,156,Service Accepted
7496,1756,7614,242,297,Good Condition
7497,1756,7615,300,460,Good Condition
7498,1756,7616,150,182,Good Condition
7499,1756,7617,497,129,Good Condition
7500,1756,7618,158,66,Good Condition
7501,1756,7619,456,112,Good Condition
7502,1757,7620,446,159,Good Condition
7503,1757,7621,187,333,Good Condition
7504,1757,7622,153,311,Good Condition
7505,1757,7623,582,203,Good Condition
7506,1757,7624,550,133,Good Condition
7507,1757,7625,547,149,Good Condition
7508,1757,7626,158,37,Good Condition
7509,1758,7627,588,349,Good Condition
7510,1758,7628,318,252,Good Condition
7511,1758,7629,42,181,Good Condition
7512,1759,7630,452,340,Service Incomplete
7513,1759,7631,90,255,Good Condition
7514,1759,7632,64,499,Good Condition
7515,1759,7633,475,117,Service Accepted
7516,1759,7634,358,129,Service Accepted
7517,1759,7635,544,451,Good Condition
7518,1760,7636,306,373,Good Condition
7519,1760,7637,582,372,Dead on Arrival (DOA)
7520,1760,7638,194,21,Good Condition
7521,1760,7639,15,355,Good Condition
7522,1760,7640,535,281,Good Condition
7523,1760,7641,255,301,Good Condition
7524,1761,7642,276,249,Service Accepted
7525,1762,7643,148,413,Service Accepted
7526,1762,7644,139,249,Service Accepted
7527,1762,7645,36,204,Service Accepted
7528,1762,7646,51,173,Service Accepted
7529,1762,7647,200,264,Service Accepted
7530,1763,7648,452,51,Service Accepted
7531,1763,7649,35,34,Service Accepted
7532,1763,7650,258,66,Service Accepted
7533,1763,7651,95,224,Service Accepted
7534,1764,7652,524,48,Good Condition
7535,1764,7653,368,389,Good Condition
7536,1764,7654,16,281,Good Condition
7537,1765,7655,425,125,Good Condition
7538,1765,7656,515,436,Good Condition
7539,1765,7657,486,26,Good Condition
7540,1765,7658,48,463,Good Condition
7541,1765,7659,324,12,Good Condition
7542,1765,7660,151,450,Good Condition
7543,1765,7661,179,97,Good Condition
7544,1766,7662,464,284,Service Accepted
7545,1766,7663,355,398,Service Accepted
7546,1767,7664,81,27,Good Condition
7547,1767,7665,483,234,Good Condition
7548,1767,7666,70,416,Good Condition
7549,1767,7667,62,124,Good Condition
7550,1767,7668,243,338,Good Condition
7551,1767,7669,236,172,Good Condition
7552,1767,7670,524,64,Good Condition
7553,1768,7671,559,105,Service Accepted
7554,1768,7672,148,209,Service Accepted
7555,1768,7673,465,306,Service Accepted
7556,1768,7674,294,10,Service Disputed
7557,1768,7675,200,477,Service Accepted
7558,1769,7676,43,398,Good Condition
7559,1769,7677,249,486,Good Condition
7560,1769,7678,359,116,Good Condition
7561,1770,7679,598,250,Good Condition
7562,1770,7680,432,299,Good Condition
7563,1770,7681,176,328,Good Condition
7564,1771,7682,549,82,Service Accepted
7565,1771,7683,431,51,Good Condition
7566,1771,7684,516,42,Good Condition
7567,1771,7685,101,239,Service Accepted
7568,1772,7686,558,238,Good Condition
7569,1772,7687,568,73,Good Condition
7570,1772,7688,50,210,Good Condition
7571,1772,7689,300,450,Good Condition
7572,1772,7690,543,97,Good Condition
7573,1772,7691,476,127,Good Condition
7574,1773,7692,30,297,Good Condition
7575,1774,7693,129,334,Good Condition
7576,1775,7694,190,122,Service Accepted
7577,1775,7695,555,465,Service Accepted
7578,1775,7696,414,361,Service Accepted
7579,1775,7697,114,195,Service Accepted
7580,1775,7698,36,32,Service Accepted
7581,1775,7699,347,437,Service Accepted
7582,1775,7700,453,469,Service Accepted
7583,1775,7701,274,167,Service Accepted
7584,1775,7702,531,225,Service Incomplete
7585,1776,7703,577,242,Good Condition
7586,1776,7704,509,161,Good Condition
7587,1776,7705,354,458,Good Condition
7588,1776,7706,366,396,Good Condition
7589,1777,7707,13,203,Good Condition
7590,1778,7708,393,102,Good Condition
7591,1778,7709,462,466,Good Condition
7592,1778,7710,262,440,Good Condition
7593,1778,7711,558,415,Rejected - Quality Failure
7594,1779,7712,213,40,Good Condition
7595,1779,7713,266,440,Good Condition
7596,1779,7714,549,482,Service Accepted
7597,1779,7715,137,403,Good Condition
7598,1779,7716,101,30,Service Accepted
7599,1780,7717,401,211,Service Accepted
7600,1780,7718,220,331,Service Accepted
7601,1780,7719,98,152,Good Condition
7602,1780,7720,279,166,Service Accepted
7603,1780,7721,465,61,Service Accepted
7604,1780,7722,537,212,Service Accepted
7605,1781,7723,9,69,Good Condition
7606,1781,7724,157,266,Dead on Arrival (DOA)
7607,1781,7725,255,418,Good Condition
7608,1782,7726,167,479,Good Condition
7609,1783,7727,451,500,Service Accepted
7610,1783,7728,367,244,Service Accepted
7611,1783,7729,498,75,Service Accepted
7612,1783,7730,131,445,Service Disputed
7613,1784,7731,532,113,Service Accepted
7614,1784,7732,475,423,Service Accepted
7615,1784,7733,61,178,Service Accepted
7616,1784,7734,44,39,Good Condition
7617,1785,7735,87,263,Good Condition
7618,1785,7736,490,301,Good Condition
7619,1785,7737,22,215,Good Condition
7620,1786,7738,591,152,Good Condition
7621,1786,7739,119,81,Good Condition
7622,1786,7740,368,471,Good Condition
7623,1786,7741,113,214,Dead on Arrival (DOA)
7624,1786,7742,510,201,Good Condition
7625,1786,7743,165,11,Good Condition
7626,1787,7744,540,83,Service Accepted
7627,1787,7745,554,148,Service Accepted
7628,1787,7746,72,249,Service Accepted
7629,1787,7747,326,46,Service Accepted
7630,1788,7748,505,256,Good Condition
7631,1788,7749,372,364,Good Condition
7632,1788,7750,47,447,Good Condition
7633,1788,7751,407,405,Packaging Damaged
7634,1789,7752,80,43,Good Condition
7635,1790,7753,59,246,Good Condition
7636,1790,7754,508,455,Good Condition
7637,1791,7755,405,117,Service Accepted
7638,1791,7756,183,304,Service Accepted
7639,1791,7757,430,178,Service Accepted
7640,1792,7758,580,282,Good Condition
7641,1793,7764,210,63,Good Condition
7642,1793,7765,255,18,Good Condition
7643,1793,7766,392,194,Good Condition
7644,1793,7767,550,68,Good Condition
7645,1793,7768,175,265,Good Condition
7646,1793,7769,153,356,Good Condition
7647,1794,7770,531,246,Service Accepted
7648,1794,7771,44,379,Good Condition
7649,1794,7772,55,57,Service Accepted
7650,1795,7773,185,380,Good Condition
7651,1795,7774,111,88,Good Condition
7652,1795,7775,410,439,Good Condition
7653,1795,7776,446,235,Good Condition
7654,1795,7777,305,78,Good Condition
7655,1795,7778,462,371,Good Condition
7656,1796,7779,165,368,Good Condition
7657,1796,7780,538,258,Good Condition
7658,1796,7781,558,180,Good Condition
7659,1797,7782,551,440,Good Condition
7660,1798,7783,414,226,Service Accepted
7661,1799,7784,170,391,Good Condition
7662,1799,7785,287,323,Good Condition
7663,1799,7786,541,217,Good Condition
7664,1799,7787,489,266,Good Condition
7665,1799,7788,239,287,Good Condition
7666,1800,7789,565,47,Good Condition
7667,1800,7790,582,296,Good Condition
7668,1800,7791,442,102,Good Condition
7669,1800,7792,446,114,Good Condition
7670,1800,7793,158,323,Good Condition
7671,1800,7794,514,105,Good Condition
7672,1801,7795,70,140,Good Condition
7673,1801,7796,60,45,Good Condition
7674,1801,7797,598,348,Good Condition
7675,1801,7798,111,415,Good Condition
7676,1801,7799,317,359,Good Condition
7677,1801,7800,553,223,Good Condition
7678,1801,7801,462,462,Good Condition
7679,1801,7802,583,99,Good Condition
7680,1802,7803,399,42,Good Condition
7681,1802,7804,513,251,Good Condition
7682,1802,7805,293,118,Good Condition
7683,1802,7806,275,327,Good Condition
7684,1802,7807,306,256,Good Condition
7685,1802,7808,211,342,Good Condition
7686,1803,7809,293,233,Good Condition
7687,1803,7810,577,245,Good Condition
7688,1803,7811,319,90,Good Condition
7689,1803,7812,445,333,Good Condition
7690,1803,7813,15,298,Good Condition
7691,1803,7814,301,181,Good Condition
7692,1804,7815,395,316,Good Condition
7693,1804,7816,407,348,Good Condition
7694,1804,7817,8,67,Good Condition
7695,1804,7818,534,433,Good Condition
7696,1804,7819,396,81,Good Condition
7697,1804,7820,242,42,Good Condition
7698,1805,7821,505,265,Good Condition
7699,1805,7822,491,242,Good Condition
7700,1805,7823,185,488,Good Condition
7701,1805,7824,89,388,Good Condition
7702,1806,7825,317,385,Good Condition
7703,1807,7826,340,474,Good Condition
7704,1807,7827,392,66,Good Condition
7705,1807,7828,410,434,Good Condition
7706,1807,7829,255,307,Good Condition
7707,1808,7830,544,291,Good Condition
7708,1808,7831,532,402,Service Accepted
7709,1808,7832,531,172,Service Accepted
7710,1808,7833,44,281,Good Condition
7711,1809,7834,48,421,Good Condition
7712,1809,7835,439,415,Good Condition
7713,1809,7836,122,376,Good Condition
7714,1809,7837,251,259,Good Condition
7715,1809,7838,125,179,Good Condition
7716,1810,7839,348,411,Service Accepted
7717,1810,7840,402,32,Service Disputed
7718,1810,7841,475,175,Service Accepted
7719,1810,7842,258,278,Service Accepted
7720,1810,7843,183,286,Service Accepted
7721,1811,7844,580,128,Good Condition
7722,1811,7845,324,326,Good Condition
7723,1811,7846,48,241,Good Condition
7724,1811,7847,89,392,Good Condition
7725,1811,7848,172,383,Good Condition
7726,1812,7849,441,302,Good Condition
7727,1812,7850,593,44,Good Condition
7728,1812,7851,508,90,Good Condition
7729,1812,7852,541,277,Good Condition
7730,1812,7853,512,300,Good Condition
7731,1812,7854,377,373,Good Condition
7732,1813,7855,133,156,Service Accepted
7733,1813,7856,199,172,Service Accepted
7734,1813,7857,94,425,Service Accepted
7735,1813,7858,68,234,Service Accepted
7736,1814,7859,424,283,Good Condition
7737,1814,7860,282,301,Good Condition
7738,1814,7861,570,10,Good Condition
7739,1814,7862,396,280,Good Condition
7740,1814,7863,486,341,Good Condition
7741,1814,7864,596,21,Good Condition
7742,1815,7865,126,365,Good Condition
7743,1816,7866,159,220,Good Condition
7744,1816,7867,151,220,Good Condition
7745,1816,7868,113,349,Good Condition
7746,1816,7869,535,230,Good Condition
7747,1816,7870,9,33,Good Condition
7748,1816,7871,179,261,Good Condition
7749,1816,7872,275,249,Good Condition
7750,1817,7873,39,365,Service Accepted
7751,1817,7874,218,454,Good Condition
7752,1817,7875,599,369,Good Condition
7753,1817,7876,286,368,Good Condition
7754,1818,7877,444,221,Good Condition
7755,1818,7878,400,19,Good Condition
7756,1818,7879,259,291,Good Condition
7757,1819,7880,568,466,Good Condition
7758,1819,7881,558,351,Good Condition
7759,1819,7882,476,473,Good Condition
7760,1820,7883,25,496,Good Condition
7761,1820,7884,396,374,Good Condition
7762,1820,7885,486,488,Good Condition
7763,1820,7886,424,216,Good Condition
7764,1821,7887,378,344,Service Accepted
7765,1821,7888,156,38,Service Accepted
7766,1822,7889,543,192,Good Condition
7767,1822,7890,50,168,Good Condition
7768,1822,7891,300,199,Good Condition
7769,1822,7892,568,471,Good Condition
7770,1822,7893,558,191,Good Condition
7771,1823,7894,505,332,Good Condition
7772,1823,7895,47,111,Good Condition
7773,1824,7896,122,469,Good Condition
7774,1824,7897,48,30,Good Condition
7775,1824,7898,28,477,Good Condition
7776,1824,7899,125,395,Good Condition
7777,1824,7900,251,332,Good Condition
7778,1825,7901,340,202,Good Condition
7779,1825,7902,392,244,Good Condition
7780,1825,7903,317,313,Good Condition
7781,1825,7904,210,16,Good Condition
7782,1826,7905,599,99,Good Condition
7783,1826,7906,218,294,Good Condition
7784,1826,7907,286,201,Good Condition
7785,1826,7908,39,60,Service Accepted
7786,1826,7909,466,460,Good Condition
7787,1827,7910,445,59,Good Condition
7788,1827,7911,541,284,Good Condition
7789,1827,7912,70,105,Good Condition
7790,1827,7913,424,214,Dead on Arrival (DOA)
7791,1827,7914,450,399,Good Condition
7792,1827,7915,308,179,Good Condition
7793,1828,7916,87,109,Good Condition
7794,1828,7917,508,256,Good Condition
7795,1828,7918,41,358,Good Condition
7796,1828,7919,202,142,Good Condition
7797,1828,7920,489,116,Good Condition
7798,1828,7921,570,15,Good Condition
7799,1828,7922,449,213,Good Condition
7800,1829,7923,536,396,Good Condition
7801,1829,7924,261,86,Good Condition
7802,1829,7925,133,14,Service Accepted
7803,1829,7926,118,456,Service Accepted
7804,1830,7927,317,184,Good Condition
7805,1830,7928,227,381,Good Condition
7806,1830,7929,541,390,Good Condition
7807,1830,7930,359,211,Good Condition
7808,1830,7931,375,355,Good Condition
7809,1831,7932,582,267,Good Condition
7810,1831,7933,70,155,Good Condition
7811,1831,7934,102,206,Good Condition
7812,1832,7935,591,30,Good Condition
7813,1832,7936,244,329,Good Condition
7814,1832,7937,129,53,Good Condition
7815,1832,7938,499,391,Good Condition
7816,1833,7939,493,253,Good Condition
7817,1834,7940,488,494,Good Condition
7818,1834,7941,115,117,Good Condition
7819,1834,7942,70,48,Good Condition
7820,1835,7943,102,362,Good Condition
7821,1835,7944,598,296,Good Condition
7822,1835,7945,469,338,Good Condition
7823,1835,7946,600,271,Good Condition
7824,1835,7947,167,306,Good Condition
7825,1835,7948,474,214,Good Condition
7826,1836,7949,35,21,Service Accepted
7827,1836,7950,575,202,Service Accepted
7828,1836,7951,434,443,Service Accepted
7829,1836,7952,46,149,Service Accepted
7830,1836,7953,295,62,Service Accepted
7831,1837,7954,560,165,Good Condition
7832,1837,7955,242,78,Good Condition
7833,1837,7956,407,60,Good Condition
7834,1837,7957,185,216,Good Condition
7835,1837,7958,203,16,Good Condition
7836,1837,7959,543,96,Good Condition
7837,1837,7960,534,381,Good Condition
7838,1837,7961,395,331,Good Condition
7839,1838,7962,167,102,Good Condition
7840,1838,7963,89,119,Good Condition
7841,1839,7964,460,472,Good Condition
7842,1839,7965,433,204,Good Condition
7843,1839,7966,419,257,Good Condition
7844,1839,7967,524,305,Good Condition
7845,1839,7968,493,164,Good Condition
7846,1840,7969,396,94,Good Condition
7847,1840,7970,81,213,Good Condition
7848,1840,7971,486,34,Good Condition
7849,1841,7972,304,356,Screen Damaged
7850,1841,7973,244,156,Good Condition
7851,1841,7974,170,32,Good Condition
7852,1842,7975,440,335,Good Condition
7853,1842,7976,460,39,Good Condition
7854,1842,7977,62,112,Good Condition
7855,1842,7978,562,415,Good Condition
7856,1843,7979,286,30,Good Condition
7857,1843,7980,466,484,Good Condition
7858,1843,7981,599,238,Good Condition
7859,1843,7982,332,472,Good Condition
7860,1844,7983,507,396,Good Condition
7861,1844,7984,561,20,Service Incomplete
7862,1844,7985,503,292,Service Accepted
7863,1844,7986,261,325,Good Condition
7864,1844,7987,536,36,Good Condition
7865,1844,7988,1,201,Good Condition
7866,1845,7989,515,292,Good Condition
7867,1845,7990,407,478,Good Condition
7868,1845,7991,53,177,Good Condition
7869,1845,7992,179,45,Good Condition
7870,1845,7993,582,285,Good Condition
7871,1845,7994,217,123,Good Condition
7872,1846,7995,490,279,Good Condition
7873,1846,7996,236,489,Good Condition
7874,1846,7997,308,23,Good Condition
7875,1847,7998,493,145,Good Condition
7876,1847,7999,21,339,Good Condition
7877,1847,8000,483,170,Good Condition
7878,1847,8001,360,294,Good Condition
7879,1848,8002,287,207,Good Condition
7880,1848,8003,141,250,Good Condition
7881,1848,8004,194,233,Good Condition
7882,1848,8005,474,257,Good Condition
7883,1848,8006,550,414,Good Condition
7884,1848,8007,572,117,Good Condition
7885,1849,8008,235,358,Good Condition
7886,1850,8010,236,488,Good Condition
7887,1850,8011,370,483,Good Condition
7888,1850,8012,50,75,Good Condition
7889,1850,8013,243,23,Good Condition
7890,1850,8014,62,26,Good Condition
7891,1851,8015,438,477,Good Condition
7892,1851,8016,78,197,Good Condition
7893,1852,8017,240,381,Good Condition
7894,1852,8018,541,497,Good Condition
7895,1852,8019,316,405,Good Condition
7896,1852,8020,450,186,Good Condition
7897,1852,8021,449,204,Good Condition
7898,1852,8022,238,141,Good Condition
7899,1852,8023,432,319,Good Condition
7900,1852,8024,598,481,Good Condition
7901,1853,8025,416,68,Good Condition
7902,1853,8026,474,216,Good Condition
7903,1854,8027,316,47,Good Condition
7904,1854,8028,215,135,Good Condition
7905,1854,8029,330,454,Good Condition
7906,1854,8030,285,440,Good Condition
7907,1854,8031,153,37,Good Condition
7908,1855,8032,47,106,Good Condition
7909,1855,8033,372,140,Wrong Item Sent
7910,1856,8034,237,401,Good Condition
7911,1856,8035,264,86,Good Condition
7912,1856,8036,318,489,Good Condition
7913,1856,8037,357,123,Good Condition
7914,1857,8038,387,171,Service Accepted
7915,1857,8039,120,42,Good Condition
7916,1857,8040,270,68,Good Condition
7917,1857,8041,320,408,Good Condition
7918,1857,8042,437,263,Service Accepted
7919,1857,8043,245,301,Good Condition
7920,1858,8044,23,130,Good Condition
7921,1858,8045,574,129,Good Condition
7922,1858,8046,236,111,Good Condition
7923,1858,8047,578,80,Good Condition
7924,1858,8048,211,462,Good Condition
7925,1858,8049,392,148,Good Condition
7926,1859,8050,270,127,Good Condition
7927,1859,8051,168,239,Good Condition
7928,1859,8052,320,132,Good Condition
7929,1859,8053,500,81,Good Condition
7930,1859,8054,429,370,Good Condition
7931,1860,8055,371,175,Good Condition
7932,1860,8056,393,490,Good Condition
7933,1860,8057,141,498,Good Condition
7934,1860,8058,194,410,Good Condition
7935,1861,8059,304,67,Good Condition
7936,1861,8060,493,433,Good Condition
7937,1861,8061,119,316,Good Condition
7938,1861,8062,551,333,Good Condition
7939,1861,8063,565,209,Good Condition
7940,1861,8064,456,461,Good Condition
7941,1861,8065,578,436,Good Condition
7942,1862,8066,127,202,Good Condition
7943,1862,8067,524,294,Good Condition
7944,1862,8068,236,442,Good Condition
7945,1862,8069,439,278,Good Condition
7946,1862,8070,211,497,Good Condition
7947,1862,8071,59,330,Good Condition
7948,1863,8072,438,357,Good Condition
7949,1864,8073,301,304,Good Condition
7950,1864,8074,359,124,Good Condition
7951,1864,8075,60,169,Rejected - Quality Failure
7952,1864,8076,588,407,Good Condition
7953,1865,8077,574,371,Good Condition
7954,1865,8078,291,127,Good Condition
7955,1865,8079,334,469,Good Condition
7956,1865,8080,166,197,Good Condition
7957,1866,8081,353,154,Good Condition
7958,1866,8082,313,433,Service Accepted
7959,1866,8083,549,328,Service Accepted
7960,1866,8084,246,233,Good Condition
7961,1866,8085,292,225,Good Condition
7962,1867,8086,319,172,Good Condition
7963,1867,8087,413,488,Good Condition
7964,1868,8088,509,156,Good Condition
7965,1868,8089,125,340,Good Condition
7966,1868,8090,471,254,Good Condition
7967,1868,8091,469,370,Good Condition
7968,1868,8092,48,113,Good Condition
7969,1868,8093,439,454,Good Condition
7970,1869,8094,425,11,Good Condition
7971,1869,8095,230,27,Good Condition
7972,1869,8096,476,106,Good Condition
7973,1869,8097,445,72,Good Condition
7974,1869,8098,38,71,Good Condition
7975,1869,8099,588,248,Good Condition
7976,1869,8100,354,213,Good Condition
7977,1869,8101,375,122,Good Condition
7978,1870,8102,391,155,Good Condition
7979,1870,8103,43,39,Good Condition
7980,1870,8104,255,258,Good Condition
7981,1871,8105,558,500,Good Condition
7982,1871,8106,70,453,Good Condition
7983,1871,8107,9,427,Good Condition
7984,1872,8108,51,107,Service Accepted
7985,1872,8109,177,350,Service Accepted
7986,1872,8110,289,66,Service Accepted
7987,1872,8111,220,20,Service Accepted
7988,1872,8112,501,72,Service Accepted
7989,1873,8113,74,460,Dead on Arrival (DOA)
7990,1873,8114,481,150,Dead on Arrival (DOA)
7991,1873,8115,321,438,Good Condition
7992,1873,8116,91,422,Good Condition
7993,1873,8117,407,229,Good Condition
7994,1874,8118,509,385,Good Condition
7995,1874,8119,311,480,Good Condition
7996,1874,8120,494,377,Good Condition
7997,1874,8121,70,336,Good Condition
7998,1874,8122,469,270,Good Condition
7999,1875,8123,321,313,Good Condition
8000,1875,8124,481,381,Good Condition
8001,1875,8125,407,84,Good Condition
8002,1875,8126,74,38,Good Condition
8003,1875,8127,372,396,Good Condition
8004,1876,8128,597,250,Good Condition
8005,1876,8129,285,150,Good Condition
8006,1876,8130,129,141,Good Condition
8007,1876,8131,205,305,Good Condition
8008,1877,8132,192,153,Good Condition
8009,1877,8133,553,454,Good Condition
8010,1877,8134,521,44,Good Condition
8011,1878,8135,200,286,Service Accepted
8012,1878,8136,451,221,Service Accepted
8013,1878,8137,498,87,Service Accepted
8014,1878,8138,131,20,Service Accepted
8015,1878,8139,367,372,Service Accepted
8016,1879,8140,33,271,Good Condition
8017,1879,8141,571,37,Good Condition
8018,1880,8142,476,293,Good Condition
8019,1880,8143,572,363,Good Condition
8020,1880,8144,357,241,Good Condition
8021,1880,8145,242,417,Good Condition
8022,1880,8146,264,297,Good Condition
8023,1880,8147,556,274,Good Condition
8024,1881,8148,255,44,Good Condition
8025,1881,8149,89,170,Good Condition
8026,1881,8150,222,76,Good Condition
8027,1881,8151,170,57,Good Condition
8028,1881,8152,71,18,Good Condition
8029,1882,8153,368,421,Good Condition
8030,1883,8154,275,96,Good Condition
8031,1883,8155,566,199,Good Condition
8032,1884,8156,359,403,Good Condition
8033,1884,8157,232,258,Good Condition
8034,1884,8158,273,52,Good Condition
8035,1884,8159,505,353,Good Condition
8036,1885,8160,238,148,Good Condition
8037,1886,8161,345,167,Good Condition
8038,1886,8162,582,65,Good Condition
8039,1886,8163,514,13,Good Condition
8040,1886,8164,189,314,Good Condition
8041,1887,8165,542,488,Good Condition
8042,1887,8166,187,288,Good Condition
8043,1887,8167,25,265,Good Condition
8044,1887,8168,580,46,Good Condition
8045,1888,8169,23,74,Good Condition
8046,1888,8170,426,344,Dead on Arrival (DOA)
8047,1888,8171,77,96,Good Condition
8048,1889,8172,217,127,Good Condition
8049,1889,8173,530,82,Good Condition
8050,1889,8174,318,319,Good Condition
8051,1889,8175,23,121,Dead on Arrival (DOA)
8052,1890,8176,249,424,Good Condition
8053,1890,8177,232,336,Good Condition
8054,1891,8178,194,314,Good Condition
8055,1891,8179,513,137,Good Condition
8056,1891,8180,591,265,Good Condition
8057,1891,8181,42,168,Good Condition
8058,1891,8182,499,426,Good Condition
8059,1891,8183,598,321,Good Condition
8060,1892,8184,249,498,Good Condition
8061,1892,8185,87,425,Good Condition
8062,1893,8186,258,266,Service Accepted
8063,1893,8187,51,239,Service Accepted
8064,1893,8188,83,79,Good Condition
8065,1894,8189,577,303,Good Condition
8066,1894,8190,462,471,Good Condition
8067,1894,8191,264,158,Good Condition
8068,1895,8192,114,337,Service Accepted
8069,1895,8193,46,88,Service Accepted
8070,1895,8194,177,204,Service Accepted
8071,1895,8195,540,163,Service Accepted
8072,1896,8196,514,373,Good Condition
8073,1896,8197,167,453,Good Condition
8074,1896,8198,562,73,Good Condition
8075,1896,8199,345,33,Good Condition
8076,1896,8200,572,410,Good Condition
8077,1896,8201,372,181,Good Condition
8078,1897,8202,597,403,Good Condition
8079,1897,8203,110,279,Good Condition
8080,1897,8204,308,391,Good Condition
8081,1898,8205,493,284,Good Condition
8082,1898,8206,396,45,Good Condition
8083,1898,8207,419,336,Good Condition
8084,1898,8208,440,346,Good Condition
8085,1898,8209,483,159,Good Condition
8086,1898,8210,433,451,Good Condition
8087,1898,8211,70,395,Good Condition
8088,1898,8212,481,151,Good Condition
8089,1899,8213,91,216,Good Condition
8090,1899,8214,517,70,Good Condition
8091,1899,8215,439,37,Good Condition
8092,1899,8216,251,493,Good Condition
8093,1899,8217,422,320,Good Condition
8094,1900,8218,9,359,Good Condition
8095,1900,8219,129,446,Good Condition
8096,1900,8220,366,55,Good Condition
8097,1900,8221,534,456,Good Condition
8098,1900,8222,43,141,Good Condition
8099,1900,8223,375,439,Good Condition
8100,1900,8224,363,234,Good Condition
8101,1900,8225,317,258,Good Condition
8102,1901,8226,255,490,Good Condition
8103,1901,8227,15,461,Good Condition
8104,1901,8228,570,316,Good Condition
8105,1902,8229,597,481,Good Condition
8106,1903,8230,157,457,Good Condition
8107,1903,8231,424,18,Good Condition
8108,1903,8232,577,404,Packaging Damaged
8109,1903,8233,125,444,Good Condition
8110,1903,8234,375,385,Good Condition
8111,1904,8235,251,145,Good Condition
8112,1904,8236,141,199,Screen Damaged
8113,1904,8237,80,334,Good Condition
8114,1904,8238,371,118,Good Condition
8115,1904,8239,43,340,Good Condition
8116,1905,8240,289,403,Service Accepted
8117,1905,8241,199,109,Service Accepted
8118,1905,8242,467,104,Service Accepted
8119,1905,8243,276,403,Service Accepted
8120,1905,8244,498,362,Service Accepted
8121,1906,8245,109,354,Good Condition
8122,1906,8246,79,265,Good Condition
8123,1907,8253,475,350,Service Accepted
8124,1907,8254,258,352,Service Accepted
8125,1907,8255,452,409,Service Accepted
8126,1907,8256,241,334,Service Accepted
8127,1907,8257,142,51,Service Accepted
8128,1907,8258,173,96,Service Accepted
8129,1908,8266,599,59,Good Condition
8130,1908,8267,218,134,Good Condition
8131,1908,8268,332,82,Good Condition
8132,1909,8269,244,454,Good Condition
8133,1909,8270,312,394,Good Condition
8134,1909,8271,469,50,Good Condition
8135,1909,8272,311,56,Good Condition
8136,1909,8273,205,145,Good Condition
8137,1910,8274,19,498,Service Accepted
8138,1910,8275,35,441,Service Accepted
8139,1910,8276,95,64,Service Accepted
8140,1910,8277,241,432,Service Accepted
8141,1911,8278,177,61,Service Accepted
8142,1911,8279,434,259,Service Accepted
8143,1911,8280,575,282,Service Accepted
8144,1911,8281,114,166,Service Accepted
8145,1911,8282,163,442,Service Accepted
8146,1911,8283,540,493,Service Accepted
8147,1911,8284,573,494,Service Disputed
8148,1911,8285,414,246,Service Accepted
8149,1912,8286,535,168,Good Condition
8150,1913,8287,456,150,Good Condition
8151,1913,8288,530,33,Good Condition
8152,1913,8289,515,275,Good Condition
8153,1914,8290,203,26,Good Condition
8154,1915,8291,311,360,Good Condition
8155,1915,8292,494,343,Good Condition
8156,1916,8293,42,295,Good Condition
8157,1916,8294,488,18,Good Condition
8158,1916,8295,462,260,Packaging Damaged
8159,1917,8296,556,377,Good Condition
8160,1917,8297,23,279,Good Condition
8161,1917,8298,300,49,Good Condition
8162,1917,8299,392,438,Good Condition
8163,1918,8300,509,241,Good Condition
8164,1918,8301,244,238,Good Condition
8165,1919,8302,39,311,Service Accepted
8166,1919,8303,332,34,Good Condition
8167,1920,8304,60,157,Good Condition
8168,1920,8305,424,217,Good Condition
8169,1920,8306,301,209,Good Condition
8170,1920,8307,197,410,Good Condition
8171,1920,8308,550,480,Good Condition
8172,1920,8309,510,254,Dead on Arrival (DOA)
8173,1920,8310,375,332,Good Condition
8174,1921,8311,571,202,Good Condition
8175,1921,8312,53,381,Good Condition
8176,1921,8313,33,345,Good Condition
8177,1921,8314,26,108,Good Condition
8178,1921,8315,368,101,Good Condition
8179,1922,8316,114,495,Service Accepted
8180,1922,8317,295,384,Service Incomplete
8181,1922,8318,177,342,Service Accepted
8182,1922,8319,575,123,Service Accepted
8183,1922,8320,35,17,Service Accepted
8184,1922,8321,487,326,Service Incomplete
8185,1923,8322,306,481,Good Condition
8186,1923,8323,565,341,Good Condition
8187,1923,8324,535,229,Good Condition
8188,1923,8325,582,363,Good Condition
8189,1923,8326,255,100,Good Condition
8190,1923,8327,15,478,Good Condition
8191,1924,8328,324,87,Good Condition
8192,1924,8329,227,471,Good Condition
8193,1924,8330,582,453,Good Condition
8194,1924,8331,192,19,Good Condition
8195,1924,8332,25,239,Good Condition
8196,1924,8333,243,25,Good Condition
8197,1924,8334,4,120,Good Condition
8198,1924,8335,577,74,Good Condition
8199,1925,8336,54,107,Good Condition
8200,1925,8337,62,237,Good Condition
8201,1925,8338,285,423,Good Condition
8202,1925,8339,232,289,Good Condition
8203,1925,8340,515,266,Good Condition
8204,1925,8341,567,417,Good Condition
8205,1926,8342,244,151,Good Condition
8206,1927,8343,273,81,Good Condition
8207,1927,8344,75,311,Good Condition
8208,1928,8345,242,244,Packaging Damaged
8209,1928,8346,185,248,Good Condition
8210,1928,8347,530,426,Good Condition
8211,1929,8348,85,25,Service Accepted
8212,1930,8349,318,13,Good Condition
8213,1931,8350,147,444,Good Condition
8214,1931,8351,222,221,Good Condition
8215,1932,8352,396,220,Good Condition
8216,1932,8353,424,401,Good Condition
8217,1932,8354,570,120,Good Condition
8218,1932,8355,282,439,Good Condition
8219,1933,8356,232,169,Good Condition
8220,1933,8357,391,241,Good Condition
8221,1933,8358,591,158,Good Condition
8222,1933,8359,593,263,Good Condition
8223,1934,8360,480,164,Good Condition
8224,1934,8361,251,292,Good Condition
8225,1934,8362,565,263,Good Condition
8226,1934,8363,597,410,Good Condition
8227,1935,8364,577,148,Good Condition
8228,1935,8365,205,406,Good Condition
8229,1935,8366,103,370,Good Condition
8230,1935,8367,542,491,Good Condition
8231,1935,8368,324,154,Good Condition
8232,1935,8369,596,34,Good Condition
8233,1936,8370,42,275,Good Condition
8234,1936,8371,570,21,Good Condition
8235,1936,8372,488,376,Good Condition
8236,1937,8373,582,214,Good Condition
8237,1937,8374,176,263,Good Condition
8238,1937,8375,577,97,Good Condition
8239,1938,8376,370,460,Good Condition
8240,1938,8377,493,142,Good Condition
8241,1938,8378,483,213,Good Condition
8242,1938,8379,460,455,Good Condition
8243,1938,8380,81,174,Good Condition
8244,1939,8381,418,275,Good Condition
8245,1939,8382,23,49,Good Condition
8246,1940,8383,562,477,Good Condition
8247,1940,8384,153,467,Good Condition
8248,1940,8385,330,269,Good Condition
8249,1940,8386,243,142,Good Condition
8250,1940,8387,54,348,Good Condition
8251,1941,8388,115,71,Good Condition
8252,1941,8389,497,19,Good Condition
8253,1941,8390,147,51,Good Condition
8254,1941,8391,25,249,Good Condition
8255,1941,8392,556,209,Good Condition
8256,1942,8393,535,315,Good Condition
8257,1942,8394,42,216,Good Condition
8258,1942,8395,237,485,Good Condition
8259,1943,8396,81,390,Good Condition
8260,1943,8397,493,195,Good Condition
8261,1943,8398,481,158,Good Condition
8262,1943,8399,236,374,Good Condition
8263,1944,8405,275,387,Good Condition
8264,1944,8406,433,390,Good Condition
8265,1944,8407,566,277,Good Condition
8266,1944,8408,56,209,Good Condition
8267,1944,8409,375,420,Good Condition
8268,1944,8410,188,169,Good Condition
8269,1945,8411,264,125,Good Condition
8270,1945,8412,483,182,Good Condition
8271,1945,8413,308,16,Good Condition
8272,1945,8414,392,261,Good Condition
8273,1945,8415,300,179,Good Condition
8274,1946,8416,115,299,Good Condition
8275,1946,8417,446,426,Good Condition
8276,1947,8418,469,406,Good Condition
8277,1947,8419,483,424,Packaging Damaged
8278,1947,8420,251,128,Good Condition
8279,1947,8421,550,471,Good Condition
8280,1947,8422,439,190,Good Condition
8281,1947,8423,424,438,Good Condition
8282,1948,8424,78,403,Good Condition
8283,1948,8425,300,205,Good Condition
8284,1948,8426,79,249,Good Condition
8285,1948,8427,438,153,Good Condition
8286,1949,8428,182,290,Good Condition
8287,1949,8429,243,69,Packaging Damaged
8288,1949,8430,390,482,Good Condition
8289,1949,8431,237,114,Good Condition
8290,1949,8432,49,415,Good Condition
8291,1949,8433,483,426,Wrong Item Sent
8292,1949,8434,493,422,Good Condition
8293,1950,8435,237,227,Good Condition
8294,1950,8436,335,127,Good Condition
8295,1950,8437,550,449,Good Condition
8296,1951,8438,318,51,Good Condition
8297,1951,8439,146,334,Good Condition
8298,1951,8440,217,295,Good Condition
8299,1951,8441,23,21,Good Condition
8300,1951,8442,87,251,Good Condition
8301,1952,8443,574,316,Good Condition
8302,1952,8444,291,140,Good Condition
8303,1953,8445,87,335,Good Condition
8304,1953,8446,70,9,Wrong Item Sent
8305,1953,8447,583,166,Good Condition
8306,1953,8448,227,470,Good Condition
8307,1953,8449,494,305,Good Condition
8308,1953,8450,12,285,Good Condition
8309,1953,8451,42,240,Good Condition
8310,1953,8452,368,442,Good Condition
8311,1954,8453,185,487,Good Condition
8312,1954,8454,530,262,Good Condition
8313,1954,8455,497,373,Good Condition
8314,1954,8456,244,42,Good Condition
8315,1955,8457,26,48,Good Condition
8316,1955,8458,489,47,Good Condition
8317,1955,8459,444,441,Wrong Item Sent
8318,1955,8460,53,55,Good Condition
8319,1955,8461,119,411,Good Condition
8320,1955,8462,372,448,Good Condition
8321,1956,8463,262,299,Good Condition
8322,1956,8464,393,404,Good Condition
8323,1956,8465,391,232,Good Condition
8324,1956,8466,558,82,Good Condition
8325,1956,8467,202,401,Good Condition
8326,1957,8468,43,316,Good Condition
8327,1957,8469,50,310,Good Condition
8328,1958,8470,524,347,Good Condition
8329,1958,8471,306,40,Good Condition
8330,1958,8472,493,130,Good Condition
8331,1958,8473,568,247,Good Condition
8332,1958,8474,196,431,Good Condition
8333,1959,8475,244,207,Good Condition
8334,1959,8476,29,254,Good Condition
8335,1959,8477,483,31,Good Condition
8336,1960,8478,54,345,Good Condition
8337,1960,8479,550,315,Good Condition
8338,1960,8480,91,486,Good Condition
8339,1960,8481,275,119,Good Condition
8340,1961,8482,258,270,Service Accepted
8341,1961,8483,241,13,Service Accepted
8342,1962,8484,81,231,Good Condition
8343,1963,8485,110,112,Good Condition
8344,1963,8486,82,376,Good Condition
8345,1963,8487,187,178,Good Condition
8346,1963,8488,359,365,Good Condition
8347,1963,8489,372,360,Good Condition
8348,1963,8490,141,269,Good Condition
8349,1963,8491,73,480,Good Condition
8350,1964,8492,62,136,Good Condition
8351,1964,8493,21,55,Good Condition
8352,1964,8494,565,246,Good Condition
8353,1965,8495,446,395,Good Condition
8354,1965,8496,87,392,Good Condition
8355,1965,8497,227,343,Good Condition
8356,1965,8498,377,422,Good Condition
8357,1965,8499,273,178,Good Condition
8358,1966,8500,367,351,Service Accepted
8359,1966,8501,131,60,Service Accepted
8360,1966,8502,200,276,Service Accepted
8361,1966,8503,498,236,Service Accepted
8362,1967,8504,185,71,Good Condition
8363,1967,8505,15,472,Good Condition
8364,1967,8506,48,375,Good Condition
8365,1967,8507,335,213,Good Condition
8366,1968,8508,113,419,Good Condition
8367,1968,8509,324,238,Good Condition
8368,1968,8510,319,369,Good Condition
8369,1968,8511,335,345,Good Condition
8370,1969,8512,296,16,Service Incomplete
8371,1970,8513,43,333,Good Condition
8372,1970,8514,359,264,Good Condition
8373,1970,8515,249,320,Good Condition
8374,1971,8516,43,380,Good Condition
8375,1971,8517,141,229,Good Condition
8376,1972,8518,345,16,Good Condition
8377,1972,8519,514,223,Good Condition
8378,1972,8520,424,320,Good Condition
8379,1972,8521,562,155,Good Condition
8380,1972,8522,167,405,Good Condition
8381,1972,8523,572,379,Dead on Arrival (DOA)
8382,1972,8524,189,289,Good Condition
8383,1972,8525,571,195,Good Condition
8384,1973,8526,293,371,Good Condition
8385,1973,8527,318,85,Good Condition
8386,1973,8528,513,283,Good Condition
8387,1974,8529,217,309,Good Condition
8388,1974,8530,175,401,Good Condition
8389,1974,8531,524,349,Good Condition
8390,1974,8532,519,134,Good Condition
8391,1975,8533,335,232,Good Condition
8392,1975,8534,146,220,Good Condition
8393,1975,8535,319,152,Good Condition
8394,1975,8536,113,449,Good Condition
8395,1975,8537,324,262,Good Condition
8396,1976,8538,568,176,Good Condition
8397,1976,8539,345,42,Good Condition
8398,1976,8540,196,383,Good Condition
8399,1976,8541,455,45,Good Condition
8400,1977,8542,456,93,Good Condition
8401,1977,8543,111,377,Good Condition
8402,1977,8544,462,72,Good Condition
8403,1978,8545,330,241,Good Condition
8404,1978,8546,165,82,Good Condition
8405,1978,8547,103,409,Good Condition
8406,1978,8548,210,207,Good Condition
8407,1979,8549,511,460,Good Condition
8408,1979,8550,137,161,Good Condition
8409,1980,8551,70,260,Good Condition
8410,1980,8552,509,10,Good Condition
8411,1981,8553,498,334,Service Accepted
8412,1981,8554,199,287,Service Accepted
8413,1981,8555,289,89,Service Accepted
8414,1981,8556,276,432,Service Accepted
8415,1981,8557,467,15,Service Accepted
8416,1982,8558,515,380,Good Condition
8417,1982,8559,244,168,Screen Damaged
8418,1982,8560,77,183,Good Condition
8419,1982,8561,359,454,Good Condition
8420,1982,8562,304,211,Good Condition
8421,1983,8563,308,78,Good Condition
8422,1983,8564,374,187,Good Condition
8423,1983,8565,368,308,Good Condition
8424,1983,8566,317,336,Good Condition
8425,1983,8567,300,131,Good Condition
8426,1983,8568,572,314,Good Condition
8427,1983,8569,597,497,Good Condition
8428,1984,8570,115,214,Good Condition
8429,1984,8571,556,303,Good Condition
8430,1985,8572,452,436,Service Accepted
8431,1986,8573,600,237,Good Condition
8432,1986,8574,439,367,Good Condition
8433,1986,8575,57,61,Good Condition
8434,1986,8576,243,434,Good Condition
8435,1986,8577,577,214,Good Condition
8436,1986,8578,543,424,Good Condition
8437,1987,8579,565,302,Good Condition
8438,1988,8580,165,230,Good Condition
8439,1988,8581,597,261,Good Condition
8440,1988,8582,242,473,Good Condition
8441,1988,8583,291,442,Good Condition
8442,1988,8584,293,14,Good Condition
8443,1988,8585,175,471,Dead on Arrival (DOA)
8444,1989,8586,438,45,Good Condition
8445,1989,8587,8,362,Good Condition
8446,1989,8588,178,444,Good Condition
8447,1989,8589,238,202,Good Condition
8448,1990,8590,147,326,Good Condition
8449,1990,8591,242,490,Good Condition
8450,1990,8592,240,437,Good Condition
8451,1990,8593,569,295,Good Condition
8452,1991,8594,455,422,Good Condition
8453,1991,8595,103,288,Good Condition
8454,1991,8596,569,113,Good Condition
8455,1991,8597,147,417,Good Condition
8456,1992,8598,56,480,Good Condition
8457,1992,8599,519,81,Good Condition
8458,1993,8600,129,47,Good Condition
8459,1994,8601,476,238,Good Condition
8460,1994,8602,174,445,Good Condition
8461,1994,8603,462,215,Good Condition
8462,1994,8604,255,342,Good Condition
8463,1994,8605,38,457,Good Condition
8464,1994,8606,153,134,Dead on Arrival (DOA)
8465,1994,8607,10,482,Good Condition
8466,1994,8608,54,181,Good Condition
8467,1994,8609,425,477,Good Condition
8468,1995,8610,577,449,Good Condition
8469,1995,8611,301,93,Good Condition
8470,1995,8612,558,480,Good Condition
8471,1995,8613,538,494,Good Condition
8472,1996,8614,43,176,Good Condition
8473,1996,8615,141,277,Good Condition
8474,1996,8616,460,221,Good Condition
8475,1996,8617,391,454,Good Condition
8476,1996,8618,469,44,Good Condition
8477,1996,8619,409,292,Good Condition
8478,1997,8620,179,198,Good Condition
8479,1998,8621,110,197,Good Condition
8480,1998,8622,572,94,Good Condition
8481,1998,8623,317,113,Good Condition
8482,1998,8624,368,33,Good Condition
8483,1998,8625,352,333,Good Condition
8484,1998,8626,308,428,Good Condition
8485,1998,8627,597,245,Good Condition
8486,1999,8628,419,484,Good Condition
8487,1999,8629,578,156,Dead on Arrival (DOA)
8488,1999,8630,335,150,Good Condition
8489,1999,8631,579,377,Good Condition
8490,1999,8632,41,184,Good Condition
8491,1999,8633,306,167,Good Condition
8492,2000,8634,476,170,Good Condition
8493,2000,8635,300,102,Good Condition
8494,2000,8636,543,93,Good Condition
8495,2000,8637,50,86,Good Condition
8496,2000,8638,558,279,Good Condition
8497,2001,8639,210,304,Good Condition
8498,2001,8640,570,67,Good Condition
8499,2001,8641,126,141,Good Condition
8500,2001,8642,146,61,Good Condition
8501,2002,8643,378,36,Service Accepted
8502,2003,8644,334,435,Good Condition
8503,2003,8645,291,475,Packaging Damaged
8504,2003,8646,166,257,Good Condition
8505,2004,8647,464,359,Service Accepted
8506,2004,8648,555,387,Service Accepted
8507,2005,8649,202,205,Good Condition
8508,2005,8650,203,317,Good Condition
8509,2005,8651,508,469,Good Condition
8510,2005,8652,59,32,Minor Defect - Accepted
8511,2005,8653,41,293,Good Condition
8512,2006,8654,43,126,Screen Damaged
8513,2006,8655,391,318,Good Condition
8514,2006,8656,255,79,Good Condition
8515,2006,8657,50,229,Good Condition
8516,2007,8658,233,447,Service Accepted
8517,2007,8659,501,53,Service Accepted
8518,2007,8660,177,113,Service Accepted
8519,2007,8661,220,387,Service Accepted
8520,2008,8662,326,363,Service Accepted
8521,2008,8663,72,463,Service Accepted
8522,2009,8664,212,309,Service Accepted
8523,2009,8665,501,307,Service Accepted
8524,2009,8666,51,261,Service Accepted
8525,2009,8667,289,338,Service Incomplete
8526,2009,8668,220,193,Service Incomplete
8527,2009,8669,177,410,Service Accepted
8528,2010,8670,245,490,Good Condition
8529,2010,8671,120,191,Good Condition
8530,2010,8672,315,435,Good Condition
8531,2010,8673,387,484,Service Accepted
8532,2010,8674,500,359,Good Condition
8533,2010,8675,274,427,Service Accepted
8534,2010,8676,270,87,Good Condition
8535,2011,8677,28,142,Good Condition
8536,2011,8678,450,121,Good Condition
8537,2012,8679,471,53,Good Condition
8538,2012,8680,444,158,Good Condition
8539,2012,8681,551,88,Good Condition
8540,2012,8682,424,196,Good Condition
8541,2012,8683,42,199,Good Condition
8542,2012,8684,217,220,Good Condition
8543,2012,8685,519,189,Good Condition
8544,2013,8686,136,83,Service Accepted
8545,2013,8687,39,55,Service Accepted
8546,2013,8688,361,316,Service Accepted
8547,2013,8689,473,383,Service Accepted
8548,2013,8690,378,133,Service Accepted
8549,2014,8691,258,251,Service Accepted
8550,2014,8692,398,311,Good Condition
8551,2014,8693,431,41,Good Condition
8552,2014,8694,101,244,Service Accepted
8553,2014,8695,97,221,Service Accepted
8554,2015,8696,251,300,Packaging Damaged
8555,2015,8697,157,153,Good Condition
8556,2016,8698,28,342,Good Condition
8557,2016,8699,170,291,Good Condition
8558,2017,8700,49,301,Good Condition
8559,2017,8701,383,192,Good Condition
8560,2018,8702,291,447,Good Condition
8561,2018,8703,293,54,Good Condition
8562,2019,8704,424,29,Good Condition
8563,2020,8705,287,111,Good Condition
8564,2020,8706,201,458,Good Condition
8565,2020,8707,574,229,Good Condition
8566,2020,8708,23,383,Good Condition
8567,2020,8709,42,81,Good Condition
8568,2021,8710,514,393,Good Condition
8569,2021,8711,582,477,Good Condition
8570,2021,8712,490,84,Good Condition
8571,2021,8713,483,245,Good Condition
8572,2021,8714,189,164,Good Condition
8573,2021,8715,562,193,Good Condition
8574,2021,8716,424,234,Good Condition
8575,2022,8717,282,173,Good Condition
8576,2023,8718,227,145,Good Condition
8577,2023,8719,301,137,Good Condition
8578,2024,8720,501,366,Service Accepted
8579,2024,8721,1,445,Good Condition
8580,2024,8722,133,247,Service Accepted
8581,2024,8723,563,425,Good Condition
8582,2024,8724,536,14,Good Condition
8583,2025,8725,574,434,Good Condition
8584,2026,8726,251,362,Good Condition
8585,2026,8727,192,95,Good Condition
8586,2026,8728,416,273,Good Condition
8587,2026,8729,480,375,Good Condition
8588,2027,8730,430,319,Service Accepted
8589,2027,8731,183,157,Service Accepted
8590,2027,8732,281,242,Service Accepted
8591,2027,8733,97,205,Service Accepted
8592,2027,8734,423,62,Service Accepted
8593,2027,8735,295,381,Service Accepted
8594,2028,8736,346,10,Good Condition
8595,2028,8737,304,56,Good Condition
8596,2028,8738,474,182,Good Condition
8597,2028,8739,515,471,Good Condition
8598,2028,8740,77,34,Good Condition
8599,2029,8741,26,312,Good Condition
8600,2029,8742,571,412,Good Condition
8601,2029,8743,368,62,Good Condition
8602,2029,8744,33,198,Good Condition
8603,2030,8745,84,257,Good Condition
8604,2030,8746,249,395,Good Condition
8605,2030,8747,201,368,Good Condition
8606,2030,8748,301,467,Good Condition
8607,2031,8749,368,242,Good Condition
8608,2031,8750,375,195,Good Condition
8609,2031,8751,53,123,Wrong Item Sent
8610,2032,8752,287,176,Good Condition
8611,2033,8753,467,161,Service Accepted
8612,2034,8754,483,178,Good Condition
8613,2034,8755,524,79,Good Condition
8614,2035,8756,125,121,Good Condition
8615,2035,8757,201,260,Good Condition
8616,2035,8758,127,171,Good Condition
8617,2035,8759,553,187,Good Condition
8618,2035,8760,304,52,Good Condition
8619,2035,8761,206,48,Good Condition
8620,2035,8762,416,156,Good Condition
8621,2035,8763,232,271,Good Condition
8622,2036,8764,499,354,Good Condition
8623,2036,8765,165,320,Good Condition
8624,2036,8766,84,100,Good Condition
8625,2036,8767,102,202,Dead on Arrival (DOA)
8626,2036,8768,25,397,Good Condition
8627,2036,8769,48,79,Good Condition
8628,2036,8770,371,43,Good Condition
8629,2037,8771,582,152,Good Condition
8630,2038,8772,23,211,Good Condition
8631,2038,8773,111,400,Good Condition
8632,2038,8774,392,411,Good Condition
8633,2038,8775,418,142,Good Condition
8634,2038,8776,201,259,Good Condition
8635,2039,8777,210,109,Good Condition
8636,2039,8778,456,258,Good Condition
8637,2039,8779,422,72,Good Condition
8638,2039,8780,111,261,Rejected - Quality Failure
8639,2039,8781,290,106,Rejected - Quality Failure
8640,2040,8782,289,30,Service Accepted
8641,2040,8783,361,149,Service Accepted
8642,2040,8784,430,166,Service Accepted
8643,2040,8785,37,39,Service Accepted
8644,2040,8786,540,255,Service Accepted
8645,2040,8787,452,268,Service Accepted
8646,2040,8788,94,343,Service Accepted
8647,2040,8789,133,328,Service Accepted
8648,2041,8790,133,239,Service Accepted
8649,2041,8791,498,183,Service Incomplete
8650,2041,8792,427,479,Service Accepted
8651,2041,8793,72,229,Service Accepted
8652,2041,8794,348,265,Service Accepted
8653,2041,8795,451,149,Service Accepted
8654,2042,8796,53,66,Good Condition
8655,2042,8797,375,367,Good Condition
8656,2042,8798,33,167,Good Condition
8657,2042,8799,571,444,Good Condition
8658,2042,8800,26,213,Good Condition
8659,2042,8801,368,56,Good Condition
8660,2043,8802,314,230,Good Condition
8661,2043,8803,426,370,Good Condition
8662,2044,8804,56,150,Good Condition
8663,2044,8805,570,231,Good Condition
8664,2044,8806,578,280,Good Condition
8665,2044,8807,598,28,Good Condition
8666,2044,8808,580,339,Good Condition
8667,2044,8809,319,97,Good Condition
8668,2045,8810,566,470,Good Condition
8669,2045,8811,393,28,Good Condition
8670,2045,8812,80,209,Good Condition
8671,2045,8813,569,294,Good Condition
8672,2045,8814,438,482,Good Condition
8673,2045,8815,388,175,Good Condition
8674,2045,8816,70,213,Wrong Item Sent
8675,2045,8817,128,374,Packaging Damaged
8676,2046,8818,285,399,Good Condition
8677,2046,8819,202,482,Good Condition
8678,2046,8820,129,270,Good Condition
8679,2046,8821,243,345,Good Condition
8680,2046,8822,483,172,Good Condition
8681,2046,8823,265,17,Good Condition
8682,2047,8824,306,150,Good Condition
8683,2047,8825,597,210,Good Condition
8684,2047,8826,370,262,Good Condition
8685,2047,8827,172,453,Good Condition
8686,2048,8828,82,287,Good Condition
8687,2048,8829,359,288,Good Condition
8688,2048,8830,141,484,Dead on Arrival (DOA)
8689,2049,8831,368,38,Good Condition
8690,2049,8832,242,225,Good Condition
8691,2049,8833,534,441,Good Condition
8692,2049,8834,407,117,Good Condition
8693,2049,8835,396,187,Good Condition
8694,2050,8836,438,407,Good Condition
8695,2050,8837,12,309,Good Condition
8696,2050,8838,254,25,Good Condition
8697,2050,8839,240,379,Good Condition
8698,2050,8840,185,405,Good Condition
8699,2050,8841,38,99,Good Condition
8700,2051,8842,103,449,Good Condition
8701,2052,8843,290,408,Good Condition
8702,2052,8844,240,36,Good Condition
8703,2052,8845,147,365,Good Condition
8704,2053,8846,96,376,Service Accepted
8705,2053,8847,281,249,Service Accepted
8706,2054,8848,72,266,Service Accepted
8707,2054,8849,274,50,Service Accepted
8708,2054,8850,27,463,Service Accepted
8709,2054,8851,96,204,Service Accepted
8710,2055,8852,158,422,Good Condition
8711,2056,8853,456,298,Good Condition
8712,2056,8854,158,372,Good Condition
8713,2056,8855,462,75,Good Condition
8714,2056,8856,317,266,Good Condition
8715,2057,8857,593,131,Good Condition
8716,2057,8858,357,337,Good Condition
8717,2057,8859,211,262,Good Condition
8718,2057,8860,399,84,Good Condition
8719,2057,8861,550,341,Good Condition
8720,2057,8862,377,123,Good Condition
8721,2057,8863,565,405,Good Condition
8722,2057,8864,449,199,Good Condition
8723,2057,8865,556,390,Good Condition
8724,2058,8866,147,87,Good Condition
8725,2058,8867,497,367,Good Condition
8726,2058,8868,556,20,Good Condition
8727,2058,8869,115,191,Good Condition
8728,2058,8870,25,284,Good Condition
8729,2059,8871,368,171,Good Condition
8730,2059,8872,53,149,Good Condition
8731,2059,8873,375,202,Good Condition
8732,2060,8874,58,262,Good Condition
8733,2060,8875,83,204,Good Condition
8734,2060,8876,213,269,Good Condition
8735,2061,8877,486,194,Good Condition
8736,2061,8878,13,145,Good Condition
8737,2061,8879,41,394,Good Condition
8738,2061,8880,375,108,Good Condition
8739,2061,8881,572,302,Good Condition
8740,2061,8882,129,333,Good Condition
8741,2062,8883,35,476,Service Accepted
8742,2062,8884,137,118,Good Condition
8743,2062,8885,313,386,Service Accepted
8744,2062,8886,209,396,Service Accepted
8745,2062,8887,156,122,Service Accepted
8746,2063,8888,233,359,Service Accepted
8747,2063,8889,555,398,Service Accepted
8748,2063,8890,532,392,Service Accepted
8749,2063,8891,190,191,Service Accepted
8750,2063,8892,274,155,Service Accepted
8751,2063,8893,414,399,Service Accepted
8752,2064,8894,176,94,Good Condition
8753,2064,8895,129,79,Good Condition
8754,2064,8896,54,438,Good Condition
8755,2064,8897,562,317,Good Condition
8756,2064,8898,455,397,Good Condition
8757,2064,8899,243,431,Good Condition
8758,2065,8900,294,51,Service Accepted
8759,2066,8901,474,412,Good Condition
8760,2067,8902,582,395,Good Condition
8761,2067,8903,4,361,Good Condition
8762,2067,8904,176,103,Good Condition
8763,2067,8905,550,71,Good Condition
8764,2068,8906,87,470,Good Condition
8765,2068,8907,273,332,Good Condition
8766,2068,8908,377,252,Good Condition
8767,2068,8909,562,134,Good Condition
8768,2068,8910,227,212,Good Condition
8769,2069,8911,579,61,Good Condition
8770,2069,8912,424,264,Good Condition
8771,2069,8913,352,472,Good Condition
8772,2069,8914,368,155,Good Condition
8773,2070,8915,550,483,Good Condition
8774,2070,8916,71,15,Packaging Damaged
8775,2071,8917,363,190,Good Condition
8776,2071,8918,441,243,Good Condition
8777,2071,8919,375,362,Good Condition
8778,2071,8920,494,19,Good Condition
8779,2071,8921,227,499,Good Condition
8780,2071,8922,534,172,Good Condition
8781,2072,8923,244,232,Good Condition
8782,2072,8924,77,478,Good Condition
8783,2072,8925,346,367,Good Condition
8784,2073,8926,423,271,Service Accepted
8785,2073,8927,405,194,Service Accepted
8786,2073,8928,183,457,Service Accepted
8787,2073,8929,281,146,Service Accepted
8788,2073,8930,430,280,Service Accepted
8789,2074,8931,146,311,Good Condition
8790,2074,8932,432,279,Dead on Arrival (DOA)
8791,2074,8933,210,15,Good Condition
8792,2074,8934,126,452,Good Condition
8793,2075,8935,77,215,Good Condition
8794,2075,8936,151,62,Good Condition
8795,2075,8937,146,258,Good Condition
8796,2075,8938,202,17,Good Condition
8797,2075,8939,416,209,Good Condition
8798,2075,8940,197,370,Good Condition
8799,2076,8941,36,329,Service Accepted
8800,2076,8942,465,59,Service Accepted
8801,2076,8943,200,355,Service Accepted
8802,2076,8944,139,98,Service Accepted
8803,2076,8945,502,405,Service Accepted
8804,2077,8952,540,469,Service Accepted
8805,2077,8953,281,141,Service Accepted
8806,2078,8954,424,367,Good Condition
8807,2079,8955,392,363,Good Condition
8808,2079,8956,363,465,Good Condition
8809,2079,8957,550,24,Packaging Damaged
8810,2080,8958,119,315,Good Condition
8811,2081,8959,60,120,Good Condition
8812,2081,8960,69,19,Good Condition
8813,2082,8961,64,230,Good Condition
8814,2082,8962,100,396,Good Condition
8815,2082,8963,302,140,Service Accepted
8816,2082,8964,181,292,Service Accepted
8817,2082,8965,475,32,Service Accepted
8818,2082,8966,90,63,Good Condition
8819,2083,8967,179,415,Good Condition
8820,2083,8968,499,291,Good Condition
8821,2084,8969,366,427,Good Condition
8822,2084,8970,167,172,Good Condition
8823,2084,8971,474,10,Good Condition
8824,2085,8972,227,90,Good Condition
8825,2085,8973,87,468,Good Condition
8826,2085,8974,562,424,Good Condition
8827,2085,8975,446,354,Good Condition
8828,2085,8976,273,38,Good Condition
8829,2085,8977,377,220,Good Condition
8830,2086,8978,142,427,Service Accepted
8831,2086,8979,452,447,Service Accepted
8832,2087,8980,368,108,Good Condition
8833,2087,8981,103,242,Good Condition
8834,2087,8982,444,448,Good Condition
8835,2087,8983,308,102,Good Condition
8836,2087,8984,352,421,Good Condition
8837,2087,8985,579,314,Good Condition
8838,2088,8986,575,214,Service Accepted
8839,2088,8987,46,350,Service Accepted
8840,2088,8988,502,417,Service Accepted
8841,2088,8989,414,62,Service Accepted
8842,2088,8990,573,133,Service Accepted
8843,2088,8991,295,118,Service Accepted
8844,2088,8992,114,141,Service Accepted
8845,2089,8993,419,234,Good Condition
8846,2089,8994,509,62,Good Condition
8847,2089,8995,493,451,Good Condition
8848,2089,8996,151,74,Minor Defect - Accepted
8849,2089,8997,192,133,Good Condition
8850,2089,8998,483,33,Good Condition
8851,2089,8999,449,497,Good Condition
8852,2090,9000,483,447,Good Condition
8853,2091,9001,175,357,Good Condition
8854,2091,9002,399,116,Good Condition
8855,2091,9003,335,58,Good Condition
8856,2091,9004,377,333,Good Condition
8857,2091,9005,211,323,Good Condition
8858,2092,9006,318,277,Good Condition
8859,2092,9007,480,67,Good Condition
8860,2092,9008,217,171,Good Condition
8861,2092,9009,87,247,Good Condition
8862,2092,9010,146,161,Good Condition
8863,2093,9011,114,213,Service Accepted
8864,2093,9012,545,130,Service Accepted
8865,2093,9013,190,212,Service Accepted
8866,2093,9014,487,352,Service Accepted
8867,2093,9015,532,74,Service Accepted
8868,2093,9016,274,69,Service Accepted
8869,2093,9017,347,176,Service Accepted
8870,2093,9018,36,13,Service Accepted
8871,2094,9019,194,124,Good Condition
8872,2094,9020,141,240,Dead on Arrival (DOA)
8873,2094,9021,21,475,Good Condition
8874,2095,9022,176,136,Good Condition
8875,2096,9023,70,83,Good Condition
8876,2096,9024,424,26,Good Condition
8877,2096,9025,80,187,Good Condition
8878,2096,9026,445,350,Good Condition
8879,2096,9027,541,488,Good Condition
8880,2096,9028,450,355,Good Condition
8881,2096,9029,408,365,Good Condition
8882,2096,9030,50,467,Good Condition
8883,2097,9031,450,89,Good Condition
8884,2097,9032,165,323,Good Condition
8885,2097,9033,304,123,Good Condition
8886,2098,9034,185,245,Good Condition
8887,2098,9035,407,122,Good Condition
8888,2098,9036,79,84,Good Condition
8889,2098,9037,242,413,Good Condition
8890,2098,9038,489,126,Good Condition
8891,2098,9039,151,349,Good Condition
8892,2099,9040,474,14,Good Condition
8893,2100,9041,281,425,Service Accepted
8894,2100,9042,173,272,Service Accepted
8895,2100,9043,231,143,Service Incomplete
8896,2100,9044,276,186,Service Incomplete
8897,2101,9045,70,168,Good Condition
8898,2101,9046,419,123,Good Condition
8899,2101,9047,562,10,Good Condition
8900,2101,9048,493,488,Good Condition
8901,2102,9049,203,338,Wrong Item Sent
8902,2102,9050,38,98,Good Condition
8903,2102,9051,455,268,Good Condition
8904,2102,9052,393,105,Packaging Damaged
8905,2102,9053,196,128,Good Condition
8906,2102,9054,568,204,Good Condition
8907,2103,9055,167,414,Good Condition
8908,2103,9056,542,190,Good Condition
8909,2104,9057,476,344,Good Condition
8910,2104,9058,300,288,Good Condition
8911,2104,9059,543,210,Good Condition
8912,2104,9060,568,155,Good Condition
8913,2104,9061,558,411,Good Condition
8914,2105,9062,367,251,Service Accepted
8915,2105,9063,451,37,Service Accepted
8916,2105,9064,200,215,Service Accepted
8917,2105,9065,498,80,Service Accepted
8918,2106,9066,176,118,Good Condition
8919,2106,9067,462,41,Good Condition
8920,2106,9068,446,26,Good Condition
8921,2106,9069,115,495,Good Condition
8922,2106,9070,400,149,Good Condition
8923,2106,9071,232,253,Good Condition
8924,2106,9072,488,271,Dead on Arrival (DOA)
8925,2107,9073,187,223,Good Condition
8926,2107,9074,471,239,Rejected - Quality Failure
8927,2107,9075,499,143,Good Condition
8928,2107,9076,324,127,Rejected - Quality Failure
8929,2108,9077,508,418,Good Condition
8930,2108,9078,572,265,Good Condition
8931,2109,9079,530,417,Good Condition
8932,2110,9080,232,122,Good Condition
8933,2110,9081,515,461,Good Condition
8934,2110,9082,62,72,Good Condition
8935,2111,9083,519,137,Good Condition
8936,2111,9084,444,318,Good Condition
8937,2111,9085,113,276,Good Condition
8938,2111,9086,26,382,Good Condition
8939,2112,9087,167,223,Good Condition
8940,2112,9088,469,293,Good Condition
8941,2113,9089,131,57,Service Accepted
8942,2113,9090,367,128,Service Accepted
8943,2113,9091,498,148,Service Accepted
8944,2113,9092,451,430,Service Accepted
8945,2114,9093,391,214,Rejected - Quality Failure
8946,2114,9094,262,450,Rejected - Quality Failure
8947,2114,9095,202,249,Good Condition
8948,2114,9096,462,173,Good Condition
8949,2114,9097,480,454,Good Condition
8950,2114,9098,558,34,Rejected - Quality Failure
8951,2115,9099,317,340,Good Condition
8952,2116,9100,236,486,Good Condition
8953,2116,9101,42,43,Good Condition
8954,2116,9102,201,21,Good Condition
8955,2116,9103,392,163,Good Condition
8956,2116,9104,23,77,Good Condition
8957,2116,9105,578,452,Good Condition
8958,2116,9106,418,253,Good Condition
8959,2116,9107,170,34,Good Condition
8960,2117,9108,359,344,Good Condition
8961,2117,9109,249,199,Good Condition
8962,2118,9110,529,144,Service Accepted
8963,2118,9111,248,451,Service Accepted
8964,2118,9112,55,340,Service Accepted
8965,2118,9113,96,66,Service Accepted
8966,2118,9114,85,420,Service Accepted
8967,2118,9115,72,434,Service Accepted
8968,2118,9116,27,359,Service Accepted
8969,2119,9117,488,62,Good Condition
8970,2119,9118,462,474,Good Condition
8971,2119,9119,77,143,Good Condition
8972,2119,9120,360,210,Good Condition
8973,2119,9121,570,355,Good Condition
8974,2120,9122,478,438,Service Disputed
8975,2120,9123,281,263,Service Accepted
8976,2120,9124,378,77,Service Accepted
8977,2120,9125,452,254,Service Accepted
8978,2120,9126,37,75,Service Accepted
8979,2120,9127,289,415,Service Accepted
8980,2120,9128,288,242,Service Accepted
8981,2120,9129,199,237,Service Accepted
8982,2120,9130,68,14,Service Incomplete
8983,2121,9131,582,159,Dead on Arrival (DOA)
8984,2121,9132,189,223,Good Condition
8985,2121,9133,562,485,Good Condition
8986,2122,9134,566,336,Good Condition
8987,2122,9135,535,435,Minor Defect - Accepted
8988,2122,9136,418,134,Good Condition
8989,2122,9137,588,386,Good Condition
8990,2123,9138,201,184,Good Condition
8991,2123,9139,84,204,Screen Damaged
8992,2123,9140,159,201,Good Condition
8993,2123,9141,187,259,Good Condition
8994,2123,9142,160,94,Good Condition
8995,2123,9143,54,202,Good Condition
8996,2124,9144,508,135,Good Condition
8997,2124,9145,108,98,Good Condition
8998,2124,9146,543,444,Good Condition
8999,2125,9147,62,301,Good Condition
9000,2125,9148,597,259,Good Condition
9001,2125,9149,110,219,Good Condition
9002,2126,9150,23,489,Good Condition
9003,2126,9151,567,154,Good Condition
9004,2126,9152,426,69,Good Condition
9005,2126,9153,553,275,Good Condition
9006,2127,9154,359,378,Good Condition
9007,2127,9155,244,427,Good Condition
9008,2127,9156,77,360,Good Condition
9009,2127,9157,515,67,Good Condition
9010,2127,9158,304,349,Good Condition
9011,2127,9159,474,292,Good Condition
9012,2128,9160,325,189,Good Condition
9013,2128,9161,154,436,Good Condition
9014,2128,9162,33,473,Wrong Item Sent
9015,2128,9163,433,496,Good Condition
9016,2128,9164,374,177,Good Condition
9017,2129,9165,317,186,Good Condition
9018,2129,9166,141,101,Good Condition
9019,2129,9167,560,65,Good Condition
9020,2129,9168,406,164,Good Condition
9021,2129,9169,160,62,Good Condition
9022,2130,9170,549,460,Service Accepted
9023,2130,9171,94,352,Service Accepted
9024,2130,9172,246,414,Good Condition
9025,2131,9173,110,328,Good Condition
9026,2131,9174,15,166,Good Condition
9027,2132,9175,544,250,Good Condition
9028,2133,9176,588,84,Good Condition
9029,2134,9177,340,203,Good Condition
9030,2134,9178,317,207,Good Condition
9031,2134,9179,409,19,Good Condition
9032,2134,9180,582,65,Good Condition
9033,2134,9181,550,327,Good Condition
9034,2134,9182,126,433,Good Condition
9035,2135,9183,471,307,Rejected - Quality Failure
9036,2135,9184,122,213,Good Condition
9037,2135,9185,499,337,Good Condition
9038,2135,9186,102,352,Rejected - Quality Failure
9039,2135,9187,111,212,Rejected - Quality Failure
9040,2136,9188,90,231,Good Condition
9041,2136,9189,544,344,Good Condition
9042,2136,9190,382,301,Good Condition
9043,2136,9191,164,283,Good Condition
9044,2136,9192,452,457,Service Accepted
9045,2136,9193,100,199,Good Condition
9046,2137,9194,502,60,Service Accepted
9047,2137,9195,139,156,Service Accepted
9048,2137,9196,35,104,Service Accepted
9049,2137,9197,294,296,Service Accepted
9050,2137,9198,36,372,Service Incomplete
9051,2137,9199,148,61,Service Accepted
9052,2137,9200,200,221,Service Accepted
9053,2137,9201,51,322,Service Accepted
9054,2137,9202,465,371,Service Accepted
9055,2138,9203,418,245,Good Condition
9056,2138,9204,227,36,Good Condition
9057,2138,9205,287,255,Good Condition
9058,2138,9206,413,60,Good Condition
9059,2138,9207,42,379,Good Condition
9060,2138,9208,185,140,Good Condition
9061,2138,9209,541,497,Good Condition
9062,2138,9210,141,290,Good Condition
9063,2138,9211,13,146,Good Condition
9064,2139,9212,6,210,Service Accepted
9065,2139,9213,181,441,Service Accepted
9066,2139,9214,164,366,Good Condition
9067,2139,9215,544,463,Good Condition
9068,2140,9216,558,236,Good Condition
9069,2140,9217,568,407,Good Condition
9070,2140,9218,543,120,Good Condition
9071,2141,9219,570,492,Good Condition
9072,2141,9220,77,38,Good Condition
9073,2141,9221,303,443,Good Condition
9074,2141,9222,462,287,Good Condition
9075,2141,9223,42,373,Good Condition
9076,2141,9224,488,322,Good Condition
9077,2141,9225,419,258,Good Condition
9078,2142,9226,530,55,Good Condition
9079,2142,9227,515,293,Good Condition
9080,2142,9228,304,67,Good Condition
9081,2142,9229,119,79,Good Condition
9082,2142,9230,578,259,Good Condition
9083,2143,9231,351,443,Service Accepted
9084,2143,9232,341,399,Good Condition
9085,2143,9233,173,428,Service Accepted
9086,2143,9234,294,304,Service Accepted
9087,2143,9235,342,425,Service Accepted
9088,2144,9236,189,212,Good Condition
9089,2144,9237,146,288,Good Condition
9090,2144,9238,126,413,Good Condition
9091,2145,9239,577,182,Good Condition
9092,2145,9240,103,268,Good Condition
9093,2145,9241,560,221,Good Condition
9094,2145,9242,335,420,Good Condition
9095,2145,9243,571,63,Good Condition
9096,2145,9244,542,86,Good Condition
9097,2146,9245,531,348,Service Accepted
9098,2146,9246,545,155,Service Accepted
9099,2146,9247,415,195,Service Accepted
9100,2146,9248,233,282,Service Accepted
9101,2146,9249,347,170,Service Accepted
9102,2146,9250,114,92,Service Accepted
9103,2146,9251,190,217,Service Accepted
9104,2146,9252,326,489,Service Accepted
9105,2147,9253,324,458,Good Condition
9106,2147,9254,70,133,Good Condition
9107,2147,9255,574,66,Good Condition
9108,2147,9256,596,442,Good Condition
9109,2148,9257,597,157,Good Condition
9110,2148,9258,508,321,Good Condition
9111,2148,9259,87,221,Good Condition
9112,2148,9260,515,376,Good Condition
9113,2148,9261,203,107,Good Condition
9114,2148,9262,489,237,Good Condition
9115,2148,9263,202,42,Good Condition
9116,2148,9264,59,40,Good Condition
9117,2149,9265,393,264,Good Condition
9118,2149,9266,462,92,Good Condition
9119,2149,9267,480,111,Good Condition
9120,2149,9268,262,174,Rejected - Quality Failure
9121,2149,9269,558,198,Rejected - Quality Failure
9122,2150,9270,438,287,Packaging Damaged
9123,2150,9271,460,248,Good Condition
9124,2150,9272,78,124,Good Condition
9125,2150,9273,43,370,Good Condition
9126,2150,9274,41,150,Good Condition
9127,2150,9275,275,456,Good Condition
9128,2150,9276,543,73,Good Condition
9129,2150,9277,413,225,Good Condition
9130,2151,9278,489,299,Good Condition
9131,2151,9279,273,460,Good Condition
9132,2151,9280,588,414,Good Condition
9133,2151,9281,372,77,Good Condition
9134,2151,9282,519,484,Packaging Damaged
9135,2152,9283,540,244,Service Accepted
9136,2152,9284,554,164,Service Accepted
9137,2152,9285,326,128,Service Accepted
9138,2152,9286,72,82,Service Accepted
9139,2152,9287,274,337,Service Accepted
9140,2153,9288,398,31,Good Condition
9141,2154,9289,102,131,Good Condition
9142,2154,9290,215,266,Good Condition
9143,2154,9291,153,245,Good Condition
9144,2154,9292,23,207,Good Condition
9145,2155,9293,235,232,Good Condition
9146,2156,9294,345,378,Good Condition
9147,2156,9295,508,21,Good Condition
9148,2156,9296,50,231,Good Condition
9149,2156,9297,108,239,Dead on Arrival (DOA)
9150,2156,9298,175,143,Good Condition
9151,2156,9299,151,392,Good Condition
9152,2157,9300,258,267,Service Accepted
9153,2157,9301,348,454,Service Accepted
9154,2157,9302,402,428,Service Accepted
9155,2157,9303,430,42,Service Accepted
9156,2157,9304,475,456,Service Incomplete
9157,2157,9305,183,263,Service Accepted
9158,2158,9306,501,228,Service Accepted
9159,2158,9307,51,87,Service Accepted
9160,2158,9308,177,460,Service Accepted
9161,2158,9309,289,386,Service Accepted
9162,2159,9310,366,84,Good Condition
9163,2159,9311,512,217,Good Condition
9164,2159,9312,597,142,Minor Defect - Accepted
9165,2159,9313,494,119,Good Condition
9166,2159,9314,317,102,Good Condition
9167,2159,9315,534,332,Good Condition
9168,2159,9316,424,148,Good Condition
9169,2159,9317,59,181,Good Condition
9170,2160,9318,571,339,Good Condition
9171,2160,9319,33,283,Good Condition
9172,2161,9320,476,20,Good Condition
9173,2161,9321,127,99,Good Condition
9174,2161,9322,4,448,Good Condition
9175,2161,9323,92,427,Good Condition
9176,2161,9324,134,278,Good Condition
9177,2161,9325,370,383,Good Condition
9178,2161,9326,441,429,Good Condition
9179,2161,9327,568,10,Good Condition
9180,2162,9328,13,311,Minor Defect - Accepted
9181,2162,9329,179,141,Good Condition
9182,2162,9330,541,160,Good Condition
9183,2162,9331,560,376,Good Condition
9184,2163,9332,59,358,Good Condition
9185,2163,9333,391,482,Packaging Damaged
9186,2163,9334,205,216,Good Condition
9187,2163,9335,593,57,Good Condition
9188,2163,9336,242,170,Good Condition
9189,2163,9337,287,243,Good Condition
9190,2164,9338,562,343,Good Condition
9191,2164,9339,273,388,Good Condition
9192,2164,9340,446,416,Good Condition
9193,2165,9341,598,37,Good Condition
9194,2165,9342,391,111,Good Condition
9195,2165,9343,530,179,Good Condition
9196,2165,9344,469,61,Good Condition
9197,2165,9345,89,468,Good Condition
9198,2165,9346,577,198,Good Condition
9199,2165,9347,117,382,Good Condition
9200,2165,9348,460,137,Good Condition
9201,2166,9349,432,24,Good Condition
9202,2166,9350,570,483,Good Condition
9203,2167,9351,517,262,Good Condition
9204,2168,9352,444,243,Good Condition
9205,2169,9353,321,427,Good Condition
9206,2169,9354,481,240,Dead on Arrival (DOA)
9207,2169,9355,505,135,Good Condition
9208,2169,9356,372,102,Good Condition
9209,2169,9357,47,229,Good Condition
9210,2169,9358,91,99,Good Condition
9211,2170,9359,391,323,Good Condition
9212,2170,9360,165,49,Good Condition
9213,2170,9361,175,273,Good Condition
9214,2170,9362,242,161,Good Condition
9215,2171,9363,131,305,Service Accepted
9216,2171,9364,451,392,Service Accepted
9217,2171,9365,200,331,Service Accepted
9218,2171,9366,498,493,Service Accepted
9219,2172,9367,560,300,Good Condition
9220,2172,9368,287,248,Good Condition
9221,2173,9369,276,215,Service Accepted
9222,2174,9370,425,401,Good Condition
9223,2174,9371,508,220,Good Condition
9224,2174,9372,170,390,Good Condition
9225,2174,9373,512,99,Good Condition
9226,2175,9374,289,271,Service Accepted
9227,2175,9375,233,82,Service Accepted
9228,2175,9376,212,363,Service Accepted
9229,2175,9377,358,358,Service Accepted
9230,2176,9378,151,449,Good Condition
9231,2176,9379,547,344,Good Condition
9232,2177,9380,345,361,Good Condition
9233,2177,9381,568,193,Good Condition
9234,2177,9382,306,232,Good Condition
9235,2177,9383,38,108,Good Condition
9236,2177,9384,393,281,Good Condition
9237,2177,9385,203,371,Good Condition
9238,2178,9386,53,321,Good Condition
9239,2178,9387,375,206,Good Condition
9240,2178,9388,33,373,Good Condition
9241,2179,9389,441,97,Good Condition
9242,2180,9390,480,382,Rejected - Quality Failure
9243,2180,9391,202,443,Good Condition
9244,2180,9392,462,308,Good Condition
9245,2180,9393,393,226,Good Condition
9246,2181,9394,556,255,Dead on Arrival (DOA)
9247,2181,9395,352,439,Good Condition
9248,2182,9396,574,321,Good Condition
9249,2182,9397,543,67,Good Condition
9250,2182,9398,291,48,Good Condition
9251,2183,9399,541,298,Good Condition
9252,2183,9400,345,356,Good Condition
9253,2183,9401,70,413,Good Condition
9254,2184,9402,54,41,Good Condition
9255,2184,9403,176,176,Good Condition
9256,2184,9404,330,365,Good Condition
9257,2184,9405,129,181,Good Condition
9258,2185,9406,53,60,Good Condition
9259,2185,9407,588,398,Good Condition
9260,2185,9408,196,487,Wrong Item Sent
9261,2186,9409,335,180,Good Condition
9262,2186,9410,264,491,Good Condition
9263,2186,9411,237,473,Good Condition
9264,2186,9412,550,95,Good Condition
9265,2187,9413,553,88,Good Condition
9266,2187,9414,264,143,Good Condition
9267,2187,9415,60,50,Good Condition
9268,2188,9416,571,32,Good Condition
9269,2188,9417,33,284,Good Condition
9270,2188,9418,26,297,Good Condition
9271,2188,9419,368,481,Good Condition
9272,2189,9420,82,167,Good Condition
9273,2189,9421,43,249,Good Condition
9274,2189,9422,232,429,Good Condition
9275,2189,9423,192,353,Good Condition
9276,2189,9424,23,499,Good Condition
9277,2190,9425,22,405,Good Condition
9278,2190,9426,505,286,Good Condition
9279,2190,9427,481,42,Good Condition
9280,2190,9428,57,50,Screen Damaged
9281,2190,9429,159,208,Good Condition
9282,2190,9430,75,199,Good Condition
9283,2191,9431,304,412,Good Condition
9284,2191,9432,127,259,Good Condition
9285,2191,9433,211,277,Good Condition
9286,2191,9434,25,482,Good Condition
9287,2191,9435,499,478,Good Condition
9288,2191,9436,28,107,Good Condition
9289,2191,9437,396,142,Good Condition
9290,2192,9438,185,359,Packaging Damaged
9291,2193,9439,303,339,Good Condition
9292,2194,9440,48,128,Good Condition
9293,2194,9441,366,153,Good Condition
9294,2194,9442,330,420,Good Condition
9295,2194,9443,580,46,Good Condition
9296,2194,9444,70,359,Good Condition
9297,2194,9445,324,14,Good Condition
9298,2195,9446,296,243,Service Accepted
9299,2195,9447,183,477,Service Accepted
9300,2195,9448,402,154,Service Accepted
9301,2195,9449,348,150,Service Accepted
9302,2195,9450,430,212,Service Accepted
9303,2195,9451,258,486,Service Accepted
9304,2196,9452,156,115,Service Accepted
9305,2196,9453,39,169,Service Accepted
9306,2196,9454,281,354,Service Accepted
9307,2196,9455,540,111,Service Accepted
9308,2197,9456,507,452,Good Condition
9309,2197,9457,501,289,Service Accepted
9310,2197,9458,133,261,Service Accepted
9311,2197,9459,1,40,Good Condition
9312,2197,9460,261,363,Good Condition
9313,2197,9461,503,221,Service Accepted
9314,2198,9462,538,82,Good Condition
9315,2198,9463,335,69,Good Condition
9316,2198,9464,317,117,Good Condition
9317,2199,9465,308,50,Good Condition
9318,2199,9466,141,197,Good Condition
9319,2199,9467,306,392,Good Condition
9320,2199,9468,406,362,Good Condition
9321,2200,9469,123,183,Good Condition
9322,2200,9470,117,306,Good Condition
9323,2200,9471,147,66,Good Condition
9324,2200,9472,366,414,Good Condition
9325,2200,9473,285,284,Good Condition
9326,2200,9474,236,346,Good Condition
9327,2200,9475,110,326,Good Condition
9328,2200,9476,222,151,Good Condition
9329,2201,9477,218,164,Good Condition
9330,2201,9478,599,69,Good Condition
9331,2201,9479,466,271,Good Condition
9332,2201,9480,286,33,Good Condition
9333,2201,9481,332,41,Good Condition
9334,2202,9482,35,408,Service Accepted
9335,2202,9483,511,264,Good Condition
9336,2202,9484,344,100,Good Condition
9337,2202,9485,246,375,Good Condition
9338,2202,9486,156,379,Service Accepted
9339,2203,9487,12,301,Good Condition
9340,2203,9488,206,160,Good Condition
9341,2203,9489,560,270,Rejected - Quality Failure
9342,2203,9490,535,196,Good Condition
9343,2203,9491,480,125,Good Condition
9344,2203,9492,275,266,Good Condition
9345,2203,9493,450,308,Rejected - Quality Failure
9346,2203,9494,243,460,Good Condition
9347,2203,9495,179,68,Good Condition
9348,2204,9496,38,232,Good Condition
9349,2204,9497,568,252,Good Condition
9350,2204,9498,493,464,Good Condition
9351,2204,9499,538,96,Good Condition
9352,2205,9500,596,121,Good Condition
9353,2205,9501,282,288,Dead on Arrival (DOA)
9354,2205,9502,396,124,Good Condition
9355,2205,9503,25,164,Good Condition
9356,2206,9504,217,435,Good Condition
9357,2206,9505,43,200,Good Condition
9358,2206,9506,391,297,Good Condition
9359,2206,9507,50,121,Good Condition
9360,2206,9508,255,377,Good Condition
9361,2207,9509,211,456,Good Condition
9362,2208,9510,103,207,Good Condition
9363,2209,9511,43,47,Good Condition
9364,2210,9512,354,13,Good Condition
9365,2210,9513,10,473,Good Condition
9366,2211,9514,560,316,Good Condition
9367,2211,9515,237,372,Good Condition
9368,2211,9516,12,393,Rejected - Quality Failure
9369,2211,9517,535,250,Good Condition
9370,2212,9518,505,141,Good Condition
9371,2212,9519,91,145,Screen Damaged
9372,2212,9520,372,146,Good Condition
9373,2212,9521,47,348,Good Condition
9374,2213,9522,597,301,Good Condition
9375,2213,9523,370,427,Good Condition
9376,2213,9524,306,371,Good Condition
9377,2214,9525,285,474,Good Condition
9378,2214,9526,232,151,Good Condition
9379,2214,9527,515,244,Good Condition
9380,2214,9528,62,160,Good Condition
9381,2214,9529,567,27,Good Condition
9382,2215,9530,41,112,Good Condition
9383,2215,9531,109,281,Good Condition
9384,2215,9532,543,422,Good Condition
9385,2215,9533,8,321,Packaging Damaged
9386,2215,9534,413,236,Good Condition
9387,2216,9535,583,24,Good Condition
9388,2216,9536,78,102,Good Condition
9389,2217,9537,37,495,Service Accepted
9390,2217,9538,289,145,Service Accepted
9391,2217,9539,452,315,Service Accepted
9392,2217,9540,199,280,Service Accepted
9393,2217,9541,94,45,Service Accepted
9394,2217,9542,133,350,Service Accepted
9395,2217,9543,142,51,Service Accepted
9396,2218,9544,491,410,Good Condition
9397,2218,9545,54,182,Good Condition
9398,2218,9546,300,137,Good Condition
9399,2218,9547,551,24,Good Condition
9400,2218,9548,79,339,Good Condition
9401,2218,9549,41,375,Good Condition
9402,2218,9550,440,320,Good Condition
9403,2219,9551,553,98,Good Condition
9404,2219,9552,505,38,Good Condition
9405,2219,9553,318,232,Good Condition
9406,2219,9554,521,261,Good Condition
9407,2220,9555,167,158,Good Condition
9408,2220,9556,370,214,Good Condition
9409,2220,9557,508,248,Good Condition
9410,2220,9558,449,150,Minor Defect - Accepted
9411,2220,9559,570,39,Good Condition
9412,2220,9560,597,326,Good Condition
9413,2220,9561,424,218,Good Condition
9414,2221,9562,574,139,Good Condition
9415,2221,9563,147,410,Good Condition
9416,2221,9564,160,118,Good Condition
9417,2222,9565,147,141,Good Condition
9418,2223,9566,505,322,Good Condition
9419,2223,9567,521,266,Good Condition
9420,2223,9568,318,97,Good Condition
9421,2224,9569,48,321,Good Condition
9422,2224,9570,15,340,Good Condition
9423,2224,9571,89,407,Good Condition
9424,2224,9572,185,131,Good Condition
9425,2225,9573,556,427,Good Condition
9426,2225,9574,300,353,Good Condition
9427,2225,9575,264,144,Good Condition
9428,2225,9576,23,85,Good Condition
9429,2225,9577,308,203,Good Condition
9430,2226,9578,70,80,Good Condition
9431,2226,9579,345,255,Good Condition
9432,2226,9580,424,133,Good Condition
9433,2227,9581,59,387,Good Condition
9434,2227,9582,494,406,Good Condition
9435,2228,9583,79,302,Good Condition
9436,2228,9584,202,395,Good Condition
9437,2228,9585,525,170,Good Condition
9438,2228,9586,318,36,Good Condition
9439,2228,9587,551,71,Good Condition
9440,2228,9588,300,278,Good Condition
9441,2228,9589,134,166,Packaging Damaged
9442,2228,9590,562,126,Good Condition
9443,2228,9591,62,128,Wrong Item Sent
9444,2229,9592,176,211,Good Condition
9445,2229,9593,317,292,Good Condition
9446,2229,9594,481,157,Dead on Arrival (DOA)
9447,2229,9595,160,306,Good Condition
9448,2229,9596,141,343,Good Condition
9449,2230,9597,562,425,Good Condition
9450,2230,9598,493,141,Good Condition
9451,2231,9599,291,307,Good Condition
9452,2231,9600,175,465,Good Condition
9453,2232,9601,548,117,Good Condition
9454,2232,9602,469,428,Good Condition
9455,2232,9603,530,233,Good Condition
9456,2232,9604,598,140,Good Condition
9457,2232,9605,28,373,Good Condition
9458,2232,9606,577,418,Good Condition
9459,2232,9607,117,492,Good Condition
9460,2232,9608,89,41,Good Condition
9461,2232,9609,460,307,Good Condition
9462,2233,9610,562,227,Rejected - Quality Failure
9463,2233,9611,196,484,Rejected - Quality Failure
9464,2234,9612,476,437,Good Condition
9465,2234,9613,50,394,Minor Defect - Accepted
9466,2234,9614,568,227,Good Condition
9467,2235,9615,177,194,Service Accepted
9468,2235,9616,501,262,Service Accepted
9469,2235,9617,212,256,Service Accepted
9470,2235,9618,289,396,Service Accepted
9471,2235,9619,233,114,Service Accepted
9472,2235,9620,220,421,Service Accepted
9473,2236,9621,359,12,Good Condition
9474,2236,9622,43,437,Good Condition
9475,2237,9623,392,407,Good Condition
9476,2237,9624,306,262,Good Condition
9477,2237,9625,488,452,Good Condition
9478,2237,9626,25,492,Good Condition
9479,2237,9627,550,270,Good Condition
9480,2237,9628,580,452,Good Condition
9481,2237,9629,172,173,Good Condition
9482,2238,9630,375,284,Good Condition
9483,2238,9631,300,418,Good Condition
9484,2239,9632,295,64,Service Accepted
9485,2239,9633,423,296,Service Accepted
9486,2239,9634,281,466,Service Accepted
9487,2239,9635,97,86,Service Accepted
9488,2239,9636,405,485,Service Accepted
9489,2240,9637,556,64,Good Condition
9490,2240,9638,141,135,Good Condition
9491,2240,9639,406,92,Good Condition
9492,2240,9640,160,255,Good Condition
9493,2240,9641,548,204,Good Condition
9494,2241,9642,372,71,Good Condition
9495,2241,9643,588,166,Good Condition
9496,2241,9644,53,44,Good Condition
9497,2241,9645,489,53,Good Condition
9498,2241,9646,26,222,Good Condition
9499,2242,9647,439,500,Good Condition
9500,2243,9648,103,468,Wrong Item Sent
9501,2243,9649,210,364,Good Condition
9502,2243,9650,450,25,Good Condition
9503,2243,9651,165,126,Good Condition
9504,2244,9652,15,255,Good Condition
9505,2244,9653,505,17,Good Condition
9506,2244,9654,335,196,Good Condition
9507,2244,9655,185,187,Good Condition
9508,2244,9656,491,186,Good Condition
9509,2245,9657,465,258,Service Accepted
9510,2245,9658,35,118,Service Accepted
9511,2245,9659,36,92,Service Accepted
9512,2245,9660,200,13,Service Accepted
9513,2246,9661,281,140,Service Accepted
9514,2246,9662,295,349,Service Accepted
9515,2246,9663,405,133,Service Accepted
9516,2246,9664,97,235,Service Accepted
9517,2247,9665,211,196,Good Condition
9518,2247,9666,550,202,Good Condition
9519,2248,9667,432,259,Good Condition
9520,2248,9668,126,14,Good Condition
9521,2248,9669,146,282,Good Condition
9522,2249,9670,330,362,Good Condition
9523,2250,9671,418,321,Good Condition
9524,2251,9672,502,404,Service Accepted
9525,2251,9673,200,500,Service Accepted
9526,2251,9674,139,49,Service Accepted
9527,2251,9675,36,407,Service Accepted
9528,2252,9679,497,97,Good Condition
9529,2252,9680,25,322,Good Condition
9530,2252,9681,147,453,Good Condition
9531,2252,9682,115,26,Good Condition
9532,2253,9683,452,185,Service Accepted
9533,2253,9684,36,284,Service Accepted
9534,2254,9685,450,16,Good Condition
9535,2254,9686,70,422,Good Condition
9536,2254,9687,408,169,Good Condition
9537,2254,9688,50,204,Good Condition
9538,2255,9689,587,96,Good Condition
9539,2255,9690,163,156,Service Accepted
9540,2255,9691,279,209,Service Accepted
9541,2255,9692,529,72,Service Accepted
9542,2256,9693,465,69,Service Accepted
9543,2257,9694,359,496,Good Condition
9544,2257,9695,368,205,Good Condition
9545,2258,9696,220,363,Service Accepted
9546,2258,9697,467,143,Service Accepted
9547,2258,9698,276,136,Service Accepted
9548,2259,9699,505,32,Good Condition
9549,2259,9700,491,298,Good Condition
9550,2260,9701,516,417,Good Condition
9551,2261,9702,141,141,Good Condition
9552,2261,9703,354,202,Good Condition
9553,2261,9704,42,152,Good Condition
9554,2261,9705,81,489,Good Condition
9555,2261,9706,371,400,Good Condition
9556,2262,9707,165,159,Good Condition
9557,2262,9708,210,66,Good Condition
9558,2262,9709,330,310,Good Condition
9559,2263,9710,258,461,Service Accepted
9560,2263,9711,289,84,Service Accepted
9561,2263,9712,464,38,Service Accepted
9562,2263,9713,434,475,Service Accepted
9563,2264,9714,232,121,Wrong Item Sent
9564,2264,9715,285,122,Good Condition
9565,2264,9716,54,392,Good Condition
9566,2264,9717,515,440,Packaging Damaged
9567,2265,9718,251,115,Good Condition
9568,2265,9719,235,460,Good Condition
9569,2265,9720,108,93,Good Condition
9570,2265,9721,179,470,Good Condition
9571,2266,9723,81,389,Good Condition
9572,2267,9724,370,421,Good Condition
9573,2267,9725,178,340,Good Condition
9574,2267,9726,391,56,Good Condition
9575,2267,9727,49,203,Good Condition
9576,2267,9728,438,34,Packaging Damaged
9577,2267,9729,8,71,Good Condition
9578,2267,9730,238,142,Good Condition
9579,2268,9731,50,43,Good Condition
9580,2268,9732,102,412,Good Condition
9581,2269,9733,352,236,Good Condition
9582,2270,9734,575,335,Service Accepted
9583,2270,9735,295,315,Service Accepted
9584,2270,9736,35,151,Service Accepted
9585,2270,9737,434,485,Service Accepted
9586,2271,9738,108,448,Good Condition
9587,2271,9739,239,450,Good Condition
9588,2271,9740,251,190,Good Condition
9589,2271,9741,235,43,Good Condition
9590,2271,9742,499,312,Good Condition
9591,2271,9743,359,390,Good Condition
9592,2272,9744,345,311,Good Condition
9593,2272,9745,70,22,Good Condition
9594,2272,9746,541,230,Good Condition
9595,2272,9747,80,304,Good Condition
9596,2272,9748,408,150,Good Condition
9597,2273,9749,251,133,Good Condition
9598,2273,9750,119,164,Good Condition
9599,2273,9751,422,260,Good Condition
9600,2273,9752,446,277,Good Condition
9601,2273,9753,272,263,Good Condition
9602,2274,9754,291,192,Good Condition
9603,2275,9755,352,172,Good Condition
9604,2275,9756,153,15,Good Condition
9605,2275,9757,13,274,Good Condition
9606,2275,9758,407,118,Packaging Damaged
9607,2276,9759,43,379,Good Condition
9608,2276,9760,359,429,Good Condition
9609,2277,9761,196,155,Good Condition
9610,2278,9762,248,172,Service Accepted
9611,2278,9763,68,405,Service Accepted
9612,2278,9764,361,258,Service Accepted
9613,2278,9765,94,166,Service Accepted
9614,2278,9766,452,444,Service Accepted
9615,2278,9767,133,386,Service Accepted
9616,2278,9768,148,150,Service Accepted
9617,2278,9769,540,48,Service Accepted
9618,2279,9770,596,340,Good Condition
9619,2279,9771,395,40,Good Condition
9620,2279,9772,81,158,Good Condition
9621,2279,9773,282,92,Good Condition
9622,2279,9774,486,467,Packaging Damaged
9623,2279,9775,396,215,Good Condition
9624,2280,9776,354,130,Good Condition
9625,2281,9777,151,79,Good Condition
9626,2281,9778,56,273,Good Condition
9627,2281,9779,318,161,Wrong Item Sent
9628,2282,9780,175,339,Dead on Arrival (DOA)
9629,2282,9781,50,370,Good Condition
9630,2282,9782,151,350,Good Condition
9631,2282,9783,108,351,Good Condition
9632,2282,9784,372,242,Good Condition
9633,2282,9785,196,425,Good Condition
9634,2283,9786,515,349,Good Condition
9635,2283,9787,119,226,Good Condition
9636,2283,9788,578,209,Good Condition
9637,2283,9789,185,248,Good Condition
9638,2284,9790,12,158,Good Condition
9639,2284,9791,260,256,Good Condition
9640,2284,9792,433,412,Good Condition
9641,2284,9793,472,249,Good Condition
9642,2284,9794,375,434,Good Condition
9643,2284,9795,517,307,Good Condition
9644,2285,9796,462,497,Good Condition
9645,2285,9797,111,18,Good Condition
9646,2286,9798,210,120,Good Condition
9647,2286,9799,146,498,Good Condition
9648,2286,9800,126,281,Good Condition
9649,2286,9801,432,487,Good Condition
9650,2287,9802,196,403,Good Condition
9651,2287,9803,102,195,Good Condition
9652,2287,9804,80,420,Good Condition
9653,2287,9805,530,394,Good Condition
9654,2287,9806,141,280,Good Condition
9655,2288,9807,505,25,Packaging Damaged
9656,2289,9808,572,30,Good Condition
9657,2290,9809,593,289,Good Condition
9658,2290,9810,413,337,Good Condition
9659,2290,9811,567,44,Good Condition
9660,2291,9812,559,74,Service Accepted
9661,2291,9813,36,57,Service Accepted
9662,2291,9814,148,140,Service Accepted
9663,2291,9815,51,185,Service Accepted
9664,2291,9816,465,333,Service Accepted
9665,2292,9817,287,444,Good Condition
9666,2292,9818,319,218,Good Condition
9667,2292,9819,357,159,Good Condition
9668,2293,9820,459,267,Good Condition
9669,2293,9821,529,257,Service Accepted
9670,2293,9822,364,191,Service Accepted
9671,2294,9823,363,387,Good Condition
9672,2294,9824,542,112,Good Condition
9673,2294,9825,392,379,Good Condition
9674,2294,9826,25,213,Good Condition
9675,2294,9827,232,241,Good Condition
9676,2294,9828,159,441,Good Condition
9677,2294,9829,436,324,Good Condition
9678,2294,9830,580,185,Good Condition
9679,2294,9831,187,410,Good Condition
9680,2294,9832,227,71,Good Condition
9681,2295,9833,578,428,Good Condition
9682,2295,9834,41,469,Good Condition
9683,2295,9835,579,46,Good Condition
9684,2296,9836,430,106,Service Accepted
9685,2296,9837,94,374,Service Accepted
9686,2296,9838,478,122,Service Accepted
9687,2296,9839,133,57,Service Accepted
9688,2296,9840,142,136,Service Accepted
9689,2296,9841,289,245,Service Accepted
9690,2296,9842,452,280,Service Accepted
9691,2296,9843,248,23,Service Accepted
9692,2297,9844,348,98,Service Accepted
9693,2297,9845,430,142,Service Accepted
9694,2297,9846,475,257,Service Incomplete
9695,2298,9847,374,305,Screen Damaged
9696,2298,9848,89,43,Good Condition
9697,2298,9849,446,218,Good Condition
9698,2299,9850,439,435,Good Condition
9699,2299,9851,48,121,Good Condition
9700,2299,9852,125,288,Good Condition
9701,2299,9853,509,225,Minor Defect - Accepted
9702,2299,9854,28,419,Good Condition
9703,2299,9855,471,298,Good Condition
9704,2299,9856,251,329,Good Condition
9705,2300,9857,572,348,Good Condition
9706,2300,9858,103,426,Good Condition
9707,2300,9859,117,275,Good Condition
9708,2301,9860,235,59,Good Condition
9709,2301,9861,499,287,Good Condition
9710,2301,9862,251,211,Good Condition
9711,2301,9863,108,240,Good Condition
9712,2301,9864,239,310,Good Condition
9713,2302,9865,251,192,Good Condition
9714,2302,9866,424,295,Good Condition
9715,2303,9867,574,407,Good Condition
9716,2304,9868,358,66,Service Accepted
9717,2304,9869,475,193,Service Accepted
9718,2304,9870,6,451,Service Accepted
9719,2304,9871,452,469,Service Accepted
9720,2305,9872,535,244,Good Condition
9721,2305,9873,566,338,Good Condition
9722,2305,9874,237,479,Good Condition
9723,2305,9875,264,26,Good Condition
9724,2305,9876,242,274,Good Condition
9725,2306,9877,82,89,Good Condition
9726,2306,9878,551,244,Good Condition
9727,2307,9879,71,230,Good Condition
9728,2307,9880,553,95,Good Condition
9729,2307,9881,79,382,Good Condition
9730,2307,9882,275,148,Good Condition
9731,2307,9883,481,399,Good Condition
9732,2308,9884,308,208,Good Condition
9733,2308,9885,167,48,Good Condition
9734,2308,9886,251,296,Good Condition
9735,2308,9887,366,198,Good Condition
9736,2308,9888,392,412,Good Condition
9737,2309,9889,285,471,Good Condition
9738,2309,9890,598,117,Good Condition
9739,2309,9891,425,380,Good Condition
9740,2309,9892,597,309,Good Condition
9741,2309,9893,62,426,Good Condition
9742,2309,9894,205,403,Good Condition
9743,2309,9895,395,166,Good Condition
9744,2310,9896,450,241,Good Condition
9745,2310,9897,570,39,Good Condition
9746,2310,9898,23,162,Good Condition
9747,2310,9899,578,305,Good Condition
9748,2310,9900,469,96,Good Condition
9749,2310,9901,205,421,Good Condition
9750,2310,9902,471,372,Good Condition
9751,2311,9903,570,285,Good Condition
9752,2311,9904,84,416,Good Condition
9753,2311,9905,54,360,Good Condition
9754,2311,9906,160,236,Good Condition
9755,2312,9907,449,179,Good Condition
9756,2312,9908,170,267,Good Condition
9757,2313,9909,197,278,Good Condition
9758,2313,9910,240,319,Wrong Item Sent
9759,2313,9911,272,198,Good Condition
9760,2313,9912,42,258,Good Condition
9761,2313,9913,170,22,Good Condition
9762,2313,9914,185,343,Wrong Item Sent
9763,2313,9915,600,71,Good Condition
9764,2313,9916,259,58,Good Condition
9765,2314,9917,205,201,Good Condition
9766,2314,9918,593,461,Good Condition
9767,2314,9919,211,154,Good Condition
9768,2314,9920,404,332,Good Condition
9769,2314,9921,242,42,Good Condition
9770,2314,9922,232,77,Good Condition
9771,2315,9923,123,389,Good Condition
9772,2315,9924,374,74,Good Condition
9773,2315,9925,386,344,Good Condition
9774,2316,9926,242,84,Good Condition
9775,2316,9927,446,86,Good Condition
9776,2316,9928,185,199,Good Condition
9777,2316,9929,8,357,Good Condition
9778,2317,9930,572,111,Screen Damaged
9779,2317,9931,43,187,Good Condition
9780,2317,9932,474,439,Good Condition
9781,2317,9933,251,321,Good Condition
9782,2317,9934,194,219,Good Condition
9783,2318,9935,56,440,Good Condition
9784,2319,9936,558,186,Good Condition
9785,2319,9937,493,419,Good Condition
9786,2319,9938,541,55,Good Condition
9787,2319,9939,287,472,Good Condition
9788,2319,9940,357,269,Good Condition
9789,2320,9941,23,155,Good Condition
9790,2320,9942,236,45,Good Condition
9791,2321,9943,574,283,Good Condition
9792,2322,9944,80,261,Good Condition
9793,2322,9945,251,497,Good Condition
9794,2323,9946,115,60,Good Condition
9795,2323,9947,111,393,Good Condition
9796,2323,9948,400,249,Good Condition
9797,2323,9949,446,282,Good Condition
9798,2324,9950,565,351,Good Condition
9799,2325,9951,300,111,Good Condition
9800,2325,9952,265,337,Good Condition
9801,2325,9953,243,454,Good Condition
9802,2325,9954,319,10,Screen Damaged
9803,2326,9955,424,43,Good Condition
9804,2326,9956,541,243,Good Condition
9805,2326,9957,450,249,Good Condition
9806,2326,9958,408,31,Good Condition
9807,2327,9959,36,203,Service Accepted
9808,2327,9960,294,65,Service Accepted
9809,2327,9961,200,242,Service Accepted
9810,2327,9962,148,16,Service Accepted
9811,2327,9963,139,459,Service Accepted
9812,2327,9964,51,30,Service Accepted
9813,2328,9965,239,71,Good Condition
9814,2328,9966,406,155,Good Condition
9815,2329,9967,202,417,Good Condition
9816,2329,9968,489,30,Good Condition
9817,2330,9969,410,108,Good Condition
9818,2330,9970,232,279,Good Condition
9819,2330,9971,400,449,Good Condition
9820,2330,9972,70,277,Good Condition
9821,2330,9973,185,71,Good Condition
9822,2331,9974,108,259,Good Condition
9823,2331,9975,251,194,Good Condition
9824,2331,9976,235,213,Screen Damaged
9825,2331,9977,359,362,Good Condition
9826,2332,9978,469,15,Good Condition
9827,2333,9979,577,100,Minor Defect - Accepted
9828,2333,9980,553,420,Good Condition
9829,2333,9981,70,306,Good Condition
9830,2334,9982,456,162,Good Condition
9831,2334,9983,185,215,Good Condition
9832,2334,9984,396,333,Good Condition
9833,2335,9985,450,221,Good Condition
9834,2335,9986,103,306,Good Condition
9835,2335,9987,210,121,Good Condition
9836,2336,9988,486,365,Good Condition
9837,2336,9989,556,445,Good Condition
9838,2336,9990,301,396,Good Condition
9839,2336,9991,134,471,Good Condition
9840,2337,9992,462,83,Good Condition
9841,2337,9993,360,88,Good Condition
9842,2337,9994,570,338,Good Condition
9843,2337,9995,77,119,Good Condition
9844,2338,9996,438,214,Good Condition
9845,2338,9997,472,299,Dead on Arrival (DOA)
9846,2338,9998,440,204,Good Condition
9847,2338,9999,12,136,Good Condition
9848,2339,10000,77,351,Good Condition
9849,2339,10001,553,50,Good Condition
9850,2339,10002,567,404,Good Condition
9851,2340,10003,83,351,Good Condition
9852,2341,10004,33,36,Good Condition
9853,2342,10005,273,165,Good Condition
9854,2342,10006,87,62,Good Condition
9855,2342,10007,377,438,Good Condition
9856,2342,10008,562,63,Good Condition
9857,2343,10009,358,171,Service Accepted
9858,2344,10010,335,203,Good Condition
9859,2344,10011,560,434,Good Condition
9860,2344,10012,596,100,Good Condition
9861,2345,10013,172,276,Good Condition
9862,2346,10014,167,466,Good Condition
9863,2346,10015,102,304,Good Condition
9864,2346,10016,551,284,Good Condition
9865,2346,10017,582,468,Good Condition
9866,2346,10018,441,64,Good Condition
9867,2346,10019,598,430,Good Condition
9868,2347,10020,110,400,Good Condition
9869,2347,10021,103,80,Good Condition
9870,2348,10022,483,473,Wrong Item Sent
9871,2348,10023,189,230,Good Condition
9872,2348,10024,345,214,Good Condition
9873,2348,10025,572,317,Good Condition
9874,2348,10026,514,92,Good Condition
9875,2348,10027,424,395,Good Condition
9876,2349,10028,27,84,Service Accepted
9877,2349,10029,250,433,Good Condition
9878,2349,10030,213,311,Good Condition
9879,2350,10031,170,45,Good Condition
9880,2350,10032,287,280,Good Condition
9881,2351,10033,487,428,Service Accepted
9882,2351,10034,434,301,Service Accepted
9883,2351,10035,114,147,Service Accepted
9884,2352,10036,165,151,Good Condition
9885,2352,10037,13,250,Good Condition
9886,2352,10038,170,334,Screen Damaged
9887,2353,10039,476,296,Good Condition
9888,2353,10040,543,42,Good Condition
9889,2353,10041,300,241,Good Condition
9890,2353,10042,568,408,Good Condition
9891,2353,10043,558,428,Good Condition
9892,2354,10044,419,47,Good Condition
9893,2354,10045,50,384,Good Condition
9894,2354,10046,354,273,Good Condition
9895,2355,10047,556,359,Good Condition
9896,2355,10048,23,267,Good Condition
9897,2356,10049,368,395,Good Condition
9898,2356,10050,597,24,Good Condition
9899,2356,10051,110,260,Good Condition
9900,2356,10052,308,233,Good Condition
9901,2357,10053,498,197,Service Accepted
9902,2357,10054,467,30,Service Accepted
9903,2358,10055,359,473,Good Condition
9904,2358,10056,69,427,Good Condition
9905,2359,10057,141,239,Good Condition
9906,2359,10058,291,498,Good Condition
9907,2359,10059,293,220,Good Condition
9908,2359,10060,597,371,Good Condition
9909,2360,10061,71,275,Good Condition
9910,2360,10062,469,399,Good Condition
9911,2360,10063,424,272,Good Condition
9912,2360,10064,251,24,Good Condition
9913,2361,10065,591,366,Good Condition
9914,2361,10066,236,271,Good Condition
9915,2361,10067,543,26,Good Condition
9916,2361,10068,153,240,Good Condition
9917,2361,10069,243,42,Good Condition
9918,2361,10070,13,77,Good Condition
9919,2361,10071,439,348,Good Condition
9920,2361,10072,600,366,Good Condition
9921,2362,10073,562,170,Good Condition
9922,2362,10074,227,213,Minor Defect - Accepted
9923,2362,10075,87,188,Good Condition
9924,2362,10076,377,459,Good Condition
9925,2362,10077,273,282,Good Condition
9926,2363,10078,582,67,Good Condition
9927,2363,10079,167,479,Good Condition
9928,2363,10080,490,315,Screen Damaged
9929,2363,10081,483,377,Packaging Damaged
9930,2364,10082,43,444,Good Condition
9931,2364,10083,260,198,Good Condition
9932,2364,10084,170,481,Good Condition
9933,2364,10085,439,425,Good Condition
9934,2364,10086,202,228,Good Condition
9935,2365,10087,486,477,Good Condition
9936,2365,10088,48,186,Good Condition
9937,2365,10089,515,95,Good Condition
9938,2365,10090,8,268,Good Condition
9939,2365,10091,179,393,Good Condition
9940,2365,10092,217,415,Good Condition
9941,2365,10093,407,143,Good Condition
9942,2366,10094,58,38,Good Condition
9943,2366,10095,398,59,Good Condition
9944,2366,10096,97,273,Service Accepted
9945,2366,10097,431,282,Good Condition
9946,2366,10098,250,219,Good Condition
9947,2366,10099,266,318,Good Condition
9948,2366,10100,516,323,Good Condition
9949,2367,10101,59,218,Good Condition
9950,2367,10102,508,86,Good Condition
9951,2367,10103,524,299,Good Condition
9952,2367,10104,439,126,Good Condition
9953,2367,10105,211,85,Good Condition
9954,2368,10106,39,140,Service Accepted
9955,2368,10107,96,428,Service Accepted
9956,2368,10108,518,269,Service Accepted
9957,2368,10109,156,385,Service Accepted
9958,2368,10110,136,459,Service Accepted
9959,2368,10111,473,268,Service Accepted
9960,2369,10112,190,299,Service Accepted
9961,2369,10113,415,487,Service Accepted
9962,2369,10114,414,204,Service Accepted
9963,2370,10115,159,344,Good Condition
9964,2370,10116,357,375,Good Condition
9965,2370,10117,579,33,Good Condition
9966,2371,10118,211,426,Good Condition
9967,2371,10119,236,347,Good Condition
9968,2371,10120,494,170,Good Condition
9969,2371,10121,508,263,Good Condition
9970,2371,10122,127,431,Good Condition
9971,2372,10123,96,87,Service Accepted
9972,2372,10124,248,359,Service Accepted
9973,2373,10125,554,219,Service Accepted
9974,2374,10126,146,402,Good Condition
9975,2374,10127,210,292,Good Condition
9976,2375,10128,449,419,Good Condition
9977,2375,10129,572,239,Good Condition
9978,2375,10130,508,128,Good Condition
9979,2376,10131,285,228,Minor Defect - Accepted
9980,2376,10132,129,326,Good Condition
9981,2377,10133,364,279,Service Accepted
9982,2377,10134,173,404,Service Accepted
9983,2377,10135,347,309,Service Accepted
9984,2377,10136,464,285,Service Accepted
9985,2377,10137,555,23,Service Accepted
9986,2377,10138,434,332,Service Accepted
9987,2377,10139,289,118,Service Accepted
9988,2377,10140,281,36,Service Accepted
9989,2378,10141,391,210,Good Condition
9990,2378,10142,340,273,Packaging Damaged
9991,2378,10143,375,187,Good Condition
9992,2378,10144,449,247,Good Condition
9993,2378,10145,551,457,Good Condition
9994,2378,10146,272,103,Good Condition
9995,2378,10147,360,493,Good Condition
9996,2379,10148,565,113,Good Condition
9997,2379,10149,480,253,Good Condition
9998,2379,10150,542,169,Good Condition
9999,2380,10151,71,329,Wrong Item Sent
10000,2380,10152,570,55,Good Condition
10001,2380,10153,160,88,Good Condition
10002,2380,10154,54,83,Good Condition
10003,2380,10155,275,190,Good Condition
10004,2380,10156,80,159,Good Condition
10005,2381,10157,62,234,Good Condition
10006,2381,10158,243,97,Good Condition
10007,2381,10159,4,355,Good Condition
10008,2381,10160,210,483,Good Condition
10009,2381,10161,25,448,Good Condition
10010,2381,10162,324,403,Good Condition
10011,2382,10163,160,284,Good Condition
10012,2382,10164,21,279,Good Condition
10013,2382,10165,141,365,Good Condition
10014,2382,10166,565,88,Good Condition
10015,2383,10167,89,483,Good Condition
10016,2383,10168,374,312,Good Condition
10017,2383,10169,71,83,Good Condition
10018,2383,10170,13,323,Good Condition
10019,2383,10171,33,171,Good Condition
10020,2383,10172,413,347,Good Condition
10021,2383,10173,551,156,Good Condition
10022,2383,10174,446,48,Good Condition
10023,2383,10175,512,281,Good Condition
10024,2384,10176,13,49,Packaging Damaged
10025,2384,10177,236,146,Good Condition
10026,2384,10178,352,30,Good Condition
10027,2385,10179,515,178,Good Condition
10028,2385,10180,122,253,Rejected - Quality Failure
10029,2386,10181,395,199,Good Condition
10030,2387,10182,306,232,Good Condition
10031,2387,10183,550,473,Good Condition
10032,2387,10184,25,147,Good Condition
10033,2387,10185,227,416,Packaging Damaged
10034,2388,10186,304,79,Good Condition
10035,2388,10187,515,243,Good Condition
10036,2388,10188,170,94,Good Condition
10037,2388,10189,359,16,Good Condition
10038,2388,10190,474,394,Good Condition
10039,2388,10191,77,327,Dead on Arrival (DOA)
10040,2389,10192,473,69,Service Accepted
10041,2389,10193,39,180,Service Accepted
10042,2389,10194,281,121,Service Accepted
10043,2389,10195,378,163,Service Accepted
10044,2389,10196,96,26,Service Accepted
10045,2389,10197,518,309,Service Accepted
10046,2390,10198,446,224,Good Condition
10047,2390,10199,374,486,Good Condition
10048,2390,10200,530,372,Good Condition
10049,2390,10201,196,253,Good Condition
10050,2390,10202,352,296,Good Condition
10051,2390,10203,89,139,Good Condition
10052,2391,10204,572,472,Good Condition
10053,2391,10205,194,208,Good Condition
10054,2391,10206,287,468,Good Condition
10055,2391,10207,371,44,Good Condition
10056,2392,10208,160,143,Good Condition
10057,2392,10209,585,258,Good Condition
10058,2392,10210,574,139,Wrong Item Sent
10059,2392,10211,150,437,Good Condition
10060,2392,10212,167,300,Good Condition
10061,2392,10213,147,494,Good Condition
10062,2392,10214,89,422,Good Condition
10063,2393,10215,133,359,Service Accepted
10064,2393,10216,348,172,Service Accepted
10065,2393,10217,85,21,Service Accepted
10066,2393,10218,161,488,Service Accepted
10067,2393,10219,381,436,Service Accepted
10068,2394,10220,91,190,Good Condition
10069,2394,10221,275,29,Good Condition
10070,2395,10222,541,452,Good Condition
10071,2395,10223,368,72,Good Condition
10072,2395,10224,318,376,Good Condition
10073,2395,10225,556,32,Good Condition
10074,2395,10226,227,83,Good Condition
10075,2395,10227,538,373,Good Condition
10076,2395,10228,335,198,Good Condition
10077,2395,10229,317,477,Good Condition
10078,2396,10230,410,268,Good Condition
10079,2396,10231,335,390,Dead on Arrival (DOA)
10080,2396,10232,374,206,Good Condition
10081,2397,10233,449,157,Good Condition
10082,2397,10234,508,436,Good Condition
10083,2397,10235,399,134,Good Condition
10084,2397,10236,324,92,Good Condition
10085,2397,10237,311,138,Good Condition
10086,2397,10238,56,48,Good Condition
10087,2398,10239,48,149,Good Condition
10088,2399,10240,565,176,Good Condition
10089,2399,10241,439,495,Good Condition
10090,2399,10242,206,114,Good Condition
10091,2399,10243,127,381,Good Condition
10092,2399,10244,232,188,Good Condition
10093,2399,10245,553,464,Good Condition
10094,2399,10246,125,116,Good Condition
10095,2399,10247,345,327,Good Condition
10096,2400,10248,50,101,Good Condition
10097,2400,10249,81,380,Good Condition
10098,2401,10250,55,302,Service Accepted
10099,2401,10251,231,219,Service Accepted
10100,2401,10252,27,444,Service Accepted
10101,2401,10253,96,370,Service Accepted
10102,2401,10254,248,447,Service Accepted
10103,2401,10255,529,123,Service Accepted
10104,2402,10256,279,340,Service Accepted
10105,2402,10257,289,38,Service Accepted
10106,2402,10258,231,129,Service Accepted
10107,2403,10259,142,196,Service Accepted
10108,2403,10260,19,392,Service Accepted
10109,2403,10261,95,275,Service Accepted
10110,2403,10262,475,286,Service Accepted
10111,2403,10263,241,40,Service Accepted
10112,2404,10264,476,449,Good Condition
10113,2404,10265,300,39,Good Condition
10114,2404,10266,543,97,Good Condition
10115,2405,10267,26,113,Good Condition
10116,2405,10268,21,211,Good Condition
10117,2405,10269,194,481,Good Condition
10118,2405,10270,565,88,Good Condition
10119,2406,10271,170,277,Good Condition
10120,2406,10272,562,453,Good Condition
10121,2406,10273,525,70,Good Condition
10122,2406,10274,318,17,Good Condition
10123,2407,10275,200,338,Service Accepted
10124,2407,10276,367,435,Service Accepted
10125,2407,10277,498,46,Service Accepted
10126,2407,10278,131,317,Service Accepted
10127,2407,10279,451,22,Service Disputed
10128,2408,10280,497,192,Good Condition
10129,2408,10281,147,487,Good Condition
10130,2408,10282,556,185,Good Condition
10131,2409,10283,61,432,Service Accepted
10132,2409,10284,544,342,Good Condition
10133,2410,10285,33,55,Good Condition
10134,2411,10286,113,300,Good Condition
10135,2411,10287,259,27,Good Condition
10136,2412,10288,375,447,Good Condition
10137,2412,10289,41,185,Good Condition
10138,2412,10290,158,322,Good Condition
10139,2413,10291,147,267,Good Condition
10140,2414,10292,441,230,Good Condition
10141,2414,10293,366,14,Good Condition
10142,2414,10294,445,155,Good Condition
10143,2414,10295,129,247,Good Condition
10144,2414,10296,227,291,Good Condition
10145,2414,10297,59,136,Good Condition
10146,2414,10298,456,90,Good Condition
10147,2414,10299,597,382,Good Condition
10148,2414,10300,9,171,Good Condition
10149,2415,10301,70,400,Good Condition
10150,2415,10302,572,50,Good Condition
10151,2415,10303,486,293,Good Condition
10152,2415,10304,308,28,Good Condition
10153,2415,10305,41,195,Good Condition
10154,2415,10306,9,231,Good Condition
10155,2416,10307,32,33,Good Condition
10156,2416,10308,542,124,Good Condition
10157,2416,10309,129,130,Good Condition
10158,2416,10310,392,343,Good Condition
10159,2416,10311,192,60,Good Condition
10160,2417,10312,434,240,Service Accepted
10161,2417,10313,555,223,Service Accepted
10162,2417,10314,276,331,Service Accepted
10163,2417,10315,348,296,Service Accepted
10164,2417,10316,355,193,Service Accepted
10165,2418,10317,395,195,Good Condition
10166,2418,10318,77,206,Good Condition
10167,2418,10319,553,42,Good Condition
10168,2418,10320,567,19,Good Condition
10169,2418,10321,426,98,Dead on Arrival (DOA)
10170,2418,10322,74,80,Good Condition
10171,2419,10323,551,410,Wrong Item Sent
10172,2419,10324,129,154,Good Condition
10173,2419,10325,456,103,Good Condition
10174,2419,10326,185,481,Packaging Damaged
10175,2419,10327,416,233,Good Condition
10176,2420,10328,111,324,Rejected - Quality Failure
10177,2420,10329,456,234,Good Condition
10178,2420,10330,89,276,Good Condition
10179,2420,10331,462,130,Good Condition
10180,2420,10332,422,224,Good Condition
10181,2421,10333,59,176,Good Condition
10182,2421,10334,211,42,Good Condition
10183,2421,10335,439,421,Good Condition
10184,2421,10336,127,248,Good Condition
10185,2421,10337,524,261,Good Condition
10186,2422,10338,548,408,Good Condition
10187,2422,10339,460,459,Good Condition
10188,2422,10340,530,334,Good Condition
10189,2422,10341,577,88,Good Condition
10190,2422,10342,43,462,Good Condition
10191,2422,10343,117,458,Good Condition
10192,2422,10344,469,278,Good Condition
10193,2422,10345,409,408,Good Condition
10194,2423,10346,71,165,Good Condition
10195,2423,10347,54,328,Good Condition
10196,2423,10348,160,240,Good Condition
10197,2423,10349,11,397,Good Condition
10198,2423,10350,80,285,Good Condition
10199,2423,10351,550,333,Good Condition
10200,2424,10352,374,227,Good Condition
10201,2425,10353,4,335,Good Condition
10202,2425,10354,514,264,Good Condition
10203,2425,10355,153,399,Good Condition
10204,2425,10356,582,357,Good Condition
10205,2425,10357,158,459,Good Condition
10206,2425,10358,566,482,Good Condition
10207,2426,10359,37,486,Service Accepted
10208,2426,10360,503,317,Service Accepted
10209,2426,10361,437,394,Service Accepted
10210,2426,10362,95,31,Service Accepted
10211,2426,10363,557,405,Service Accepted
10212,2426,10364,204,279,Service Accepted
10213,2427,10369,345,468,Good Condition
10214,2427,10370,455,471,Good Condition
10215,2427,10371,493,467,Good Condition
10216,2427,10372,203,225,Good Condition
10217,2427,10373,196,82,Good Condition
10218,2428,10374,480,134,Good Condition
10219,2428,10375,318,119,Good Condition
10220,2428,10376,530,293,Good Condition
10221,2428,10377,87,134,Good Condition
10222,2428,10378,377,438,Good Condition
10223,2428,10379,490,238,Good Condition
10224,2428,10380,217,15,Good Condition
10225,2428,10381,543,190,Good Condition
10226,2429,10382,529,472,Service Accepted
10227,2429,10383,98,452,Good Condition
10228,2429,10384,417,115,Good Condition
10229,2429,10385,465,498,Service Incomplete
10230,2429,10386,333,143,Service Accepted
10231,2430,10387,316,335,Good Condition
10232,2430,10388,283,198,Good Condition
10233,2431,10389,416,20,Good Condition
10234,2431,10390,201,269,Good Condition
10235,2431,10391,345,395,Good Condition
10236,2432,10392,122,103,Good Condition
10237,2432,10393,111,36,Rejected - Quality Failure
10238,2432,10394,499,374,Good Condition
10239,2432,10395,102,208,Good Condition
10240,2432,10396,515,424,Rejected - Quality Failure
10241,2432,10397,541,492,Rejected - Quality Failure
10242,2433,10398,303,230,Good Condition
10243,2433,10399,360,104,Good Condition
10244,2433,10400,488,458,Good Condition
10245,2433,10401,570,295,Good Condition
10246,2433,10402,77,337,Good Condition
10247,2433,10403,419,335,Good Condition
10248,2434,10404,222,487,Good Condition
10249,2434,10405,360,30,Good Condition
10250,2434,10406,243,375,Good Condition
10251,2434,10407,577,408,Good Condition
10252,2434,10408,13,253,Good Condition
10253,2434,10409,23,193,Good Condition
10254,2435,10410,9,448,Minor Defect - Accepted
10255,2435,10411,129,399,Good Condition
10256,2435,10412,41,373,Good Condition
10257,2435,10413,375,245,Good Condition
10258,2435,10414,70,180,Good Condition
10259,2435,10415,450,154,Good Condition
10260,2435,10416,308,352,Good Condition
10261,2435,10417,486,476,Good Condition
10262,2435,10418,222,296,Good Condition
10263,2435,10419,108,331,Good Condition
10264,2436,10420,360,80,Good Condition
10265,2436,10421,577,323,Good Condition
10266,2437,10422,70,123,Good Condition
10267,2437,10423,311,399,Good Condition
10268,2437,10424,192,51,Good Condition
10269,2437,10425,244,274,Good Condition
10270,2437,10426,494,77,Good Condition
10271,2437,10427,205,360,Good Condition
10272,2438,10428,550,432,Good Condition
10273,2438,10429,287,33,Good Condition
10274,2438,10430,251,137,Good Condition
10275,2438,10431,483,227,Good Condition
10276,2439,10432,313,406,Service Accepted
10277,2439,10433,561,150,Service Accepted
10278,2439,10434,503,301,Service Accepted
10279,2439,10435,563,411,Good Condition
10280,2439,10436,133,367,Service Accepted
10281,2439,10437,83,31,Good Condition
10282,2439,10438,501,307,Service Accepted
10283,2440,10439,570,272,Good Condition
10284,2440,10440,210,298,Good Condition
10285,2440,10441,432,97,Good Condition
10286,2441,10442,157,126,Good Condition
10287,2441,10443,354,153,Good Condition
10288,2441,10444,255,448,Good Condition
10289,2441,10445,600,27,Good Condition
10290,2441,10446,153,446,Good Condition
10291,2441,10447,462,216,Good Condition
10292,2442,10448,446,424,Good Condition
10293,2442,10449,368,444,Good Condition
10294,2442,10450,395,359,Good Condition
10295,2442,10451,441,377,Good Condition
10296,2442,10452,242,170,Good Condition
10297,2442,10453,396,58,Good Condition
10298,2442,10454,330,293,Good Condition
10299,2442,10455,560,222,Good Condition
10300,2442,10456,185,392,Good Condition
10301,2443,10457,77,356,Good Condition
10302,2443,10458,426,216,Good Condition
10303,2444,10459,84,113,Good Condition
10304,2444,10460,568,360,Good Condition
10305,2444,10461,542,21,Good Condition
10306,2444,10462,324,329,Good Condition
10307,2445,10463,342,474,Service Accepted
10308,2445,10464,557,77,Service Accepted
10309,2445,10465,135,374,Service Accepted
10310,2445,10466,405,425,Service Accepted
10311,2446,10467,287,245,Good Condition
10312,2446,10468,491,188,Good Condition
10313,2447,10469,274,339,Service Accepted
10314,2447,10470,168,166,Good Condition
10315,2447,10471,470,234,Good Condition
10316,2447,10472,245,430,Good Condition
10317,2447,10473,429,178,Good Condition
10318,2447,10474,120,104,Good Condition
10319,2448,10475,227,264,Good Condition
10320,2448,10476,562,410,Good Condition
10321,2448,10477,377,451,Good Condition
10322,2448,10478,446,135,Good Condition
10323,2448,10479,273,217,Good Condition
10324,2449,10480,153,24,Good Condition
10325,2449,10481,445,49,Good Condition
10326,2449,10482,38,143,Good Condition
10327,2449,10483,255,331,Good Condition
10328,2449,10484,588,75,Good Condition
10329,2449,10485,174,168,Good Condition
10330,2449,10486,476,368,Good Condition
10331,2450,10487,291,247,Wrong Item Sent
10332,2450,10488,574,149,Good Condition
10333,2450,10489,334,207,Good Condition
10334,2450,10490,543,257,Good Condition
10335,2451,10491,232,349,Good Condition
10336,2451,10492,528,153,Good Condition
10337,2451,10493,293,188,Good Condition
10338,2451,10494,59,57,Good Condition
10339,2452,10496,460,260,Good Condition
10340,2452,10497,56,300,Good Condition
10341,2452,10498,439,123,Good Condition
10342,2452,10499,192,57,Good Condition
10343,2453,10500,28,113,Good Condition
10344,2453,10501,194,178,Good Condition
10345,2453,10502,244,419,Good Condition
10346,2453,10503,582,186,Good Condition
10347,2453,10504,535,350,Good Condition
10348,2453,10505,306,349,Good Condition
10349,2453,10506,202,183,Good Condition
10350,2453,10507,255,17,Minor Defect - Accepted
10351,2454,10508,396,396,Good Condition
10352,2454,10509,185,58,Good Condition
10353,2454,10510,203,88,Good Condition
10354,2454,10511,543,263,Good Condition
10355,2455,10512,87,278,Good Condition
10356,2455,10513,562,462,Good Condition
10357,2455,10514,446,162,Good Condition
10358,2455,10515,273,301,Good Condition
10359,2456,10516,407,489,Good Condition
10360,2456,10517,217,261,Good Condition
10361,2456,10518,201,114,Good Condition
10362,2456,10519,515,151,Good Condition
10363,2457,10520,452,488,Service Accepted
10364,2457,10521,95,194,Service Accepted
10365,2458,10522,27,255,Service Accepted
10366,2458,10523,72,412,Service Accepted
10367,2458,10524,248,405,Service Accepted
10368,2458,10525,529,83,Service Accepted
10369,2458,10526,274,104,Service Accepted
10370,2459,10527,237,207,Good Condition
10371,2459,10528,21,377,Good Condition
10372,2459,10529,49,106,Good Condition
10373,2459,10530,560,381,Good Condition
10374,2459,10531,360,287,Good Condition
10375,2459,10532,182,135,Good Condition
10376,2459,10533,513,418,Good Condition
10377,2460,10534,251,177,Good Condition
10378,2460,10535,122,179,Good Condition
10379,2460,10536,509,466,Good Condition
10380,2460,10537,471,182,Good Condition
10381,2461,10538,568,483,Good Condition
10382,2461,10539,560,267,Good Condition
10383,2462,10540,81,344,Good Condition
10384,2463,10541,450,61,Good Condition
10385,2463,10542,165,364,Good Condition
10386,2463,10543,330,19,Good Condition
10387,2463,10544,210,164,Good Condition
10388,2463,10545,103,423,Good Condition
10389,2464,10546,357,199,Good Condition
10390,2464,10547,363,149,Good Condition
10391,2464,10548,538,355,Good Condition
10392,2464,10549,176,48,Good Condition
10393,2465,10550,439,429,Good Condition
10394,2465,10551,243,256,Good Condition
10395,2465,10552,236,93,Good Condition
10396,2465,10553,407,229,Good Condition
10397,2465,10554,23,281,Good Condition
10398,2465,10555,352,153,Good Condition
10399,2465,10556,153,148,Good Condition
10400,2465,10557,472,353,Good Condition
10401,2466,10558,554,247,Service Accepted
10402,2466,10559,326,179,Service Accepted
10403,2466,10560,540,244,Service Accepted
10404,2466,10561,274,134,Service Accepted
10405,2467,10562,211,381,Good Condition
10406,2467,10563,222,106,Good Condition
10407,2467,10564,170,230,Good Condition
10408,2467,10565,418,138,Good Condition
10409,2467,10566,23,467,Good Condition
10410,2468,10567,570,158,Good Condition
10411,2468,10568,598,497,Good Condition
10412,2468,10569,580,439,Good Condition
10413,2468,10570,578,246,Good Condition
10414,2468,10571,319,171,Good Condition
10415,2468,10572,56,295,Good Condition
10416,2468,10573,330,406,Good Condition
10417,2469,10574,165,322,Good Condition
10418,2469,10575,330,441,Good Condition
10419,2469,10576,210,106,Good Condition
10420,2469,10577,103,354,Good Condition
10421,2470,10578,44,397,Good Condition
10422,2470,10579,55,260,Service Accepted
10423,2470,10580,532,366,Service Accepted
10424,2470,10581,61,460,Service Accepted
10425,2470,10582,531,372,Service Accepted
10426,2471,10583,551,350,Good Condition
10427,2471,10584,74,120,Good Condition
10428,2471,10585,374,370,Dead on Arrival (DOA)
10429,2471,10586,167,166,Good Condition
10430,2471,10587,102,442,Good Condition
10431,2472,10588,42,259,Good Condition
10432,2472,10589,129,90,Good Condition
10433,2472,10590,499,281,Good Condition
10434,2472,10591,591,211,Good Condition
10435,2473,10592,69,436,Good Condition
10436,2474,10593,521,368,Good Condition
10437,2474,10594,553,33,Good Condition
10438,2474,10595,318,115,Good Condition
10439,2474,10596,192,341,Good Condition
10440,2474,10597,505,292,Good Condition
10441,2475,10598,439,193,Good Condition
10442,2475,10599,176,499,Good Condition
10443,2475,10600,210,82,Good Condition
10444,2475,10601,227,476,Good Condition
10445,2475,10602,577,226,Good Condition
10446,2476,10603,255,97,Good Condition
10447,2476,10604,157,247,Good Condition
10448,2477,10605,201,482,Good Condition
10449,2477,10606,416,341,Good Condition
10450,2477,10607,206,360,Good Condition
10451,2477,10608,553,376,Good Condition
10452,2477,10609,125,376,Good Condition
10453,2477,10610,439,290,Good Condition
10454,2477,10611,304,398,Good Condition
10455,2477,10612,226,144,Good Condition
10456,2477,10613,128,358,Good Condition
10457,2478,10614,577,465,Good Condition
10458,2478,10615,538,290,Good Condition
10459,2478,10616,319,79,Good Condition
10460,2478,10617,301,137,Good Condition
10461,2478,10618,445,63,Good Condition
10462,2478,10619,165,360,Good Condition
10463,2478,10620,558,78,Good Condition
10464,2478,10621,110,310,Good Condition
10465,2479,10622,598,229,Good Condition
10466,2480,10623,296,377,Service Accepted
10467,2481,10624,91,190,Good Condition
10468,2481,10625,196,264,Packaging Damaged
10469,2481,10626,456,442,Good Condition
10470,2481,10627,462,30,Good Condition
10471,2481,10628,300,277,Good Condition
10472,2481,10629,235,280,Good Condition
10473,2481,10630,242,455,Good Condition
10474,2482,10631,232,187,Good Condition
10475,2482,10632,251,83,Good Condition
10476,2482,10633,567,85,Good Condition
10477,2482,10634,285,419,Good Condition
10478,2483,10637,490,264,Good Condition
10479,2483,10638,372,316,Good Condition
10480,2483,10639,514,34,Good Condition
10481,2483,10640,167,376,Good Condition
10482,2484,10641,295,146,Service Incomplete
10483,2485,10642,29,459,Good Condition
10484,2485,10643,371,185,Good Condition
10485,2485,10644,84,306,Good Condition
10486,2485,10645,249,178,Good Condition
10487,2485,10646,102,200,Dead on Arrival (DOA)
10488,2485,10647,25,481,Good Condition
10489,2485,10648,450,259,Good Condition
10490,2485,10649,237,115,Good Condition
10491,2485,10650,48,332,Good Condition
10492,2486,10651,335,187,Good Condition
10493,2486,10652,134,195,Good Condition
10494,2486,10653,538,88,Good Condition
10495,2486,10654,60,153,Good Condition
10496,2486,10655,368,26,Good Condition
10497,2487,10656,125,180,Good Condition
10498,2487,10657,301,318,Good Condition
10499,2487,10658,550,497,Good Condition
10500,2487,10659,197,214,Good Condition
10501,2487,10660,366,127,Good Condition
10502,2487,10661,391,247,Good Condition
10503,2487,10662,354,385,Good Condition
10504,2487,10663,60,222,Good Condition
10505,2488,10664,460,400,Good Condition
10506,2488,10665,202,410,Good Condition
10507,2488,10666,335,123,Good Condition
10508,2488,10667,240,363,Good Condition
10509,2489,10668,25,244,Good Condition
10510,2489,10669,147,417,Good Condition
10511,2489,10670,556,74,Good Condition
10512,2490,10671,582,454,Good Condition
10513,2490,10672,565,84,Good Condition
10514,2490,10673,535,16,Minor Defect - Accepted
10515,2490,10674,202,249,Good Condition
10516,2491,10675,300,281,Good Condition
10517,2492,10676,568,90,Good Condition
10518,2493,10677,501,187,Service Accepted
10519,2493,10678,540,218,Service Accepted
10520,2493,10679,554,122,Service Accepted
10521,2493,10680,326,309,Service Accepted
10522,2493,10681,274,433,Service Accepted
10523,2493,10682,72,300,Service Accepted
10524,2494,10683,395,373,Good Condition
10525,2494,10684,593,296,Good Condition
10526,2494,10685,550,312,Good Condition
10527,2494,10686,548,143,Good Condition
10528,2494,10687,449,147,Good Condition
10529,2494,10688,211,442,Good Condition
10530,2494,10689,377,333,Good Condition
10531,2494,10690,172,443,Good Condition
10532,2495,10691,42,426,Good Condition
10533,2495,10692,419,453,Good Condition
10534,2495,10693,77,227,Good Condition
10535,2495,10694,570,11,Good Condition
10536,2495,10695,488,378,Good Condition
10537,2496,10696,166,69,Good Condition
10538,2496,10697,334,62,Good Condition
10539,2496,10698,291,474,Good Condition
10540,2497,10699,102,489,Good Condition
10541,2497,10700,306,283,Good Condition
10542,2497,10701,70,384,Good Condition
10543,2497,10702,582,53,Good Condition
10544,2497,10703,287,325,Good Condition
10545,2498,10704,399,456,Good Condition
10546,2498,10705,565,431,Good Condition
10547,2498,10706,474,38,Good Condition
10548,2498,10707,259,185,Good Condition
10549,2498,10708,306,335,Good Condition
10550,2499,10709,324,352,Good Condition
10551,2499,10710,441,263,Good Condition
10552,2499,10711,577,444,Good Condition
10553,2499,10712,210,96,Good Condition
10554,2499,10713,227,396,Good Condition
10555,2499,10714,243,86,Minor Defect - Accepted
10556,2499,10715,30,17,Good Condition
10557,2500,10716,251,21,Good Condition
10558,2500,10717,141,398,Good Condition
10559,2501,10718,110,325,Good Condition
10560,2502,10719,430,288,Service Disputed
10561,2503,10720,72,354,Service Accepted
10562,2503,10721,540,396,Service Accepted
10563,2503,10722,274,205,Service Accepted
10564,2503,10723,326,73,Service Accepted
10565,2503,10724,501,47,Service Accepted
10566,2503,10725,554,39,Service Accepted
10567,2504,10726,183,368,Service Accepted
10568,2504,10727,423,168,Service Accepted
10569,2504,10728,430,391,Service Disputed
10570,2504,10729,295,356,Service Accepted
10571,2504,10730,281,371,Service Accepted
10572,2505,10731,126,46,Good Condition
10573,2505,10732,317,104,Good Condition
10574,2506,10733,95,67,Service Accepted
10575,2506,10734,173,442,Service Accepted
10576,2506,10735,35,341,Service Accepted
10577,2506,10736,142,425,Service Accepted
10578,2506,10737,19,139,Service Accepted
10579,2506,10738,452,482,Service Accepted
10580,2506,10739,36,35,Service Accepted
10581,2507,10740,33,364,Good Condition
10582,2507,10741,571,311,Good Condition
10583,2507,10742,368,58,Good Condition
10584,2507,10743,375,302,Good Condition
10585,2507,10744,53,404,Good Condition
10586,2508,10745,244,268,Good Condition
10587,2508,10746,28,403,Good Condition
10588,2508,10747,194,497,Good Condition
10589,2508,10748,565,208,Good Condition
10590,2508,10749,15,221,Good Condition
10591,2509,10750,525,352,Screen Damaged
10592,2509,10751,54,470,Good Condition
10593,2509,10752,440,335,Good Condition
10594,2509,10753,493,305,Good Condition
10595,2509,10754,217,330,Good Condition
10596,2509,10755,202,74,Good Condition
10597,2509,10756,79,485,Good Condition
10598,2509,10757,562,203,Good Condition
10599,2510,10758,46,208,Service Accepted
10600,2510,10759,414,471,Service Accepted
10601,2511,10760,255,147,Good Condition
10602,2511,10761,194,41,Good Condition
10603,2511,10762,165,108,Good Condition
10604,2511,10763,28,199,Good Condition
10605,2511,10764,582,116,Good Condition
10606,2511,10765,202,106,Good Condition
10607,2511,10766,535,466,Good Condition
10608,2511,10767,15,246,Good Condition
10609,2512,10768,15,307,Good Condition
10610,2513,10769,23,300,Good Condition
10611,2513,10770,352,304,Good Condition
10612,2513,10771,572,241,Good Condition
10613,2513,10772,591,444,Good Condition
10614,2513,10773,360,202,Good Condition
10615,2514,10774,77,404,Good Condition
10616,2514,10775,360,389,Good Condition
10617,2514,10776,570,367,Good Condition
10618,2514,10777,488,81,Good Condition
10619,2514,10778,42,126,Good Condition
10620,2514,10779,303,155,Good Condition
10621,2515,10780,129,257,Good Condition
10622,2515,10781,424,69,Good Condition
10623,2515,10782,122,31,Good Condition
10624,2515,10783,570,269,Good Condition
10625,2515,10784,593,87,Good Condition
10626,2515,10785,413,312,Good Condition
10627,2515,10786,165,489,Good Condition
10628,2516,10787,446,342,Good Condition
10629,2516,10788,512,300,Good Condition
10630,2516,10789,244,317,Good Condition
10631,2516,10790,151,413,Good Condition
10632,2516,10791,483,87,Good Condition
10633,2516,10792,239,44,Good Condition
10634,2517,10793,366,118,Good Condition
10635,2517,10794,512,415,Good Condition
10636,2517,10795,59,248,Good Condition
10637,2517,10796,317,157,Good Condition
10638,2517,10797,129,105,Good Condition
10639,2518,10798,481,238,Good Condition
10640,2518,10799,102,350,Good Condition
10641,2518,10800,395,42,Good Condition
10642,2518,10801,129,28,Good Condition
10643,2518,10802,425,328,Good Condition
10644,2519,10803,319,452,Good Condition
10645,2519,10804,460,434,Good Condition
10646,2519,10805,175,420,Good Condition
10647,2519,10806,548,17,Good Condition
10648,2519,10807,469,384,Good Condition
10649,2520,10808,466,127,Good Condition
10650,2520,10809,39,274,Service Incomplete
10651,2520,10810,218,93,Good Condition
10652,2520,10811,332,115,Good Condition
10653,2520,10812,599,305,Good Condition
10654,2521,10813,413,46,Good Condition
10655,2521,10814,122,203,Good Condition
10656,2521,10815,86,210,Good Condition
10657,2521,10816,556,97,Good Condition
10658,2521,10817,129,125,Good Condition
10659,2522,10818,560,239,Good Condition
10660,2522,10819,170,148,Good Condition
10661,2522,10820,239,212,Good Condition
10662,2523,10821,103,479,Good Condition
10663,2523,10822,577,313,Good Condition
10664,2523,10823,560,265,Good Condition
10665,2524,10824,108,294,Good Condition
10666,2524,10825,239,120,Good Condition
10667,2524,10826,235,299,Good Condition
10668,2525,10827,335,444,Good Condition
10669,2525,10828,571,17,Good Condition
10670,2525,10829,542,132,Good Condition
10671,2525,10830,205,487,Good Condition
10672,2525,10831,560,98,Good Condition
10673,2525,10832,103,385,Good Condition
10674,2525,10833,568,315,Good Condition
10675,2526,10834,304,203,Good Condition
10676,2526,10835,370,25,Good Condition
10677,2526,10836,232,392,Minor Defect - Accepted
10678,2526,10837,510,69,Good Condition
10679,2527,10838,364,69,Service Accepted
10680,2527,10839,464,222,Service Accepted
10681,2527,10840,279,225,Service Accepted
10682,2527,10841,355,133,Service Accepted
10683,2527,10842,190,243,Service Accepted
10684,2527,10843,555,222,Service Accepted
10685,2528,10844,402,43,Service Accepted
10686,2528,10845,183,264,Service Accepted
10687,2529,10846,377,224,Screen Damaged
10688,2529,10847,227,70,Good Condition
10689,2529,10848,562,123,Good Condition
10690,2529,10849,273,323,Good Condition
10691,2529,10850,446,446,Good Condition
10692,2530,10851,30,145,Good Condition
10693,2531,10852,494,165,Good Condition
10694,2531,10853,70,255,Good Condition
10695,2532,10854,359,265,Good Condition
10696,2533,10855,173,107,Service Accepted
10697,2533,10856,132,57,Service Accepted
10698,2533,10857,341,436,Good Condition
10699,2533,10858,437,78,Service Accepted
10700,2533,10859,1,380,Good Condition
10701,2533,10860,138,324,Good Condition
10702,2533,10861,351,90,Service Accepted
10703,2534,10862,531,279,Service Incomplete
10704,2534,10863,532,22,Service Disputed
10705,2534,10864,61,376,Service Accepted
10706,2534,10865,44,22,Good Condition
10707,2535,10866,425,230,Good Condition
10708,2535,10867,147,355,Good Condition
10709,2535,10868,486,282,Good Condition
10710,2535,10869,205,275,Good Condition
10711,2535,10870,300,343,Good Condition
10712,2535,10871,82,37,Good Condition
10713,2535,10872,125,25,Good Condition
10714,2536,10873,175,278,Good Condition
10715,2536,10874,519,446,Good Condition
10716,2536,10875,508,435,Good Condition
10717,2536,10876,71,224,Good Condition
10718,2536,10877,486,308,Good Condition
10719,2536,10878,345,29,Good Condition
10720,2536,10879,217,262,Good Condition
10721,2537,10880,110,325,Good Condition
10722,2537,10881,490,343,Good Condition
10723,2537,10882,236,290,Good Condition
10724,2537,10883,285,330,Good Condition
10725,2537,10884,366,116,Good Condition
10726,2537,10885,481,223,Good Condition
10727,2537,10886,308,217,Good Condition
10728,2537,10887,175,286,Good Condition
10729,2537,10888,444,379,Good Condition
10730,2538,10889,325,129,Good Condition
10731,2538,10890,375,29,Good Condition
10732,2539,10891,432,482,Good Condition
10733,2539,10892,146,480,Good Condition
10734,2539,10893,210,306,Good Condition
10735,2539,10894,126,359,Good Condition
10736,2539,10895,570,159,Good Condition
10737,2540,10896,450,395,Good Condition
10738,2540,10897,558,116,Good Condition
10739,2540,10898,493,347,Good Condition
10740,2540,10899,54,442,Good Condition
10741,2541,10900,582,233,Good Condition
10742,2541,10901,187,66,Good Condition
10743,2541,10902,196,350,Good Condition
10744,2541,10903,153,472,Good Condition
10745,2541,10904,446,330,Good Condition
10746,2542,10905,551,434,Good Condition
10747,2543,10906,311,245,Good Condition
10748,2543,10907,70,374,Good Condition
10749,2543,10908,205,304,Good Condition
10750,2543,10909,469,292,Good Condition
10751,2543,10910,192,48,Good Condition
10752,2543,10911,509,322,Good Condition
10753,2543,10912,312,141,Good Condition
10754,2544,10913,334,493,Good Condition
10755,2544,10914,574,314,Good Condition
10756,2545,10915,588,52,Good Condition
10757,2545,10916,273,451,Good Condition
10758,2545,10917,519,350,Packaging Damaged
10759,2545,10918,53,419,Good Condition
10760,2545,10919,196,477,Good Condition
10761,2545,10920,113,372,Good Condition
10762,2545,10921,497,445,Good Condition
10763,2546,10922,562,477,Good Condition
10764,2546,10923,153,293,Good Condition
10765,2546,10924,456,119,Good Condition
10766,2547,10925,146,390,Good Condition
10767,2547,10926,374,248,Good Condition
10768,2547,10927,159,194,Good Condition
10769,2547,10928,386,384,Good Condition
10770,2547,10929,103,169,Good Condition
10771,2547,10930,123,195,Good Condition
10772,2547,10931,126,226,Good Condition
10773,2548,10932,486,367,Good Condition
10774,2548,10933,582,116,Good Condition
10775,2548,10934,515,133,Good Condition
10776,2548,10935,48,270,Screen Damaged
10777,2549,10936,185,155,Good Condition
10778,2549,10937,409,268,Good Condition
10779,2550,10938,242,253,Good Condition
10780,2550,10939,293,102,Good Condition
10781,2551,10940,23,372,Good Condition
10782,2551,10941,215,209,Good Condition
10783,2551,10942,197,189,Good Condition
10784,2551,10943,330,266,Good Condition
10785,2551,10944,316,317,Good Condition
10786,2552,10945,82,313,Good Condition
10787,2552,10946,441,194,Packaging Damaged
10788,2552,10947,551,306,Good Condition
10789,2552,10948,469,52,Good Condition
10790,2552,10949,205,349,Good Condition
10791,2552,10950,598,161,Good Condition
10792,2552,10951,74,87,Good Condition
10793,2553,10952,304,330,Good Condition
10794,2553,10953,170,490,Good Condition
10795,2553,10954,553,362,Good Condition
10796,2553,10955,232,38,Good Condition
10797,2553,10956,127,106,Good Condition
10798,2553,10957,206,154,Screen Damaged
10799,2553,10958,128,46,Good Condition
10800,2554,10963,561,500,Service Accepted
10801,2554,10964,364,342,Service Accepted
10802,2554,10965,459,264,Good Condition
10803,2554,10966,294,430,Service Accepted
10804,2554,10967,342,139,Service Disputed
10805,2554,10968,138,278,Good Condition
10806,2555,10969,424,483,Good Condition
10807,2555,10970,127,26,Good Condition
10808,2555,10971,283,237,Good Condition
10809,2555,10972,568,262,Good Condition
10810,2555,10973,422,471,Good Condition
10811,2556,10974,541,433,Good Condition
10812,2556,10975,308,405,Good Condition
10813,2556,10976,345,262,Good Condition
10814,2556,10977,80,277,Good Condition
10815,2557,10978,410,294,Good Condition
10816,2557,10979,54,474,Good Condition
10817,2557,10980,512,30,Good Condition
10818,2557,10981,551,185,Good Condition
10819,2557,10982,264,332,Good Condition
10820,2557,10983,413,403,Good Condition
10821,2557,10984,13,456,Good Condition
10822,2558,10985,591,23,Good Condition
10823,2558,10986,600,230,Good Condition
10824,2558,10987,23,318,Good Condition
10825,2558,10988,153,194,Good Condition
10826,2558,10989,243,440,Good Condition
10827,2559,10990,387,479,Service Accepted
10828,2559,10991,270,478,Good Condition
10829,2559,10992,245,156,Good Condition
10830,2559,10993,500,19,Good Condition
10831,2559,10994,364,208,Service Accepted
10832,2559,10995,429,427,Good Condition
10833,2559,10996,168,189,Good Condition
10834,2560,10997,392,331,Good Condition
10835,2560,10998,556,144,Good Condition
10836,2560,10999,300,409,Good Condition
10837,2560,11000,433,413,Good Condition
10838,2561,11001,43,486,Good Condition
10839,2562,11002,567,209,Good Condition
10840,2562,11003,232,110,Good Condition
10841,2562,11004,62,494,Good Condition
10842,2562,11005,515,119,Good Condition
10843,2563,11006,470,160,Good Condition
10844,2563,11007,94,235,Service Accepted
10845,2563,11008,500,318,Good Condition
10846,2563,11009,286,380,Good Condition
10847,2564,11010,242,82,Good Condition
10848,2565,11011,430,55,Service Accepted
10849,2565,11012,281,218,Service Accepted
10850,2565,11013,405,77,Service Accepted
10851,2565,11014,183,35,Service Accepted
10852,2566,11015,187,28,Good Condition
10853,2566,11016,111,344,Good Condition
10854,2566,11017,515,220,Good Condition
10855,2566,11018,102,143,Good Condition
10856,2566,11019,122,33,Good Condition
10857,2566,11020,471,129,Good Condition
10858,2566,11021,541,374,Good Condition
10859,2567,11022,41,219,Good Condition
10860,2568,11023,368,410,Good Condition
10861,2568,11024,301,302,Good Condition
10862,2568,11025,122,82,Good Condition
10863,2569,11026,192,307,Good Condition
10864,2569,11027,480,181,Good Condition
10865,2569,11028,565,236,Good Condition
10866,2569,11029,527,174,Good Condition
10867,2569,11030,366,471,Good Condition
10868,2569,11031,474,498,Good Condition
10869,2570,11032,89,75,Good Condition
10870,2570,11033,196,102,Good Condition
10871,2570,11034,446,342,Good Condition
10872,2570,11035,102,211,Good Condition
10873,2570,11036,80,151,Good Condition
10874,2570,11037,530,343,Good Condition
10875,2571,11038,205,247,Good Condition
10876,2571,11039,242,349,Good Condition
10877,2572,11040,439,348,Good Condition
10878,2572,11041,291,308,Good Condition
10879,2572,11042,553,162,Good Condition
10880,2572,11043,179,234,Screen Damaged
10881,2572,11044,79,276,Good Condition
10882,2572,11045,577,423,Good Condition
10883,2572,11046,275,192,Good Condition
10884,2573,11047,84,197,Good Condition
10885,2573,11048,354,269,Good Condition
10886,2574,11049,174,480,Good Condition
10887,2574,11050,462,406,Good Condition
10888,2574,11051,354,274,Good Condition
10889,2574,11052,45,344,Good Condition
10890,2574,11053,255,79,Good Condition
10891,2575,11054,542,442,Good Condition
10892,2575,11055,335,275,Good Condition
10893,2575,11056,103,240,Good Condition
10894,2575,11057,568,429,Good Condition
10895,2576,11058,91,308,Good Condition
10896,2576,11059,119,22,Good Condition
10897,2576,11060,251,195,Good Condition
10898,2576,11061,524,14,Good Condition
10899,2576,11062,165,32,Good Condition
10900,2576,11063,16,129,Good Condition
10901,2577,11064,335,80,Good Condition
10902,2578,11065,332,165,Good Condition
10903,2579,11066,306,273,Good Condition
10904,2579,11067,597,92,Good Condition
10905,2579,11068,172,481,Good Condition
10906,2580,11069,240,211,Good Condition
10907,2580,11070,202,65,Good Condition
10908,2581,11071,69,222,Good Condition
10909,2581,11072,30,214,Good Condition
10910,2582,11073,230,311,Good Condition
10911,2583,11074,319,411,Screen Damaged
10912,2583,11075,598,65,Good Condition
10913,2583,11076,519,359,Packaging Damaged
10914,2584,11077,352,452,Good Condition
10915,2584,11078,543,182,Good Condition
10916,2584,11079,236,427,Good Condition
10917,2584,11080,243,347,Good Condition
10918,2584,11081,577,69,Good Condition
10919,2584,11082,572,439,Good Condition
10920,2585,11083,260,236,Good Condition
10921,2585,11084,43,228,Good Condition
10922,2585,11085,42,75,Good Condition
10923,2585,11086,481,160,Good Condition
10924,2585,11087,512,374,Good Condition
10925,2585,11088,439,305,Good Condition
10926,2585,11089,170,428,Good Condition
10927,2586,11090,87,274,Good Condition
10928,2586,11091,318,289,Good Condition
10929,2586,11092,23,18,Good Condition
10930,2587,11093,519,206,Good Condition
10931,2587,11094,357,338,Good Condition
10932,2587,11095,352,119,Good Condition
10933,2587,11096,172,495,Good Condition
10934,2587,11097,399,459,Good Condition
10935,2587,11098,550,475,Good Condition
10936,2588,11099,437,152,Service Accepted
10937,2588,11100,485,315,Service Accepted
10938,2588,11101,204,182,Service Accepted
10939,2588,11102,351,368,Service Accepted
10940,2589,11103,588,186,Good Condition
10941,2589,11104,42,370,Good Condition
10942,2589,11105,242,230,Good Condition
10943,2589,11106,418,71,Good Condition
10944,2589,11107,550,86,Good Condition
10945,2589,11108,445,262,Good Condition
10946,2589,11109,476,423,Good Condition
10947,2589,11110,556,64,Good Condition
10948,2590,11111,238,36,Good Condition
10949,2590,11112,421,108,Good Condition
10950,2590,11113,438,334,Good Condition
10951,2590,11114,8,456,Good Condition
10952,2590,11115,391,427,Packaging Damaged
10953,2590,11116,49,291,Good Condition
10954,2591,11117,577,433,Good Condition
10955,2591,11118,129,198,Good Condition
10956,2591,11119,70,371,Good Condition
10957,2591,11120,409,87,Good Condition
10958,2591,11121,399,195,Good Condition
10959,2591,11122,264,161,Good Condition
10960,2591,11123,41,205,Good Condition
10961,2592,11124,235,289,Good Condition
10962,2592,11125,499,314,Good Condition
10963,2592,11126,108,196,Good Condition
10964,2592,11127,251,475,Good Condition
10965,2592,11128,179,129,Good Condition
10966,2593,11129,518,472,Service Accepted
10967,2594,11130,493,245,Good Condition
10968,2594,11131,153,132,Good Condition
10969,2594,11132,562,229,Good Condition
10970,2594,11133,455,11,Good Condition
10971,2595,11134,560,34,Wrong Item Sent
10972,2595,11135,301,462,Good Condition
10973,2595,11136,513,241,Good Condition
10974,2595,11137,237,293,Good Condition
10975,2595,11138,243,427,Good Condition
10976,2595,11139,488,35,Good Condition
10977,2596,11140,497,123,Good Condition
10978,2596,11141,372,275,Wrong Item Sent
10979,2596,11142,519,247,Good Condition
10980,2596,11143,53,185,Good Condition
10981,2597,11144,122,362,Good Condition
10982,2597,11145,249,33,Good Condition
10983,2597,11146,87,462,Good Condition
10984,2597,11147,490,16,Good Condition
10985,2597,11148,589,105,Good Condition
10986,2597,11149,472,325,Good Condition
10987,2597,11150,408,494,Good Condition
10988,2598,11151,249,334,Good Condition
10989,2599,11152,530,451,Good Condition
10990,2599,11153,179,474,Dead on Arrival (DOA)
10991,2599,11154,196,42,Good Condition
10992,2599,11155,141,357,Good Condition
10993,2599,11156,446,94,Good Condition
10994,2599,11157,89,394,Good Condition
10995,2599,11158,217,304,Good Condition
10996,2600,11159,87,397,Good Condition
10997,2600,11160,490,287,Good Condition
10998,2601,11161,151,159,Good Condition
10999,2601,11162,69,165,Good Condition
11000,2601,11163,460,327,Good Condition
11001,2601,11164,197,350,Good Condition
11002,2601,11165,16,275,Good Condition
11003,2602,11166,438,398,Good Condition
11004,2602,11167,230,231,Good Condition
11005,2602,11168,179,135,Good Condition
11006,2602,11169,396,466,Good Condition
11007,2602,11170,12,388,Good Condition
11008,2603,11171,176,251,Dead on Arrival (DOA)
11009,2603,11172,441,157,Good Condition
11010,2603,11173,62,220,Good Condition
11011,2603,11174,108,346,Good Condition
11012,2603,11175,210,80,Good Condition
11013,2603,11176,192,209,Good Condition
11014,2604,11177,264,38,Good Condition
11015,2604,11178,317,92,Good Condition
11016,2604,11179,41,196,Good Condition
11017,2604,11180,462,446,Good Condition
11018,2604,11181,550,130,Good Condition
11019,2604,11182,598,110,Good Condition
11020,2604,11183,70,376,Good Condition
11021,2605,11184,378,21,Service Accepted
11022,2605,11185,351,412,Service Incomplete
11023,2606,11186,196,475,Good Condition
11024,2607,11187,153,54,Good Condition
11025,2608,11188,306,464,Good Condition
11026,2608,11189,354,416,Good Condition
11027,2608,11190,578,408,Good Condition
11028,2608,11191,419,183,Good Condition
11029,2609,11192,50,464,Good Condition
11030,2609,11193,558,197,Good Condition
11031,2609,11194,476,223,Minor Defect - Accepted
11032,2609,11195,300,35,Good Condition
11033,2609,11196,568,388,Good Condition
11034,2610,11197,425,403,Good Condition
11035,2610,11198,111,163,Good Condition
11036,2610,11199,395,79,Good Condition
11037,2610,11200,62,109,Good Condition
11038,2611,11201,508,17,Good Condition
11039,2611,11202,524,488,Good Condition
11040,2611,11203,50,92,Good Condition
11041,2611,11204,176,445,Good Condition
11042,2611,11205,81,292,Good Condition
11043,2611,11206,543,328,Good Condition
11044,2612,11207,97,242,Service Accepted
11045,2612,11208,137,257,Good Condition
11046,2612,11209,27,103,Service Accepted
11047,2612,11210,266,317,Good Condition
11048,2612,11211,213,328,Good Condition
11049,2612,11212,549,392,Service Accepted
11050,2612,11213,51,259,Service Accepted
11051,2612,11214,516,112,Good Condition
11052,2613,11215,513,486,Dead on Arrival (DOA)
11053,2613,11216,42,331,Good Condition
11054,2613,11217,255,63,Good Condition
11055,2613,11218,499,161,Good Condition
11056,2613,11219,425,156,Good Condition
11057,2613,11220,598,257,Good Condition
11058,2614,11221,493,301,Good Condition
11059,2614,11222,419,85,Good Condition
11060,2614,11223,370,149,Good Condition
11061,2614,11224,236,391,Good Condition
11062,2614,11225,102,231,Good Condition
11063,2614,11226,483,385,Good Condition
11064,2614,11227,243,166,Good Condition
11065,2614,11228,562,224,Good Condition
11066,2614,11229,50,105,Good Condition
11067,2615,11230,91,359,Good Condition
11068,2615,11231,235,116,Good Condition
11069,2615,11232,400,117,Good Condition
11070,2615,11233,462,402,Good Condition
11071,2616,11234,433,274,Good Condition
11072,2616,11235,419,275,Good Condition
11073,2616,11236,396,131,Good Condition
11074,2617,11237,375,49,Good Condition
11075,2617,11238,508,212,Good Condition
11076,2617,11239,486,430,Good Condition
11077,2617,11240,127,36,Good Condition
11078,2617,11241,582,191,Screen Damaged
11079,2617,11242,368,414,Good Condition
11080,2618,11243,516,344,Good Condition
11081,2618,11244,101,147,Service Accepted
11082,2619,11245,450,179,Good Condition
11083,2619,11246,560,444,Good Condition
11084,2619,11247,28,213,Good Condition
11085,2619,11248,316,386,Good Condition
11086,2619,11249,4,441,Good Condition
11087,2619,11250,432,205,Good Condition
11088,2620,11251,390,119,Good Condition
11089,2620,11252,210,155,Packaging Damaged
11090,2620,11253,70,99,Good Condition
11091,2620,11254,227,376,Good Condition
11092,2621,11255,544,386,Good Condition
11093,2621,11256,532,466,Service Accepted
11094,2621,11257,44,299,Good Condition
11095,2621,11258,61,283,Service Accepted
11096,2621,11259,55,274,Service Accepted
11097,2622,11260,9,151,Good Condition
11098,2622,11261,450,48,Good Condition
11099,2622,11262,375,190,Good Condition
11100,2622,11263,92,431,Good Condition
11101,2622,11264,222,44,Good Condition
11102,2622,11265,41,41,Good Condition
11103,2623,11266,491,59,Good Condition
11104,2623,11267,505,257,Good Condition
11105,2623,11268,335,245,Dead on Arrival (DOA)
11106,2623,11269,15,379,Good Condition
11107,2623,11270,89,109,Good Condition
11108,2623,11271,551,82,Good Condition
11109,2624,11272,146,23,Good Condition
11110,2624,11273,432,125,Good Condition
11111,2624,11274,210,466,Good Condition
11112,2625,11275,426,284,Good Condition
11113,2625,11276,553,92,Good Condition
11114,2625,11277,109,178,Good Condition
11115,2626,11278,579,379,Good Condition
11116,2626,11279,185,251,Wrong Item Sent
11117,2626,11280,471,375,Good Condition
11118,2626,11281,159,212,Good Condition
11119,2626,11282,77,288,Good Condition
11120,2627,11283,481,114,Good Condition
11121,2627,11284,70,241,Good Condition
11122,2627,11285,562,317,Good Condition
11123,2627,11286,236,154,Good Condition
11124,2627,11287,493,487,Good Condition
11125,2627,11288,433,164,Good Condition
11126,2628,11289,318,167,Good Condition
11127,2628,11290,535,439,Good Condition
11128,2628,11291,513,482,Good Condition
11129,2628,11292,23,30,Good Condition
11130,2629,11293,330,264,Good Condition
11131,2629,11294,450,235,Good Condition
11132,2629,11295,103,383,Packaging Damaged
11133,2629,11296,165,490,Good Condition
11134,2630,11297,4,14,Good Condition
11135,2630,11298,176,300,Good Condition
11136,2630,11299,395,93,Good Condition
11137,2630,11300,242,491,Good Condition
11138,2630,11301,446,85,Good Condition
11139,2631,11302,567,500,Good Condition
11140,2631,11303,515,373,Good Condition
11141,2631,11304,251,465,Wrong Item Sent
11142,2631,11305,62,251,Good Condition
11143,2632,11306,391,109,Good Condition
11144,2632,11307,262,45,Good Condition
11145,2632,11308,202,154,Good Condition
11146,2632,11309,558,271,Good Condition
11147,2632,11310,393,316,Rejected - Quality Failure
11148,2632,11311,480,305,Rejected - Quality Failure
11149,2633,11312,43,357,Good Condition
11150,2633,11313,359,393,Good Condition
11151,2633,11314,249,138,Good Condition
11152,2634,11315,472,218,Good Condition
11153,2634,11316,236,45,Good Condition
11154,2634,11317,13,286,Good Condition
11155,2635,11318,9,347,Good Condition
11156,2635,11319,480,85,Good Condition
11157,2635,11320,151,207,Good Condition
11158,2635,11321,179,37,Rejected - Quality Failure
11159,2636,11322,334,463,Good Condition
11160,2636,11323,574,172,Good Condition
11161,2636,11324,291,234,Good Condition
11162,2636,11325,166,196,Good Condition
11163,2636,11326,543,232,Good Condition
11164,2637,11327,407,306,Wrong Item Sent
11165,2637,11328,481,467,Good Condition
11166,2637,11329,47,249,Dead on Arrival (DOA)
11167,2637,11330,505,116,Good Condition
11168,2637,11331,372,200,Good Condition
11169,2638,11332,450,224,Good Condition
11170,2638,11333,408,290,Good Condition
11171,2638,11334,80,477,Good Condition
11172,2638,11335,308,492,Good Condition
11173,2638,11336,50,450,Good Condition
11174,2639,11337,242,150,Good Condition
11175,2639,11338,291,443,Good Condition
11176,2640,11339,254,381,Good Condition
11177,2640,11340,230,409,Good Condition
11178,2640,11341,486,456,Packaging Damaged
11179,2640,11342,440,439,Good Condition
11180,2640,11343,396,54,Good Condition
11181,2640,11344,438,95,Good Condition
11182,2641,11345,474,475,Good Condition
11183,2641,11346,275,89,Good Condition
11184,2641,11347,293,189,Good Condition
11185,2641,11348,153,419,Good Condition
11186,2641,11349,510,265,Good Condition
11187,2641,11350,399,220,Good Condition
11188,2642,11351,200,77,Service Incomplete
11189,2642,11352,131,172,Service Accepted
11190,2642,11353,367,452,Service Accepted
11191,2642,11354,451,26,Service Accepted
11192,2643,11355,599,171,Good Condition
11193,2643,11356,218,236,Good Condition
11194,2643,11357,39,41,Service Accepted
11195,2643,11358,466,397,Good Condition
11196,2643,11359,286,86,Good Condition
11197,2643,11360,332,338,Good Condition
11198,2644,11361,172,126,Good Condition
11199,2644,11362,370,289,Good Condition
11200,2644,11363,597,282,Good Condition
11201,2644,11364,306,245,Good Condition
11202,2645,11365,240,302,Good Condition
11203,2646,11366,444,474,Good Condition
11204,2646,11367,551,32,Good Condition
11205,2646,11368,217,304,Good Condition
11206,2647,11369,86,450,Good Condition
11207,2647,11370,377,24,Good Condition
11208,2647,11371,301,326,Good Condition
11209,2647,11372,441,130,Good Condition
11210,2647,11373,567,279,Good Condition
11211,2647,11374,368,31,Good Condition
11212,2647,11375,413,25,Good Condition
11213,2648,11376,41,168,Minor Defect - Accepted
11214,2648,11377,306,174,Good Condition
11215,2648,11378,354,163,Good Condition
11216,2648,11379,335,467,Good Condition
11217,2649,11380,496,487,Good Condition
11218,2649,11381,220,429,Service Accepted
11219,2649,11382,529,162,Service Accepted
11220,2649,11383,537,348,Service Accepted
11221,2649,11384,587,422,Good Condition
11222,2650,11385,406,28,Good Condition
11223,2650,11386,141,152,Good Condition
11224,2651,11387,567,437,Good Condition
11225,2652,11388,481,417,Good Condition
11226,2652,11389,285,48,Good Condition
11227,2652,11390,117,218,Good Condition
11228,2652,11391,110,421,Good Condition
11229,2652,11392,222,372,Good Condition
11230,2653,11393,544,12,Good Condition
11231,2653,11394,358,410,Service Accepted
11232,2653,11395,64,359,Good Condition
11233,2653,11396,6,473,Service Accepted
11234,2653,11397,100,347,Good Condition
11235,2654,11398,255,301,Good Condition
11236,2654,11399,570,496,Good Condition
11237,2654,11400,15,447,Good Condition
11238,2654,11401,306,251,Good Condition
11239,2654,11402,165,103,Good Condition
11240,2655,11403,416,332,Good Condition
11241,2655,11404,197,485,Good Condition
11242,2655,11405,244,492,Good Condition
11243,2656,11406,59,329,Good Condition
11244,2656,11407,242,211,Good Condition
11245,2657,11408,200,210,Service Accepted
11246,2657,11409,131,41,Service Accepted
11247,2658,11410,78,500,Good Condition
11248,2658,11411,32,134,Good Condition
11249,2658,11412,374,480,Good Condition
11250,2658,11413,57,370,Good Condition
11251,2658,11414,38,381,Good Condition
11252,2658,11415,197,208,Good Condition
11253,2658,11416,192,111,Good Condition
11254,2659,11417,359,150,Good Condition
11255,2659,11418,304,57,Good Condition
11256,2659,11419,515,334,Good Condition
11257,2659,11420,170,301,Good Condition
11258,2660,11421,361,393,Service Accepted
11259,2660,11422,148,260,Service Accepted
11260,2660,11423,142,71,Service Accepted
11261,2660,11424,289,435,Service Accepted
11262,2660,11425,94,462,Service Accepted
11263,2660,11426,478,438,Service Accepted
11264,2661,11427,421,14,Screen Damaged
11265,2661,11428,119,297,Good Condition
11266,2661,11429,571,23,Good Condition
11267,2661,11430,489,387,Good Condition
11268,2661,11431,543,127,Good Condition
11269,2661,11432,438,294,Good Condition
11270,2662,11433,87,316,Good Condition
11271,2662,11434,583,350,Good Condition
11272,2662,11435,390,116,Good Condition
11273,2662,11436,210,193,Good Condition
11274,2663,11437,494,251,Good Condition
11275,2663,11438,508,270,Good Condition
11276,2664,11439,205,462,Good Condition
11277,2664,11440,303,23,Good Condition
11278,2664,11441,570,448,Good Condition
11279,2664,11442,300,484,Good Condition
11280,2664,11443,91,473,Good Condition
11281,2664,11444,400,101,Good Condition
11282,2665,11445,556,156,Good Condition
11283,2665,11446,176,439,Good Condition
11284,2665,11447,141,466,Good Condition
11285,2665,11448,481,208,Good Condition
11286,2665,11449,548,368,Good Condition
11287,2666,11450,150,220,Good Condition
11288,2666,11451,574,106,Good Condition
11289,2666,11452,89,312,Good Condition
11290,2666,11453,160,257,Good Condition
11291,2666,11454,147,248,Good Condition
11292,2667,11455,43,461,Good Condition
11293,2667,11456,359,270,Good Condition
11294,2667,11457,249,443,Good Condition
11295,2668,11458,439,206,Good Condition
11296,2668,11459,493,368,Good Condition
11297,2669,11460,542,158,Good Condition
11298,2669,11461,388,329,Good Condition
11299,2669,11462,569,199,Good Condition
11300,2669,11463,494,263,Good Condition
11301,2669,11464,474,400,Good Condition
11302,2669,11465,167,267,Good Condition
11303,2670,11466,596,91,Good Condition
11304,2670,11467,568,261,Good Condition
11305,2670,11468,188,71,Good Condition
11306,2671,11469,283,261,Good Condition
11307,2671,11470,25,453,Good Condition
11308,2672,11471,41,380,Good Condition
11309,2672,11472,375,144,Good Condition
11310,2672,11473,13,440,Good Condition
11311,2672,11474,558,385,Good Condition
11312,2673,11475,471,419,Good Condition
11313,2673,11476,469,240,Good Condition
11314,2673,11477,251,432,Good Condition
11315,2673,11478,48,146,Good Condition
11316,2673,11479,28,33,Good Condition
11317,2673,11480,125,316,Good Condition
11318,2674,11481,583,266,Good Condition
11319,2674,11482,462,428,Good Condition
11320,2674,11483,577,342,Good Condition
11321,2675,11484,114,201,Service Accepted
11322,2675,11485,453,90,Service Accepted
11323,2675,11486,326,386,Service Accepted
11324,2675,11487,545,45,Service Accepted
11325,2675,11488,532,368,Service Accepted
11326,2675,11489,414,310,Service Accepted
11327,2675,11490,190,261,Service Accepted
11328,2676,11491,163,439,Service Accepted
11329,2676,11492,313,331,Service Accepted
11330,2676,11493,414,354,Service Accepted
11331,2677,11494,78,351,Good Condition
11332,2677,11495,192,229,Good Condition
11333,2677,11496,57,55,Good Condition
11334,2678,11497,279,374,Service Accepted
11335,2678,11498,434,191,Service Accepted
11336,2678,11499,355,109,Service Accepted
11337,2678,11500,555,262,Service Accepted
11338,2678,11501,289,181,Service Accepted
11339,2678,11502,347,167,Service Accepted
11340,2678,11503,348,10,Service Accepted
11341,2678,11504,231,354,Service Accepted
11342,2679,11505,423,460,Service Accepted
11343,2679,11506,66,48,Good Condition
11344,2679,11507,401,344,Service Accepted
11345,2679,11508,52,439,Service Accepted
11346,2679,11509,163,28,Service Accepted
11347,2679,11510,220,63,Service Accepted
11348,2679,11511,496,477,Good Condition
11349,2680,11516,33,193,Good Condition
11350,2680,11517,26,420,Good Condition
11351,2680,11518,53,119,Good Condition
11352,2680,11519,368,14,Good Condition
11353,2680,11520,375,355,Good Condition
11354,2681,11521,80,165,Good Condition
11355,2681,11522,141,389,Good Condition
11356,2681,11523,474,179,Good Condition
11357,2682,11524,481,190,Good Condition
11358,2682,11525,306,180,Good Condition
11359,2682,11526,141,444,Good Condition
11360,2682,11527,317,283,Good Condition
11361,2683,11528,91,385,Good Condition
11362,2683,11529,74,12,Good Condition
11363,2683,11530,321,295,Good Condition
11364,2683,11531,47,278,Good Condition
11365,2683,11532,407,126,Good Condition
11366,2684,11533,175,474,Good Condition
11367,2684,11534,597,76,Good Condition
11368,2684,11535,293,201,Good Condition
11369,2684,11536,391,300,Good Condition
11370,2685,11537,596,38,Good Condition
11371,2685,11538,70,47,Good Condition
11372,2685,11539,123,233,Good Condition
11373,2686,11540,413,91,Good Condition
11374,2686,11541,285,34,Good Condition
11375,2686,11542,469,240,Good Condition
11376,2686,11543,442,322,Good Condition
11377,2687,11544,548,430,Good Condition
11378,2687,11545,550,412,Good Condition
11379,2687,11546,175,80,Good Condition
11380,2687,11547,565,419,Good Condition
11381,2687,11548,335,207,Good Condition
11382,2687,11549,357,375,Good Condition
11383,2687,11550,211,46,Good Condition
11384,2688,11551,175,363,Good Condition
11385,2688,11552,287,49,Good Condition
11386,2689,11553,445,341,Good Condition
11387,2689,11554,588,443,Wrong Item Sent
11388,2689,11555,45,203,Good Condition
11389,2689,11556,157,211,Good Condition
11390,2689,11557,425,276,Good Condition
11391,2690,11558,521,25,Good Condition
11392,2690,11559,553,250,Good Condition
11393,2691,11560,519,281,Good Condition
11394,2691,11561,580,307,Good Condition
11395,2691,11562,319,304,Good Condition
11396,2691,11563,570,120,Good Condition
11397,2692,11564,146,336,Good Condition
11398,2692,11565,570,460,Good Condition
11399,2693,11566,46,265,Service Accepted
11400,2693,11567,177,353,Service Accepted
11401,2694,11568,210,487,Good Condition
11402,2694,11569,165,320,Good Condition
11403,2694,11570,103,174,Good Condition
11404,2694,11571,330,474,Good Condition
11405,2694,11572,450,83,Good Condition
11406,2695,11573,559,399,Service Accepted
11407,2695,11574,51,330,Service Accepted
11408,2695,11575,294,11,Service Incomplete
11409,2695,11576,36,383,Service Accepted
11410,2695,11577,502,242,Service Accepted
11411,2695,11578,148,243,Service Accepted
11412,2695,11579,465,169,Service Accepted
11413,2696,11580,408,497,Good Condition
11414,2696,11581,589,200,Good Condition
11415,2696,11582,472,60,Good Condition
11416,2696,11583,172,302,Good Condition
11417,2696,11584,530,46,Good Condition
11418,2697,11585,555,47,Service Accepted
11419,2697,11586,281,225,Service Accepted
11420,2697,11587,231,422,Service Accepted
11421,2697,11588,348,273,Service Accepted
11422,2697,11589,258,199,Service Accepted
11423,2697,11590,355,115,Service Accepted
11424,2698,11591,426,255,Good Condition
11425,2698,11592,568,494,Good Condition
11426,2698,11593,476,436,Good Condition
11427,2699,11594,13,23,Good Condition
11428,2699,11595,596,80,Good Condition
11429,2699,11596,25,126,Good Condition
11430,2699,11597,81,92,Good Condition
11431,2699,11598,424,330,Good Condition
11432,2699,11599,282,228,Good Condition
11433,2700,11600,189,485,Good Condition
11434,2700,11601,386,372,Good Condition
11435,2700,11602,126,471,Good Condition
11436,2700,11603,49,232,Good Condition
11437,2700,11604,146,219,Good Condition
11438,2700,11605,123,44,Good Condition
11439,2701,11606,485,49,Service Disputed
11440,2701,11607,502,17,Service Accepted
11441,2701,11608,465,107,Service Accepted
11442,2701,11609,557,71,Service Accepted
11443,2701,11610,405,69,Service Accepted
11444,2701,11611,204,119,Service Accepted
11445,2701,11612,351,462,Service Accepted
11446,2702,11613,476,466,Good Condition
11447,2702,11614,449,374,Good Condition
11448,2702,11615,426,159,Good Condition
11449,2702,11616,360,465,Screen Damaged
11450,2702,11617,109,468,Good Condition
11451,2703,11618,58,316,Good Condition
11452,2703,11619,83,384,Good Condition
11453,2704,11620,460,96,Good Condition
11454,2704,11621,416,271,Good Condition
11455,2704,11622,77,296,Good Condition
11456,2704,11623,16,144,Good Condition
11457,2704,11624,335,465,Dead on Arrival (DOA)
11458,2704,11625,240,261,Good Condition
11459,2704,11626,538,322,Screen Damaged
11460,2704,11627,370,98,Good Condition
11461,2704,11628,202,285,Good Condition
11462,2705,11629,71,88,Good Condition
11463,2705,11630,80,170,Good Condition
11464,2705,11631,91,32,Good Condition
11465,2705,11632,275,446,Good Condition
11466,2705,11633,54,58,Good Condition
11467,2705,11634,11,232,Good Condition
11468,2706,11635,285,300,Good Condition
11469,2706,11636,366,100,Good Condition
11470,2706,11637,236,225,Good Condition
11471,2706,11638,308,193,Good Condition
11472,2706,11639,481,17,Dead on Arrival (DOA)
11473,2706,11640,147,350,Good Condition
11474,2707,11641,445,214,Good Condition
11475,2707,11642,538,223,Good Condition
11476,2707,11643,462,292,Good Condition
11477,2707,11644,165,196,Good Condition
11478,2708,11645,48,376,Good Condition
11479,2709,11646,15,243,Good Condition
11480,2709,11647,82,207,Good Condition
11481,2710,11648,453,317,Service Accepted
11482,2710,11649,414,54,Service Accepted
11483,2710,11650,415,56,Service Accepted
11484,2710,11651,347,489,Service Accepted
11485,2711,11652,74,485,Good Condition
11486,2711,11653,598,491,Good Condition
11487,2712,11654,472,183,Good Condition
11488,2712,11655,589,176,Good Condition
11489,2712,11656,87,418,Good Condition
11490,2712,11657,113,443,Good Condition
11491,2712,11658,530,113,Good Condition
11492,2713,11659,432,199,Good Condition
11493,2713,11660,493,302,Good Condition
11494,2713,11661,547,190,Good Condition
11495,2713,11662,509,301,Good Condition
11496,2713,11663,192,488,Good Condition
11497,2713,11664,151,24,Good Condition
11498,2714,11665,464,202,Service Accepted
11499,2714,11666,190,407,Service Accepted
11500,2714,11667,355,55,Service Accepted
11501,2714,11668,289,352,Service Disputed
11502,2714,11669,555,413,Service Accepted
11503,2714,11670,348,13,Service Incomplete
11504,2714,11671,94,80,Service Accepted
11505,2715,11672,210,332,Rejected - Quality Failure
11506,2715,11673,422,149,Good Condition
11507,2716,11674,393,90,Good Condition
11508,2716,11675,558,379,Good Condition
11509,2716,11676,262,269,Rejected - Quality Failure
11510,2716,11677,480,425,Good Condition
11511,2717,11678,87,456,Good Condition
11512,2717,11679,480,438,Good Condition
11513,2717,11680,217,89,Good Condition
11514,2717,11681,318,327,Good Condition
11515,2717,11682,543,275,Good Condition
11516,2718,11683,316,357,Good Condition
11517,2718,11684,153,40,Good Condition
11518,2718,11685,330,92,Good Condition
11519,2718,11686,102,410,Good Condition
11520,2718,11687,285,263,Good Condition
11521,2718,11688,197,240,Good Condition
11522,2719,11689,375,243,Good Condition
11523,2719,11690,10,163,Good Condition
11524,2719,11691,255,405,Good Condition
11525,2719,11692,476,322,Good Condition
11526,2719,11693,54,196,Good Condition
11527,2719,11694,153,96,Good Condition
11528,2719,11695,462,147,Good Condition
11529,2720,11696,483,200,Good Condition
11530,2720,11697,493,67,Good Condition
11531,2720,11698,439,428,Good Condition
11532,2720,11699,16,181,Good Condition
11533,2720,11700,491,335,Good Condition
11534,2720,11701,251,187,Good Condition
11535,2720,11702,469,306,Good Condition
11536,2721,11703,460,433,Good Condition
11537,2721,11704,489,419,Good Condition
11538,2721,11705,543,178,Good Condition
11539,2721,11706,109,453,Good Condition
11540,2721,11707,41,318,Good Condition
11541,2721,11708,119,99,Good Condition
11542,2721,11709,43,63,Good Condition
11543,2722,11710,444,181,Good Condition
11544,2722,11711,26,418,Good Condition
11545,2722,11712,273,54,Good Condition
11546,2722,11713,489,461,Good Condition
11547,2722,11714,588,69,Good Condition
11548,2722,11715,497,484,Good Condition
11549,2723,11716,35,244,Service Accepted
11550,2723,11717,573,61,Service Accepted
11551,2723,11718,313,90,Service Accepted
11552,2723,11719,487,84,Service Accepted
11553,2723,11720,414,139,Service Accepted
11554,2723,11721,177,182,Service Accepted
11555,2723,11722,163,238,Service Accepted
11556,2723,11723,295,430,Service Accepted
11557,2724,11724,179,456,Good Condition
11558,2724,11725,508,198,Good Condition
11559,2724,11726,311,40,Good Condition
11560,2724,11727,399,90,Good Condition
11561,2724,11728,469,268,Good Condition
11562,2725,11729,202,151,Good Condition
11563,2725,11730,41,485,Good Condition
11564,2725,11731,170,373,Good Condition
11565,2726,11732,460,215,Good Condition
11566,2726,11733,192,254,Good Condition
11567,2727,11734,274,208,Service Accepted
11568,2727,11735,72,43,Service Accepted
11569,2727,11736,540,320,Service Accepted
11570,2727,11737,501,348,Service Accepted
11571,2727,11738,554,219,Service Accepted
11572,2728,11739,430,189,Service Accepted
11573,2728,11740,452,437,Service Accepted
11574,2728,11741,248,12,Service Accepted
11575,2728,11742,68,59,Service Accepted
11576,2729,11743,515,274,Good Condition
11577,2730,11744,324,171,Good Condition
11578,2731,11745,430,221,Service Accepted
11579,2731,11746,142,125,Service Accepted
11580,2731,11747,361,486,Service Accepted
11581,2731,11748,68,25,Service Accepted
11582,2731,11749,478,182,Service Accepted
11583,2732,11750,515,484,Good Condition
11584,2732,11751,251,245,Good Condition
11585,2732,11752,62,341,Good Condition
11586,2732,11753,54,208,Good Condition
11587,2732,11754,232,212,Wrong Item Sent
11588,2733,11755,293,450,Good Condition
11589,2733,11756,165,233,Good Condition
11590,2733,11757,175,192,Good Condition
11591,2733,11758,391,474,Good Condition
11592,2733,11759,597,467,Good Condition
11593,2734,11760,217,484,Good Condition
11594,2734,11761,565,146,Good Condition
11595,2734,11762,407,461,Good Condition
11596,2734,11763,425,249,Good Condition
11597,2734,11764,151,276,Good Condition
11598,2735,11765,123,402,Good Condition
11599,2735,11766,236,486,Good Condition
11600,2735,11767,366,257,Good Condition
11601,2735,11768,444,64,Good Condition
11602,2736,11769,333,88,Service Accepted
11603,2736,11770,193,297,Good Condition
11604,2736,11771,66,390,Good Condition
11605,2736,11772,401,120,Service Accepted
11606,2736,11773,220,302,Service Accepted
11607,2737,11774,446,250,Good Condition
11608,2737,11775,87,284,Good Condition
11609,2737,11776,562,120,Good Condition
11610,2737,11777,273,354,Good Condition
11611,2737,11778,377,154,Good Condition
11612,2738,11779,510,269,Good Condition
11613,2739,11780,129,216,Good Condition
11614,2739,11781,542,447,Good Condition
11615,2740,11782,582,69,Good Condition
11616,2740,11783,368,27,Good Condition
11617,2740,11784,493,383,Screen Damaged
11618,2740,11785,425,498,Good Condition
11619,2740,11786,82,87,Good Condition
11620,2741,11787,165,491,Good Condition
11621,2741,11788,330,435,Good Condition
11622,2741,11789,450,471,Good Condition
11623,2741,11790,210,268,Good Condition
11624,2742,11791,62,173,Good Condition
11625,2742,11792,565,329,Good Condition
11626,2742,11793,160,500,Packaging Damaged
11627,2742,11794,26,382,Good Condition
11628,2742,11795,21,231,Good Condition
11629,2742,11796,194,238,Good Condition
11630,2743,11797,285,238,Good Condition
11631,2743,11798,54,276,Good Condition
11632,2744,11799,192,152,Good Condition
11633,2744,11800,553,226,Good Condition
11634,2744,11801,318,243,Good Condition
11635,2745,11802,179,467,Good Condition
11636,2745,11803,29,449,Good Condition
11637,2745,11804,330,49,Good Condition
11638,2745,11805,89,262,Good Condition
11639,2745,11806,574,90,Good Condition
11640,2745,11807,366,367,Good Condition
11641,2746,11808,486,123,Good Condition
11642,2746,11809,596,396,Screen Damaged
11643,2746,11810,283,204,Good Condition
11644,2746,11811,13,260,Good Condition
11645,2746,11812,81,468,Good Condition
11646,2746,11813,282,251,Good Condition
11647,2747,11814,422,263,Good Condition
11648,2747,11815,119,147,Good Condition
11649,2747,11816,91,292,Good Condition
11650,2748,11817,554,493,Service Accepted
11651,2749,11818,510,41,Good Condition
11652,2750,11819,578,220,Good Condition
11653,2750,11820,232,45,Good Condition
11654,2750,11821,593,350,Good Condition
11655,2751,11822,425,425,Good Condition
11656,2751,11823,598,159,Good Condition
11657,2751,11824,395,487,Good Condition
11658,2751,11825,111,194,Good Condition
11659,2751,11826,597,227,Good Condition
11660,2751,11827,317,397,Good Condition
11661,2752,11828,372,368,Good Condition
11662,2752,11829,407,100,Good Condition
11663,2752,11830,91,231,Good Condition
11664,2752,11831,505,352,Good Condition
11665,2753,11832,295,346,Service Accepted
11666,2753,11833,281,217,Service Accepted
11667,2753,11834,430,438,Service Accepted
11668,2754,11835,48,293,Good Condition
11669,2754,11836,125,40,Good Condition
11670,2754,11837,28,174,Good Condition
11671,2754,11838,469,202,Good Condition
11672,2754,11839,251,138,Good Condition
11673,2754,11840,509,25,Good Condition
11674,2755,11841,102,15,Good Condition
11675,2755,11842,265,352,Good Condition
11676,2755,11843,425,293,Good Condition
11677,2755,11844,129,222,Good Condition
11678,2755,11845,572,40,Good Condition
11679,2756,11846,69,215,Good Condition
11680,2756,11847,182,484,Good Condition
11681,2756,11848,392,484,Minor Defect - Accepted
11682,2756,11849,53,283,Good Condition
11683,2756,11850,30,392,Good Condition
11684,2756,11851,25,146,Good Condition
11685,2757,11852,413,311,Good Condition
11686,2757,11853,185,250,Good Condition
11687,2757,11854,227,409,Good Condition
11688,2757,11855,84,217,Good Condition
11689,2758,11856,475,152,Service Accepted
11690,2758,11857,258,180,Service Accepted
11691,2758,11858,296,218,Service Accepted
11692,2759,11859,445,222,Good Condition
11693,2759,11860,566,453,Good Condition
11694,2759,11861,550,146,Good Condition
11695,2759,11862,572,483,Good Condition
11696,2759,11863,42,384,Good Condition
11697,2760,11864,465,78,Service Accepted
11698,2760,11865,135,20,Service Accepted
11699,2760,11866,351,152,Service Accepted
11700,2761,11867,378,258,Service Accepted
11701,2761,11868,430,208,Service Accepted
11702,2761,11869,288,111,Service Accepted
11703,2761,11870,199,455,Service Accepted
11704,2761,11871,133,398,Service Accepted
11705,2761,11872,142,496,Service Accepted
11706,2761,11873,482,17,Service Accepted
11707,2762,11874,211,420,Good Condition
11708,2762,11875,524,210,Good Condition
11709,2762,11876,59,430,Good Condition
11710,2762,11877,236,446,Good Condition
11711,2762,11878,127,270,Good Condition
11712,2763,11879,371,340,Good Condition
11713,2763,11880,43,252,Good Condition
11714,2763,11881,393,248,Good Condition
11715,2764,11882,281,231,Service Accepted
11716,2764,11883,209,366,Service Accepted
11717,2764,11884,353,212,Good Condition
11718,2764,11885,344,97,Good Condition
11719,2764,11886,292,467,Good Condition
11720,2764,11887,94,491,Service Accepted
11721,2764,11888,246,180,Good Condition
11722,2765,11889,36,498,Service Accepted
11723,2765,11890,241,199,Service Accepted
11724,2765,11891,475,151,Service Accepted
11725,2765,11892,142,104,Service Accepted
11726,2766,11893,33,67,Good Condition
11727,2766,11894,551,41,Good Condition
11728,2766,11895,374,182,Good Condition
11729,2766,11896,255,420,Good Condition
11730,2767,11897,543,381,Good Condition
11731,2767,11898,476,144,Good Condition
11732,2767,11899,568,343,Good Condition
11733,2767,11900,50,62,Good Condition
11734,2767,11901,558,63,Good Condition
11735,2767,11902,300,164,Good Condition
11736,2768,11903,489,27,Good Condition
11737,2768,11904,314,447,Good Condition
11738,2768,11905,41,244,Good Condition
11739,2768,11906,79,67,Good Condition
11740,2768,11907,300,228,Good Condition
11741,2768,11908,426,391,Good Condition
11742,2769,11909,580,401,Good Condition
11743,2769,11910,227,498,Good Condition
11744,2769,11911,172,343,Good Condition
11745,2769,11912,232,404,Good Condition
11746,2769,11913,488,20,Good Condition
11747,2769,11914,187,263,Packaging Damaged
11748,2769,11915,550,204,Good Condition
11749,2769,11916,392,247,Good Condition
11750,2769,11917,159,165,Good Condition
11751,2770,11918,582,186,Good Condition
11752,2770,11919,48,149,Good Condition
11753,2770,11920,8,246,Good Condition
11754,2770,11921,324,356,Good Condition
11755,2770,11922,151,425,Good Condition
11756,2770,11923,217,149,Good Condition
11757,2770,11924,179,181,Dead on Arrival (DOA)
11758,2771,11925,23,62,Good Condition
11759,2771,11926,553,444,Good Condition
11760,2771,11927,109,245,Good Condition
11761,2771,11928,77,248,Good Condition
11762,2772,11929,512,287,Good Condition
11763,2772,11930,413,423,Good Condition
11764,2772,11931,363,262,Good Condition
11765,2772,11932,89,466,Good Condition
11766,2772,11933,446,419,Good Condition
11767,2772,11934,170,216,Good Condition
11768,2773,11935,499,329,Good Condition
11769,2773,11936,239,161,Good Condition
11770,2773,11937,179,22,Good Condition
11771,2774,11938,1,67,Good Condition
11772,2774,11939,341,199,Good Condition
11773,2774,11940,132,149,Service Accepted
11774,2774,11941,459,411,Good Condition
11775,2774,11942,364,230,Service Accepted
11776,2774,11943,342,146,Service Accepted
11777,2775,11944,334,43,Good Condition
11778,2775,11945,166,479,Good Condition
11779,2776,11946,375,337,Good Condition
11780,2776,11947,170,213,Good Condition
11781,2776,11948,508,339,Good Condition
11782,2776,11949,205,52,Good Condition
11783,2776,11950,41,90,Good Condition
11784,2776,11951,368,37,Good Condition
11785,2776,11952,158,197,Good Condition
11786,2776,11953,82,93,Good Condition
11787,2777,11954,165,419,Dead on Arrival (DOA)
11788,2777,11955,570,310,Good Condition
11789,2777,11956,244,26,Good Condition
11790,2777,11957,565,431,Good Condition
11791,2777,11958,194,496,Good Condition
11792,2777,11959,202,40,Good Condition
11793,2777,11960,535,30,Good Condition
11794,2778,11961,146,431,Good Condition
11795,2778,11962,570,442,Good Condition
11796,2778,11963,210,197,Good Condition
11797,2779,11964,445,72,Good Condition
11798,2779,11965,424,173,Good Condition
11799,2779,11966,450,337,Good Condition
11800,2779,11967,408,338,Good Condition
11801,2779,11968,541,494,Good Condition
11802,2779,11969,70,317,Good Condition
11803,2780,11970,182,46,Good Condition
11804,2780,11971,392,342,Good Condition
11805,2780,11972,25,83,Good Condition
11806,2781,11973,202,260,Good Condition
11807,2781,11974,597,54,Good Condition
11808,2781,11975,368,386,Good Condition
11809,2781,11976,444,14,Good Condition
11810,2781,11977,424,393,Good Condition
11811,2782,11978,558,383,Good Condition
11812,2782,11979,445,489,Good Condition
11813,2782,11980,319,218,Good Condition
11814,2782,11981,301,327,Good Condition
11815,2782,11982,110,41,Good Condition
11816,2782,11983,462,409,Good Condition
11817,2782,11984,293,173,Good Condition
11818,2783,11985,548,472,Good Condition
11819,2783,11986,141,257,Dead on Arrival (DOA)
11820,2783,11987,176,79,Good Condition
11821,2783,11988,556,93,Dead on Arrival (DOA)
11822,2784,11989,258,212,Service Accepted
11823,2785,11990,249,317,Good Condition
11824,2785,11991,359,270,Good Condition
11825,2785,11992,43,275,Good Condition
11826,2786,11993,313,122,Service Accepted
11827,2786,11994,137,319,Good Condition
11828,2786,11995,106,30,Good Condition
11829,2786,11996,295,118,Service Accepted
11830,2787,11997,43,205,Good Condition
11831,2787,11998,359,69,Good Condition
11832,2787,11999,249,430,Good Condition
11833,2788,12000,424,162,Good Condition
11834,2788,12001,439,383,Good Condition
11835,2789,12002,29,23,Good Condition
11836,2789,12003,239,208,Good Condition
11837,2789,12004,205,493,Good Condition
11838,2789,12005,493,495,Good Condition
11839,2789,12006,512,380,Good Condition
11840,2789,12007,547,201,Good Condition
11841,2789,12008,244,185,Good Condition
11842,2790,12009,444,95,Good Condition
11843,2790,12010,53,450,Packaging Damaged
11844,2790,12011,489,145,Good Condition
11845,2790,12012,119,397,Good Condition
11846,2790,12013,273,130,Good Condition
11847,2790,12014,519,147,Good Condition
11848,2791,12015,25,273,Good Condition
11849,2791,12016,282,97,Good Condition
11850,2791,12017,13,444,Good Condition
11851,2791,12018,596,260,Good Condition
11852,2791,12019,396,482,Good Condition
11853,2791,12020,283,66,Good Condition
11854,2791,12021,424,351,Good Condition
11855,2791,12022,570,254,Good Condition
11856,2792,12023,210,395,Good Condition
11857,2792,12024,146,10,Good Condition
11858,2793,12025,493,92,Dead on Arrival (DOA)
11859,2793,12026,525,368,Good Condition
11860,2793,12027,134,433,Good Condition
11861,2794,12028,304,319,Rejected - Quality Failure
11862,2794,12029,301,378,Good Condition
11863,2794,12030,588,47,Rejected - Quality Failure
11864,2795,12031,264,307,Good Condition
11865,2795,12032,418,122,Good Condition
11866,2795,12033,42,350,Good Condition
11867,2795,12034,556,188,Good Condition
11868,2795,12035,572,397,Good Condition
11869,2795,12036,535,114,Good Condition
11870,2796,12037,535,321,Good Condition
11871,2796,12038,23,57,Good Condition
11872,2796,12039,513,174,Good Condition
11873,2797,12040,160,23,Good Condition
11874,2797,12041,570,159,Good Condition
11875,2797,12042,275,310,Good Condition
11876,2798,12043,79,228,Good Condition
11877,2798,12044,481,260,Good Condition
11878,2798,12045,202,341,Good Condition
11879,2798,12046,170,370,Good Condition
11880,2798,12047,275,266,Good Condition
11881,2799,12048,68,25,Service Accepted
11882,2799,12049,288,187,Service Accepted
11883,2799,12050,452,216,Service Accepted
11884,2799,12051,430,342,Service Accepted
11885,2799,12052,478,332,Service Accepted
11886,2800,12053,301,497,Good Condition
11887,2801,12054,126,16,Good Condition
11888,2801,12055,103,59,Good Condition
11889,2801,12056,159,376,Good Condition
11890,2802,12057,43,140,Good Condition
11891,2802,12058,87,91,Good Condition
11892,2802,12059,494,430,Good Condition
11893,2802,12060,445,172,Good Condition
11894,2802,12061,287,41,Good Condition
11895,2802,12062,597,313,Good Condition
11896,2803,12063,353,282,Good Condition
11897,2803,12064,209,453,Service Accepted
11898,2803,12065,500,348,Good Condition
11899,2804,12066,377,339,Good Condition
11900,2804,12067,562,278,Good Condition
11901,2805,12068,359,281,Good Condition
11902,2806,12069,421,369,Good Condition
11903,2806,12070,519,348,Good Condition
11904,2806,12071,588,273,Good Condition
11905,2806,12072,444,287,Good Condition
11906,2806,12073,53,333,Good Condition
11907,2806,12074,119,201,Good Condition
11908,2807,12075,467,255,Service Accepted
11909,2807,12076,241,219,Service Accepted
11910,2807,12077,289,34,Service Accepted
11911,2807,12078,220,299,Service Accepted
11912,2807,12079,276,483,Service Accepted
11913,2808,12080,74,285,Good Condition
11914,2809,12081,439,146,Good Condition
11915,2810,12082,408,364,Good Condition
11916,2810,12083,472,138,Good Condition
11917,2810,12084,87,49,Good Condition
11918,2810,12085,490,156,Good Condition
11919,2810,12086,113,16,Good Condition
11920,2810,12087,530,405,Good Condition
11921,2810,12088,122,299,Good Condition
11922,2811,12089,550,266,Good Condition
11923,2811,12090,11,282,Good Condition
11924,2811,12091,570,287,Good Condition
11925,2812,12092,359,52,Good Condition
11926,2812,12093,474,170,Good Condition
11927,2812,12094,304,210,Good Condition
11928,2813,12095,22,111,Good Condition
11929,2813,12096,505,109,Good Condition
11930,2813,12097,481,415,Good Condition
11931,2813,12098,82,490,Good Condition
11932,2813,12099,359,62,Good Condition
11933,2813,12100,187,88,Good Condition
11934,2813,12101,159,243,Good Condition
11935,2813,12102,273,329,Good Condition
11936,2814,12103,77,44,Good Condition
11937,2814,12104,488,16,Good Condition
11938,2814,12105,42,152,Good Condition
11939,2814,12106,360,200,Good Condition
11940,2815,12107,372,209,Good Condition
11941,2815,12108,582,251,Good Condition
11942,2815,12109,562,70,Good Condition
11943,2815,12110,571,210,Good Condition
11944,2815,12111,167,403,Good Condition
11945,2815,12112,483,234,Good Condition
11946,2815,12113,490,306,Good Condition
11947,2816,12114,300,338,Good Condition
11948,2816,12115,556,160,Good Condition
11949,2816,12116,483,274,Good Condition
11950,2816,12117,23,423,Good Condition
11951,2816,12118,308,17,Good Condition
11952,2817,12119,275,372,Good Condition
11953,2817,12120,11,238,Good Condition
11954,2817,12121,54,312,Good Condition
11955,2817,12122,80,221,Good Condition
11956,2818,12123,167,354,Good Condition
11957,2818,12124,574,223,Good Condition
11958,2818,12125,160,59,Packaging Damaged
11959,2819,12126,211,498,Good Condition
11960,2819,12127,259,423,Good Condition
11961,2819,12128,153,35,Good Condition
11962,2819,12129,513,444,Dead on Arrival (DOA)
11963,2820,12130,146,331,Good Condition
11964,2820,12131,210,151,Good Condition
11965,2820,12132,126,70,Good Condition
11966,2820,12133,432,226,Good Condition
11967,2820,12134,570,10,Good Condition
11968,2821,12135,372,467,Good Condition
11969,2821,12136,514,19,Good Condition
11970,2821,12137,571,405,Good Condition
11971,2821,12138,582,264,Good Condition
11972,2821,12139,167,45,Good Condition
11973,2821,12140,345,28,Good Condition
11974,2822,12141,445,68,Minor Defect - Accepted
11975,2822,12142,301,45,Good Condition
11976,2822,12143,538,360,Good Condition
11977,2822,12144,558,25,Good Condition
11978,2822,12145,293,136,Good Condition
11979,2822,12146,577,370,Good Condition
11980,2823,12147,119,214,Good Condition
11981,2823,12148,421,67,Good Condition
11982,2823,12149,43,220,Screen Damaged
11983,2823,12150,438,397,Good Condition
11984,2823,12151,109,293,Good Condition
11985,2823,12152,79,12,Good Condition
11986,2823,12153,8,223,Good Condition
11987,2824,12154,361,364,Service Accepted
11988,2824,12155,288,467,Service Accepted
11989,2825,12156,498,372,Service Accepted
11990,2825,12157,296,107,Service Accepted
11991,2825,12158,348,421,Service Accepted
11992,2825,12159,430,200,Service Accepted
11993,2825,12160,281,404,Service Accepted
11994,2825,12161,85,221,Service Accepted
11995,2826,12162,501,320,Service Accepted
11996,2826,12163,326,453,Service Accepted
11997,2826,12164,72,477,Service Accepted
11998,2827,12165,290,61,Good Condition
11999,2827,12166,89,294,Good Condition
12000,2827,12167,456,445,Rejected - Quality Failure
12001,2827,12168,111,369,Good Condition
12002,2828,12169,175,265,Good Condition
12003,2828,12170,255,475,Good Condition
12004,2828,12171,582,50,Good Condition
12005,2828,12172,481,239,Dead on Arrival (DOA)
12006,2828,12173,317,352,Good Condition
12007,2828,12174,210,328,Good Condition
12008,2829,12175,446,194,Good Condition
12009,2829,12176,170,198,Good Condition
12010,2829,12177,413,261,Good Condition
12011,2829,12178,264,138,Good Condition
12012,2829,12179,317,490,Good Condition
12013,2830,12180,222,94,Good Condition
12014,2830,12181,13,114,Wrong Item Sent
12015,2830,12182,600,133,Good Condition
12016,2830,12183,472,229,Good Condition
12017,2830,12184,543,33,Good Condition
12018,2830,12185,352,361,Good Condition
12019,2830,12186,153,310,Good Condition
12020,2830,12187,360,222,Good Condition
12021,2831,12188,538,205,Good Condition
12022,2832,12189,308,55,Good Condition
12023,2832,12190,222,328,Good Condition
12024,2832,12191,450,34,Good Condition
12025,2833,12192,335,449,Good Condition
12026,2833,12193,324,464,Good Condition
12027,2833,12194,319,476,Good Condition
12028,2833,12195,146,63,Good Condition
12029,2833,12196,259,409,Good Condition
12030,2833,12197,113,200,Good Condition
12031,2834,12198,187,234,Good Condition
12032,2834,12199,471,113,Rejected - Quality Failure
12033,2834,12200,541,73,Rejected - Quality Failure
12034,2834,12201,111,448,Minor Defect - Accepted
12035,2834,12202,122,332,Good Condition
12036,2835,12203,363,262,Good Condition
12037,2835,12204,196,344,Good Condition
12038,2836,12205,481,126,Good Condition
12039,2837,12206,126,80,Good Condition
12040,2837,12207,570,34,Good Condition
12041,2837,12208,432,417,Good Condition
12042,2837,12209,146,154,Good Condition
12043,2837,12210,210,306,Good Condition
12044,2838,12211,440,366,Good Condition
12045,2838,12212,54,387,Good Condition
12046,2838,12213,551,154,Good Condition
12047,2839,12214,543,142,Good Condition
12048,2840,12215,205,87,Good Condition
12049,2840,12216,481,281,Good Condition
12050,2841,12217,489,154,Good Condition
12051,2841,12218,165,335,Good Condition
12052,2841,12219,541,103,Good Condition
12053,2842,12220,239,234,Good Condition
12054,2842,12221,235,201,Good Condition
12055,2842,12222,108,391,Good Condition
12056,2842,12223,251,495,Good Condition
12057,2842,12224,359,320,Good Condition
12058,2842,12225,499,221,Good Condition
12059,2843,12226,170,439,Good Condition
12060,2843,12227,418,403,Good Condition
12061,2843,12228,201,35,Good Condition
12062,2843,12229,211,381,Good Condition
12063,2844,12230,352,213,Packaging Damaged
12064,2844,12231,8,222,Good Condition
12065,2844,12232,591,254,Good Condition
12066,2844,12233,222,282,Good Condition
12067,2844,12234,13,444,Good Condition
12068,2844,12235,236,15,Good Condition
12069,2844,12236,243,492,Good Condition
12070,2845,12237,366,475,Good Condition
12071,2845,12238,316,257,Good Condition
12072,2845,12239,23,383,Good Condition
12073,2845,12240,215,475,Good Condition
12074,2846,12241,83,480,Good Condition
12075,2847,12242,583,361,Good Condition
12076,2847,12243,202,265,Good Condition
12077,2847,12244,407,225,Wrong Item Sent
12078,2847,12245,525,216,Good Condition
12079,2848,12246,514,331,Good Condition
12080,2848,12247,196,365,Good Condition
12081,2848,12248,547,157,Good Condition
12082,2848,12249,446,17,Good Condition
12083,2849,12250,572,200,Good Condition
12084,2850,12251,210,11,Good Condition
12085,2850,12252,569,385,Good Condition
12086,2851,12253,524,288,Good Condition
12087,2851,12254,211,367,Good Condition
12088,2852,12255,128,187,Packaging Damaged
12089,2852,12256,566,463,Good Condition
12090,2852,12257,123,150,Good Condition
12091,2852,12258,474,119,Wrong Item Sent
12092,2852,12259,210,302,Good Condition
12093,2853,12260,183,387,Service Accepted
12094,2853,12261,97,173,Service Accepted
12095,2853,12262,281,340,Service Accepted
12096,2853,12263,430,320,Service Accepted
12097,2853,12264,295,233,Service Accepted
12098,2853,12265,423,381,Service Accepted
12099,2854,12266,404,247,Good Condition
12100,2854,12267,242,366,Good Condition
12101,2854,12268,287,72,Good Condition
12102,2854,12269,205,137,Packaging Damaged
12103,2854,12270,391,354,Good Condition
12104,2854,12271,528,338,Good Condition
12105,2854,12272,227,496,Good Condition
12106,2855,12273,151,152,Good Condition
12107,2855,12274,127,38,Good Condition
12108,2856,12275,165,126,Good Condition
12109,2856,12276,556,150,Good Condition
12110,2856,12277,324,341,Good Condition
12111,2856,12278,593,17,Good Condition
12112,2856,12279,570,101,Good Condition
12113,2857,12280,450,125,Good Condition
12114,2857,12281,70,101,Good Condition
12115,2857,12282,345,272,Good Condition
12116,2857,12283,424,223,Good Condition
12117,2857,12284,408,442,Good Condition
12118,2857,12285,308,97,Good Condition
12119,2857,12286,541,166,Good Condition
12120,2858,12287,538,438,Good Condition
12121,2858,12288,345,314,Good Condition
12122,2858,12289,203,302,Good Condition
12123,2859,12290,249,426,Good Condition
12124,2859,12291,211,157,Good Condition
12125,2859,12292,84,408,Good Condition
12126,2860,12293,35,372,Service Accepted
12127,2860,12294,36,106,Service Accepted
12128,2860,12295,258,118,Service Accepted
12129,2860,12296,19,346,Service Accepted
12130,2860,12297,173,396,Service Accepted
12131,2860,12298,452,496,Service Accepted
12132,2861,12299,491,157,Good Condition
12133,2861,12300,15,95,Good Condition
12134,2861,12301,505,496,Good Condition
12135,2861,12302,185,230,Good Condition
12136,2861,12303,551,127,Good Condition
12137,2862,12304,304,172,Good Condition
12138,2862,12305,515,355,Good Condition
12139,2862,12306,474,82,Good Condition
12140,2863,12307,508,398,Good Condition
12141,2863,12308,300,420,Good Condition
12142,2863,12309,512,159,Good Condition
12143,2863,12310,368,37,Good Condition
12144,2863,12311,147,481,Good Condition
12145,2863,12312,425,380,Good Condition
12146,2863,12313,493,496,Good Condition
12147,2863,12314,205,480,Good Condition
12148,2864,12315,359,154,Good Condition
12149,2864,12316,179,249,Good Condition
12150,2864,12317,235,383,Good Condition
12151,2864,12318,499,21,Good Condition
12152,2864,12319,239,216,Good Condition
12153,2864,12320,251,137,Good Condition
12154,2865,12321,538,364,Good Condition
12155,2865,12322,462,300,Good Condition
12156,2865,12323,319,288,Good Condition
12157,2866,12324,596,140,Good Condition
12158,2866,12325,486,147,Good Condition
12159,2867,12326,317,255,Good Condition
12160,2867,12327,227,203,Good Condition
12161,2867,12328,441,442,Good Condition
12162,2867,12329,363,390,Good Condition
12163,2867,12330,424,338,Good Condition
12164,2867,12331,129,162,Good Condition
12165,2868,12332,15,218,Good Condition
12166,2868,12333,455,42,Good Condition
12167,2869,12334,456,463,Rejected - Quality Failure
12168,2869,12335,422,221,Good Condition
12169,2869,12336,210,250,Good Condition
12170,2870,12337,134,283,Good Condition
12171,2870,12338,127,284,Good Condition
12172,2871,12339,68,286,Service Accepted
12173,2871,12340,142,385,Service Accepted
12174,2872,12341,429,233,Good Condition
12175,2872,12342,270,199,Minor Defect - Accepted
12176,2872,12343,245,387,Good Condition
12177,2872,12344,120,183,Good Condition
12178,2872,12345,364,30,Service Disputed
12179,2873,12346,396,118,Good Condition
12180,2874,12347,287,32,Good Condition
12181,2874,12348,222,256,Good Condition
12182,2874,12349,201,181,Good Condition
12183,2874,12350,392,426,Good Condition
12184,2874,12351,236,395,Good Condition
12185,2874,12352,578,134,Good Condition
12186,2875,12353,455,431,Good Condition
12187,2875,12354,240,70,Good Condition
12188,2875,12355,242,271,Good Condition
12189,2875,12356,330,421,Good Condition
12190,2875,12357,147,54,Good Condition
12191,2876,12358,56,317,Good Condition
12192,2876,12359,566,390,Good Condition
12193,2876,12360,188,470,Good Condition
12194,2876,12361,275,295,Good Condition
12195,2876,12362,433,325,Good Condition
12196,2877,12363,262,323,Good Condition
12197,2877,12364,202,382,Good Condition
12198,2877,12365,558,209,Rejected - Quality Failure
12199,2877,12366,480,378,Good Condition
12200,2877,12367,462,273,Rejected - Quality Failure
12201,2878,12368,255,51,Good Condition
12202,2878,12369,391,69,Good Condition
12203,2878,12370,50,125,Good Condition
12204,2878,12371,217,24,Good Condition
12205,2879,12372,395,365,Good Condition
12206,2879,12373,566,241,Minor Defect - Accepted
12207,2879,12374,4,465,Good Condition
12208,2879,12375,446,241,Good Condition
12209,2879,12376,514,304,Good Condition
12210,2879,12377,242,63,Good Condition
12211,2879,12378,196,265,Good Condition
12212,2880,12379,432,105,Good Condition
12213,2880,12380,541,117,Good Condition
12214,2881,12381,558,162,Good Condition
12215,2881,12382,543,356,Good Condition
12216,2881,12383,568,106,Good Condition
12217,2881,12384,300,236,Good Condition
12218,2882,12385,203,77,Good Condition
12219,2882,12386,167,82,Good Condition
12220,2882,12387,41,190,Good Condition
12221,2882,12388,87,441,Good Condition
12222,2883,12389,318,153,Good Condition
12223,2884,12390,23,86,Good Condition
12224,2884,12391,395,379,Good Condition
12225,2884,12392,553,385,Good Condition
12226,2884,12393,567,230,Good Condition
12227,2885,12394,374,17,Good Condition
12228,2885,12395,127,363,Good Condition
12229,2885,12396,151,341,Good Condition
12230,2886,12397,480,50,Rejected - Quality Failure
12231,2886,12398,151,415,Good Condition
12232,2886,12399,179,414,Good Condition
12233,2887,12400,544,45,Good Condition
12234,2888,12401,167,373,Good Condition
12235,2888,12402,570,381,Good Condition
12236,2888,12403,59,67,Good Condition
12237,2888,12404,87,233,Good Condition
12238,2888,12405,489,251,Good Condition
12239,2888,12406,449,288,Good Condition
12240,2889,12407,275,173,Good Condition
12241,2889,12408,566,142,Good Condition
12242,2889,12409,56,461,Good Condition
12243,2889,12410,188,347,Good Condition
12244,2889,12411,375,319,Good Condition
12245,2890,12412,62,73,Good Condition
12246,2890,12413,41,461,Good Condition
12247,2890,12414,134,48,Good Condition
12248,2891,12415,23,137,Dead on Arrival (DOA)
12249,2891,12416,222,209,Good Condition
12250,2891,12417,392,432,Good Condition
12251,2891,12418,111,235,Good Condition
12252,2891,12419,170,83,Dead on Arrival (DOA)
12253,2891,12420,201,321,Good Condition
12254,2892,12421,544,12,Good Condition
12255,2892,12422,532,426,Service Accepted
12256,2893,12423,472,293,Good Condition
12257,2893,12424,22,320,Dead on Arrival (DOA)
12258,2894,12425,475,106,Service Accepted
12259,2894,12426,452,302,Service Accepted
12260,2894,12427,382,430,Good Condition
12261,2894,12428,100,484,Good Condition
12262,2894,12429,6,389,Service Accepted
12263,2895,12439,600,180,Good Condition
12264,2896,12440,519,60,Good Condition
12265,2896,12441,570,361,Good Condition
12266,2896,12442,319,51,Good Condition
12267,2896,12443,330,400,Good Condition
12268,2897,12444,490,371,Good Condition
12269,2897,12445,147,64,Good Condition
12270,2897,12446,110,334,Good Condition
12271,2897,12447,366,128,Good Condition
12272,2897,12448,285,99,Good Condition
12273,2897,12449,236,380,Good Condition
12274,2897,12450,175,130,Good Condition
12275,2897,12451,308,220,Good Condition
12276,2898,12452,407,314,Good Condition
12277,2898,12453,530,209,Good Condition
12278,2898,12454,244,388,Good Condition
12279,2898,12455,79,447,Good Condition
12280,2898,12456,242,179,Good Condition
12281,2898,12457,497,151,Good Condition
12282,2898,12458,185,403,Wrong Item Sent
12283,2899,12459,499,371,Good Condition
12284,2899,12460,371,57,Good Condition
12285,2900,12461,94,159,Service Accepted
12286,2900,12462,248,359,Service Accepted
12287,2900,12463,288,269,Service Accepted
12288,2900,12464,452,155,Service Accepted
12289,2900,12465,289,166,Service Accepted
12290,2900,12466,482,43,Service Accepted
12291,2900,12467,540,328,Service Accepted
12292,2901,12468,275,430,Good Condition
12293,2902,12469,264,310,Good Condition
12294,2902,12470,242,119,Good Condition
12295,2902,12471,357,227,Good Condition
12296,2903,12472,42,11,Good Condition
12297,2903,12473,541,107,Good Condition
12298,2903,12474,450,169,Good Condition
12299,2903,12475,54,207,Minor Defect - Accepted
12300,2904,12476,306,305,Good Condition
12301,2904,12477,176,101,Good Condition
12302,2904,12478,141,178,Good Condition
12303,2905,12479,543,480,Good Condition
12304,2905,12480,519,64,Good Condition
12305,2905,12481,494,249,Good Condition
12306,2905,12482,340,427,Good Condition
12307,2905,12483,311,66,Good Condition
12308,2905,12484,324,54,Good Condition
12309,2905,12485,432,400,Good Condition
12310,2906,12486,596,472,Good Condition
12311,2906,12487,335,121,Good Condition
12312,2906,12488,205,148,Good Condition
12313,2906,12489,560,104,Good Condition
12314,2906,12490,84,284,Good Condition
12315,2906,12491,542,69,Packaging Damaged
12316,2907,12492,227,13,Good Condition
12317,2908,12493,409,398,Good Condition
12318,2908,12494,514,391,Good Condition
12319,2908,12495,462,194,Good Condition
12320,2908,12496,577,476,Good Condition
12321,2908,12497,598,39,Good Condition
12322,2908,12498,70,482,Good Condition
12323,2908,12499,69,454,Good Condition
12324,2909,12500,156,208,Service Accepted
12325,2909,12501,361,350,Service Accepted
12326,2909,12502,136,274,Service Accepted
12327,2909,12503,473,370,Service Accepted
12328,2910,12504,511,238,Good Condition
12329,2910,12505,137,157,Good Condition
12330,2910,12506,209,254,Service Accepted
12331,2910,12507,156,201,Service Accepted
12332,2910,12508,281,281,Service Accepted
12333,2911,12509,71,374,Good Condition
12334,2911,12510,519,11,Good Condition
12335,2911,12511,202,423,Good Condition
12336,2911,12512,170,67,Good Condition
12337,2912,12513,354,456,Good Condition
12338,2912,12514,577,418,Good Condition
12339,2912,12515,60,193,Good Condition
12340,2912,12516,509,266,Good Condition
12341,2913,12517,62,312,Good Condition
12342,2913,12518,194,290,Good Condition
12343,2913,12519,160,48,Good Condition
12344,2913,12520,565,280,Good Condition
12345,2913,12521,26,492,Good Condition
12346,2914,12522,8,163,Good Condition
12347,2914,12523,439,102,Good Condition
12348,2914,12524,591,13,Good Condition
12349,2914,12525,360,447,Good Condition
12350,2914,12526,577,171,Good Condition
12351,2915,12527,146,425,Good Condition
12352,2915,12528,324,205,Packaging Damaged
12353,2915,12529,319,103,Good Condition
12354,2915,12530,259,221,Good Condition
12355,2916,12531,127,392,Good Condition
12356,2916,12532,456,135,Good Condition
12357,2916,12533,69,35,Good Condition
12358,2916,12534,283,428,Good Condition
12359,2916,12535,4,385,Good Condition
12360,2916,12536,290,42,Good Condition
12361,2917,12537,202,90,Good Condition
12362,2917,12538,406,170,Dead on Arrival (DOA)
12363,2917,12539,553,239,Good Condition
12364,2917,12540,285,18,Good Condition
12365,2917,12541,243,170,Good Condition
12366,2917,12542,300,486,Good Condition
12367,2918,12543,541,304,Good Condition
12368,2918,12544,301,52,Good Condition
12369,2918,12545,375,57,Good Condition
12370,2918,12546,486,448,Good Condition
12371,2918,12547,368,381,Good Condition
12372,2918,12548,227,84,Good Condition
12373,2918,12549,556,31,Good Condition
12374,2918,12550,335,162,Good Condition
12375,2919,12551,292,84,Good Condition
12376,2919,12552,295,329,Service Accepted
12377,2919,12553,246,52,Good Condition
12378,2919,12554,500,332,Good Condition
12379,2919,12555,511,421,Good Condition
12380,2920,12556,345,147,Good Condition
12381,2920,12557,571,480,Good Condition
12382,2920,12558,490,424,Good Condition
12383,2920,12559,582,206,Good Condition
12384,2920,12560,562,89,Good Condition
12385,2921,12561,27,476,Service Accepted
12386,2921,12562,274,459,Service Accepted
12387,2921,12563,96,313,Service Accepted
12388,2922,12564,450,284,Good Condition
12389,2922,12565,285,491,Good Condition
12390,2923,12566,146,326,Good Condition
12391,2923,12567,69,252,Good Condition
12392,2923,12568,77,356,Good Condition
12393,2924,12569,341,310,Good Condition
12394,2924,12570,173,470,Service Accepted
12395,2924,12571,342,147,Service Accepted
12396,2924,12572,529,249,Service Accepted
12397,2924,12573,138,352,Good Condition
12398,2924,12574,351,492,Service Accepted
12399,2924,12575,1,478,Good Condition
12400,2925,12576,37,267,Service Accepted
12401,2925,12577,68,362,Service Accepted
12402,2925,12578,148,186,Service Accepted
12403,2926,12579,50,252,Good Condition
12404,2926,12580,41,241,Good Condition
12405,2926,12581,306,59,Good Condition
12406,2926,12582,579,415,Good Condition
12407,2926,12583,578,303,Good Condition
12408,2927,12584,324,481,Good Condition
12409,2927,12585,187,112,Rejected - Quality Failure
12410,2927,12586,122,336,Good Condition
12411,2928,12587,300,351,Good Condition
12412,2928,12588,303,99,Good Condition
12413,2928,12589,196,178,Packaging Damaged
12414,2928,12590,242,220,Good Condition
12415,2928,12591,456,403,Good Condition
12416,2928,12592,150,209,Good Condition
12417,2929,12593,407,136,Good Condition
12418,2929,12594,481,55,Good Condition
12419,2929,12595,91,247,Good Condition
12420,2929,12596,47,223,Good Condition
12421,2930,12597,499,25,Good Condition
12422,2930,12598,591,86,Good Condition
12423,2931,12599,71,300,Good Condition
12424,2931,12600,317,474,Good Condition
12425,2931,12601,264,451,Good Condition
12426,2931,12602,363,471,Good Condition
12427,2931,12603,255,29,Good Condition
12428,2931,12604,89,258,Good Condition
12429,2932,12605,474,217,Good Condition
12430,2932,12606,572,444,Good Condition
12431,2932,12607,251,114,Good Condition
12432,2933,12608,377,449,Good Condition
12433,2933,12609,217,310,Good Condition
12434,2933,12610,23,286,Good Condition
12435,2933,12611,87,58,Good Condition
12436,2933,12612,530,263,Good Condition
12437,2933,12613,543,114,Good Condition
12438,2934,12614,141,279,Dead on Arrival (DOA)
12439,2934,12615,159,62,Good Condition
12440,2934,12616,372,474,Good Condition
12441,2934,12617,359,56,Good Condition
12442,2934,12618,22,177,Good Condition
12443,2935,12619,192,321,Good Condition
12444,2935,12620,505,355,Good Condition
12445,2935,12621,553,71,Good Condition
12446,2935,12622,521,318,Good Condition
12447,2936,12623,179,345,Good Condition
12448,2936,12624,54,427,Good Condition
12449,2936,12625,301,419,Good Condition
12450,2936,12626,84,382,Good Condition
12451,2937,12627,433,205,Good Condition
12452,2937,12628,300,288,Good Condition
12453,2937,12629,23,107,Good Condition
12454,2937,12630,308,188,Good Condition
12455,2938,12631,476,438,Good Condition
12456,2939,12632,450,293,Wrong Item Sent
12457,2939,12633,210,430,Good Condition
12458,2939,12634,330,272,Good Condition
12459,2939,12635,165,442,Good Condition
12460,2940,12636,313,30,Service Accepted
12461,2940,12637,114,312,Service Accepted
12462,2940,12638,35,26,Service Accepted
12463,2940,12639,573,414,Service Accepted
12464,2940,12640,414,315,Service Accepted
12465,2940,12641,540,435,Service Accepted
12466,2941,12642,249,302,Good Condition
12467,2941,12643,359,488,Good Condition
12468,2941,12644,43,434,Good Condition
12469,2942,12645,50,490,Good Condition
12470,2942,12646,440,189,Good Condition
12471,2942,12647,460,282,Good Condition
12472,2942,12648,483,301,Good Condition
12473,2943,12649,131,361,Service Accepted
12474,2943,12650,451,220,Service Accepted
12475,2943,12651,498,423,Service Accepted
12476,2944,12652,84,352,Good Condition
12477,2944,12653,560,97,Good Condition
12478,2944,12654,324,184,Good Condition
12479,2944,12655,188,431,Good Condition
12480,2944,12656,596,162,Good Condition
12481,2944,12657,571,455,Good Condition
12482,2944,12658,568,203,Good Condition
12483,2944,12659,542,184,Good Condition
12484,2945,12660,555,103,Service Accepted
12485,2945,12661,487,307,Service Accepted
12486,2945,12662,532,342,Service Accepted
12487,2945,12663,233,265,Service Accepted
12488,2945,12664,326,474,Service Accepted
12489,2945,12665,414,171,Service Accepted
12490,2945,12666,347,149,Service Accepted
12491,2946,12667,524,334,Good Condition
12492,2946,12668,59,478,Good Condition
12493,2946,12669,211,480,Good Condition
12494,2947,12670,319,316,Good Condition
12495,2947,12671,493,171,Good Condition
12496,2948,12672,240,325,Good Condition
12497,2948,12673,78,12,Good Condition
12498,2948,12674,374,364,Good Condition
12499,2948,12675,525,271,Good Condition
12500,2948,12676,32,33,Good Condition
12501,2948,12677,13,190,Good Condition
12502,2948,12678,38,376,Good Condition
12503,2949,12679,84,192,Good Condition
12504,2949,12680,390,335,Good Condition
12505,2950,12681,574,263,Good Condition
12506,2950,12682,519,225,Good Condition
12507,2950,12683,366,275,Good Condition
12508,2950,12684,29,204,Good Condition
12509,2950,12685,70,173,Good Condition
12510,2950,12686,179,294,Good Condition
12511,2950,12687,123,145,Good Condition
12512,2951,12688,217,23,Good Condition
12513,2951,12689,300,406,Good Condition
12514,2951,12690,318,330,Good Condition
12515,2951,12691,202,474,Good Condition
12516,2951,12692,79,284,Good Condition
12517,2952,12693,588,427,Good Condition
12518,2953,12694,281,348,Service Incomplete
12519,2953,12695,518,184,Service Accepted
12520,2953,12696,540,267,Service Accepted
12521,2954,12697,102,231,Good Condition
12522,2954,12698,317,368,Good Condition
12523,2954,12699,392,11,Good Condition
12524,2954,12700,62,159,Good Condition
12525,2954,12701,287,295,Good Condition
12526,2954,12702,111,204,Good Condition
12527,2954,12703,395,95,Good Condition
12528,2955,12704,146,271,Good Condition
12529,2955,12705,113,180,Good Condition
12530,2955,12706,335,262,Good Condition
12531,2955,12707,324,197,Good Condition
12532,2955,12708,259,181,Good Condition
12533,2955,12709,319,117,Good Condition
12534,2956,12710,494,257,Good Condition
12535,2956,12711,15,344,Packaging Damaged
12536,2956,12712,474,356,Good Condition
12537,2956,12713,438,249,Good Condition
12538,2956,12714,542,317,Good Condition
12539,2957,12721,318,423,Good Condition
12540,2957,12722,23,388,Good Condition
12541,2957,12723,543,213,Good Condition
12542,2957,12724,146,449,Good Condition
12543,2957,12725,377,294,Good Condition
12544,2957,12726,480,315,Good Condition
12545,2957,12727,217,21,Good Condition
12546,2958,12728,211,201,Good Condition
12547,2958,12729,201,95,Good Condition
12548,2959,12730,538,165,Good Condition
12549,2959,12731,524,46,Good Condition
12550,2959,12732,306,454,Good Condition
12551,2959,12733,196,338,Good Condition
12552,2959,12734,568,424,Good Condition
12553,2959,12735,203,220,Good Condition
12554,2960,12736,202,89,Good Condition
12555,2960,12737,570,289,Good Condition
12556,2960,12738,194,71,Good Condition
12557,2960,12739,535,401,Good Condition
12558,2960,12740,165,483,Good Condition
12559,2961,12741,553,325,Good Condition
12560,2961,12742,102,496,Good Condition
12561,2961,12743,243,123,Good Condition
12562,2961,12744,481,306,Good Condition
12563,2961,12745,81,358,Good Condition
12564,2961,12746,236,143,Good Condition
12565,2962,12747,62,386,Good Condition
12566,2962,12748,141,168,Good Condition
12567,2962,12749,194,324,Good Condition
12568,2963,12750,179,354,Good Condition
12569,2963,12751,239,81,Good Condition
12570,2963,12752,251,457,Good Condition
12571,2964,12753,156,407,Service Accepted
12572,2964,12754,351,170,Service Incomplete
12573,2964,12755,361,310,Service Accepted
12574,2964,12756,136,346,Service Disputed
12575,2964,12757,281,418,Service Accepted
12576,2964,12758,540,102,Service Accepted
12577,2964,12759,378,52,Service Accepted
12578,2965,12760,560,238,Good Condition
12579,2965,12761,113,258,Screen Damaged
12580,2966,12762,281,363,Service Accepted
12581,2966,12763,405,440,Service Accepted
12582,2966,12764,97,450,Service Accepted
12583,2966,12765,430,152,Service Accepted
12584,2967,12766,218,15,Good Condition
12585,2967,12767,332,184,Good Condition
12586,2967,12768,39,441,Service Accepted
12587,2968,12769,410,21,Good Condition
12588,2968,12770,541,351,Good Condition
12589,2968,12771,598,454,Good Condition
12590,2969,12772,249,391,Good Condition
12591,2969,12773,192,93,Good Condition
12592,2969,12774,480,435,Good Condition
12593,2970,12775,235,242,Good Condition
12594,2970,12776,359,414,Good Condition
12595,2970,12777,108,71,Good Condition
12596,2971,12778,440,183,Good Condition
12597,2971,12779,12,399,Good Condition
12598,2971,12780,254,496,Good Condition
12599,2971,12781,486,372,Good Condition
12600,2971,12782,472,352,Good Condition
12601,2971,12783,438,155,Good Condition
12602,2971,12784,236,289,Good Condition
12603,2972,12785,22,296,Good Condition
12604,2972,12786,273,23,Good Condition
12605,2972,12787,571,114,Good Condition
12606,2973,12788,240,241,Good Condition
12607,2973,12789,357,338,Good Condition
12608,2973,12790,558,392,Good Condition
12609,2973,12791,242,145,Good Condition
12610,2974,12792,293,408,Good Condition
12611,2974,12793,175,190,Good Condition
12612,2974,12794,141,268,Good Condition
12613,2975,12795,390,311,Good Condition
12614,2976,12796,550,103,Good Condition
12615,2976,12797,424,331,Good Condition
12616,2976,12798,287,260,Good Condition
12617,2976,12799,16,364,Good Condition
12618,2976,12800,251,230,Good Condition
12619,2976,12801,491,413,Good Condition
12620,2976,12802,439,343,Good Condition
12621,2977,12803,43,65,Good Condition
12622,2977,12804,569,335,Good Condition
12623,2977,12805,109,242,Good Condition
12624,2977,12806,8,386,Good Condition
12625,2977,12807,421,290,Good Condition
12626,2977,12808,460,100,Good Condition
12627,2977,12809,300,490,Good Condition
12628,2978,12810,54,449,Good Condition
12629,2978,12811,62,225,Good Condition
12630,2978,12812,285,59,Good Condition
12631,2978,12813,232,180,Good Condition
12632,2978,12814,251,452,Good Condition
12633,2978,12815,515,408,Good Condition
12634,2978,12816,567,449,Good Condition
12635,2979,12817,113,161,Good Condition
12636,2979,12818,259,93,Good Condition
12637,2979,12819,146,394,Good Condition
12638,2979,12820,319,213,Good Condition
12639,2979,12821,324,299,Good Condition
12640,2980,12822,367,223,Service Accepted
12641,2980,12823,451,200,Service Disputed
12642,2980,12824,498,11,Service Accepted
12643,2981,12825,444,227,Good Condition
12644,2981,12826,400,106,Good Condition
12645,2981,12827,471,482,Good Condition
12646,2982,12828,423,482,Service Accepted
12647,2982,12829,281,107,Service Accepted
12648,2982,12830,405,105,Service Accepted
12649,2983,12831,541,239,Good Condition
12650,2983,12832,335,329,Good Condition
12651,2983,12833,318,266,Good Condition
12652,2984,12834,80,17,Good Condition
12653,2984,12835,70,433,Good Condition
12654,2984,12836,308,161,Good Condition
12655,2984,12837,424,213,Dead on Arrival (DOA)
12656,2984,12838,445,213,Good Condition
12657,2985,12844,515,495,Good Condition
12658,2985,12845,54,264,Good Condition
12659,2986,12846,424,75,Good Condition
12660,2986,12847,129,24,Good Condition
12661,2986,12848,227,407,Good Condition
12662,2986,12849,441,383,Good Condition
12663,2986,12850,494,226,Good Condition
12664,2986,12851,43,40,Good Condition
12665,2986,12852,287,395,Good Condition
12666,2986,12853,366,284,Good Condition
12667,2986,12854,317,440,Good Condition
12668,2987,12855,23,134,Good Condition
12669,2987,12856,146,137,Good Condition
12670,2987,12857,217,171,Good Condition
12671,2988,12858,141,329,Good Condition
12672,2988,12859,308,133,Good Condition
12673,2988,12860,160,340,Good Condition
12674,2988,12861,306,133,Good Condition
12675,2988,12862,317,52,Good Condition
12676,2988,12863,556,389,Good Condition
12677,2988,12864,176,188,Good Condition
12678,2989,12865,239,468,Good Condition
12679,2989,12866,251,114,Good Condition
12680,2989,12867,108,144,Good Condition
12681,2989,12868,179,38,Good Condition
12682,2990,12869,507,36,Good Condition
12683,2991,12870,386,245,Good Condition
12684,2992,12871,13,172,Good Condition
12685,2992,12872,565,401,Good Condition
12686,2992,12873,275,82,Good Condition
12687,2992,12874,510,303,Good Condition
12688,2992,12875,474,447,Good Condition
12689,2992,12876,102,383,Good Condition
12690,2993,12877,215,104,Good Condition
12691,2993,12878,424,130,Good Condition
12692,2993,12879,568,138,Good Condition
12693,2993,12880,92,232,Good Condition
12694,2993,12881,172,187,Good Condition
12695,2994,12882,243,445,Good Condition
12696,2994,12883,285,122,Good Condition
12697,2995,12884,22,355,Good Condition
12698,2995,12885,75,148,Good Condition
12699,2995,12886,359,62,Good Condition
12700,2995,12887,372,58,Good Condition
12701,2995,12888,254,432,Good Condition
12702,2995,12889,273,336,Good Condition
12703,2995,12890,82,356,Packaging Damaged
12704,2996,12891,391,366,Good Condition
12705,2996,12892,291,355,Good Condition
12706,2996,12893,293,367,Good Condition
12707,2996,12894,141,381,Good Condition
12708,2996,12895,597,388,Good Condition
12709,2997,12896,374,473,Good Condition
12710,2997,12897,141,193,Good Condition
12711,2997,12898,196,477,Good Condition
12712,2998,12899,251,335,Good Condition
12713,2998,12900,471,450,Good Condition
12714,2998,12901,28,237,Good Condition
12715,2998,12902,509,214,Good Condition
12716,2998,12903,125,346,Good Condition
12717,2998,12904,48,112,Good Condition
12718,2998,12905,439,50,Good Condition
12719,2999,12906,541,175,Good Condition
12720,2999,12907,424,362,Good Condition
12721,2999,12908,308,419,Good Condition
12722,2999,12909,450,234,Good Condition
12723,2999,12910,345,251,Good Condition
12724,2999,12911,445,341,Good Condition
12725,3000,12912,577,220,Good Condition
12726,3001,12913,43,414,Good Condition
12727,3001,12914,194,495,Good Condition
12728,3001,12915,371,497,Good Condition
12729,3002,12916,531,156,Service Accepted
12730,3003,12917,142,130,Service Accepted
12731,3003,12918,118,272,Service Accepted
12732,3003,12919,261,225,Good Condition
12733,3003,12920,563,155,Good Condition
12734,3003,12921,313,446,Service Accepted
12735,3003,12922,561,96,Service Accepted
12736,3003,12923,507,45,Good Condition
12737,3004,12924,439,465,Good Condition
12738,3004,12925,71,90,Good Condition
12739,3004,12926,291,457,Good Condition
12740,3004,12927,179,43,Good Condition
12741,3004,12928,235,269,Good Condition
12742,3004,12929,512,242,Good Condition
12743,3004,12930,577,439,Good Condition
12744,3005,12931,182,447,Good Condition
12745,3005,12932,392,392,Good Condition
12746,3006,12933,134,450,Good Condition
12747,3006,12934,368,337,Good Condition
12748,3006,12935,335,403,Good Condition
12749,3006,12936,486,53,Good Condition
12750,3006,12937,556,387,Good Condition
12751,3007,12938,46,164,Service Accepted
12752,3007,12939,177,69,Service Accepted
12753,3007,12940,414,350,Service Accepted
12754,3008,12941,159,133,Good Condition
12755,3008,12942,49,144,Good Condition
12756,3008,12943,374,482,Good Condition
12757,3009,12944,181,179,Service Accepted
12758,3009,12945,544,259,Good Condition
12759,3010,12946,335,440,Good Condition
12760,3010,12947,290,324,Good Condition
12761,3010,12948,566,65,Good Condition
12762,3010,12949,556,241,Good Condition
12763,3011,12950,188,423,Good Condition
12764,3011,12951,275,249,Good Condition
12765,3011,12952,566,46,Good Condition
12766,3012,12953,372,118,Good Condition
12767,3013,12954,570,18,Good Condition
12768,3013,12955,283,271,Good Condition
12769,3013,12956,424,249,Good Condition
12770,3013,12957,596,386,Good Condition
12771,3014,12958,170,381,Good Condition
12772,3014,12959,301,139,Good Condition
12773,3014,12960,134,249,Good Condition
12774,3014,12961,556,24,Good Condition
12775,3014,12962,538,500,Good Condition
12776,3014,12963,368,419,Good Condition
12777,3014,12964,541,331,Good Condition
12778,3015,12965,439,263,Good Condition
12779,3015,12966,211,306,Good Condition
12780,3015,12967,127,164,Good Condition
12781,3015,12968,59,48,Good Condition
12782,3015,12969,494,500,Good Condition
12783,3016,12970,359,47,Good Condition
12784,3016,12971,60,15,Rejected - Quality Failure
12785,3016,12972,196,451,Rejected - Quality Failure
12786,3016,12973,301,235,Good Condition
12787,3017,12974,480,372,Good Condition
12788,3017,12975,243,281,Good Condition
12789,3017,12976,275,82,Good Condition
12790,3017,12977,113,459,Good Condition
12791,3017,12978,9,194,Rejected - Quality Failure
12792,3017,12979,560,80,Rejected - Quality Failure
12793,3018,12980,23,298,Good Condition
12794,3018,12981,146,182,Good Condition
12795,3019,12982,423,328,Service Accepted
12796,3019,12983,295,415,Service Accepted
12797,3019,12984,97,353,Service Accepted
12798,3019,12985,281,461,Service Accepted
12799,3019,12986,183,43,Service Accepted
12800,3019,12987,405,83,Service Disputed
12801,3020,12988,48,148,Good Condition
12802,3020,12989,287,185,Good Condition
12803,3020,12990,102,40,Screen Damaged
12804,3020,12991,81,365,Good Condition
12805,3020,12992,306,314,Good Condition
12806,3021,12993,450,180,Rejected - Quality Failure
12807,3021,12994,47,115,Good Condition
12808,3021,12995,179,46,Good Condition
12809,3021,12996,151,195,Good Condition
12810,3022,12997,16,439,Good Condition
12811,3022,12998,368,369,Good Condition
12812,3023,12999,476,405,Good Condition
12813,3024,13000,176,230,Good Condition
12814,3024,13001,548,244,Good Condition
12815,3025,13004,426,392,Good Condition
12816,3026,13005,146,411,Good Condition
12817,3027,13006,408,355,Good Condition
12818,3027,13007,122,252,Good Condition
12819,3027,13008,87,182,Good Condition
12820,3027,13009,551,467,Good Condition
12821,3027,13010,530,425,Good Condition
12822,3027,13011,589,487,Good Condition
12823,3028,13012,43,433,Good Condition
12824,3028,13013,359,85,Good Condition
12825,3029,13014,381,152,Service Accepted
12826,3029,13015,296,304,Service Accepted
12827,3029,13016,348,130,Service Accepted
12828,3029,13017,161,314,Service Accepted
12829,3029,13018,133,380,Service Accepted
12830,3029,13019,457,201,Service Accepted
12831,3029,13020,72,290,Service Accepted
12832,3029,13021,378,184,Service Accepted
12833,3030,13022,21,325,Good Condition
12834,3030,13023,493,157,Dead on Arrival (DOA)
12835,3031,13024,55,112,Service Accepted
12836,3031,13025,248,385,Service Accepted
12837,3031,13026,529,209,Service Accepted
12838,3031,13027,85,272,Service Accepted
12839,3031,13028,274,215,Service Accepted
12840,3032,13029,113,43,Good Condition
12841,3032,13030,22,225,Good Condition
12842,3032,13031,472,385,Good Condition
12843,3032,13032,122,169,Good Condition
12844,3033,13033,550,15,Good Condition
12845,3033,13034,514,431,Good Condition
12846,3033,13035,41,467,Good Condition
12847,3033,13036,264,133,Good Condition
12848,3033,13037,69,202,Good Condition
12849,3033,13038,598,54,Good Condition
12850,3033,13039,577,353,Good Condition
12851,3033,13040,129,295,Good Condition
12852,3034,13041,340,97,Good Condition
12853,3034,13042,566,72,Good Condition
12854,3034,13043,311,176,Good Condition
12855,3034,13044,494,346,Good Condition
12856,3035,13045,550,429,Good Condition
12857,3035,13046,446,76,Good Condition
12858,3035,13047,442,181,Good Condition
12859,3035,13048,187,345,Good Condition
12860,3036,13049,103,172,Packaging Damaged
12861,3036,13050,146,38,Good Condition
12862,3036,13051,49,153,Good Condition
12863,3036,13052,126,248,Good Condition
12864,3037,13053,462,101,Good Condition
12865,3037,13054,111,142,Good Condition
12866,3037,13055,399,71,Screen Damaged
12867,3037,13056,317,394,Good Condition
12868,3037,13057,598,465,Minor Defect - Accepted
12869,3037,13058,69,267,Good Condition
12870,3037,13059,41,176,Good Condition
12871,3038,13060,102,470,Good Condition
12872,3038,13061,249,421,Good Condition
12873,3038,13062,29,252,Good Condition
12874,3038,13063,499,360,Good Condition
12875,3038,13064,28,74,Good Condition
12876,3038,13065,84,372,Good Condition
12877,3038,13066,371,183,Good Condition
12878,3039,13067,72,434,Service Accepted
12879,3039,13068,573,353,Service Accepted
12880,3040,13069,41,56,Good Condition
12881,3040,13070,409,334,Good Condition
12882,3041,13071,100,201,Good Condition
12883,3041,13072,475,323,Service Accepted
12884,3041,13073,64,150,Good Condition
12885,3042,13074,127,123,Good Condition
12886,3042,13075,524,209,Good Condition
12887,3042,13076,59,388,Good Condition
12888,3042,13077,211,473,Good Condition
12889,3042,13078,236,315,Good Condition
12890,3043,13079,77,441,Good Condition
12891,3043,13080,395,180,Good Condition
12892,3043,13081,23,427,Good Condition
12893,3044,13082,126,273,Good Condition
12894,3044,13083,146,178,Good Condition
12895,3044,13084,189,96,Good Condition
12896,3044,13085,386,98,Good Condition
12897,3044,13086,159,457,Dead on Arrival (DOA)
12898,3045,13087,179,51,Good Condition
12899,3045,13088,508,247,Good Condition
12900,3046,13089,259,317,Good Condition
12901,3046,13090,153,319,Good Condition
12902,3046,13091,399,316,Good Condition
12903,3046,13092,238,270,Good Condition
12904,3046,13093,182,390,Good Condition
12905,3046,13094,275,179,Good Condition
12906,3046,13095,474,188,Good Condition
12907,3046,13096,513,82,Good Condition
12908,3047,13097,183,358,Service Accepted
12909,3047,13098,296,418,Service Accepted
12910,3048,13099,210,470,Good Condition
12911,3048,13100,450,199,Good Condition
12912,3048,13101,103,111,Good Condition
12913,3048,13102,330,389,Good Condition
12914,3049,13103,81,354,Good Condition
12915,3050,13107,302,215,Service Accepted
12916,3051,13108,505,380,Good Condition
12917,3051,13109,15,289,Good Condition
12918,3051,13110,89,306,Good Condition
12919,3051,13111,491,208,Good Condition
12920,3052,13112,432,105,Good Condition
12921,3052,13113,570,455,Good Condition
12922,3052,13114,146,71,Good Condition
12923,3052,13115,210,257,Good Condition
12924,3053,13116,499,245,Good Condition
12925,3053,13117,324,264,Good Condition
12926,3054,13118,300,222,Good Condition
12927,3054,13119,558,492,Good Condition
12928,3054,13120,568,144,Dead on Arrival (DOA)
12929,3054,13121,543,198,Good Condition
12930,3054,13122,476,68,Good Condition
12931,3055,13123,79,188,Good Condition
12932,3055,13124,426,423,Good Condition
12933,3055,13125,543,223,Good Condition
12934,3055,13126,314,82,Good Condition
12935,3056,13127,364,386,Service Accepted
12936,3056,13128,274,367,Service Accepted
12937,3056,13129,245,17,Good Condition
12938,3057,13130,577,69,Good Condition
12939,3057,13131,301,357,Good Condition
12940,3057,13132,125,204,Good Condition
12941,3057,13133,567,287,Good Condition
12942,3057,13134,510,268,Good Condition
12943,3058,13135,75,323,Good Condition
12944,3058,13136,325,244,Good Condition
12945,3058,13137,433,259,Good Condition
12946,3058,13138,273,276,Good Condition
12947,3058,13139,33,64,Good Condition
12948,3058,13140,172,304,Good Condition
12949,3059,13141,597,270,Good Condition
12950,3059,13142,352,10,Good Condition
12951,3059,13143,202,360,Good Condition
12952,3059,13144,62,470,Good Condition
12953,3059,13145,444,417,Good Condition
12954,3060,13146,129,285,Good Condition
12955,3060,13147,456,364,Good Condition
12956,3060,13148,597,334,Good Condition
12957,3060,13149,9,218,Good Condition
12958,3060,13150,445,97,Good Condition
12959,3061,13151,515,114,Rejected - Quality Failure
12960,3061,13152,122,316,Rejected - Quality Failure
12961,3061,13153,324,411,Good Condition
12962,3061,13154,471,188,Good Condition
12963,3061,13155,165,401,Dead on Arrival (DOA)
12964,3061,13156,102,277,Good Condition
12965,3062,13157,72,155,Service Accepted
12966,3062,13158,554,128,Service Incomplete
12967,3062,13159,501,335,Service Accepted
12968,3062,13160,540,130,Service Accepted
12969,3062,13161,274,390,Service Accepted
12970,3063,13162,425,78,Good Condition
12971,3063,13163,174,336,Good Condition
12972,3063,13164,153,89,Good Condition
12973,3063,13165,354,497,Good Condition
12974,3063,13166,38,56,Good Condition
12975,3063,13167,230,449,Good Condition
12976,3063,13168,375,190,Good Condition
12977,3064,13169,430,39,Service Accepted
12978,3064,13170,295,194,Service Accepted
12979,3064,13171,423,157,Service Accepted
12980,3065,13172,474,127,Good Condition
12981,3065,13173,550,338,Good Condition
12982,3065,13174,572,228,Good Condition
12983,3065,13175,251,102,Good Condition
12984,3065,13176,287,269,Good Condition
12985,3066,13177,125,344,Good Condition
12986,3066,13178,439,137,Good Condition
12987,3066,13179,553,387,Good Condition
12988,3066,13180,226,58,Good Condition
12989,3066,13181,232,75,Good Condition
12990,3066,13182,206,494,Good Condition
12991,3066,13183,128,63,Good Condition
12992,3066,13184,127,402,Good Condition
12993,3067,13185,541,59,Good Condition
12994,3067,13186,287,174,Good Condition
12995,3067,13187,175,113,Good Condition
12996,3067,13188,357,399,Good Condition
12997,3067,13189,42,130,Good Condition
12998,3067,13190,493,227,Good Condition
12999,3068,13191,460,302,Good Condition
13000,3068,13192,79,341,Good Condition
13001,3068,13193,426,491,Good Condition
13002,3068,13194,41,51,Good Condition
13003,3068,13195,314,485,Good Condition
13004,3068,13196,119,112,Good Condition
13005,3069,13197,243,451,Good Condition
13006,3069,13198,572,34,Good Condition
13007,3069,13199,41,342,Good Condition
13008,3069,13200,449,373,Good Condition
13009,3069,13201,324,77,Good Condition
13010,3069,13202,433,26,Good Condition
13011,3070,13203,490,329,Good Condition
13012,3070,13204,146,433,Good Condition
13013,3071,13205,56,274,Good Condition
13014,3072,13206,248,346,Service Accepted
13015,3072,13207,274,292,Service Accepted
13016,3072,13208,55,461,Service Accepted
13017,3072,13209,231,73,Service Accepted
13018,3073,13210,75,100,Good Condition
13019,3073,13211,325,274,Good Condition
13020,3073,13212,374,145,Good Condition
13021,3073,13213,395,359,Good Condition
13022,3074,13214,314,417,Good Condition
13023,3074,13215,38,369,Good Condition
13024,3074,13216,551,143,Good Condition
13025,3074,13217,416,308,Good Condition
13026,3075,13218,406,62,Good Condition
13027,3075,13219,243,176,Good Condition
13028,3076,13220,359,127,Good Condition
13029,3076,13221,249,250,Good Condition
13030,3076,13222,43,423,Good Condition
13031,3077,13223,148,431,Service Accepted
13032,3077,13224,68,166,Service Accepted
13033,3077,13225,289,430,Service Accepted
13034,3077,13226,133,496,Service Accepted
13035,3078,13227,575,390,Service Accepted
13036,3078,13228,540,246,Service Accepted
13037,3079,13229,450,61,Good Condition
13038,3079,13230,103,40,Good Condition
13039,3079,13231,210,286,Good Condition
13040,3079,13232,165,148,Good Condition
13041,3080,13233,598,369,Good Condition
13042,3080,13234,179,279,Good Condition
13043,3080,13235,28,342,Good Condition
13044,3080,13236,449,404,Good Condition
13045,3081,13237,481,168,Good Condition
13046,3082,13238,102,499,Good Condition
13047,3082,13239,275,441,Dead on Arrival (DOA)
13048,3082,13240,182,249,Good Condition
13049,3082,13241,399,243,Good Condition
13050,3083,13242,126,343,Good Condition
13051,3083,13243,570,236,Good Condition
13052,3083,13244,210,446,Good Condition
13053,3083,13245,432,59,Good Condition
13054,3084,13246,170,497,Good Condition
13055,3084,13247,410,94,Good Condition
13056,3084,13248,449,398,Good Condition
13057,3084,13249,283,181,Good Condition
13058,3084,13250,240,217,Good Condition
13059,3084,13251,238,298,Good Condition
13060,3085,13252,396,372,Good Condition
13061,3085,13253,243,436,Good Condition
13062,3085,13254,562,59,Good Condition
13063,3085,13255,419,129,Good Condition
13064,3085,13256,370,367,Good Condition
13065,3085,13257,483,308,Good Condition
13066,3086,13258,413,87,Good Condition
13067,3086,13259,441,471,Good Condition
13068,3086,13260,28,451,Good Condition
13069,3086,13261,442,55,Good Condition
13070,3086,13262,577,268,Good Condition
13071,3087,13263,432,275,Good Condition
13072,3087,13264,301,35,Good Condition
13073,3087,13265,249,190,Good Condition
13074,3087,13266,578,201,Good Condition
13075,3088,13267,538,433,Good Condition
13076,3088,13268,317,365,Good Condition
13077,3089,13269,23,81,Good Condition
13078,3089,13270,472,204,Good Condition
13079,3089,13271,325,307,Good Condition
13080,3089,13272,517,65,Good Condition
13081,3089,13273,172,94,Packaging Damaged
13082,3089,13274,260,228,Good Condition
13083,3089,13275,273,424,Good Condition
13084,3090,13276,56,33,Good Condition
13085,3091,13277,597,218,Good Condition
13086,3091,13278,424,15,Good Condition
13087,3091,13279,287,475,Good Condition
13088,3091,13280,236,449,Good Condition
13089,3091,13281,227,160,Good Condition
13090,3091,13282,43,414,Good Condition
13091,3092,13283,424,397,Good Condition
13092,3092,13284,127,460,Good Condition
13093,3092,13285,318,483,Good Condition
13094,3092,13286,374,423,Good Condition
13095,3092,13287,151,40,Good Condition
13096,3092,13288,597,403,Good Condition
13097,3092,13289,86,17,Good Condition
13098,3092,13290,460,242,Good Condition
13099,3093,13291,319,412,Good Condition
13100,3093,13292,259,311,Good Condition
13101,3093,13293,146,267,Good Condition
13102,3093,13294,113,246,Good Condition
13103,3093,13295,324,153,Good Condition
13104,3093,13296,335,182,Good Condition
13105,3094,13297,28,469,Good Condition
13106,3094,13298,48,355,Good Condition
13107,3094,13299,122,422,Good Condition
13108,3094,13300,509,341,Good Condition
13109,3095,13301,264,305,Good Condition
13110,3096,13302,30,467,Good Condition
13111,3096,13303,53,359,Good Condition
13112,3096,13304,182,422,Good Condition
13113,3096,13305,392,193,Good Condition
13114,3097,13306,303,260,Good Condition
13115,3097,13307,42,319,Good Condition
13116,3097,13308,360,357,Good Condition
13117,3098,13309,330,88,Good Condition
13118,3098,13310,450,335,Good Condition
13119,3098,13311,165,337,Good Condition
13120,3099,13312,419,287,Good Condition
13121,3099,13313,542,225,Good Condition
13122,3099,13314,393,460,Good Condition
13123,3099,13315,167,416,Good Condition
13124,3100,13316,240,183,Good Condition
13125,3100,13317,486,177,Packaging Damaged
13126,3100,13318,230,244,Dead on Arrival (DOA)
13127,3100,13319,440,17,Good Condition
13128,3100,13320,472,334,Good Condition
13129,3101,13321,306,409,Good Condition
13130,3101,13322,524,184,Good Condition
13131,3102,13323,405,232,Service Accepted
13132,3102,13324,423,266,Service Accepted
13133,3102,13325,183,162,Service Accepted
13134,3102,13326,295,205,Service Incomplete
13135,3102,13327,430,18,Service Accepted
13136,3102,13328,97,260,Service Accepted
13137,3102,13329,281,260,Service Accepted
13138,3103,13330,165,289,Good Condition
13139,3103,13331,330,331,Good Condition
13140,3103,13332,210,161,Good Condition
13141,3103,13333,103,240,Good Condition
13142,3104,13334,446,361,Good Condition
13143,3104,13335,517,353,Good Condition
13144,3104,13336,368,366,Good Condition
13145,3104,13337,251,97,Good Condition
13146,3104,13338,524,248,Good Condition
13147,3104,13339,591,261,Good Condition
13148,3104,13340,165,133,Good Condition
13149,3105,13341,371,308,Good Condition
13150,3105,13342,413,157,Good Condition
13151,3105,13343,13,449,Good Condition
13152,3105,13344,562,20,Good Condition
13153,3105,13345,87,364,Good Condition
13154,3105,13346,185,249,Good Condition
13155,3105,13347,287,483,Good Condition
13156,3105,13348,146,342,Good Condition
13157,3105,13349,582,173,Good Condition
13158,3106,13350,512,142,Good Condition
13159,3106,13351,335,313,Dead on Arrival (DOA)
13160,3106,13352,363,434,Good Condition
13161,3106,13353,374,229,Good Condition
13162,3107,13354,538,142,Good Condition
13163,3107,13355,497,340,Good Condition
13164,3107,13356,38,210,Good Condition
13165,3108,13357,387,66,Service Accepted
13166,3108,13358,315,451,Good Condition
13167,3108,13359,270,174,Good Condition
13168,3108,13360,470,158,Good Condition
13169,3108,13361,274,250,Service Accepted
13170,3109,13362,551,476,Good Condition
13171,3109,13363,167,292,Good Condition
13172,3109,13364,582,207,Good Condition
13173,3109,13365,82,237,Packaging Damaged
13174,3109,13366,102,103,Good Condition
13175,3109,13367,600,260,Good Condition
13176,3109,13368,74,95,Good Condition
13177,3109,13369,474,310,Good Condition
13178,3110,13370,179,127,Good Condition
13179,3110,13371,170,335,Good Condition
13180,3110,13372,541,286,Good Condition
13181,3110,13373,568,254,Good Condition
13182,3110,13374,13,197,Good Condition
13183,3111,13375,103,234,Good Condition
13184,3111,13376,542,420,Packaging Damaged
13185,3111,13377,84,432,Good Condition
13186,3111,13378,577,228,Good Condition
13187,3111,13379,188,376,Good Condition
13188,3112,13380,108,229,Good Condition
13189,3113,13381,556,170,Good Condition
13190,3113,13382,25,227,Good Condition
13191,3113,13383,147,427,Good Condition
13192,3113,13384,115,448,Screen Damaged
13193,3114,13385,285,244,Good Condition
13194,3114,13386,251,254,Good Condition
13195,3114,13387,232,218,Good Condition
13196,3115,13388,103,22,Good Condition
13197,3115,13389,424,216,Good Condition
13198,3115,13390,597,78,Good Condition
13199,3115,13391,117,331,Good Condition
13200,3115,13392,444,282,Good Condition
13201,3115,13393,374,349,Good Condition
13202,3115,13394,202,26,Good Condition
13203,3115,13395,572,13,Good Condition
13204,3116,13396,159,167,Good Condition
13205,3116,13397,374,274,Good Condition
13206,3116,13398,146,466,Good Condition
13207,3116,13399,189,386,Good Condition
13208,3117,13400,519,475,Good Condition
13209,3117,13401,291,331,Good Condition
13210,3118,13402,151,14,Good Condition
13211,3118,13403,565,398,Good Condition
13212,3118,13404,8,366,Good Condition
13213,3118,13405,407,463,Good Condition
13214,3118,13406,201,261,Good Condition
13215,3118,13407,48,371,Good Condition
13216,3118,13408,179,182,Good Condition
13217,3118,13409,217,166,Good Condition
13218,3119,13410,308,64,Good Condition
13219,3119,13411,556,220,Good Condition
13220,3120,13412,515,366,Good Condition
13221,3120,13413,111,69,Good Condition
13222,3120,13414,541,152,Good Condition
13223,3120,13415,102,405,Good Condition
13224,3121,13416,194,347,Good Condition
13225,3121,13417,80,304,Good Condition
13226,3121,13418,251,172,Good Condition
13227,3121,13419,550,117,Good Condition
13228,3121,13420,287,372,Good Condition
13229,3122,13421,357,379,Good Condition
13230,3122,13422,170,20,Good Condition
13231,3123,13423,289,95,Service Accepted
13232,3123,13424,478,94,Service Accepted
13233,3123,13425,452,243,Service Accepted
13234,3123,13426,94,145,Service Accepted
13235,3124,13427,548,478,Good Condition
13236,3124,13428,449,108,Good Condition
13237,3124,13429,556,237,Good Condition
13238,3124,13430,399,179,Good Condition
13239,3125,13431,438,327,Good Condition
13240,3125,13432,460,392,Good Condition
13241,3125,13433,41,26,Good Condition
13242,3125,13434,79,267,Good Condition
13243,3126,13435,242,172,Good Condition
13244,3126,13436,446,369,Good Condition
13245,3127,13437,226,290,Good Condition
13246,3127,13438,345,104,Good Condition
13247,3127,13439,565,231,Good Condition
13248,3127,13440,128,187,Good Condition
13249,3127,13441,439,188,Good Condition
13250,3127,13442,127,280,Good Condition
13251,3127,13443,553,167,Good Condition
13252,3128,13444,450,169,Good Condition
13253,3128,13445,103,440,Good Condition
13254,3128,13446,330,135,Good Condition
13255,3128,13447,165,457,Good Condition
13256,3129,13448,599,236,Good Condition
13257,3129,13449,286,224,Good Condition
13258,3129,13450,39,99,Service Accepted
13259,3129,13451,466,418,Good Condition
13260,3130,13452,108,156,Good Condition
13261,3130,13453,222,348,Good Condition
13262,3130,13454,92,336,Good Condition
13263,3130,13455,308,428,Good Condition
13264,3130,13456,13,94,Good Condition
13265,3130,13457,486,322,Good Condition
13266,3130,13458,41,306,Minor Defect - Accepted
13267,3130,13459,558,146,Good Condition
13268,3130,13460,129,133,Good Condition
13269,3131,13461,568,206,Dead on Arrival (DOA)
13270,3132,13462,274,148,Service Accepted
13271,3133,13463,569,43,Good Condition
13272,3133,13464,330,206,Dead on Arrival (DOA)
13273,3133,13465,290,168,Good Condition
13274,3133,13466,240,276,Good Condition
13275,3134,13467,244,69,Good Condition
13276,3134,13468,598,50,Good Condition
13277,3134,13469,513,363,Good Condition
13278,3134,13470,129,470,Good Condition
13279,3134,13471,194,22,Good Condition
13280,3135,13472,160,299,Good Condition
13281,3135,13473,141,22,Good Condition
13282,3135,13474,556,398,Good Condition
13283,3135,13475,176,32,Good Condition
13284,3136,13476,89,496,Screen Damaged
13285,3136,13477,456,17,Rejected - Quality Failure
13286,3136,13478,462,363,Good Condition
13287,3136,13479,422,206,Good Condition
13288,3136,13480,290,421,Good Condition
13289,3137,13481,75,192,Good Condition
13290,3137,13482,481,316,Good Condition
13291,3137,13483,159,366,Good Condition
13292,3137,13484,359,436,Good Condition
13293,3137,13485,372,392,Good Condition
13294,3137,13486,505,55,Good Condition
13295,3138,13487,571,237,Dead on Arrival (DOA)
13296,3138,13488,314,86,Good Condition
13297,3138,13489,489,138,Packaging Damaged
13298,3138,13490,543,83,Good Condition
13299,3138,13491,41,401,Good Condition
13300,3138,13492,43,473,Good Condition
13301,3138,13493,119,464,Good Condition
13302,3138,13494,78,437,Good Condition
13303,3138,13495,438,488,Good Condition
13304,3139,13496,318,289,Good Condition
13305,3140,13497,41,177,Good Condition
13306,3140,13498,50,374,Good Condition
13307,3140,13499,335,63,Good Condition
13308,3140,13500,419,192,Good Condition
13309,3141,13501,532,328,Service Accepted
13310,3141,13502,453,260,Service Accepted
13311,3141,13503,531,252,Service Accepted
13312,3141,13504,347,298,Service Accepted
13313,3141,13505,326,429,Service Accepted
13314,3141,13506,190,170,Service Accepted
13315,3142,13507,189,431,Good Condition
13316,3142,13508,514,485,Good Condition
13317,3142,13509,167,408,Good Condition
13318,3142,13510,582,247,Good Condition
13319,3142,13511,490,136,Good Condition
13320,3142,13512,571,274,Good Condition
13321,3143,13513,50,349,Good Condition
13322,3143,13514,450,369,Good Condition
13323,3143,13515,541,172,Good Condition
13324,3143,13516,424,333,Good Condition
13325,3143,13517,80,201,Good Condition
13326,3144,13518,354,226,Good Condition
13327,3144,13519,50,39,Good Condition
13328,3144,13520,419,300,Good Condition
13329,3144,13521,306,364,Good Condition
13330,3144,13522,578,278,Good Condition
13331,3145,13523,210,59,Good Condition
13332,3145,13524,432,184,Dead on Arrival (DOA)
13333,3145,13525,126,79,Good Condition
13334,3145,13526,570,236,Good Condition
13335,3146,13527,314,51,Good Condition
13336,3146,13528,8,471,Packaging Damaged
13337,3147,13529,21,125,Good Condition
13338,3147,13530,483,317,Good Condition
13339,3147,13531,513,280,Good Condition
13340,3147,13532,49,279,Good Condition
13341,3147,13533,182,453,Good Condition
13342,3147,13534,560,333,Good Condition
13343,3148,13535,324,449,Good Condition
13344,3148,13536,311,425,Good Condition
13345,3148,13537,377,20,Good Condition
13346,3148,13538,318,253,Good Condition
13347,3148,13539,519,188,Good Condition
13348,3148,13540,432,197,Good Condition
13349,3149,13541,392,34,Good Condition
13350,3149,13542,69,352,Good Condition
13351,3150,13543,129,324,Good Condition
13352,3150,13544,558,80,Good Condition
13353,3150,13545,308,358,Good Condition
13354,3150,13546,486,93,Good Condition
13355,3150,13547,572,394,Good Condition
13356,3150,13548,450,322,Good Condition
13357,3150,13549,13,42,Good Condition
13358,3150,13550,92,402,Good Condition
13359,3151,13551,73,405,Good Condition
13360,3151,13552,505,79,Wrong Item Sent
13361,3151,13553,141,219,Good Condition
13362,3151,13554,481,410,Good Condition
13363,3152,13555,166,329,Good Condition
13364,3152,13556,334,465,Good Condition
13365,3152,13557,574,240,Good Condition
13366,3152,13558,291,359,Good Condition
13367,3152,13559,543,252,Good Condition
13368,3153,13560,97,45,Service Accepted
13369,3153,13561,281,447,Service Disputed
13370,3154,13562,151,400,Good Condition
13371,3154,13563,69,392,Good Condition
13372,3154,13564,370,129,Good Condition
13373,3155,13565,74,359,Good Condition
13374,3156,13566,558,83,Good Condition
13375,3156,13567,50,317,Good Condition
13376,3156,13568,300,67,Good Condition
13377,3156,13569,476,382,Good Condition
13378,3156,13570,543,134,Good Condition
13379,3157,13571,91,190,Good Condition
13380,3157,13572,497,260,Good Condition
13381,3157,13573,462,446,Good Condition
13382,3157,13574,570,155,Good Condition
13383,3158,13575,335,210,Good Condition
13384,3158,13576,588,302,Good Condition
13385,3158,13577,445,345,Good Condition
13386,3158,13578,123,488,Good Condition
13387,3159,13579,103,166,Good Condition
13388,3159,13580,374,169,Good Condition
13389,3159,13581,189,84,Good Condition
13390,3159,13582,159,177,Good Condition
13391,3160,13583,351,323,Service Accepted
13392,3160,13584,173,433,Service Accepted
13393,3160,13585,529,484,Service Accepted
13394,3160,13586,138,343,Good Condition
13395,3161,13587,151,301,Good Condition
13396,3161,13588,56,383,Packaging Damaged
13397,3161,13589,439,404,Good Condition
13398,3161,13590,318,186,Wrong Item Sent
13399,3161,13591,86,26,Good Condition
13400,3162,13592,378,281,Service Accepted
13401,3162,13593,136,472,Service Accepted
13402,3162,13594,361,149,Service Incomplete
13403,3162,13595,351,375,Service Accepted
13404,3162,13596,473,59,Service Accepted
13405,3162,13597,518,294,Service Accepted
13406,3162,13598,156,302,Service Accepted
13407,3163,13599,202,154,Good Condition
13408,3163,13600,366,323,Good Condition
13409,3163,13601,306,397,Good Condition
13410,3163,13602,316,65,Good Condition
13411,3163,13603,330,215,Dead on Arrival (DOA)
13412,3164,13604,194,288,Good Condition
13413,3164,13605,62,279,Good Condition
13414,3164,13606,26,87,Good Condition
13415,3164,13607,565,134,Good Condition
13416,3164,13608,160,393,Good Condition
13417,3165,13609,8,144,Wrong Item Sent
13418,3165,13610,79,376,Good Condition
13419,3165,13611,43,355,Screen Damaged
13420,3165,13612,41,302,Good Condition
13421,3165,13613,78,369,Good Condition
13422,3166,13614,15,193,Good Condition
13423,3166,13615,538,307,Good Condition
13424,3167,13616,68,269,Service Accepted
13425,3168,13617,43,288,Good Condition
13426,3168,13618,249,204,Good Condition
13427,3169,13619,89,301,Good Condition
13428,3169,13620,48,307,Good Condition
13429,3169,13621,491,225,Good Condition
13430,3170,13622,75,315,Good Condition
13431,3170,13623,372,49,Good Condition
13432,3170,13624,22,457,Good Condition
13433,3170,13625,110,133,Good Condition
13434,3170,13626,141,309,Good Condition
13435,3170,13627,359,328,Good Condition
13436,3170,13628,254,395,Good Condition
13437,3170,13629,505,260,Good Condition
13438,3171,13630,211,125,Screen Damaged
13439,3172,13631,433,161,Good Condition
13440,3172,13632,375,88,Good Condition
13441,3172,13633,188,275,Good Condition
13442,3173,13634,175,239,Good Condition
13443,3173,13635,255,40,Good Condition
13444,3173,13636,409,310,Good Condition
13445,3173,13637,210,62,Good Condition
13446,3174,13643,231,191,Service Accepted
13447,3174,13644,248,279,Service Accepted
13448,3174,13645,529,95,Service Accepted
13449,3175,13646,553,376,Good Condition
13450,3175,13647,192,492,Good Condition
13451,3175,13648,318,54,Good Condition
13452,3176,13649,103,338,Good Condition
13453,3177,13650,236,28,Good Condition
13454,3177,13651,508,492,Good Condition
13455,3178,13652,197,382,Good Condition
13456,3178,13653,146,325,Good Condition
13457,3178,13654,244,286,Good Condition
13458,3178,13655,117,256,Good Condition
13459,3178,13656,416,388,Good Condition
13460,3179,13657,306,340,Good Condition
13461,3179,13658,172,323,Good Condition
13462,3179,13659,597,383,Good Condition
13463,3180,13660,8,401,Good Condition
13464,3180,13661,330,160,Good Condition
13465,3180,13662,560,433,Good Condition
13466,3181,13663,25,361,Good Condition
13467,3181,13664,424,152,Good Condition
13468,3181,13665,396,234,Good Condition
13469,3182,13666,115,354,Good Condition
13470,3182,13667,488,400,Good Condition
13471,3183,13668,242,417,Good Condition
13472,3183,13669,185,57,Packaging Damaged
13473,3183,13670,497,232,Good Condition
13474,3183,13671,151,383,Good Condition
13475,3183,13672,198,274,Good Condition
13476,3183,13673,407,321,Good Condition
13477,3183,13674,244,397,Good Condition
13478,3184,13675,590,282,Good Condition
13479,3184,13676,341,81,Good Condition
13480,3184,13677,351,217,Service Accepted
13481,3184,13678,364,406,Service Disputed
13482,3184,13679,294,283,Service Accepted
13483,3185,13680,532,316,Service Accepted
13484,3185,13681,55,243,Service Accepted
13485,3185,13682,544,341,Good Condition
13486,3185,13683,531,422,Service Accepted
13487,3185,13684,61,183,Service Accepted
13488,3186,13685,74,277,Good Condition
13489,3187,13686,555,194,Service Accepted
13490,3187,13687,274,299,Service Accepted
13491,3187,13688,532,259,Service Accepted
13492,3188,13689,141,90,Good Condition
13493,3188,13690,556,110,Good Condition
13494,3188,13691,306,361,Good Condition
13495,3189,13692,45,46,Good Condition
13496,3189,13693,10,100,Good Condition
13497,3189,13694,9,232,Good Condition
13498,3190,13695,505,480,Good Condition
13499,3190,13696,521,166,Good Condition
13500,3190,13697,553,217,Good Condition
13501,3190,13698,192,21,Good Condition
13502,3191,13699,407,142,Good Condition
13503,3191,13700,300,301,Good Condition
13504,3191,13701,578,36,Good Condition
13505,3192,13702,434,125,Service Accepted
13506,3192,13703,114,395,Service Accepted
13507,3192,13704,313,265,Service Accepted
13508,3192,13705,414,178,Service Accepted
13509,3192,13706,487,282,Service Accepted
13510,3192,13707,163,459,Service Accepted
13511,3192,13708,46,392,Service Accepted
13512,3192,13709,540,454,Service Accepted
13513,3193,13710,295,33,Service Accepted
13514,3193,13711,573,145,Service Accepted
13515,3193,13712,487,195,Service Accepted
13516,3193,13713,575,147,Service Accepted
13517,3194,13714,587,60,Good Condition
13518,3194,13715,171,178,Service Accepted
13519,3194,13716,423,358,Service Accepted
13520,3194,13717,537,241,Service Accepted
13521,3194,13718,496,199,Good Condition
13522,3194,13719,333,332,Service Accepted
13523,3194,13720,163,223,Service Accepted
13524,3195,13721,377,429,Good Condition
13525,3196,13722,450,345,Good Condition
13526,3196,13723,41,112,Good Condition
13527,3196,13724,308,109,Good Condition
13528,3196,13725,572,272,Good Condition
13529,3196,13726,92,317,Good Condition
13530,3196,13727,13,376,Good Condition
13531,3197,13728,77,100,Good Condition
13532,3198,13729,332,469,Good Condition
13533,3198,13730,286,456,Good Condition
13534,3198,13731,39,39,Service Incomplete
13535,3198,13732,218,412,Good Condition
13536,3198,13733,466,310,Good Condition
13537,3199,13734,469,74,Good Condition
13538,3199,13735,48,119,Good Condition
13539,3199,13736,28,55,Good Condition
13540,3199,13737,471,60,Good Condition
13541,3199,13738,439,213,Good Condition
13542,3199,13739,251,400,Good Condition
13543,3200,13740,231,466,Service Accepted
13544,3200,13741,55,218,Service Accepted
13545,3200,13742,274,496,Service Disputed
13546,3200,13743,248,319,Service Accepted
13547,3201,13744,194,340,Good Condition
13548,3201,13745,62,498,Good Condition
13549,3201,13746,141,202,Screen Damaged
13550,3201,13747,160,44,Good Condition
13551,3201,13748,565,451,Good Condition
13552,3202,13749,286,340,Good Condition
13553,3202,13750,218,63,Good Condition
13554,3202,13751,332,477,Good Condition
13555,3202,13752,599,337,Good Condition
13556,3202,13753,466,257,Good Condition
13557,3203,13754,450,272,Good Condition
13558,3203,13755,283,248,Good Condition
13559,3203,13756,28,386,Good Condition
13560,3203,13757,598,121,Good Condition
13561,3203,13758,410,123,Good Condition
13562,3204,13759,265,344,Good Condition
13563,3204,13760,285,278,Good Condition
13564,3205,13761,131,431,Service Accepted
13565,3205,13762,451,106,Service Accepted
13566,3206,13763,471,339,Good Condition
13567,3206,13764,357,219,Good Condition
13568,3207,13765,565,443,Good Condition
13569,3207,13766,255,30,Good Condition
13570,3207,13767,202,70,Good Condition
13571,3207,13768,244,101,Good Condition
13572,3207,13769,582,432,Good Condition
13573,3208,13770,508,170,Good Condition
13574,3208,13771,433,308,Good Condition
13575,3208,13772,179,218,Good Condition
13576,3209,13773,377,430,Good Condition
13577,3209,13774,562,163,Good Condition
13578,3209,13775,87,156,Good Condition
13579,3209,13776,273,85,Good Condition
13580,3210,13777,56,329,Good Condition
13581,3210,13778,192,48,Good Condition
13582,3210,13779,600,314,Good Condition
13583,3210,13780,318,166,Good Condition
13584,3211,13781,567,351,Good Condition
13585,3211,13782,23,110,Dead on Arrival (DOA)
13586,3211,13783,109,315,Dead on Arrival (DOA)
13587,3211,13784,74,386,Good Condition
13588,3212,13785,123,260,Good Condition
13589,3212,13786,147,487,Good Condition
13590,3212,13787,175,256,Good Condition
13591,3212,13788,102,489,Good Condition
13592,3212,13789,481,298,Good Condition
13593,3212,13790,490,18,Good Condition
13594,3213,13791,556,449,Good Condition
13595,3213,13792,264,334,Good Condition
13596,3213,13793,308,368,Good Condition
13597,3213,13794,483,193,Good Condition
13598,3213,13795,392,452,Good Condition
13599,3213,13796,23,144,Good Condition
13600,3214,13797,290,71,Good Condition
13601,3214,13798,330,285,Good Condition
13602,3214,13799,455,261,Good Condition
13603,3214,13800,569,271,Good Condition
13604,3214,13801,103,161,Good Condition
13605,3215,13802,287,269,Good Condition
13606,3215,13803,366,393,Good Condition
13607,3215,13804,236,71,Good Condition
13608,3215,13805,445,199,Good Condition
13609,3215,13806,227,26,Good Condition
13610,3215,13807,456,125,Good Condition
13611,3216,13808,348,458,Service Accepted
13612,3216,13809,296,372,Service Accepted
13613,3216,13810,258,214,Service Accepted
13614,3217,13811,119,67,Good Condition
13615,3217,13812,421,59,Good Condition
13616,3217,13813,497,314,Dead on Arrival (DOA)
13617,3217,13814,113,167,Good Condition
13618,3217,13815,489,16,Good Condition
13619,3217,13816,196,99,Good Condition
13620,3218,13817,374,216,Good Condition
13621,3218,13818,260,364,Good Condition
13622,3218,13819,75,347,Good Condition
13623,3219,13820,33,458,Good Condition
13624,3219,13821,53,67,Good Condition
13625,3219,13822,368,416,Good Condition
13626,3220,13823,210,435,Good Condition
13627,3220,13824,165,134,Good Condition
13628,3220,13825,330,406,Good Condition
13629,3221,13826,23,430,Good Condition
13630,3221,13827,543,154,Good Condition
13631,3221,13828,217,132,Good Condition
13632,3221,13829,146,178,Good Condition
13633,3221,13830,530,204,Good Condition
13634,3222,13831,201,308,Good Condition
13635,3222,13832,578,423,Good Condition
13636,3222,13833,170,197,Good Condition
13637,3222,13834,42,427,Good Condition
13638,3222,13835,418,228,Good Condition
13639,3222,13836,23,247,Good Condition
13640,3222,13837,287,76,Good Condition
13641,3222,13838,222,341,Good Condition
13642,3222,13839,392,165,Good Condition
13643,3223,13840,543,474,Good Condition
13644,3223,13841,50,21,Good Condition
13645,3223,13842,568,365,Good Condition
13646,3223,13843,558,345,Good Condition
13647,3223,13844,300,310,Good Condition
13648,3224,13845,368,319,Good Condition
13649,3224,13846,510,438,Dead on Arrival (DOA)
13650,3224,13847,446,472,Packaging Damaged
13651,3224,13848,113,419,Good Condition
13652,3224,13849,119,339,Good Condition
13653,3224,13850,517,40,Dead on Arrival (DOA)
13654,3225,13851,469,120,Good Condition
13655,3225,13852,311,130,Good Condition
13656,3225,13853,324,331,Good Condition
13657,3225,13854,243,437,Good Condition
13658,3225,13855,179,481,Good Condition
13659,3225,13856,572,113,Good Condition
13660,3226,13857,192,456,Good Condition
13661,3227,13858,598,77,Good Condition
13662,3227,13859,583,72,Good Condition
13663,3227,13860,462,90,Good Condition
13664,3227,13861,41,331,Good Condition
13665,3227,13862,514,346,Good Condition
13666,3227,13863,317,337,Good Condition
13667,3227,13864,69,135,Good Condition
13668,3227,13865,577,367,Good Condition
13669,3227,13866,409,430,Good Condition
13670,3228,13867,78,408,Good Condition
13671,3228,13868,272,391,Good Condition
13672,3228,13869,426,183,Good Condition
13673,3229,13870,515,422,Good Condition
13674,3230,13871,465,25,Service Accepted
13675,3230,13872,52,203,Service Accepted
13676,3231,13873,405,128,Service Accepted
13677,3231,13874,94,453,Service Accepted
13678,3232,13875,48,454,Screen Damaged
13679,3233,13876,79,98,Good Condition
13680,3234,13877,192,217,Good Condition
13681,3234,13878,15,424,Good Condition
13682,3234,13879,444,315,Good Condition
13683,3235,13880,450,235,Good Condition
13684,3235,13881,70,90,Good Condition
13685,3235,13882,80,264,Good Condition
13686,3235,13883,424,352,Good Condition
13687,3236,13884,300,298,Good Condition
13688,3236,13885,543,470,Good Condition
13689,3237,13886,553,71,Good Condition
13690,3237,13887,505,18,Good Condition
13691,3237,13888,192,381,Good Condition
13692,3237,13889,521,284,Good Condition
13693,3238,13890,74,12,Good Condition
13694,3238,13891,321,168,Good Condition
13695,3238,13892,407,464,Packaging Damaged
13696,3239,13893,481,423,Good Condition
13697,3239,13894,47,399,Good Condition
13698,3239,13895,505,64,Good Condition
13699,3239,13896,321,289,Good Condition
13700,3239,13897,74,356,Good Condition
13701,3240,13898,117,198,Good Condition
13702,3240,13899,391,490,Good Condition
13703,3241,13900,48,53,Dead on Arrival (DOA)
13704,3241,13901,446,59,Good Condition
13705,3241,13902,410,321,Dead on Arrival (DOA)
13706,3241,13903,185,105,Good Condition
13707,3241,13904,305,375,Good Condition
13708,3241,13905,488,14,Good Condition
13709,3241,13906,400,252,Good Condition
13710,3242,13907,482,259,Service Accepted
13711,3242,13908,199,155,Service Accepted
13712,3242,13909,281,65,Service Accepted
13713,3243,13910,89,433,Dead on Arrival (DOA)
13714,3243,13911,15,369,Good Condition
13715,3243,13912,359,61,Good Condition
13716,3243,13913,23,91,Good Condition
13717,3243,13914,43,402,Good Condition
13718,3243,13915,370,48,Good Condition
13719,3243,13916,510,49,Good Condition
13720,3243,13917,192,143,Good Condition
13721,3243,13918,455,292,Good Condition
13722,3243,13919,82,218,Good Condition
13723,3244,13920,91,372,Good Condition
13724,3245,13921,57,396,Good Condition
13725,3245,13922,13,218,Good Condition
13726,3245,13923,192,373,Good Condition
13727,3245,13924,240,25,Good Condition
13728,3245,13925,311,360,Good Condition
13729,3245,13926,38,102,Dead on Arrival (DOA)
13730,3245,13927,197,277,Good Condition
13731,3246,13928,44,400,Good Condition
13732,3246,13929,61,289,Service Accepted
13733,3246,13930,532,286,Service Accepted
13734,3246,13931,475,297,Service Accepted
13735,3247,13932,597,34,Good Condition
13736,3248,13933,577,204,Good Condition
13737,3248,13934,15,243,Good Condition
13738,3249,13935,406,247,Good Condition
13739,3249,13936,432,340,Good Condition
13740,3249,13937,192,127,Good Condition
13741,3249,13938,493,192,Good Condition
13742,3249,13939,449,214,Good Condition
13743,3249,13940,547,325,Good Condition
13744,3249,13941,419,244,Good Condition
13745,3250,13942,406,66,Good Condition
13746,3250,13943,202,58,Good Condition
13747,3250,13944,319,33,Good Condition
13748,3250,13945,265,482,Good Condition
13749,3250,13946,243,140,Good Condition
13750,3250,13947,285,262,Good Condition
13751,3251,13948,23,392,Good Condition
13752,3251,13949,553,173,Good Condition
13753,3251,13950,243,347,Good Condition
13754,3251,13951,406,374,Good Condition
13755,3252,13952,354,32,Good Condition
13756,3252,13953,251,211,Good Condition
13757,3252,13954,577,242,Good Condition
13758,3252,13955,125,317,Good Condition
13759,3252,13956,567,340,Good Condition
13760,3253,13957,73,37,Good Condition
13761,3254,13958,111,188,Good Condition
13762,3254,13959,574,86,Good Condition
13763,3254,13960,42,489,Good Condition
13764,3254,13961,578,426,Good Condition
13765,3254,13962,287,184,Good Condition
13766,3254,13963,418,175,Good Condition
13767,3254,13964,236,345,Good Condition
13768,3255,13965,37,413,Service Accepted
13769,3256,13966,62,57,Good Condition
13770,3256,13967,508,460,Good Condition
13771,3256,13968,129,489,Good Condition
13772,3257,13969,50,113,Good Condition
13773,3258,13970,287,134,Good Condition
13774,3258,13971,582,178,Good Condition
13775,3258,13972,48,406,Good Condition
13776,3258,13973,306,427,Good Condition
13777,3258,13974,102,283,Good Condition
13778,3259,13975,196,123,Good Condition
13779,3259,13976,489,49,Good Condition
13780,3259,13977,23,392,Good Condition
13781,3259,13978,588,323,Good Condition
13782,3259,13979,372,218,Good Condition
13783,3259,13980,53,212,Good Condition
13784,3260,13981,25,499,Good Condition
13785,3260,13982,392,371,Good Condition
13786,3260,13983,117,114,Wrong Item Sent
13787,3261,13984,153,493,Good Condition
13788,3261,13985,392,246,Good Condition
13789,3261,13986,215,111,Good Condition
13790,3261,13987,197,39,Good Condition
13791,3262,13988,368,360,Good Condition
13792,3262,13989,396,169,Good Condition
13793,3263,13990,360,296,Good Condition
13794,3263,13991,182,83,Packaging Damaged
13795,3263,13992,483,295,Good Condition
13796,3263,13993,237,126,Good Condition
13797,3263,13994,560,369,Good Condition
13798,3263,13995,301,408,Packaging Damaged
13799,3263,13996,493,31,Good Condition
13800,3264,14006,498,351,Service Accepted
13801,3264,14007,451,41,Service Accepted
13802,3264,14008,367,69,Service Accepted
13803,3264,14009,200,14,Service Accepted
13804,3264,14010,131,281,Service Accepted
13805,3265,14011,407,52,Good Condition
13806,3266,14012,558,268,Good Condition
13807,3266,14013,175,65,Screen Damaged
13808,3266,14014,357,420,Good Condition
13809,3266,14015,54,401,Good Condition
13810,3267,14016,41,449,Good Condition
13811,3267,14017,550,498,Good Condition
13812,3267,14018,264,274,Good Condition
13813,3267,14019,317,89,Good Condition
13814,3267,14020,577,286,Good Condition
13815,3267,14021,111,143,Good Condition
13816,3267,14022,514,319,Good Condition
13817,3267,14023,583,254,Good Condition
13818,3268,14024,36,344,Service Accepted
13819,3268,14025,35,74,Service Accepted
13820,3268,14026,294,260,Service Accepted
13821,3268,14027,502,402,Service Accepted
13822,3268,14028,200,126,Service Accepted
13823,3268,14029,139,267,Service Accepted
13824,3268,14030,559,174,Service Accepted
13825,3269,14031,205,196,Good Condition
13826,3269,14032,600,432,Good Condition
13827,3269,14033,582,232,Good Condition
13828,3269,14034,102,197,Good Condition
13829,3269,14035,441,213,Good Condition
13830,3269,14036,374,43,Good Condition
13831,3269,14037,469,152,Good Condition
13832,3270,14038,486,311,Good Condition
13833,3270,14039,179,58,Dead on Arrival (DOA)
13834,3270,14040,260,337,Good Condition
13835,3270,14041,71,412,Good Condition
13836,3271,14042,126,339,Good Condition
13837,3271,14043,570,317,Good Condition
13838,3271,14044,432,190,Good Condition
13839,3272,14045,283,235,Good Condition
13840,3272,14046,13,476,Good Condition
13841,3272,14047,176,215,Good Condition
13842,3272,14048,179,272,Screen Damaged
13843,3272,14049,170,463,Good Condition
13844,3272,14050,316,474,Good Condition
13845,3272,14051,28,129,Good Condition
13846,3272,14052,541,89,Good Condition
13847,3273,14053,332,118,Good Condition
13848,3273,14054,599,284,Good Condition
13849,3273,14055,39,323,Service Accepted
13850,3274,14056,36,230,Service Accepted
13851,3274,14057,148,16,Service Accepted
13852,3274,14058,559,34,Service Incomplete
13853,3275,14059,217,464,Good Condition
13854,3275,14060,306,373,Good Condition
13855,3275,14061,264,474,Good Condition
13856,3275,14062,582,71,Good Condition
13857,3275,14063,82,415,Good Condition
13858,3275,14064,519,444,Good Condition
13859,3275,14065,134,481,Good Condition
13860,3276,14066,361,404,Service Accepted
13861,3276,14067,248,386,Service Accepted
13862,3276,14068,148,232,Service Accepted
13863,3276,14069,37,483,Service Accepted
13864,3276,14070,378,329,Service Accepted
13865,3276,14071,289,300,Service Accepted
13866,3276,14072,68,408,Service Accepted
13867,3277,14073,391,288,Wrong Item Sent
13868,3277,14074,395,317,Good Condition
13869,3277,14075,476,80,Good Condition
13870,3277,14076,340,144,Good Condition
13871,3277,14077,426,375,Good Condition
13872,3278,14078,202,18,Good Condition
13873,3278,14079,480,103,Rejected - Quality Failure
13874,3278,14080,462,393,Rejected - Quality Failure
13875,3278,14081,391,276,Rejected - Quality Failure
13876,3278,14082,393,245,Good Condition
13877,3278,14083,262,236,Good Condition
13878,3278,14084,558,369,Good Condition
13879,3279,14085,410,215,Good Condition
13880,3279,14086,126,460,Good Condition
13881,3280,14087,317,210,Good Condition
13882,3280,14088,275,433,Good Condition
13883,3280,14089,572,111,Good Condition
13884,3280,14090,424,54,Good Condition
13885,3280,14091,444,318,Good Condition
13886,3280,14092,103,151,Good Condition
13887,3280,14093,117,52,Good Condition
13888,3281,14094,345,263,Good Condition
13889,3281,14095,483,324,Good Condition
13890,3281,14096,571,393,Screen Damaged
13891,3281,14097,424,341,Good Condition
13892,3281,14098,189,67,Good Condition
13893,3281,14099,372,19,Packaging Damaged
13894,3281,14100,167,307,Good Condition
13895,3281,14101,514,165,Good Condition
13896,3282,14102,259,74,Good Condition
13897,3282,14103,264,227,Good Condition
13898,3282,14104,306,435,Good Condition
13899,3282,14105,551,465,Good Condition
13900,3283,14106,540,117,Service Accepted
13901,3284,14107,391,14,Good Condition
13902,3284,14108,165,147,Good Condition
13903,3284,14109,175,192,Good Condition
13904,3284,14110,597,404,Good Condition
13905,3284,14111,141,70,Good Condition
13906,3285,14112,513,166,Good Condition
13907,3285,14113,23,271,Dead on Arrival (DOA)
13908,3285,14114,293,394,Good Condition
13909,3285,14115,318,303,Good Condition
13910,3286,14116,300,204,Good Condition
13911,3286,14117,50,274,Good Condition
13912,3286,14118,558,260,Good Condition
13913,3286,14119,568,52,Good Condition
13914,3287,14120,578,223,Good Condition
13915,3287,14121,301,398,Good Condition
13916,3287,14122,54,470,Good Condition
13917,3287,14123,84,295,Good Condition
13918,3288,14124,245,241,Good Condition
13919,3288,14125,7,183,Good Condition
13920,3288,14126,470,78,Good Condition
13921,3288,14127,500,332,Good Condition
13922,3288,14128,120,152,Good Condition
13923,3288,14129,274,78,Service Accepted
13924,3288,14130,315,179,Good Condition
13925,3289,14131,423,348,Service Incomplete
13926,3289,14132,281,418,Service Accepted
13927,3289,14133,183,215,Service Accepted
13928,3290,14134,478,440,Service Accepted
13929,3290,14135,68,277,Service Accepted
13930,3290,14136,289,471,Service Accepted
13931,3290,14137,361,53,Service Accepted
13932,3290,14138,199,463,Service Accepted
13933,3290,14139,430,50,Service Accepted
13934,3290,14140,452,276,Service Accepted
13935,3291,14149,150,361,Good Condition
13936,3291,14150,89,251,Good Condition
13937,3291,14151,167,294,Good Condition
13938,3291,14152,528,369,Good Condition
13939,3291,14153,160,112,Good Condition
13940,3291,14154,574,362,Good Condition
13941,3292,14155,238,155,Good Condition
13942,3292,14156,259,432,Good Condition
13943,3292,14157,102,128,Good Condition
13944,3293,14158,165,466,Good Condition
13945,3293,14159,319,300,Good Condition
13946,3293,14160,538,381,Good Condition
13947,3293,14161,301,404,Good Condition
13948,3293,14162,293,386,Good Condition
13949,3293,14163,15,93,Good Condition
13950,3294,14164,314,54,Good Condition
13951,3294,14165,48,338,Good Condition
13952,3294,14166,324,265,Good Condition
13953,3294,14167,330,11,Good Condition
13954,3294,14168,596,87,Good Condition
13955,3294,14169,179,308,Good Condition
13956,3294,14170,70,148,Good Condition
13957,3295,14175,291,250,Good Condition
13958,3295,14176,293,145,Good Condition
13959,3295,14177,141,322,Good Condition
13960,3295,14178,391,380,Good Condition
13961,3295,14179,165,369,Good Condition
13962,3296,14180,187,38,Good Condition
13963,3296,14181,122,43,Good Condition
13964,3296,14182,111,120,Good Condition
13965,3296,14183,102,174,Good Condition
13966,3296,14184,541,290,Rejected - Quality Failure
13967,3296,14185,515,152,Rejected - Quality Failure
13968,3296,14186,471,303,Good Condition
13969,3297,14187,370,49,Good Condition
13970,3297,14188,538,69,Good Condition
13971,3298,14189,300,163,Good Condition
13972,3298,14190,568,204,Good Condition
13973,3298,14191,476,150,Good Condition
13974,3299,14192,432,106,Screen Damaged
13975,3300,14193,146,368,Good Condition
13976,3300,14194,480,283,Good Condition
13977,3300,14195,543,56,Good Condition
13978,3300,14196,490,417,Good Condition
13979,3300,14197,318,42,Good Condition
13980,3301,14198,37,69,Service Accepted
13981,3301,14199,430,250,Service Accepted
13982,3301,14200,540,418,Service Accepted
13983,3301,14201,289,350,Service Accepted
13984,3301,14202,361,478,Service Accepted
13985,3301,14203,148,210,Service Accepted
13986,3302,14204,153,288,Good Condition
13987,3302,14205,54,371,Good Condition
13988,3302,14206,455,464,Good Condition
13989,3302,14207,562,365,Good Condition
13990,3303,14208,134,231,Good Condition
13991,3303,14209,259,219,Good Condition
13992,3303,14210,471,265,Good Condition
13993,3303,14211,444,295,Good Condition
13994,3304,14214,578,89,Good Condition
13995,3304,14215,50,249,Good Condition
13996,3304,14216,354,305,Good Condition
13997,3304,14217,579,248,Good Condition
13998,3304,14218,419,308,Good Condition
13999,3304,14219,335,209,Dead on Arrival (DOA)
14000,3304,14220,306,248,Good Condition
14001,3305,14221,574,272,Good Condition
14002,3305,14222,126,424,Good Condition
14003,3305,14223,366,23,Good Condition
14004,3305,14224,580,394,Good Condition
14005,3305,14225,314,341,Good Condition
14006,3305,14226,172,142,Wrong Item Sent
14007,3306,14227,452,439,Service Accepted
14008,3306,14228,142,254,Service Accepted
14009,3306,14229,35,118,Service Accepted
14010,3307,14230,293,177,Good Condition
14011,3308,14231,248,444,Service Accepted
14012,3308,14232,85,209,Service Accepted
14013,3309,14233,258,98,Service Accepted
14014,3309,14234,475,100,Service Accepted
14015,3309,14235,173,244,Service Disputed
14016,3309,14236,95,283,Service Accepted
14017,3309,14237,452,373,Service Accepted
14018,3310,14238,558,412,Good Condition
14019,3310,14239,319,273,Good Condition
14020,3310,14240,541,255,Good Condition
14021,3310,14241,357,152,Good Condition
14022,3311,14242,505,376,Good Condition
14023,3311,14243,192,39,Good Condition
14024,3312,14244,366,299,Good Condition
14025,3312,14245,509,179,Good Condition
14026,3312,14246,60,118,Packaging Damaged
14027,3313,14247,556,185,Good Condition
14028,3314,14248,441,94,Good Condition
14029,3314,14249,570,78,Good Condition
14030,3314,14250,324,181,Good Condition
14031,3314,14251,23,218,Good Condition
14032,3314,14252,442,113,Good Condition
14033,3314,14253,28,118,Good Condition
14034,3314,14254,471,316,Good Condition
14035,3315,14255,531,374,Service Accepted
14036,3315,14256,415,302,Service Accepted
14037,3315,14257,532,423,Service Accepted
14038,3315,14258,36,267,Service Accepted
14039,3315,14259,487,33,Service Accepted
14040,3315,14260,545,483,Service Accepted
14041,3315,14261,453,30,Service Accepted
14042,3315,14262,414,158,Service Accepted
14043,3316,14263,123,326,Good Condition
14044,3316,14264,374,14,Good Condition
14045,3316,14265,159,48,Dead on Arrival (DOA)
14046,3317,14266,56,230,Good Condition
14047,3317,14267,600,495,Good Condition
14048,3317,14268,424,495,Dead on Arrival (DOA)
14049,3317,14269,374,32,Good Condition
14050,3317,14270,86,306,Wrong Item Sent
14051,3318,14271,359,347,Good Condition
14052,3318,14272,249,110,Good Condition
14053,3318,14273,43,131,Good Condition
14054,3319,14274,304,442,Rejected - Quality Failure
14055,3319,14275,60,110,Good Condition
14056,3320,14276,308,378,Good Condition
14057,3320,14277,306,235,Good Condition
14058,3320,14278,406,383,Good Condition
14059,3320,14279,176,347,Good Condition
14060,3321,14280,433,487,Good Condition
14061,3322,14281,481,114,Good Condition
14062,3322,14282,597,203,Good Condition
14063,3322,14283,319,478,Dead on Arrival (DOA)
14064,3322,14284,62,286,Good Condition
14065,3322,14285,317,153,Good Condition
14066,3323,14286,201,285,Good Condition
14067,3323,14287,159,154,Good Condition
14068,3323,14288,77,340,Good Condition
14069,3323,14289,357,180,Good Condition
14070,3323,14290,579,408,Good Condition
14071,3323,14291,489,285,Wrong Item Sent
14072,3323,14292,409,146,Good Condition
14073,3324,14293,483,391,Good Condition
14074,3324,14294,460,398,Good Condition
14075,3324,14295,493,203,Good Condition
14076,3324,14296,62,83,Good Condition
14077,3324,14297,396,467,Good Condition
14078,3324,14298,524,45,Good Condition
14079,3324,14299,70,49,Good Condition
14080,3325,14300,560,75,Good Condition
14081,3325,14301,205,291,Wrong Item Sent
14082,3325,14302,542,405,Good Condition
14083,3325,14303,577,185,Good Condition
14084,3326,14304,558,345,Good Condition
14085,3326,14305,393,191,Good Condition
14086,3326,14306,480,90,Good Condition
14087,3326,14307,391,428,Rejected - Quality Failure
14088,3327,14308,28,166,Good Condition
14089,3327,14309,127,82,Good Condition
14090,3327,14310,396,418,Good Condition
14091,3328,14311,43,305,Good Condition
14092,3328,14312,359,337,Good Condition
14093,3328,14313,249,149,Good Condition
14094,3329,14314,450,406,Good Condition
14095,3329,14315,113,275,Rejected - Quality Failure
14096,3329,14316,535,49,Rejected - Quality Failure
14097,3329,14317,360,373,Good Condition
14098,3329,14318,469,395,Good Condition
14099,3329,14319,12,210,Good Condition
14100,3329,14320,480,24,Good Condition
14101,3329,14321,159,12,Rejected - Quality Failure
14102,3330,14322,318,395,Good Condition
14103,3330,14323,311,265,Good Condition
14104,3330,14324,324,351,Good Condition
14105,3330,14325,566,110,Good Condition
14106,3330,14326,432,180,Good Condition
14107,3331,14327,565,349,Good Condition
14108,3331,14328,238,402,Good Condition
14109,3331,14329,13,443,Good Condition
14110,3331,14330,211,460,Good Condition
14111,3331,14331,259,189,Good Condition
14112,3331,14332,102,37,Good Condition
14113,3332,14333,205,29,Good Condition
14114,3332,14334,512,473,Good Condition
14115,3332,14335,493,148,Good Condition
14116,3332,14336,486,91,Good Condition
14117,3332,14337,147,106,Good Condition
14118,3332,14338,82,150,Good Condition
14119,3332,14339,127,11,Good Condition
14120,3332,14340,41,156,Good Condition
14121,3332,14341,582,241,Good Condition
14122,3333,14342,4,133,Good Condition
14123,3333,14343,541,145,Good Condition
14124,3333,14344,179,204,Good Condition
14125,3333,14345,176,476,Good Condition
14126,3334,14346,81,94,Minor Defect - Accepted
14127,3334,14347,489,185,Good Condition
14128,3334,14348,413,168,Good Condition
14129,3334,14349,354,400,Good Condition
14130,3334,14350,42,77,Good Condition
14131,3334,14351,562,259,Good Condition
14132,3334,14352,418,136,Good Condition
14133,3334,14353,13,497,Good Condition
14134,3335,14354,142,112,Service Accepted
14135,3335,14355,361,366,Service Disputed
14136,3335,14356,281,30,Service Accepted
14137,3335,14357,148,453,Service Accepted
14138,3335,14358,482,360,Service Accepted
14139,3335,14359,452,496,Service Accepted
14140,3336,14360,285,236,Good Condition
14141,3336,14361,23,74,Good Condition
14142,3337,14362,359,89,Good Condition
14143,3337,14363,251,285,Good Condition
14144,3337,14364,108,356,Good Condition
14145,3337,14365,499,248,Good Condition
14146,3338,14366,123,133,Good Condition
14147,3339,14367,502,268,Service Accepted
14148,3339,14368,36,473,Service Accepted
14149,3339,14369,294,348,Service Accepted
14150,3339,14370,200,170,Service Accepted
14151,3339,14371,465,101,Service Accepted
14152,3340,14372,202,20,Good Condition
14153,3340,14373,244,353,Good Condition
14154,3340,14374,197,223,Good Condition
14155,3340,14375,117,59,Good Condition
14156,3341,14376,424,273,Good Condition
14157,3341,14377,550,351,Good Condition
14158,3341,14378,509,140,Good Condition
14159,3341,14379,567,461,Good Condition
14160,3341,14380,251,93,Good Condition
14161,3341,14381,577,134,Good Condition
14162,3341,14382,375,17,Good Condition
14163,3341,14383,510,264,Good Condition
14164,3342,14384,165,23,Rejected - Quality Failure
14165,3343,14385,131,243,Service Accepted
14166,3344,14386,226,132,Good Condition
14167,3344,14387,249,227,Good Condition
14168,3344,14388,370,227,Good Condition
14169,3344,14389,304,238,Good Condition
14170,3344,14390,255,79,Good Condition
14171,3344,14391,413,158,Good Condition
14172,3344,14392,232,122,Good Condition
14173,3345,14393,456,266,Good Condition
14174,3345,14394,272,299,Good Condition
14175,3345,14395,170,361,Good Condition
14176,3345,14396,240,312,Good Condition
14177,3345,14397,600,183,Good Condition
14178,3346,14398,444,346,Good Condition
14179,3346,14399,491,72,Good Condition
14180,3346,14400,439,131,Good Condition
14181,3346,14401,493,77,Good Condition
14182,3346,14402,287,454,Good Condition
14183,3346,14403,550,102,Good Condition
14184,3347,14404,296,38,Service Accepted
14185,3347,14405,475,88,Service Accepted
14186,3347,14406,258,294,Service Accepted
14187,3347,14407,430,71,Service Accepted
14188,3348,14408,321,356,Good Condition
14189,3348,14409,372,360,Good Condition
14190,3348,14410,481,83,Good Condition
14191,3348,14411,91,482,Good Condition
14192,3349,14412,153,285,Good Condition
14193,3349,14413,215,165,Good Condition
14194,3349,14414,285,110,Good Condition
14195,3349,14415,306,215,Good Condition
14196,3349,14416,23,66,Good Condition
14197,3350,14417,103,158,Good Condition
14198,3350,14418,110,45,Good Condition
14199,3350,14419,242,290,Good Condition
14200,3351,14420,200,337,Service Accepted
14201,3351,14421,131,280,Service Accepted
14202,3351,14422,498,111,Service Accepted
14203,3351,14423,367,447,Service Accepted
14204,3352,14424,543,463,Good Condition
14205,3353,14425,567,370,Good Condition
14206,3353,14426,395,128,Good Condition
14207,3353,14427,553,492,Packaging Damaged
14208,3353,14428,109,222,Good Condition
14209,3353,14429,77,126,Screen Damaged
14210,3354,14430,141,22,Good Condition
14211,3354,14431,62,399,Good Condition
14212,3354,14432,565,178,Good Condition
14213,3355,14433,205,462,Good Condition
14214,3356,14434,556,410,Good Condition
14215,3356,14435,433,418,Good Condition
14216,3356,14436,392,391,Good Condition
14217,3357,14437,170,164,Good Condition
14218,3357,14438,568,180,Good Condition
14219,3358,14439,215,438,Good Condition
14220,3358,14440,92,61,Minor Defect - Accepted
14221,3358,14441,283,287,Good Condition
14222,3358,14442,422,401,Good Condition
14223,3358,14443,370,369,Good Condition
14224,3358,14444,456,322,Good Condition
14225,3358,14445,287,155,Good Condition
14226,3359,14446,597,359,Good Condition
14227,3359,14447,370,99,Good Condition
14228,3359,14448,306,425,Good Condition
14229,3360,14449,538,252,Good Condition
14230,3360,14450,316,74,Good Condition
14231,3360,14451,354,378,Good Condition
14232,3360,14452,424,487,Good Condition
14233,3361,14453,86,89,Good Condition
14234,3361,14454,318,109,Good Condition
14235,3361,14455,56,494,Good Condition
14236,3361,14456,374,297,Good Condition
14237,3362,14457,577,246,Good Condition
14238,3363,14458,439,467,Good Condition
14239,3363,14459,357,128,Good Condition
14240,3363,14460,226,36,Good Condition
14241,3363,14461,345,279,Good Condition
14242,3364,14462,129,313,Good Condition
14243,3364,14463,416,183,Good Condition
14244,3365,14464,508,224,Good Condition
14245,3365,14465,211,284,Good Condition
14246,3365,14466,494,214,Good Condition
14247,3365,14467,59,225,Good Condition
14248,3365,14468,439,222,Good Condition
14249,3365,14469,524,169,Good Condition
14250,3366,14470,481,159,Good Condition
14251,3366,14471,210,426,Good Condition
14252,3367,14472,372,10,Good Condition
14253,3367,14473,359,499,Good Condition
14254,3367,14474,505,149,Good Condition
14255,3367,14475,110,59,Good Condition
14256,3367,14476,73,253,Good Condition
14257,3368,14477,560,286,Good Condition
14258,3368,14478,188,441,Packaging Damaged
14259,3368,14479,568,202,Good Condition
14260,3368,14480,84,302,Good Condition
14261,3368,14481,596,109,Good Condition
14262,3368,14482,577,338,Good Condition
14263,3369,14483,451,104,Service Accepted
14264,3369,14484,131,437,Service Accepted
14265,3369,14485,200,165,Service Accepted
14266,3369,14486,498,471,Service Accepted
14267,3370,14487,13,322,Good Condition
14268,3370,14488,197,122,Good Condition
14269,3370,14489,57,337,Good Condition
14270,3370,14490,583,192,Good Condition
14271,3370,14491,178,305,Good Condition
14272,3370,14492,38,420,Good Condition
14273,3371,14493,172,282,Good Condition
14274,3371,14494,29,304,Good Condition
14275,3371,14495,580,16,Good Condition
14276,3371,14496,330,54,Good Condition
14277,3372,14497,147,29,Good Condition
14278,3372,14498,497,297,Good Condition
14279,3372,14499,25,408,Good Condition
14280,3372,14500,556,456,Good Condition
14281,3373,14501,120,233,Good Condition
14282,3373,14502,387,205,Service Accepted
14283,3374,14503,49,351,Good Condition
14284,3374,14504,386,97,Good Condition
14285,3374,14505,349,235,Good Condition
14286,3374,14506,123,16,Good Condition
14287,3374,14507,126,265,Good Condition
14288,3374,14508,103,49,Good Condition
14289,3375,14509,187,52,Good Condition
14290,3375,14510,574,441,Good Condition
14291,3375,14511,179,82,Good Condition
14292,3375,14512,84,441,Good Condition
14293,3375,14513,570,21,Good Condition
14294,3375,14514,160,200,Good Condition
14295,3376,14515,175,113,Good Condition
14296,3376,14516,565,216,Good Condition
14297,3376,14517,556,388,Dead on Arrival (DOA)
14298,3376,14518,357,430,Good Condition
14299,3377,14519,583,367,Good Condition
14300,3377,14520,84,18,Good Condition
14301,3377,14521,79,450,Good Condition
14302,3377,14522,12,67,Good Condition
14303,3377,14523,368,276,Good Condition
14304,3377,14524,203,153,Good Condition
14305,3377,14525,359,60,Good Condition
14306,3378,14526,127,173,Good Condition
14307,3378,14527,170,288,Good Condition
14308,3378,14528,206,326,Dead on Arrival (DOA)
14309,3378,14529,553,393,Good Condition
14310,3378,14530,201,171,Good Condition
14311,3378,14531,232,32,Good Condition
14312,3379,14532,345,369,Good Condition
14313,3379,14533,553,235,Good Condition
14314,3380,14534,196,72,Good Condition
14315,3380,14535,159,117,Good Condition
14316,3380,14536,187,198,Packaging Damaged
14317,3380,14537,227,151,Good Condition
14318,3380,14538,436,229,Good Condition
14319,3380,14539,25,401,Good Condition
14320,3380,14540,542,13,Good Condition
14321,3381,14541,486,69,Good Condition
14322,3381,14542,519,418,Good Condition
14323,3381,14543,345,321,Good Condition
14324,3381,14544,524,470,Screen Damaged
14325,3381,14545,543,496,Good Condition
14326,3381,14546,50,313,Good Condition
14327,3381,14547,372,299,Good Condition
14328,3381,14548,569,106,Minor Defect - Accepted
14329,3382,14549,192,344,Good Condition
14330,3382,14550,505,469,Good Condition
14331,3382,14551,318,164,Good Condition
14332,3382,14552,553,92,Good Condition
14333,3383,14553,529,105,Service Accepted
14334,3383,14554,173,19,Service Accepted
14335,3383,14555,364,57,Service Accepted
14336,3383,14556,437,348,Service Accepted
14337,3383,14557,132,494,Service Accepted
14338,3383,14558,561,402,Service Accepted
14339,3383,14559,459,369,Good Condition
14340,3384,14560,444,43,Good Condition
14341,3384,14561,175,58,Good Condition
14342,3385,14562,125,123,Good Condition
14343,3386,14563,306,164,Good Condition
14344,3386,14564,172,449,Good Condition
14345,3386,14565,597,64,Good Condition
14346,3387,14566,367,328,Service Accepted
14347,3387,14567,451,275,Service Accepted
14348,3387,14568,200,111,Service Accepted
14349,3387,14569,131,176,Service Accepted
14350,3388,14570,319,306,Good Condition
14351,3388,14571,580,62,Good Condition
14352,3388,14572,570,157,Good Condition
14353,3388,14573,426,461,Dead on Arrival (DOA)
14354,3388,14574,578,212,Good Condition
14355,3388,14575,330,500,Good Condition
14356,3388,14576,519,138,Good Condition
14357,3389,14577,419,392,Good Condition
14358,3389,14578,210,87,Good Condition
14359,3389,14579,494,399,Good Condition
14360,3390,14580,505,306,Good Condition
14361,3390,14581,318,381,Good Condition
14362,3390,14582,521,259,Good Condition
14363,3390,14583,553,332,Good Condition
14364,3390,14584,192,356,Good Condition
14365,3391,14585,43,59,Dead on Arrival (DOA)
14366,3392,14586,392,65,Good Condition
14367,3392,14587,319,491,Good Condition
14368,3392,14588,481,14,Good Condition
14369,3392,14589,317,336,Good Condition
14370,3392,14590,287,146,Good Condition
14371,3392,14591,111,213,Good Condition
14372,3393,14592,423,327,Service Accepted
14373,3393,14593,405,181,Service Accepted
14374,3393,14594,281,95,Service Accepted
14375,3393,14595,430,329,Service Accepted
14376,3394,14596,153,35,Good Condition
14377,3394,14597,425,80,Good Condition
14378,3395,14598,43,386,Good Condition
14379,3396,14599,158,474,Good Condition
14380,3396,14600,456,147,Good Condition
14381,3396,14601,235,218,Good Condition
14382,3397,14602,357,287,Good Condition
14383,3397,14603,287,419,Good Condition
14384,3397,14604,240,191,Good Condition
14385,3397,14605,450,136,Good Condition
14386,3398,14606,241,436,Service Accepted
14387,3398,14607,199,415,Service Accepted
14388,3398,14608,289,400,Service Accepted
14389,3398,14609,498,168,Service Accepted
14390,3398,14610,220,297,Service Accepted
14391,3399,14611,243,350,Good Condition
14392,3399,14612,301,33,Good Condition
14393,3400,14613,433,426,Good Condition
14394,3401,14614,422,32,Good Condition
14395,3401,14615,56,189,Good Condition
14396,3401,14616,370,227,Good Condition
14397,3401,14617,456,424,Good Condition
14398,3402,14618,556,271,Good Condition
14399,3402,14619,392,61,Good Condition
14400,3402,14620,308,498,Good Condition
14401,3402,14621,23,437,Dead on Arrival (DOA)
14402,3402,14622,264,83,Good Condition
14403,3402,14623,483,174,Good Condition
14404,3402,14624,300,225,Good Condition
14405,3403,14625,501,41,Service Accepted
14406,3403,14626,1,150,Good Condition
14407,3404,14627,562,181,Good Condition
14408,3404,14628,87,302,Good Condition
14409,3404,14629,446,49,Good Condition
14410,3404,14630,227,330,Good Condition
14411,3404,14631,377,226,Good Condition
14412,3405,14632,561,466,Service Accepted
14413,3405,14633,563,426,Good Condition
14414,3406,14634,66,36,Good Condition
14415,3406,14635,220,130,Service Accepted
14416,3406,14636,193,18,Good Condition
14417,3406,14637,529,444,Service Accepted
14418,3406,14638,333,72,Service Accepted
14419,3406,14639,171,129,Service Accepted
14420,3406,14640,279,198,Service Accepted
14421,3407,14641,89,14,Good Condition
14422,3407,14642,48,139,Good Condition
14423,3407,14643,491,287,Good Condition
14424,3407,14644,185,287,Good Condition
14425,3407,14645,335,284,Good Condition
14426,3407,14646,505,134,Good Condition
14427,3408,14647,165,483,Good Condition
14428,3408,14648,210,81,Good Condition
14429,3409,14649,62,368,Good Condition
14430,3409,14650,440,388,Good Condition
14431,3409,14651,79,320,Good Condition
14432,3409,14652,562,96,Good Condition
14433,3409,14653,54,308,Packaging Damaged
14434,3409,14654,202,93,Good Condition
14435,3410,14655,274,91,Service Accepted
14436,3410,14656,114,249,Service Accepted
14437,3410,14657,532,261,Service Incomplete
14438,3410,14658,453,338,Service Accepted
14439,3411,14659,488,443,Good Condition
14440,3411,14660,560,137,Good Condition
14441,3411,14661,49,211,Good Condition
14442,3412,14662,357,20,Good Condition
14443,3412,14663,77,415,Good Condition
14444,3412,14664,579,431,Good Condition
14445,3413,14665,42,189,Good Condition
14446,3413,14666,242,384,Good Condition
14447,3414,14667,419,319,Good Condition
14448,3414,14668,570,241,Good Condition
14449,3414,14669,360,309,Good Condition
14450,3414,14670,462,199,Good Condition
14451,3414,14671,488,404,Good Condition
14452,3415,14672,182,296,Good Condition
14453,3415,14673,390,142,Good Condition
14454,3415,14674,560,119,Good Condition
14455,3415,14675,243,111,Good Condition
14456,3415,14676,301,192,Good Condition
14457,3415,14677,360,250,Good Condition
14458,3415,14678,488,336,Good Condition
14459,3416,14679,598,253,Good Condition
14460,3416,14680,170,159,Good Condition
14461,3416,14681,449,185,Good Condition
14462,3416,14682,541,300,Good Condition
14463,3416,14683,240,79,Good Condition
14464,3416,14684,13,252,Good Condition
14465,3416,14685,238,410,Good Condition
14466,3417,14686,399,188,Good Condition
14467,3417,14687,510,117,Good Condition
14468,3417,14688,565,323,Good Condition
14469,3417,14689,238,59,Good Condition
14470,3417,14690,182,394,Good Condition
14471,3418,14691,62,116,Good Condition
14472,3418,14692,567,54,Good Condition
14473,3419,14693,502,375,Service Accepted
14474,3419,14694,199,148,Service Accepted
14475,3419,14695,465,57,Service Accepted
14476,3420,14696,210,282,Good Condition
14477,3420,14697,413,443,Good Condition
14478,3420,14698,551,61,Good Condition
14479,3420,14699,359,286,Good Condition
14480,3420,14700,304,186,Good Condition
14481,3420,14701,255,161,Good Condition
14482,3420,14702,232,60,Good Condition
14483,3421,14703,306,228,Good Condition
14484,3421,14704,370,420,Good Condition
14485,3421,14705,597,230,Good Condition
14486,3422,14706,113,127,Good Condition
14487,3423,14707,54,404,Good Condition
14488,3423,14708,251,174,Good Condition
14489,3423,14709,62,481,Good Condition
14490,3423,14710,232,226,Good Condition
14491,3424,14711,351,160,Service Accepted
14492,3424,14712,94,345,Service Accepted
14493,3424,14713,503,447,Service Accepted
14494,3424,14714,342,369,Service Accepted
14495,3425,14715,439,59,Good Condition
14496,3425,14716,71,246,Good Condition
14497,3425,14717,444,456,Good Condition
14498,3425,14718,493,194,Dead on Arrival (DOA)
14499,3426,14719,456,313,Good Condition
14500,3426,14720,153,260,Good Condition
14501,3426,14721,562,17,Good Condition
14502,3427,14722,422,301,Good Condition
14503,3427,14723,56,449,Good Condition
14504,3428,14724,101,106,Service Accepted
14505,3428,14725,199,442,Service Accepted
14506,3428,14726,51,317,Service Incomplete
14507,3428,14727,549,292,Service Accepted
14508,3429,14728,565,79,Good Condition
14509,3429,14729,62,151,Good Condition
14510,3429,14730,160,146,Good Condition
14511,3429,14731,21,298,Good Condition
14512,3430,14732,42,97,Good Condition
14513,3430,14733,574,379,Good Condition
14514,3430,14734,222,161,Good Condition
14515,3430,14735,211,497,Good Condition
14516,3430,14736,23,334,Good Condition
14517,3430,14737,111,315,Good Condition
14518,3431,14738,170,396,Good Condition
14519,3431,14739,440,237,Good Condition
14520,3432,14740,205,315,Good Condition
14521,3432,14741,493,33,Screen Damaged
14522,3433,14742,395,415,Good Condition
14523,3434,14743,421,208,Good Condition
14524,3434,14744,372,180,Good Condition
14525,3434,14745,497,396,Good Condition
14526,3434,14746,26,146,Good Condition
14527,3434,14747,444,361,Good Condition
14528,3434,14748,53,177,Good Condition
14529,3434,14749,113,38,Screen Damaged
14530,3435,14750,217,205,Good Condition
14531,3435,14751,255,431,Good Condition
14532,3435,14752,50,461,Good Condition
14533,3436,14753,38,350,Good Condition
14534,3436,14754,583,370,Wrong Item Sent
14535,3436,14755,32,35,Good Condition
14536,3436,14756,311,26,Good Condition
14537,3436,14757,240,43,Good Condition
14538,3436,14758,13,57,Good Condition
14539,3436,14759,197,230,Good Condition
14540,3437,14760,43,163,Good Condition
14541,3437,14761,50,16,Good Condition
14542,3437,14762,217,27,Good Condition
14543,3438,14763,258,237,Service Accepted
14544,3438,14764,231,85,Service Accepted
14545,3438,14765,355,312,Service Accepted
14546,3438,14766,190,129,Service Accepted
14547,3438,14767,348,293,Service Accepted
14548,3438,14768,347,412,Service Accepted
14549,3439,14769,285,156,Good Condition
14550,3440,14770,115,485,Good Condition
14551,3440,14771,25,139,Good Condition
14552,3440,14772,147,329,Good Condition
14553,3440,14773,497,450,Good Condition
14554,3440,14774,556,403,Good Condition
14555,3441,14775,509,271,Good Condition
14556,3441,14776,251,433,Good Condition
14557,3442,14777,460,414,Good Condition
14558,3442,14778,416,172,Packaging Damaged
14559,3442,14779,146,471,Good Condition
14560,3442,14780,202,360,Good Condition
14561,3442,14781,244,328,Good Condition
14562,3442,14782,335,124,Good Condition
14563,3442,14783,370,358,Good Condition
14564,3443,14784,205,211,Good Condition
14565,3443,14785,335,349,Good Condition
14566,3444,14786,508,385,Good Condition
14567,3445,14787,211,20,Dead on Arrival (DOA)
14568,3445,14788,556,270,Good Condition
14569,3445,14789,352,222,Good Condition
14570,3445,14790,172,206,Good Condition
14571,3445,14791,550,212,Good Condition
14572,3445,14792,395,51,Good Condition
14573,3445,14793,175,229,Good Condition
14574,3445,14794,357,361,Good Condition
14575,3445,14795,449,16,Good Condition
14576,3445,14796,565,358,Good Condition
14577,3446,14797,183,386,Service Accepted
14578,3446,14798,402,167,Service Accepted
14579,3446,14799,258,304,Service Accepted
14580,3446,14800,475,439,Service Accepted
14581,3446,14801,296,487,Service Accepted
14582,3447,14802,425,159,Good Condition
14583,3448,14803,574,433,Packaging Damaged
14584,3448,14804,166,250,Good Condition
14585,3449,14805,147,497,Good Condition
14586,3449,14806,89,29,Good Condition
14587,3450,14807,476,217,Good Condition
14588,3450,14808,50,133,Good Condition
14589,3450,14809,300,430,Good Condition
14590,3450,14810,568,466,Dead on Arrival (DOA)
14591,3450,14811,543,30,Good Condition
14592,3450,14812,558,112,Good Condition
14593,3451,14813,554,344,Service Accepted
14594,3451,14814,501,252,Service Accepted
14595,3451,14815,274,177,Service Accepted
14596,3451,14816,72,233,Service Accepted
14597,3452,14817,62,440,Good Condition
14598,3452,14818,26,394,Good Condition
14599,3452,14819,194,439,Wrong Item Sent
14600,3452,14820,160,428,Good Condition
14601,3453,14821,572,178,Good Condition
14602,3453,14822,433,107,Good Condition
14603,3454,14823,444,215,Good Condition
14604,3454,14824,497,254,Good Condition
14605,3454,14825,273,71,Good Condition
14606,3454,14826,119,481,Good Condition
14607,3454,14827,489,118,Good Condition
14608,3454,14828,196,399,Packaging Damaged
14609,3454,14829,26,28,Good Condition
14610,3454,14830,519,357,Good Condition
14611,3454,14831,372,58,Good Condition
14612,3455,14832,166,472,Good Condition
14613,3455,14833,334,494,Good Condition
14614,3455,14834,291,483,Good Condition
14615,3455,14835,574,205,Packaging Damaged
14616,3456,14836,437,329,Service Accepted
14617,3456,14837,459,388,Good Condition
14618,3456,14838,351,466,Service Accepted
14619,3456,14839,364,477,Service Accepted
14620,3456,14840,561,221,Service Accepted
14621,3457,14841,69,70,Good Condition
14622,3457,14842,53,396,Good Condition
14623,3458,14843,519,67,Good Condition
14624,3458,14844,377,112,Good Condition
14625,3459,14845,4,200,Good Condition
14626,3459,14846,259,339,Minor Defect - Accepted
14627,3459,14847,30,470,Good Condition
14628,3459,14848,577,167,Good Condition
14629,3459,14849,192,11,Good Condition
14630,3459,14850,176,343,Good Condition
14631,3459,14851,210,90,Good Condition
14632,3460,14852,110,190,Good Condition
14633,3460,14853,558,475,Minor Defect - Accepted
14634,3460,14854,577,285,Good Condition
14635,3461,14855,318,424,Good Condition
14636,3461,14856,192,407,Good Condition
14637,3462,14857,84,26,Good Condition
14638,3462,14858,87,319,Good Condition
14639,3462,14859,494,97,Good Condition
14640,3463,14860,421,239,Good Condition
14641,3463,14861,8,19,Wrong Item Sent
14642,3463,14862,569,254,Wrong Item Sent
14643,3463,14863,571,316,Good Condition
14644,3464,14864,493,276,Good Condition
14645,3464,14865,196,66,Good Condition
14646,3465,14866,165,99,Good Condition
14647,3465,14867,293,423,Good Condition
14648,3465,14868,141,69,Good Condition
14649,3465,14869,291,298,Good Condition
14650,3465,14870,597,362,Good Condition
14651,3466,14871,530,109,Good Condition
14652,3466,14872,551,399,Good Condition
14653,3466,14873,119,461,Good Condition
14654,3466,14874,396,239,Good Condition
14655,3466,14875,304,94,Good Condition
14656,3467,14876,527,255,Good Condition
14657,3467,14877,416,126,Packaging Damaged
14658,3467,14878,110,189,Good Condition
14659,3467,14879,480,418,Good Condition
14660,3468,14880,324,231,Rejected - Quality Failure
14661,3468,14881,102,193,Good Condition
14662,3468,14882,499,189,Good Condition
14663,3468,14883,471,129,Good Condition
14664,3468,14884,541,301,Good Condition
14665,3468,14885,111,36,Rejected - Quality Failure
14666,3468,14886,165,400,Good Condition
14667,3469,14887,66,308,Good Condition
14668,3469,14888,333,338,Service Accepted
14669,3469,14889,52,170,Service Accepted
14670,3469,14890,220,179,Service Incomplete
14671,3470,14891,497,327,Screen Damaged
14672,3470,14892,300,460,Good Condition
14673,3471,14893,407,211,Good Condition
14674,3471,14894,57,215,Screen Damaged
14675,3472,14895,529,297,Service Accepted
14676,3472,14896,590,266,Good Condition
14677,3472,14897,351,179,Service Accepted
14678,3473,14898,433,307,Good Condition
14679,3473,14899,566,387,Good Condition
14680,3473,14900,275,410,Good Condition
14681,3474,14901,579,144,Good Condition
14682,3474,14902,578,477,Good Condition
14683,3474,14903,335,406,Good Condition
14684,3474,14904,419,34,Good Condition
14685,3474,14905,41,344,Good Condition
14686,3474,14906,50,263,Good Condition
14687,3475,14907,69,437,Good Condition
14688,3475,14908,577,436,Good Condition
14689,3475,14909,111,72,Good Condition
14690,3475,14910,264,37,Good Condition
14691,3475,14911,41,94,Good Condition
14692,3475,14912,129,79,Good Condition
14693,3476,14913,178,99,Good Condition
14694,3476,14914,49,346,Good Condition
14695,3477,14915,357,105,Good Condition
14696,3477,14916,538,356,Good Condition
14697,3477,14917,176,42,Good Condition
14698,3477,14918,363,54,Good Condition
14699,3477,14919,354,104,Good Condition
14700,3478,14920,300,118,Good Condition
14701,3478,14921,264,34,Good Condition
14702,3478,14922,483,20,Good Condition
14703,3479,14923,91,82,Good Condition
14704,3479,14924,71,329,Good Condition
14705,3479,14925,275,281,Good Condition
14706,3480,14926,395,210,Good Condition
14707,3480,14927,196,351,Good Condition
14708,3480,14928,242,256,Good Condition
14709,3480,14929,446,227,Good Condition
14710,3481,14930,13,438,Good Condition
14711,3481,14931,424,33,Good Condition
14712,3481,14932,25,71,Good Condition
14713,3481,14933,486,123,Good Condition
14714,3482,14934,565,202,Good Condition
14715,3482,14935,553,118,Good Condition
14716,3482,14936,206,437,Good Condition
14717,3482,14937,170,485,Good Condition
14718,3482,14938,128,368,Good Condition
14719,3483,14939,393,249,Good Condition
14720,3483,14940,480,368,Good Condition
14721,3483,14941,262,343,Good Condition
14722,3483,14942,391,305,Good Condition
14723,3484,14943,117,373,Good Condition
14724,3484,14944,102,281,Good Condition
14725,3485,14945,91,436,Good Condition
14726,3485,14946,570,219,Good Condition
14727,3485,14947,160,168,Packaging Damaged
14728,3485,14948,11,25,Good Condition
14729,3485,14949,80,137,Good Condition
14730,3486,14950,96,50,Service Accepted
14731,3486,14951,540,224,Service Accepted
14732,3486,14952,156,427,Service Incomplete
14733,3486,14953,378,381,Service Accepted
14734,3486,14954,361,242,Service Accepted
14735,3487,14955,392,71,Good Condition
14736,3487,14956,30,255,Good Condition
14737,3487,14957,69,338,Good Condition
14738,3487,14958,53,120,Good Condition
14739,3488,14959,43,101,Good Condition
14740,3488,14960,460,188,Good Condition
14741,3488,14961,41,346,Good Condition
14742,3488,14962,8,250,Good Condition
14743,3489,14963,250,289,Good Condition
14744,3489,14964,516,427,Good Condition
14745,3489,14965,83,26,Good Condition
14746,3489,14966,31,328,Good Condition
14747,3489,14967,258,445,Service Accepted
14748,3489,14968,549,342,Service Accepted
14749,3490,14969,87,368,Good Condition
14750,3490,14970,23,18,Good Condition
14751,3490,14971,543,404,Good Condition
14752,3490,14972,480,76,Good Condition
14753,3490,14973,146,22,Good Condition
14754,3490,14974,530,162,Good Condition
14755,3491,14975,505,281,Good Condition
14756,3491,14976,89,138,Good Condition
14757,3491,14977,551,49,Good Condition
14758,3491,14978,15,364,Good Condition
14759,3492,14979,242,36,Good Condition
14760,3492,14980,335,175,Good Condition
14761,3492,14981,38,263,Good Condition
14762,3492,14982,303,444,Good Condition
14763,3492,14983,497,240,Good Condition
14764,3492,14984,150,121,Good Condition
14765,3492,14985,570,187,Good Condition
14766,3493,14986,306,177,Good Condition
14767,3493,14987,370,118,Good Condition
14768,3493,14988,172,185,Good Condition
14769,3493,14989,597,34,Good Condition
14770,3494,14990,597,290,Good Condition
14771,3494,14991,141,260,Good Condition
14772,3494,14992,291,397,Good Condition
14773,3494,14993,165,181,Good Condition
14774,3494,14994,293,26,Good Condition
14775,3494,14995,391,174,Good Condition
14776,3495,14996,541,294,Good Condition
14777,3495,14997,424,387,Good Condition
14778,3495,14998,308,456,Good Condition
14779,3496,14999,70,416,Good Condition
14780,3496,15000,311,218,Good Condition
14781,3496,15001,469,470,Good Condition
14782,3497,15002,572,83,Good Condition
14783,3498,15003,258,432,Service Accepted
14784,3498,15004,430,435,Service Accepted
14785,3498,15005,348,368,Service Accepted
14786,3499,15006,197,485,Good Condition
14787,3499,15007,306,60,Good Condition
14788,3499,15008,215,86,Good Condition
14789,3499,15009,393,485,Good Condition
14790,3499,15010,153,387,Good Condition
14791,3499,15011,23,311,Good Condition
14792,3500,15012,562,163,Minor Defect - Accepted
14793,3500,15013,493,328,Good Condition
14794,3500,15014,236,95,Good Condition
14795,3500,15015,440,215,Good Condition
14796,3500,15016,460,196,Good Condition
14797,3500,15017,102,468,Good Condition
14798,3500,15018,483,184,Good Condition
14799,3500,15019,243,345,Good Condition
14800,3501,15020,487,355,Service Accepted
14801,3501,15021,453,265,Service Accepted
14802,3501,15022,326,391,Service Accepted
14803,3501,15023,347,197,Service Disputed
14804,3501,15024,415,94,Service Accepted
14805,3501,15025,114,175,Service Accepted
14806,3502,15026,58,424,Good Condition
14807,3502,15027,97,242,Service Accepted
14808,3502,15028,431,398,Good Condition
14809,3502,15029,213,125,Good Condition
14810,3503,15030,241,428,Service Accepted
14811,3503,15031,289,158,Service Accepted
14812,3504,15032,41,126,Good Condition
14813,3504,15033,491,354,Good Condition
14814,3504,15034,551,334,Good Condition
14815,3504,15035,134,117,Good Condition
14816,3504,15036,318,89,Packaging Damaged
14817,3504,15037,54,39,Good Condition
14818,3504,15038,30,436,Good Condition
14819,3505,15039,370,55,Good Condition
14820,3505,15040,178,263,Good Condition
14821,3505,15041,438,360,Good Condition
14822,3505,15042,383,270,Good Condition
14823,3505,15043,391,105,Good Condition
14824,3505,15044,238,206,Good Condition
14825,3506,15045,359,35,Good Condition
14826,3506,15046,249,121,Good Condition
14827,3506,15047,43,70,Good Condition
14828,3507,15048,38,202,Good Condition
14829,3507,15049,440,287,Good Condition
14830,3507,15050,515,409,Good Condition
14831,3507,15051,230,22,Good Condition
14832,3507,15052,472,272,Good Condition
14833,3507,15053,486,39,Good Condition
14834,3507,15054,396,31,Good Condition
14835,3508,15055,474,497,Good Condition
14836,3509,15056,529,253,Service Accepted
14837,3509,15057,465,184,Service Accepted
14838,3509,15058,52,376,Service Incomplete
14839,3510,15059,361,281,Service Accepted
14840,3510,15060,37,263,Service Accepted
14841,3510,15061,478,228,Service Accepted
14842,3510,15062,248,474,Service Accepted
14843,3510,15063,281,150,Service Accepted
14844,3511,15064,80,111,Good Condition
14845,3511,15065,572,91,Good Condition
14846,3512,15066,591,328,Good Condition
14847,3512,15067,543,308,Good Condition
14848,3512,15068,439,167,Good Condition
14849,3512,15069,153,209,Good Condition
14850,3512,15070,222,345,Good Condition
14851,3512,15071,407,289,Packaging Damaged
14852,3512,15072,13,338,Good Condition
14853,3512,15073,8,65,Good Condition
14854,3512,15074,472,104,Good Condition
14855,3513,15075,226,16,Good Condition
14856,3513,15076,565,487,Good Condition
14857,3513,15077,553,201,Good Condition
14858,3514,15078,287,13,Good Condition
14859,3515,15079,258,274,Service Accepted
14860,3515,15080,402,145,Service Accepted
14861,3515,15081,475,431,Service Accepted
14862,3515,15082,296,231,Service Accepted
14863,3516,15083,233,291,Service Accepted
14864,3516,15084,347,461,Service Accepted
14865,3516,15085,532,198,Service Accepted
14866,3517,15086,23,79,Good Condition
14867,3517,15087,154,416,Good Condition
14868,3517,15088,433,50,Good Condition
14869,3517,15089,110,245,Good Condition
14870,3517,15090,260,302,Good Condition
14871,3518,15091,289,51,Service Accepted
14872,3518,15092,241,370,Service Accepted
14873,3519,15093,126,164,Good Condition
14874,3519,15094,314,44,Good Condition
14875,3519,15095,519,380,Good Condition
14876,3519,15096,89,59,Good Condition
14877,3519,15097,366,338,Good Condition
14878,3519,15098,70,353,Good Condition
14879,3520,15099,351,330,Service Accepted
14880,3521,15100,568,123,Good Condition
14881,3521,15101,543,126,Good Condition
14882,3521,15102,476,324,Good Condition
14883,3521,15103,50,399,Good Condition
14884,3521,15104,558,462,Good Condition
14885,3522,15105,185,484,Good Condition
14886,3522,15106,396,193,Good Condition
14887,3522,15107,242,439,Good Condition
14888,3522,15108,203,14,Good Condition
14889,3522,15109,330,246,Good Condition
14890,3523,15110,255,74,Good Condition
14891,3523,15111,513,209,Good Condition
14892,3523,15112,499,89,Good Condition
14893,3523,15113,244,45,Good Condition
14894,3524,15114,550,36,Good Condition
14895,3524,15115,227,45,Good Condition
14896,3525,15116,371,114,Good Condition
14897,3525,15117,185,260,Good Condition
14898,3525,15118,562,49,Good Condition
14899,3525,15119,146,278,Good Condition
14900,3525,15120,70,454,Good Condition
14901,3526,15121,48,235,Good Condition
14902,3526,15122,178,323,Good Condition
14903,3526,15123,8,301,Good Condition
14904,3526,15124,370,41,Wrong Item Sent
14905,3526,15125,383,116,Good Condition
14906,3527,15126,494,384,Good Condition
14907,3527,15127,103,446,Good Condition
14908,3527,15128,311,263,Good Condition
14909,3527,15129,377,367,Good Condition
14910,3527,15130,81,139,Good Condition
14911,3527,15131,566,237,Good Condition
14912,3527,15132,324,242,Good Condition
14913,3527,15133,432,309,Good Condition
14914,3528,15134,220,406,Service Accepted
14915,3528,15135,199,199,Service Accepted
14916,3528,15136,498,85,Service Accepted
14917,3528,15137,241,164,Service Accepted
14918,3528,15138,289,248,Service Accepted
14919,3529,15139,556,458,Good Condition
14920,3529,15140,483,286,Good Condition
14921,3529,15141,300,287,Good Condition
14922,3529,15142,433,457,Good Condition
14923,3529,15143,308,221,Good Condition
14924,3529,15144,23,75,Good Condition
14925,3530,15145,273,222,Good Condition
14926,3530,15146,446,17,Good Condition
14927,3530,15147,562,209,Good Condition
14928,3531,15148,185,15,Good Condition
14929,3531,15149,198,181,Good Condition
14930,3531,15150,489,172,Good Condition
14931,3531,15151,79,170,Good Condition
14932,3531,15152,497,182,Good Condition
14933,3531,15153,354,269,Good Condition
14934,3532,15154,308,471,Good Condition
14935,3532,15155,154,210,Good Condition
14936,3532,15156,416,302,Good Condition
14937,3532,15157,32,314,Good Condition
14938,3532,15158,392,280,Good Condition
14939,3532,15159,366,131,Good Condition
14940,3532,15160,192,44,Good Condition
14941,3532,15161,167,317,Good Condition
14942,3533,15162,176,367,Good Condition
14943,3533,15163,493,163,Good Condition
14944,3533,15164,456,342,Good Condition
14945,3533,15165,455,75,Good Condition
14946,3534,15166,217,407,Good Condition
14947,3534,15167,543,395,Good Condition
14948,3534,15168,524,321,Good Condition
14949,3534,15169,508,344,Good Condition
14950,3534,15170,71,74,Good Condition
14951,3534,15171,108,125,Good Condition
14952,3534,15172,81,161,Good Condition
14953,3534,15173,486,433,Good Condition
14954,3535,15174,513,219,Dead on Arrival (DOA)
14955,3535,15175,535,440,Good Condition
14956,3535,15176,318,274,Good Condition
14957,3536,15177,483,362,Wrong Item Sent
14958,3536,15178,16,380,Good Condition
14959,3536,15179,287,367,Packaging Damaged
14960,3536,15180,424,361,Screen Damaged
14961,3536,15181,491,425,Good Condition
14962,3536,15182,71,406,Packaging Damaged
14963,3537,15183,358,449,Service Accepted
14964,3537,15184,220,444,Service Accepted
14965,3537,15185,51,451,Service Accepted
14966,3537,15186,289,294,Service Accepted
14967,3538,15187,275,210,Good Condition
14968,3538,15188,352,244,Good Condition
14969,3538,15189,368,265,Good Condition
14970,3538,15190,308,328,Good Condition
14971,3539,15191,46,110,Service Accepted
14972,3539,15192,114,358,Service Accepted
14973,3539,15193,502,347,Service Accepted
14974,3539,15194,540,428,Service Accepted
14975,3540,15195,574,330,Good Condition
14976,3540,15196,314,395,Good Condition
14977,3540,15197,126,115,Good Condition
14978,3541,15198,370,233,Good Condition
14979,3541,15199,306,55,Good Condition
14980,3542,15200,528,372,Good Condition
14981,3543,15201,372,239,Good Condition
14982,3543,15202,505,296,Good Condition
14983,3543,15203,82,251,Good Condition
14984,3543,15204,359,387,Good Condition
14985,3543,15205,571,328,Good Condition
14986,3543,15206,159,447,Good Condition
14987,3544,15207,210,64,Good Condition
14988,3544,15208,103,83,Good Condition
14989,3544,15209,165,204,Good Condition
14990,3544,15210,450,198,Packaging Damaged
14991,3544,15211,330,483,Good Condition
14992,3545,15212,358,125,Service Incomplete
14993,3545,15213,212,156,Service Accepted
14994,3546,15218,303,254,Good Condition
14995,3546,15219,242,27,Good Condition
14996,3546,15220,335,334,Good Condition
14997,3547,15221,512,411,Good Condition
14998,3547,15222,291,47,Good Condition
14999,3547,15223,71,56,Good Condition
15000,3547,15224,170,459,Good Condition
15001,3547,15225,202,251,Good Condition
15002,3547,15226,79,452,Good Condition
15003,3547,15227,577,387,Good Condition
15004,3548,15228,416,73,Good Condition
15005,3549,15229,424,314,Dead on Arrival (DOA)
15006,3549,15230,59,98,Good Condition
15007,3549,15231,494,293,Good Condition
15008,3549,15232,87,417,Good Condition
15009,3549,15233,597,89,Good Condition
15010,3549,15234,456,482,Good Condition
15011,3549,15235,129,251,Good Condition
15012,3549,15236,375,51,Good Condition
15013,3550,15240,49,157,Good Condition
15014,3550,15241,360,46,Good Condition
15015,3550,15242,243,140,Good Condition
15016,3551,15243,205,416,Good Condition
15017,3551,15244,102,477,Good Condition
15018,3552,15245,165,390,Good Condition
15019,3552,15246,293,58,Good Condition
15020,3552,15247,301,180,Good Condition
15021,3552,15248,15,189,Good Condition
15022,3552,15249,445,141,Good Condition
15023,3552,15250,577,175,Good Condition
15024,3552,15251,538,155,Good Condition
15025,3553,15252,440,140,Good Condition
15026,3553,15253,240,188,Good Condition
15027,3553,15254,486,469,Good Condition
15028,3553,15255,71,496,Good Condition
15029,3553,15256,230,314,Good Condition
15030,3554,15257,493,101,Good Condition
15031,3554,15258,456,241,Good Condition
15032,3554,15259,330,141,Good Condition
15033,3554,15260,153,384,Good Condition
15034,3554,15261,455,422,Good Condition
15035,3554,15262,562,149,Good Condition
15036,3554,15263,54,180,Good Condition
15037,3555,15264,572,118,Good Condition
15038,3556,15265,255,10,Good Condition
15039,3556,15266,391,188,Good Condition
15040,3556,15267,43,454,Dead on Arrival (DOA)
15041,3556,15268,50,81,Good Condition
15042,3557,15269,239,384,Good Condition
15043,3557,15270,235,282,Good Condition
15044,3557,15271,179,67,Good Condition
15045,3558,15272,309,483,Good Condition
15046,3558,15273,84,438,Good Condition
15047,3558,15274,87,191,Good Condition
15048,3558,15275,510,58,Good Condition
15049,3559,15276,450,295,Good Condition
15050,3559,15277,577,112,Good Condition
15051,3559,15278,442,458,Good Condition
15052,3559,15279,175,156,Good Condition
15053,3560,15280,15,284,Good Condition
15054,3560,15281,43,263,Good Condition
15055,3560,15282,359,230,Good Condition
15056,3560,15283,23,241,Good Condition
15057,3560,15284,82,291,Good Condition
15058,3561,15285,165,129,Good Condition
15059,3562,15286,409,307,Good Condition
15060,3562,15287,579,183,Good Condition
15061,3562,15288,357,69,Good Condition
15062,3563,15289,558,101,Good Condition
15063,3564,15290,232,87,Good Condition
15064,3564,15291,285,103,Good Condition
15065,3564,15292,62,283,Good Condition
15066,3564,15293,251,350,Good Condition
15067,3564,15294,515,424,Good Condition
15068,3565,15295,538,338,Good Condition
15069,3565,15296,556,410,Good Condition
15070,3565,15297,60,335,Good Condition
15071,3565,15298,375,416,Good Condition
15072,3565,15299,318,186,Good Condition
15073,3565,15300,301,13,Good Condition
15074,3565,15301,359,443,Good Condition
15075,3566,15303,560,139,Good Condition
15076,3567,15304,92,463,Good Condition
15077,3568,15305,317,245,Good Condition
15078,3568,15306,409,58,Good Condition
15079,3568,15307,582,204,Good Condition
15080,3568,15308,340,295,Good Condition
15081,3568,15309,392,284,Good Condition
15082,3569,15310,480,498,Good Condition
15083,3569,15311,530,442,Good Condition
15084,3569,15312,377,14,Good Condition
15085,3569,15313,318,120,Good Condition
15086,3570,15314,265,272,Good Condition
15087,3570,15315,319,248,Good Condition
15088,3571,15322,147,234,Good Condition
15089,3571,15323,240,494,Good Condition
15090,3571,15324,290,72,Good Condition
15091,3571,15325,242,103,Good Condition
15092,3571,15326,110,158,Good Condition
15093,3572,15327,70,115,Good Condition
15094,3573,15328,82,94,Good Condition
15095,3573,15329,359,326,Good Condition
15096,3574,15330,330,74,Good Condition
15097,3574,15331,393,27,Good Condition
15098,3574,15332,102,280,Good Condition
15099,3574,15333,316,170,Good Condition
15100,3574,15334,285,35,Good Condition
15101,3574,15335,197,479,Good Condition
15102,3574,15336,306,263,Good Condition
15103,3575,15337,141,223,Good Condition
15104,3575,15338,175,461,Good Condition
15105,3575,15339,291,62,Good Condition
15106,3575,15340,165,42,Good Condition
15107,3575,15341,597,358,Good Condition
15108,3576,15342,246,334,Good Condition
15109,3576,15343,281,142,Service Accepted
15110,3576,15344,269,418,Good Condition
15111,3577,15345,281,59,Service Accepted
15112,3577,15346,148,196,Service Accepted
15113,3577,15347,37,350,Service Accepted
15114,3577,15348,248,71,Service Accepted
15115,3577,15349,482,27,Service Accepted
15116,3577,15350,199,271,Service Accepted
15117,3577,15351,452,25,Service Accepted
15118,3577,15352,540,231,Service Incomplete
15119,3578,15353,66,31,Good Condition
15120,3578,15354,465,176,Service Accepted
15121,3578,15355,401,167,Service Accepted
15122,3578,15356,98,42,Good Condition
15123,3578,15357,52,139,Service Accepted
15124,3579,15358,375,35,Good Condition
15125,3579,15359,550,88,Good Condition
15126,3580,15360,16,442,Good Condition
15127,3580,15361,165,28,Good Condition
15128,3580,15362,113,90,Good Condition
15129,3580,15363,517,49,Good Condition
15130,3580,15364,119,99,Good Condition
15131,3581,15365,375,69,Good Condition
15132,3581,15366,433,374,Good Condition
15133,3581,15367,275,231,Good Condition
15134,3582,15368,524,305,Good Condition
15135,3582,15369,493,61,Good Condition
15136,3582,15370,70,245,Good Condition
15137,3582,15371,81,62,Good Condition
15138,3583,15372,536,405,Good Condition
15139,3583,15373,563,366,Good Condition
15140,3583,15374,118,289,Service Accepted
15141,3583,15375,1,233,Good Condition
15142,3583,15376,261,301,Good Condition
15143,3583,15377,142,399,Service Accepted
15144,3583,15378,503,315,Service Accepted
15145,3584,15379,285,132,Good Condition
15146,3584,15380,153,258,Good Condition
15147,3584,15381,392,241,Good Condition
15148,3585,15382,210,421,Good Condition
15149,3585,15383,146,121,Good Condition
15150,3585,15384,126,138,Good Condition
15151,3585,15385,432,112,Dead on Arrival (DOA)
15152,3586,15386,200,381,Service Accepted
15153,3586,15387,35,412,Service Accepted
15154,3586,15388,51,69,Service Accepted
15155,3586,15389,465,251,Service Accepted
15156,3587,15390,198,75,Good Condition
15157,3587,15391,244,252,Good Condition
15158,3587,15392,530,403,Packaging Damaged
15159,3587,15393,185,258,Good Condition
15160,3587,15394,489,278,Good Condition
15161,3587,15395,354,225,Good Condition
15162,3588,15396,87,457,Good Condition
15163,3588,15397,377,163,Good Condition
15164,3588,15398,543,406,Good Condition
15165,3588,15399,530,284,Good Condition
15166,3588,15400,23,363,Good Condition
15167,3588,15401,480,76,Good Condition
15168,3588,15402,146,390,Good Condition
15169,3589,15403,147,328,Good Condition
15170,3589,15404,497,66,Good Condition
15171,3589,15405,115,192,Good Condition
15172,3590,15406,4,431,Good Condition
15173,3590,15407,582,83,Good Condition
15174,3591,15408,276,491,Service Accepted
15175,3591,15409,241,139,Service Incomplete
15176,3591,15410,199,472,Service Accepted
15177,3591,15411,498,106,Service Accepted
15178,3592,15412,405,177,Service Accepted
15179,3592,15413,430,222,Service Accepted
15180,3592,15414,295,152,Service Accepted
15181,3592,15415,183,65,Service Accepted
15182,3593,15416,91,350,Good Condition
15183,3593,15417,74,324,Dead on Arrival (DOA)
15184,3593,15418,481,185,Good Condition
15185,3593,15419,505,213,Good Condition
15186,3594,15420,115,286,Dead on Arrival (DOA)
15187,3594,15421,147,391,Good Condition
15188,3595,15422,227,114,Good Condition
15189,3595,15423,25,341,Good Condition
15190,3596,15424,54,225,Good Condition
15191,3596,15425,243,68,Good Condition
15192,3596,15426,455,463,Good Condition
15193,3597,15427,565,358,Good Condition
15194,3597,15428,194,141,Good Condition
15195,3597,15429,26,82,Good Condition
15196,3597,15430,160,409,Good Condition
15197,3598,15431,255,264,Good Condition
15198,3598,15432,445,131,Good Condition
15199,3598,15433,157,240,Good Condition
15200,3598,15434,588,413,Good Condition
15201,3599,15435,568,426,Good Condition
15202,3599,15436,335,314,Screen Damaged
15203,3599,15437,596,50,Good Condition
15204,3599,15438,571,385,Good Condition
15205,3599,15439,103,399,Good Condition
15206,3600,15440,62,429,Good Condition
15207,3600,15441,243,463,Good Condition
15208,3601,15442,6,237,Service Accepted
15209,3601,15443,475,407,Service Accepted
15210,3601,15444,100,444,Good Condition
15211,3601,15445,452,394,Service Accepted
15212,3601,15446,382,133,Good Condition
15213,3601,15447,302,330,Service Accepted
15214,3602,15448,258,227,Service Accepted
15215,3602,15449,137,131,Good Condition
15216,3602,15450,31,122,Good Condition
15217,3603,15451,80,179,Good Condition
15218,3603,15452,570,92,Good Condition
15219,3603,15453,275,79,Good Condition
15220,3604,15454,304,48,Good Condition
15221,3604,15455,232,15,Good Condition
15222,3604,15456,226,437,Good Condition
15223,3604,15457,413,473,Good Condition
15224,3605,15458,264,181,Good Condition
15225,3605,15459,300,380,Good Condition
15226,3605,15460,556,198,Good Condition
15227,3605,15461,433,385,Good Condition
15228,3605,15462,308,180,Good Condition
15229,3606,15463,170,223,Good Condition
15230,3606,15464,359,202,Good Condition
15231,3606,15465,474,466,Good Condition
15232,3606,15466,304,71,Good Condition
15233,3606,15467,346,310,Good Condition
15234,3607,15468,515,163,Good Condition
15235,3607,15469,77,268,Good Condition
15236,3607,15470,304,263,Good Condition
15237,3607,15471,170,221,Good Condition
15238,3608,15472,283,249,Good Condition
15239,3608,15473,127,205,Good Condition
15240,3608,15474,370,110,Good Condition
15241,3608,15475,69,83,Good Condition
15242,3608,15476,424,352,Good Condition
15243,3608,15477,476,345,Good Condition
15244,3608,15478,56,197,Good Condition
15245,3609,15479,13,399,Good Condition
15246,3609,15480,582,124,Good Condition
15247,3609,15481,146,339,Good Condition
15248,3609,15482,84,192,Good Condition
15249,3609,15483,418,333,Good Condition
15250,3609,15484,70,395,Good Condition
15251,3609,15485,562,163,Good Condition
15252,3609,15486,489,298,Good Condition
15253,3610,15487,515,388,Good Condition
15254,3610,15488,578,340,Good Condition
15255,3610,15489,304,435,Good Condition
15256,3610,15490,551,55,Good Condition
15257,3611,15491,160,328,Good Condition
15258,3611,15492,565,371,Good Condition
15259,3611,15493,141,294,Good Condition
15260,3611,15494,194,334,Good Condition
15261,3611,15495,62,219,Good Condition
15262,3611,15496,26,368,Good Condition
15263,3611,15497,21,403,Good Condition
15264,3612,15498,204,78,Service Accepted
15265,3612,15499,199,56,Service Accepted
15266,3612,15500,557,65,Service Accepted
15267,3612,15501,485,134,Service Accepted
15268,3612,15502,437,265,Service Accepted
15269,3612,15503,37,171,Service Accepted
15270,3612,15504,502,118,Service Accepted
15271,3612,15505,465,394,Service Accepted
15272,3612,15506,351,444,Service Accepted
15273,3613,15507,172,490,Good Condition
15274,3613,15508,472,390,Good Condition
15275,3613,15509,589,61,Good Condition
15276,3613,15510,490,77,Good Condition
15277,3613,15511,122,364,Good Condition
15278,3613,15512,113,409,Good Condition
15279,3614,15513,259,298,Good Condition
15280,3614,15514,113,155,Good Condition
15281,3614,15515,319,130,Good Condition
15282,3614,15516,335,16,Good Condition
15283,3615,15517,475,16,Service Accepted
15284,3615,15518,183,351,Service Accepted
15285,3615,15519,348,473,Service Accepted
15286,3615,15520,402,380,Service Accepted
15287,3615,15521,296,123,Service Accepted
15288,3615,15522,430,406,Service Accepted
15289,3616,15523,42,159,Wrong Item Sent
15290,3616,15524,210,173,Good Condition
15291,3616,15525,359,472,Good Condition
15292,3616,15526,510,370,Good Condition
15293,3616,15527,368,25,Good Condition
15294,3617,15528,541,189,Good Condition
15295,3617,15529,410,193,Good Condition
15296,3617,15530,283,110,Good Condition
15297,3617,15531,4,293,Good Condition
15298,3617,15532,28,109,Good Condition
15299,3617,15533,238,29,Good Condition
15300,3618,15534,370,402,Good Condition
15301,3618,15535,335,409,Good Condition
15302,3618,15536,244,401,Good Condition
15303,3619,15537,335,321,Good Condition
15304,3619,15538,542,57,Good Condition
15305,3619,15539,103,498,Good Condition
15306,3620,15540,103,470,Good Condition
15307,3620,15541,571,294,Good Condition
15308,3620,15542,188,265,Good Condition
15309,3620,15543,324,445,Good Condition
15310,3620,15544,335,317,Good Condition
15311,3620,15545,542,487,Wrong Item Sent
15312,3620,15546,560,183,Good Condition
15313,3620,15547,568,14,Good Condition
15314,3621,15548,590,64,Good Condition
15315,3621,15549,459,119,Good Condition
15316,3621,15550,132,337,Service Accepted
15317,3621,15551,364,376,Service Accepted
15318,3621,15552,294,432,Service Accepted
15319,3621,15553,342,312,Service Accepted
15320,3621,15554,437,37,Service Accepted
15321,3621,15555,138,473,Good Condition
15322,3622,15556,167,108,Good Condition
15323,3622,15557,515,307,Good Condition
15324,3622,15558,489,242,Good Condition
15325,3622,15559,424,437,Dead on Arrival (DOA)
15326,3622,15560,87,259,Good Condition
15327,3622,15561,23,373,Good Condition
15328,3622,15562,570,261,Good Condition
15329,3623,15563,151,222,Good Condition
15330,3623,15564,449,443,Good Condition
15331,3624,15565,543,253,Good Condition
15332,3624,15566,558,74,Good Condition
15333,3625,15567,61,433,Service Accepted
15334,3625,15568,475,298,Service Accepted
15335,3626,15569,578,145,Good Condition
15336,3626,15570,222,488,Good Condition
15337,3626,15571,42,43,Good Condition
15338,3626,15572,201,257,Good Condition
15339,3627,15573,536,382,Good Condition
15340,3627,15574,501,50,Service Accepted
15341,3627,15575,1,46,Good Condition
15342,3627,15576,563,448,Good Condition
15343,3627,15577,118,35,Service Accepted
15344,3627,15578,503,294,Service Accepted
15345,3627,15579,261,253,Good Condition
15346,3627,15580,561,176,Service Accepted
15347,3628,15581,426,11,Good Condition
15348,3628,15582,570,240,Good Condition
15349,3628,15583,330,459,Good Condition
15350,3628,15584,580,487,Good Condition
15351,3628,15585,598,131,Good Condition
15352,3628,15586,562,43,Good Condition
15353,3628,15587,319,444,Good Condition
15354,3629,15588,370,166,Good Condition
15355,3629,15589,62,83,Good Condition
15356,3630,15590,217,273,Good Condition
15357,3630,15591,81,380,Good Condition
15358,3631,15592,489,374,Good Condition
15359,3631,15593,571,363,Good Condition
15360,3631,15594,421,168,Good Condition
15361,3631,15595,460,440,Good Condition
15362,3631,15596,569,14,Good Condition
15363,3631,15597,413,306,Good Condition
15364,3632,15598,196,174,Good Condition
15365,3632,15599,524,484,Dead on Arrival (DOA)
15366,3632,15600,486,464,Good Condition
15367,3632,15601,345,496,Screen Damaged
15368,3632,15602,217,417,Good Condition
15369,3633,15603,194,347,Good Condition
15370,3633,15604,42,249,Good Condition
15371,3633,15605,499,234,Good Condition
15372,3633,15606,591,297,Good Condition
15373,3634,15607,433,14,Good Condition
15374,3634,15608,275,394,Good Condition
15375,3634,15609,375,163,Good Condition
15376,3634,15610,188,70,Good Condition
15377,3634,15611,56,454,Good Condition
15378,3634,15612,566,340,Good Condition
15379,3635,15613,240,181,Good Condition
15380,3635,15614,455,144,Good Condition
15381,3635,15615,103,369,Good Condition
15382,3636,15616,197,103,Good Condition
15383,3636,15617,16,76,Good Condition
15384,3636,15618,324,252,Good Condition
15385,3636,15619,202,163,Good Condition
15386,3636,15620,117,19,Good Condition
15387,3636,15621,77,120,Good Condition
15388,3637,15622,515,435,Good Condition
15389,3637,15623,499,160,Good Condition
15390,3637,15624,324,479,Rejected - Quality Failure
15391,3637,15625,102,297,Rejected - Quality Failure
15392,3637,15626,122,42,Good Condition
15393,3637,15627,541,159,Rejected - Quality Failure
15394,3637,15628,165,229,Good Condition
15395,3637,15629,187,490,Good Condition
15396,3638,15630,565,369,Good Condition
15397,3638,15631,141,202,Good Condition
15398,3638,15632,26,273,Good Condition
15399,3639,15633,142,11,Service Accepted
15400,3639,15634,207,305,Good Condition
15401,3640,15635,41,115,Good Condition
15402,3641,15636,264,236,Good Condition
15403,3641,15637,433,443,Good Condition
15404,3641,15638,23,217,Good Condition
15405,3642,15639,558,173,Good Condition
15406,3642,15640,391,347,Good Condition
15407,3642,15641,480,372,Good Condition
15408,3643,15642,392,78,Good Condition
15409,3643,15643,170,493,Good Condition
15410,3643,15644,111,155,Good Condition
15411,3643,15645,418,227,Good Condition
15412,3643,15646,201,455,Good Condition
15413,3644,15647,202,113,Good Condition
15414,3644,15648,146,38,Good Condition
15415,3644,15649,324,142,Good Condition
15416,3644,15650,77,35,Good Condition
15417,3644,15651,244,266,Good Condition
15418,3644,15652,69,151,Good Condition
15419,3644,15653,538,171,Good Condition
15420,3644,15654,460,390,Good Condition
15421,3645,15655,59,398,Good Condition
15422,3645,15656,363,472,Good Condition
15423,3646,15657,87,451,Good Condition
15424,3646,15658,582,57,Good Condition
15425,3646,15659,13,371,Good Condition
15426,3646,15660,141,166,Good Condition
15427,3646,15661,562,102,Good Condition
15428,3647,15662,173,429,Service Accepted
15429,3647,15663,19,327,Service Disputed
15430,3647,15664,452,395,Service Accepted
15431,3647,15665,35,322,Service Incomplete
15432,3647,15666,475,93,Service Accepted
15433,3647,15667,36,336,Service Accepted
15434,3648,15668,349,233,Good Condition
15435,3648,15669,374,309,Good Condition
15436,3648,15670,159,265,Good Condition
15437,3648,15671,123,15,Good Condition
15438,3648,15672,49,134,Good Condition
15439,3648,15673,386,185,Good Condition
15440,3648,15674,146,135,Good Condition
15441,3649,15675,541,10,Good Condition
15442,3649,15676,42,136,Good Condition
15443,3649,15677,562,13,Good Condition
15444,3650,15678,544,433,Good Condition
15445,3650,15679,44,41,Good Condition
15446,3650,15680,55,42,Service Accepted
15447,3650,15681,475,274,Service Accepted
15448,3650,15682,61,68,Service Accepted
15449,3650,15683,532,240,Service Accepted
15450,3651,15684,170,326,Good Condition
15451,3651,15685,568,163,Good Condition
15452,3651,15686,179,459,Good Condition
15453,3651,15687,489,273,Good Condition
15454,3651,15688,165,140,Good Condition
15455,3652,15689,28,372,Good Condition
15456,3652,15690,25,457,Good Condition
15457,3652,15691,450,70,Good Condition
15458,3652,15692,165,165,Good Condition
15459,3652,15693,499,274,Good Condition
15460,3652,15694,102,340,Screen Damaged
15461,3652,15695,84,63,Good Condition
15462,3653,15696,493,375,Good Condition
15463,3653,15697,243,340,Good Condition
15464,3653,15698,390,384,Good Condition
15465,3653,15699,182,428,Good Condition
15466,3653,15700,301,334,Good Condition
15467,3653,15701,483,213,Packaging Damaged
15468,3653,15702,49,74,Good Condition
15469,3653,15703,513,373,Good Condition
15470,3654,15704,561,168,Service Accepted
15471,3654,15705,563,30,Good Condition
15472,3654,15706,83,80,Good Condition
15473,3654,15707,261,304,Good Condition
15474,3655,15708,231,222,Service Accepted
15475,3655,15709,248,447,Service Accepted
15476,3655,15710,85,239,Service Accepted
15477,3655,15711,96,320,Service Accepted
15478,3655,15712,529,204,Service Accepted
15479,3655,15713,55,207,Service Accepted
15480,3656,15714,304,179,Good Condition
15481,3656,15715,474,382,Good Condition
15482,3656,15716,77,92,Good Condition
15483,3657,15717,51,189,Service Incomplete
15484,3657,15718,212,326,Service Accepted
15485,3657,15719,220,496,Service Accepted
15486,3657,15720,233,252,Service Accepted
15487,3657,15721,501,368,Service Accepted
15488,3657,15722,289,170,Service Accepted
15489,3658,15727,122,367,Good Condition
15490,3658,15728,508,142,Good Condition
15491,3659,15734,134,497,Good Condition
15492,3659,15735,424,400,Good Condition
15493,3659,15736,441,172,Good Condition
15494,3659,15737,456,168,Good Condition
15495,3659,15738,4,25,Good Condition
15496,3660,15739,575,330,Service Accepted
15497,3660,15740,434,22,Service Accepted
15498,3660,15741,502,307,Service Accepted
15499,3661,15742,582,41,Good Condition
15500,3661,15743,102,326,Good Condition
15501,3661,15744,48,428,Good Condition
15502,3662,15745,175,215,Good Condition
15503,3662,15746,577,67,Good Condition
15504,3662,15747,43,139,Good Condition
15505,3662,15748,548,495,Good Condition
15506,3663,15749,491,77,Good Condition
15507,3664,15750,519,162,Good Condition
15508,3664,15751,53,255,Good Condition
15509,3664,15752,113,219,Good Condition
15510,3664,15753,119,376,Good Condition
15511,3665,15754,251,392,Good Condition
15512,3665,15755,572,208,Dead on Arrival (DOA)
15513,3665,15756,194,369,Good Condition
15514,3665,15757,550,100,Good Condition
15515,3666,15758,541,343,Good Condition
15516,3667,15759,243,88,Good Condition
15517,3667,15760,236,213,Good Condition
15518,3667,15761,472,133,Screen Damaged
15519,3668,15762,414,460,Service Disputed
15520,3669,15763,451,327,Service Accepted
15521,3669,15764,367,375,Service Accepted
15522,3669,15765,131,172,Service Accepted
15523,3670,15766,466,15,Good Condition
15524,3671,15767,398,287,Good Condition
15525,3671,15768,137,403,Good Condition
15526,3671,15769,58,165,Good Condition
15527,3671,15770,549,335,Service Accepted
15528,3671,15771,213,313,Good Condition
15529,3672,15772,455,365,Good Condition
15530,3672,15773,538,344,Good Condition
15531,3672,15774,568,488,Good Condition
15532,3672,15775,38,62,Good Condition
15533,3672,15776,203,326,Good Condition
15534,3672,15777,345,362,Good Condition
15535,3673,15778,194,356,Good Condition
15536,3674,15779,386,75,Good Condition
15537,3674,15780,49,257,Good Condition
15538,3674,15781,123,271,Good Condition
15539,3674,15782,159,168,Good Condition
15540,3674,15783,146,278,Good Condition
15541,3674,15784,349,81,Good Condition
15542,3675,15785,368,376,Good Condition
15543,3675,15786,395,426,Good Condition
15544,3675,15787,534,444,Good Condition
15545,3676,15788,129,148,Good Condition
15546,3676,15789,165,203,Good Condition
15547,3676,15790,441,151,Good Condition
15548,3677,15791,305,385,Good Condition
15549,3678,15792,13,167,Good Condition
15550,3678,15793,287,308,Good Condition
15551,3678,15794,179,405,Good Condition
15552,3678,15795,239,70,Good Condition
15553,3678,15796,541,254,Good Condition
15554,3678,15797,568,23,Good Condition
15555,3679,15803,370,268,Good Condition
15556,3679,15804,202,318,Good Condition
15557,3680,15805,38,270,Good Condition
15558,3680,15806,71,84,Good Condition
15559,3681,15810,498,409,Service Accepted
15560,3681,15811,367,490,Service Accepted
15561,3681,15812,200,136,Service Accepted
15562,3681,15813,131,310,Service Accepted
15563,3682,15814,318,360,Good Condition
15564,3682,15815,513,168,Good Condition
15565,3682,15816,23,452,Good Condition
15566,3682,15817,293,165,Good Condition
15567,3682,15818,535,361,Good Condition
15568,3683,15819,25,220,Good Condition
15569,3683,15820,497,288,Good Condition
15570,3683,15821,147,391,Good Condition
15571,3683,15822,556,490,Dead on Arrival (DOA)
15572,3684,15823,13,419,Packaging Damaged
15573,3684,15824,396,297,Good Condition
15574,3685,15825,154,368,Good Condition
15575,3685,15826,366,364,Good Condition
15576,3685,15827,392,236,Good Condition
15577,3685,15828,32,277,Good Condition
15578,3685,15829,565,53,Good Condition
15579,3686,15830,308,411,Good Condition
15580,3686,15831,374,369,Good Condition
15581,3686,15832,62,169,Good Condition
15582,3687,15833,285,217,Good Condition
15583,3687,15834,406,160,Dead on Arrival (DOA)
15584,3687,15835,553,171,Good Condition
15585,3687,15836,300,140,Good Condition
15586,3688,15837,378,191,Service Accepted
15587,3689,15838,300,254,Good Condition
15588,3689,15839,264,263,Good Condition
15589,3689,15840,483,399,Good Condition
15590,3689,15841,23,141,Good Condition
15591,3689,15842,433,59,Good Condition
15592,3690,15843,53,403,Good Condition
15593,3691,15844,80,335,Good Condition
15594,3691,15845,54,199,Good Condition
15595,3691,15846,91,51,Good Condition
15596,3692,15847,77,224,Good Condition
15597,3692,15848,303,86,Good Condition
15598,3692,15849,488,246,Good Condition
15599,3692,15850,462,198,Packaging Damaged
15600,3692,15851,42,219,Good Condition
15601,3692,15852,360,368,Good Condition
15602,3693,15853,193,235,Good Condition
15603,3693,15854,163,324,Service Accepted
15604,3693,15855,220,133,Service Accepted
15605,3693,15856,66,89,Good Condition
15606,3693,15857,333,259,Service Accepted
15607,3693,15858,98,247,Good Condition
15608,3693,15859,423,391,Service Accepted
15609,3694,15860,251,211,Good Condition
15610,3694,15861,446,66,Good Condition
15611,3694,15862,422,34,Good Condition
15612,3694,15863,439,409,Packaging Damaged
15613,3694,15864,119,254,Good Condition
15614,3695,15865,569,61,Good Condition
15615,3695,15866,330,253,Good Condition
15616,3695,15867,290,25,Good Condition
15617,3696,15868,236,197,Good Condition
15618,3696,15869,396,260,Good Condition
15619,3696,15870,230,304,Good Condition
15620,3696,15871,179,10,Good Condition
15621,3696,15872,472,101,Good Condition
15622,3696,15873,38,404,Good Condition
15623,3696,15874,254,160,Good Condition
15624,3696,15875,440,308,Good Condition
15625,3696,15876,260,454,Good Condition
15626,3697,15877,39,204,Service Accepted
15627,3697,15878,218,436,Good Condition
15628,3697,15879,599,194,Good Condition
15629,3697,15880,332,421,Good Condition
15630,3698,15881,70,19,Good Condition
15631,3698,15882,108,304,Good Condition
15632,3698,15883,41,273,Good Condition
15633,3698,15884,222,364,Good Condition
15634,3699,15885,570,168,Good Condition
15635,3700,15886,513,424,Good Condition
15636,3701,15887,326,296,Service Accepted
15637,3701,15888,281,36,Service Accepted
15638,3701,15889,381,15,Service Accepted
15639,3701,15890,378,293,Service Accepted
15640,3701,15891,430,252,Service Accepted
15641,3701,15892,355,300,Service Accepted
15642,3702,15893,242,462,Good Condition
15643,3702,15894,368,456,Good Condition
15644,3702,15895,300,167,Good Condition
15645,3702,15896,330,42,Good Condition
15646,3702,15897,578,124,Good Condition
15647,3702,15898,407,495,Good Condition
15648,3702,15899,534,439,Good Condition
15649,3702,15900,8,245,Good Condition
15650,3702,15901,395,392,Good Condition
15651,3703,15902,301,144,Good Condition
15652,3704,15903,580,25,Good Condition
15653,3704,15904,519,448,Wrong Item Sent
15654,3704,15905,562,426,Good Condition
15655,3704,15906,56,179,Good Condition
15656,3704,15907,426,186,Good Condition
15657,3704,15908,570,236,Good Condition
15658,3704,15909,330,167,Good Condition
15659,3704,15910,578,276,Good Condition
15660,3705,15911,450,67,Good Condition
15661,3705,15912,287,142,Good Condition
15662,3705,15913,54,272,Good Condition
15663,3705,15914,558,74,Good Condition
15664,3705,15915,541,10,Good Condition
15665,3705,15916,357,330,Good Condition
15666,3705,15917,242,132,Good Condition
15667,3705,15918,319,497,Good Condition
15668,3706,15919,515,473,Good Condition
15669,3706,15920,396,134,Good Condition
15670,3706,15921,565,76,Good Condition
15671,3706,15922,493,156,Good Condition
15672,3706,15923,551,491,Minor Defect - Accepted
15673,3707,15924,300,148,Good Condition
15674,3708,15925,231,326,Service Incomplete
15675,3708,15926,289,436,Service Accepted
15676,3709,15927,70,137,Good Condition
15677,3710,15928,319,354,Good Condition
15678,3711,15929,317,96,Good Condition
15679,3711,15930,406,67,Good Condition
15680,3711,15931,481,225,Good Condition
15681,3711,15932,560,381,Good Condition
15682,3711,15933,556,486,Good Condition
15683,3711,15934,308,447,Good Condition
15684,3711,15935,548,351,Good Condition
15685,3712,15936,218,241,Good Condition
15686,3712,15937,466,92,Good Condition
15687,3712,15938,39,112,Service Accepted
15688,3712,15939,332,21,Good Condition
15689,3712,15940,599,342,Good Condition
15690,3713,15941,205,47,Good Condition
15691,3713,15942,158,260,Good Condition
15692,3713,15943,196,486,Good Condition
15693,3713,15944,300,157,Good Condition
15694,3713,15945,242,465,Good Condition
15695,3713,15946,150,480,Good Condition
15696,3713,15947,235,404,Good Condition
15697,3713,15948,456,255,Good Condition
15698,3714,15949,499,215,Good Condition
15699,3714,15950,251,118,Good Condition
15700,3714,15951,235,309,Good Condition
15701,3714,15952,108,416,Good Condition
15702,3714,15953,239,355,Good Condition
15703,3714,15954,179,42,Good Condition
15704,3715,15955,462,145,Good Condition
15705,3715,15956,419,185,Good Condition
15706,3715,15957,360,388,Good Condition
15707,3715,15958,77,196,Good Condition
15708,3715,15959,488,408,Good Condition
15709,3715,15960,303,360,Good Condition
15710,3716,15961,210,115,Good Condition
15711,3716,15962,432,57,Good Condition
15712,3716,15963,126,289,Good Condition
15713,3717,15964,291,341,Good Condition
15714,3717,15965,553,445,Good Condition
15715,3717,15966,275,163,Good Condition
15716,3717,15967,519,58,Good Condition
15717,3717,15968,170,197,Good Condition
15718,3717,15969,179,135,Screen Damaged
15719,3717,15970,43,68,Good Condition
15720,3717,15971,512,316,Good Condition
15721,3718,15972,117,470,Good Condition
15722,3718,15973,16,122,Good Condition
15723,3718,15974,146,280,Good Condition
15724,3718,15975,69,450,Good Condition
15725,3719,15976,432,479,Good Condition
15726,3719,15977,159,474,Good Condition
15727,3719,15978,243,275,Good Condition
15728,3719,15979,249,148,Good Condition
15729,3720,15980,355,397,Service Disputed
15730,3720,15981,427,220,Service Accepted
15731,3720,15982,72,80,Service Accepted
15732,3720,15983,133,169,Service Accepted
15733,3721,15984,125,280,Good Condition
15734,3721,15985,416,196,Good Condition
15735,3721,15986,439,197,Good Condition
15736,3721,15987,357,327,Good Condition
15737,3721,15988,206,375,Good Condition
15738,3722,15989,13,244,Good Condition
15739,3722,15990,202,115,Good Condition
15740,3722,15991,197,107,Packaging Damaged
15741,3722,15992,38,69,Good Condition
15742,3722,15993,311,245,Good Condition
15743,3723,15994,177,24,Service Incomplete
15744,3724,15995,54,473,Good Condition
15745,3724,15996,570,178,Good Condition
15746,3724,15997,160,252,Good Condition
15747,3725,15998,558,349,Good Condition
15748,3725,15999,445,476,Good Condition
15749,3725,16000,462,177,Good Condition
15750,3725,16001,577,122,Good Condition
15751,3726,16002,241,474,Service Accepted
15752,3726,16003,498,211,Service Accepted
15753,3726,16004,220,68,Service Accepted
15754,3726,16005,276,310,Service Accepted
15755,3727,16006,515,329,Good Condition
15756,3727,16007,285,429,Good Condition
15757,3728,16008,551,228,Good Condition
15758,3728,16009,13,412,Good Condition
15759,3728,16010,222,286,Good Condition
15760,3729,16011,232,236,Good Condition
15761,3729,16012,185,256,Good Condition
15762,3730,16013,502,113,Service Accepted
15763,3730,16014,559,140,Service Accepted
15764,3730,16015,35,307,Service Accepted
15765,3730,16016,200,450,Service Accepted
15766,3730,16017,465,261,Service Accepted
15767,3730,16018,148,328,Service Accepted
15768,3730,16019,139,88,Service Accepted
15769,3731,16020,375,431,Good Condition
15770,3731,16021,275,84,Good Condition
15771,3731,16022,433,215,Good Condition
15772,3731,16023,566,243,Good Condition
15773,3732,16024,23,328,Good Condition
15774,3732,16025,287,170,Good Condition
15775,3732,16026,42,322,Good Condition
15776,3732,16027,578,346,Good Condition
15777,3732,16028,211,46,Good Condition
15778,3732,16029,236,66,Good Condition
15779,3732,16030,222,388,Good Condition
15780,3733,16031,577,356,Good Condition
15781,3733,16032,399,121,Good Condition
15782,3733,16033,317,418,Good Condition
15783,3733,16034,550,237,Good Condition
15784,3733,16035,409,101,Good Condition
15785,3734,16036,233,340,Service Accepted
15786,3734,16037,190,26,Service Accepted
15787,3734,16038,531,135,Service Accepted
15788,3734,16039,36,444,Service Accepted
15789,3734,16040,274,189,Service Incomplete
15790,3734,16041,545,439,Service Accepted
15791,3735,16042,399,308,Good Condition
15792,3735,16043,179,44,Good Condition
15793,3735,16044,56,80,Good Condition
15794,3735,16045,572,476,Good Condition
15795,3735,16046,311,277,Good Condition
15796,3735,16047,469,456,Good Condition
15797,3735,16048,508,295,Good Condition
15798,3735,16049,433,171,Good Condition
15799,3736,16050,25,391,Good Condition
15800,3736,16051,436,174,Good Condition
15801,3736,16052,232,53,Good Condition
15802,3736,16053,117,189,Good Condition
15803,3736,16054,196,104,Good Condition
15804,3736,16055,363,298,Good Condition
15805,3737,16056,146,432,Good Condition
15806,3737,16057,259,365,Good Condition
15807,3737,16058,335,247,Good Condition
15808,3737,16059,113,67,Good Condition
15809,3738,16060,236,333,Good Condition
15810,3738,16061,578,486,Good Condition
15811,3738,16062,441,257,Good Condition
15812,3738,16063,543,201,Good Condition
15813,3739,16064,251,482,Good Condition
15814,3739,16065,567,421,Good Condition
15815,3739,16066,232,42,Good Condition
15816,3739,16067,54,134,Good Condition
15817,3739,16068,515,210,Good Condition
15818,3739,16069,62,80,Good Condition
15819,3740,16070,255,181,Good Condition
15820,3740,16071,391,16,Good Condition
15821,3740,16072,43,170,Good Condition
15822,3741,16073,401,311,Service Accepted
15823,3741,16074,496,360,Good Condition
15824,3741,16075,220,321,Service Disputed
15825,3741,16076,98,73,Good Condition
15826,3742,16077,35,14,Service Accepted
15827,3742,16078,465,455,Service Accepted
15828,3742,16079,51,305,Service Accepted
15829,3742,16080,36,152,Service Accepted
15830,3742,16081,148,493,Service Accepted
15831,3742,16082,200,234,Service Accepted
15832,3743,16083,46,390,Service Accepted
15833,3743,16084,295,182,Service Accepted
15834,3743,16085,414,249,Service Accepted
15835,3743,16086,177,371,Service Accepted
15836,3743,16087,114,401,Service Incomplete
15837,3744,16088,424,465,Good Condition
15838,3744,16089,50,485,Good Condition
15839,3744,16090,345,330,Good Condition
15840,3745,16091,363,214,Good Condition
15841,3745,16092,357,486,Good Condition
15842,3745,16093,354,233,Good Condition
15843,3745,16094,316,374,Good Condition
15844,3745,16095,538,146,Good Condition
15845,3745,16096,176,255,Good Condition
15846,3746,16097,70,259,Good Condition
15847,3746,16098,486,196,Good Condition
15848,3747,16099,497,52,Good Condition
15849,3747,16100,530,175,Good Condition
15850,3747,16101,242,212,Good Condition
15851,3747,16102,79,470,Good Condition
15852,3747,16103,198,27,Good Condition
15853,3747,16104,151,200,Good Condition
15854,3748,16105,170,394,Good Condition
15855,3748,16106,54,38,Good Condition
15856,3748,16107,318,152,Good Condition
15857,3748,16108,202,277,Good Condition
15858,3748,16109,62,495,Packaging Damaged
15859,3748,16110,300,161,Good Condition
15860,3748,16111,525,415,Good Condition
15861,3748,16112,493,460,Good Condition
15862,3749,16113,210,310,Good Condition
15863,3749,16114,126,142,Good Condition
15864,3749,16115,570,252,Good Condition
15865,3750,16116,578,242,Good Condition
15866,3750,16117,59,118,Good Condition
15867,3750,16118,591,16,Good Condition
15868,3751,16119,84,312,Good Condition
15869,3751,16120,103,440,Good Condition
15870,3751,16121,205,189,Good Condition
15871,3751,16122,542,492,Good Condition
15872,3751,16123,568,449,Good Condition
15873,3751,16124,577,75,Good Condition
15874,3752,16125,25,242,Good Condition
15875,3752,16126,115,218,Good Condition
15876,3752,16127,147,449,Good Condition
15877,3753,16128,321,396,Good Condition
15878,3753,16129,407,255,Good Condition
15879,3753,16130,481,56,Good Condition
15880,3753,16131,505,311,Good Condition
15881,3753,16132,47,28,Dead on Arrival (DOA)
15882,3753,16133,91,339,Good Condition
15883,3754,16134,119,294,Good Condition
15884,3754,16135,8,311,Good Condition
15885,3754,16136,438,383,Good Condition
15886,3755,16137,462,436,Rejected - Quality Failure
15887,3755,16138,262,11,Good Condition
15888,3755,16139,391,334,Good Condition
15889,3755,16140,480,270,Good Condition
15890,3756,16141,12,86,Good Condition
15891,3756,16142,515,233,Packaging Damaged
15892,3756,16143,71,100,Good Condition
15893,3757,16144,430,402,Service Accepted
15894,3757,16145,97,372,Service Accepted
15895,3757,16146,405,42,Service Accepted
15896,3757,16147,183,347,Service Accepted
15897,3758,16148,108,385,Dead on Arrival (DOA)
15898,3758,16149,235,56,Good Condition
15899,3759,16150,129,89,Good Condition
15900,3759,16151,243,217,Good Condition
15901,3759,16152,493,414,Good Condition
15902,3760,16153,21,93,Good Condition
15903,3760,16154,62,337,Good Condition
15904,3760,16155,160,44,Good Condition
15905,3760,16156,141,379,Good Condition
15906,3761,16157,330,374,Good Condition
15907,3761,16158,48,345,Good Condition
15908,3761,16159,366,485,Good Condition
15909,3761,16160,596,22,Dead on Arrival (DOA)
15910,3761,16161,324,101,Good Condition
15911,3762,16162,135,341,Service Accepted
15912,3762,16163,342,16,Service Accepted
15913,3762,16164,557,152,Service Accepted
15914,3762,16165,94,331,Service Accepted
15915,3763,16166,462,328,Good Condition
15916,3764,16167,531,197,Service Accepted
15917,3764,16168,487,475,Service Accepted
15918,3764,16169,114,269,Service Accepted
15919,3764,16170,545,288,Service Accepted
15920,3764,16171,415,14,Service Accepted
15921,3764,16172,233,118,Service Accepted
15922,3764,16173,453,182,Service Accepted
15923,3765,16174,399,459,Good Condition
15924,3765,16175,474,42,Good Condition
15925,3766,16176,84,261,Good Condition
15926,3766,16177,185,79,Good Condition
15927,3766,16178,354,42,Good Condition
15928,3766,16179,413,484,Good Condition
15929,3767,16180,571,47,Good Condition
15930,3768,16181,598,77,Good Condition
15931,3768,16182,240,266,Good Condition
15932,3768,16183,222,371,Good Condition
15933,3768,16184,560,409,Good Condition
15934,3768,16185,170,341,Good Condition
15935,3769,16189,173,338,Service Accepted
15936,3769,16190,1,80,Good Condition
15937,3769,16191,351,454,Service Accepted
15938,3769,16192,437,72,Service Accepted
15939,3769,16193,342,290,Service Accepted
15940,3769,16194,294,88,Service Accepted
15941,3769,16195,364,460,Service Accepted
15942,3769,16196,341,225,Good Condition
15943,3769,16197,138,359,Good Condition
15944,3770,16198,273,389,Good Condition
15945,3770,16199,75,68,Good Condition
15946,3770,16200,82,251,Good Condition
15947,3770,16201,159,485,Good Condition
15948,3770,16202,187,24,Good Condition
15949,3770,16203,57,65,Good Condition
15950,3770,16204,571,418,Good Condition
15951,3771,16205,541,241,Good Condition
15952,3772,16206,218,452,Good Condition
15953,3772,16207,39,274,Service Accepted
15954,3773,16208,348,319,Service Accepted
15955,3773,16209,430,271,Service Accepted
15956,3773,16210,183,111,Service Accepted
15957,3773,16211,296,264,Service Accepted
15958,3774,16212,151,204,Good Condition
15959,3774,16213,179,307,Good Condition
15960,3774,16214,565,427,Good Condition
15961,3774,16215,407,102,Good Condition
15962,3774,16216,53,277,Good Condition
15963,3774,16217,201,233,Good Condition
15964,3774,16218,582,257,Good Condition
15965,3775,16219,439,22,Good Condition
15966,3775,16220,122,89,Minor Defect - Accepted
15967,3776,16226,119,447,Good Condition
15968,3776,16227,438,415,Good Condition
15969,3776,16228,41,302,Good Condition
15970,3776,16229,569,128,Good Condition
15971,3776,16230,571,362,Good Condition
15972,3776,16231,8,451,Good Condition
15973,3776,16232,109,66,Good Condition
15974,3777,16233,395,371,Good Condition
15975,3777,16234,287,159,Good Condition
15976,3777,16235,111,230,Good Condition
15977,3778,16236,439,220,Good Condition
15978,3778,16237,151,67,Good Condition
15979,3778,16238,460,76,Good Condition
15980,3778,16239,600,413,Good Condition
15981,3778,16240,374,295,Good Condition
15982,3778,16241,318,310,Good Condition
15983,3779,16242,359,422,Good Condition
15984,3779,16243,562,357,Good Condition
15985,3780,16244,474,132,Good Condition
15986,3780,16245,102,76,Good Condition
15987,3780,16246,574,394,Good Condition
15988,3780,16247,469,129,Good Condition
15989,3780,16248,600,181,Good Condition
15990,3780,16249,582,420,Good Condition
15991,3781,16250,512,374,Good Condition
15992,3781,16251,406,255,Good Condition
15993,3781,16252,29,75,Good Condition
15994,3781,16253,446,256,Good Condition
15995,3781,16254,244,478,Good Condition
15996,3781,16255,449,476,Good Condition
15997,3781,16256,509,110,Good Condition
15998,3782,16257,441,236,Good Condition
15999,3782,16258,368,207,Good Condition
16000,3782,16259,556,333,Good Condition
16001,3782,16260,567,108,Good Condition
16002,3782,16261,570,76,Good Condition
16003,3783,16262,274,176,Service Incomplete
16004,3783,16263,55,206,Service Accepted
16005,3783,16264,529,75,Service Accepted
16006,3784,16265,243,209,Good Condition
16007,3784,16266,553,87,Good Condition
16008,3784,16267,319,440,Good Condition
16009,3784,16268,483,90,Good Condition
16010,3784,16269,129,411,Good Condition
16011,3785,16270,476,93,Good Condition
16012,3785,16271,558,43,Good Condition
16013,3785,16272,300,281,Good Condition
16014,3786,16273,175,83,Good Condition
16015,3787,16274,551,244,Good Condition
16016,3787,16275,172,35,Good Condition
16017,3787,16276,408,364,Good Condition
16018,3788,16277,572,246,Good Condition
16019,3788,16278,318,359,Good Condition
16020,3788,16279,418,194,Good Condition
16021,3788,16280,123,138,Good Condition
16022,3788,16281,445,190,Good Condition
16023,3788,16282,42,484,Good Condition
16024,3788,16283,264,375,Good Condition
16025,3788,16284,566,400,Good Condition
16026,3789,16285,335,158,Good Condition
16027,3789,16286,319,51,Dead on Arrival (DOA)
16028,3789,16287,146,383,Good Condition
16029,3790,16288,371,420,Good Condition
16030,3790,16289,141,272,Good Condition
16031,3790,16290,489,174,Good Condition
16032,3790,16291,84,248,Good Condition
16033,3790,16292,13,149,Good Condition
16034,3790,16293,418,266,Good Condition
16035,3790,16294,70,270,Good Condition
16036,3790,16295,87,378,Good Condition
16037,3790,16296,582,484,Dead on Arrival (DOA)
16038,3791,16297,42,72,Good Condition
16039,3791,16298,371,215,Good Condition
16040,3791,16299,13,420,Good Condition
16041,3791,16300,413,29,Good Condition
16042,3791,16301,185,98,Good Condition
16043,3792,16302,462,426,Good Condition
16044,3792,16303,456,405,Good Condition
16045,3792,16304,210,405,Rejected - Quality Failure
16046,3792,16305,89,331,Good Condition
16047,3793,16306,159,13,Rejected - Quality Failure
16048,3793,16307,237,197,Rejected - Quality Failure
16049,3793,16308,275,313,Good Condition
16050,3793,16309,480,137,Good Condition
16051,3794,16310,471,47,Good Condition
16052,3794,16311,48,424,Good Condition
16053,3795,16312,103,421,Good Condition
16054,3795,16313,330,338,Good Condition
16055,3796,16314,30,302,Good Condition
16056,3797,16315,287,175,Good Condition
16057,3797,16316,550,178,Good Condition
16058,3797,16317,393,112,Good Condition
16059,3797,16318,43,223,Good Condition
16060,3798,16319,202,328,Rejected - Quality Failure
16061,3798,16320,391,492,Good Condition
16062,3798,16321,462,369,Rejected - Quality Failure
16063,3798,16322,558,101,Good Condition
16064,3799,16323,542,412,Good Condition
16065,3799,16324,335,463,Good Condition
16066,3799,16325,103,242,Good Condition
16067,3799,16326,84,428,Good Condition
16068,3800,16327,366,351,Good Condition
16069,3800,16328,567,300,Good Condition
16070,3800,16329,251,383,Good Condition
16071,3801,16330,15,380,Minor Defect - Accepted
16072,3801,16331,89,86,Good Condition
16073,3801,16332,551,365,Good Condition
16074,3802,16333,324,362,Packaging Damaged
16075,3802,16334,538,44,Good Condition
16076,3802,16335,77,237,Good Condition
16077,3802,16336,197,38,Good Condition
16078,3802,16337,460,168,Good Condition
16079,3802,16338,16,109,Good Condition
16080,3803,16339,497,159,Good Condition
16081,3803,16340,147,433,Good Condition
16082,3804,16341,211,322,Good Condition
16083,3804,16342,548,63,Good Condition
16084,3804,16343,449,50,Good Condition
16085,3805,16344,326,75,Service Accepted
16086,3805,16345,72,73,Service Accepted
16087,3805,16346,501,99,Service Accepted
16088,3805,16347,554,161,Service Accepted
16089,3806,16348,415,404,Service Accepted
16090,3806,16349,190,138,Service Accepted
16091,3807,16350,542,62,Good Condition
16092,3807,16351,596,246,Good Condition
16093,3807,16352,103,491,Good Condition
16094,3807,16353,568,433,Good Condition
16095,3807,16354,84,117,Good Condition
16096,3807,16355,335,293,Good Condition
16097,3807,16356,205,368,Good Condition
16098,3808,16357,188,50,Good Condition
16099,3809,16358,562,117,Good Condition
16100,3809,16359,519,432,Good Condition
16101,3809,16360,319,222,Good Condition
16102,3809,16361,330,480,Good Condition
16103,3809,16362,580,372,Good Condition
16104,3810,16363,446,142,Good Condition
16105,3810,16364,227,57,Good Condition
16106,3811,16365,306,188,Good Condition
16107,3811,16366,48,322,Good Condition
16108,3811,16367,81,492,Good Condition
16109,3811,16368,287,80,Good Condition
16110,3812,16369,554,442,Service Accepted
16111,3812,16370,501,201,Service Accepted
16112,3812,16371,274,364,Service Accepted
16113,3812,16372,326,290,Service Accepted
16114,3812,16373,72,224,Service Accepted
16115,3813,16374,481,176,Good Condition
16116,3813,16375,117,475,Good Condition
16117,3814,16376,416,165,Good Condition
16118,3814,16377,439,119,Good Condition
16119,3814,16378,345,91,Good Condition
16120,3814,16379,226,27,Good Condition
16121,3815,16380,354,81,Good Condition
16122,3815,16381,316,250,Good Condition
16123,3815,16382,538,363,Good Condition
16124,3816,16383,450,47,Good Condition
16125,3816,16384,175,310,Good Condition
16126,3816,16385,54,477,Good Condition
16127,3816,16386,240,424,Good Condition
16128,3816,16387,287,380,Good Condition
16129,3816,16388,493,478,Good Condition
16130,3817,16389,71,396,Good Condition
16131,3817,16390,493,104,Good Condition
16132,3817,16391,16,90,Good Condition
16133,3817,16392,251,37,Good Condition
16134,3817,16393,469,347,Good Condition
16135,3817,16394,424,211,Dead on Arrival (DOA)
16136,3818,16395,432,452,Good Condition
16137,3818,16396,151,390,Good Condition
16138,3818,16397,205,260,Good Condition
16139,3818,16398,547,248,Good Condition
16140,3818,16399,512,406,Good Condition
16141,3818,16400,449,256,Good Condition
16142,3819,16401,114,69,Service Accepted
16143,3819,16402,190,149,Service Accepted
16144,3819,16403,555,328,Service Accepted
16145,3820,16404,62,324,Good Condition
16146,3820,16405,110,398,Good Condition
16147,3820,16406,368,308,Good Condition
16148,3820,16407,202,487,Good Condition
16149,3820,16408,352,386,Good Condition
16150,3820,16409,308,128,Good Condition
16151,3821,16410,493,68,Good Condition
16152,3821,16411,196,78,Good Condition
16153,3821,16412,345,78,Good Condition
16154,3821,16413,568,63,Good Condition
16155,3821,16414,524,149,Good Condition
16156,3821,16415,38,49,Good Condition
16157,3822,16416,536,480,Good Condition
16158,3822,16417,83,103,Good Condition
16159,3822,16418,207,200,Good Condition
16160,3822,16419,261,278,Good Condition
16161,3822,16420,118,183,Service Accepted
16162,3823,16421,317,346,Good Condition
16163,3824,16422,196,385,Rejected - Quality Failure
16164,3824,16423,359,103,Rejected - Quality Failure
16165,3825,16424,43,222,Good Condition
16166,3825,16425,363,177,Good Condition
16167,3825,16426,287,257,Good Condition
16168,3825,16427,456,58,Good Condition
16169,3825,16428,236,311,Good Condition
16170,3825,16429,227,454,Good Condition
16171,3826,16430,541,52,Good Condition
16172,3826,16431,308,326,Good Condition
16173,3826,16432,450,110,Good Condition
16174,3827,16433,418,406,Good Condition
16175,3827,16434,211,251,Good Condition
16176,3827,16435,111,95,Good Condition
16177,3827,16436,578,115,Good Condition
16178,3828,16437,597,375,Good Condition
16179,3828,16438,370,262,Good Condition
16180,3828,16439,172,34,Good Condition
16181,3829,16440,13,327,Good Condition
16182,3829,16441,165,489,Good Condition
16183,3829,16442,179,205,Good Condition
16184,3829,16443,239,230,Good Condition
16185,3829,16444,560,445,Good Condition
16186,3829,16445,489,402,Good Condition
16187,3830,16446,378,466,Service Accepted
16188,3830,16447,72,228,Service Accepted
16189,3831,16448,79,390,Good Condition
16190,3831,16449,456,452,Good Condition
16191,3832,16450,530,141,Good Condition
16192,3833,16451,489,190,Good Condition
16193,3833,16452,159,66,Good Condition
16194,3833,16453,77,346,Good Condition
16195,3833,16454,409,34,Good Condition
16196,3834,16455,8,366,Wrong Item Sent
16197,3834,16456,238,151,Good Condition
16198,3834,16457,421,193,Good Condition
16199,3834,16458,438,407,Good Condition
16200,3834,16459,383,26,Good Condition
16201,3834,16460,178,379,Good Condition
16202,3834,16461,370,229,Good Condition
16203,3835,16462,137,199,Good Condition
16204,3835,16463,250,260,Good Condition
16205,3835,16464,51,367,Service Accepted
16206,3835,16465,266,59,Good Condition
16207,3836,16466,66,232,Good Condition
16208,3836,16467,220,362,Service Accepted
16209,3836,16468,401,332,Service Accepted
16210,3837,16469,212,492,Service Accepted
16211,3837,16470,177,441,Service Accepted
16212,3837,16471,233,157,Service Accepted
16213,3837,16472,220,391,Service Accepted
16214,3837,16473,51,445,Service Accepted
16215,3838,16474,159,352,Good Condition
16216,3838,16475,12,127,Good Condition
16217,3838,16476,275,119,Good Condition
16218,3838,16477,9,306,Good Condition
16219,3838,16478,47,132,Rejected - Quality Failure
16220,3838,16479,179,303,Rejected - Quality Failure
16221,3838,16480,480,344,Rejected - Quality Failure
16222,3839,16481,335,341,Good Condition
16223,3840,16482,519,483,Good Condition
16224,3840,16483,426,379,Good Condition
16225,3840,16484,570,300,Good Condition
16226,3840,16485,598,221,Good Condition
16227,3840,16486,578,326,Good Condition
16228,3840,16487,56,482,Good Condition
16229,3840,16488,319,365,Good Condition
16230,3840,16489,330,277,Good Condition
16231,3841,16490,548,55,Good Condition
16232,3841,16491,172,384,Good Condition
16233,3841,16492,211,423,Good Condition
16234,3841,16493,550,417,Good Condition
16235,3841,16494,175,424,Good Condition
16236,3841,16495,335,55,Good Condition
16237,3841,16496,593,489,Good Condition
16238,3841,16497,377,370,Good Condition
16239,3842,16498,87,309,Good Condition
16240,3842,16499,530,398,Good Condition
16241,3842,16500,480,493,Good Condition
16242,3842,16501,217,389,Good Condition
16243,3842,16502,377,490,Good Condition
16244,3843,16503,70,175,Good Condition
16245,3843,16504,424,255,Good Condition
16246,3843,16505,450,254,Good Condition
16247,3843,16506,445,477,Good Condition
16248,3843,16507,80,173,Good Condition
16249,3843,16508,345,361,Good Condition
16250,3843,16509,541,160,Good Condition
16251,3844,16510,89,234,Good Condition
16252,3844,16511,147,358,Good Condition
16253,3844,16512,150,483,Good Condition
16254,3845,16513,188,458,Good Condition
16255,3845,16514,560,425,Good Condition
16256,3845,16515,205,146,Wrong Item Sent
16257,3845,16516,103,64,Good Condition
16258,3845,16517,542,278,Good Condition
16259,3845,16518,335,437,Good Condition
16260,3846,16519,119,30,Good Condition
16261,3846,16520,113,49,Good Condition
16262,3846,16521,91,457,Good Condition
16263,3846,16522,251,303,Good Condition
16264,3846,16523,368,330,Good Condition
16265,3847,16524,324,37,Good Condition
16266,3847,16525,70,400,Good Condition
16267,3847,16526,172,81,Good Condition
16268,3847,16527,89,480,Good Condition
16269,3847,16528,314,491,Good Condition
16270,3847,16529,29,480,Good Condition
16271,3847,16530,580,230,Good Condition
16272,3847,16531,179,78,Good Condition
16273,3848,16532,541,421,Good Condition
16274,3848,16533,239,257,Good Condition
16275,3848,16534,165,149,Good Condition
16276,3848,16535,170,123,Good Condition
16277,3849,16536,57,117,Good Condition
16278,3849,16537,8,101,Good Condition
16279,3849,16538,572,125,Good Condition
16280,3849,16539,591,391,Good Condition
16281,3849,16540,543,205,Good Condition
16282,3849,16541,153,237,Dead on Arrival (DOA)
16283,3850,16544,285,344,Good Condition
16284,3851,16545,317,23,Good Condition
16285,3851,16546,202,430,Good Condition
16286,3851,16547,308,70,Good Condition
16287,3851,16548,62,363,Good Condition
16288,3851,16549,352,42,Good Condition
16289,3851,16550,368,111,Good Condition
16290,3851,16551,424,454,Good Condition
16291,3852,16552,476,133,Good Condition
16292,3852,16553,50,111,Good Condition
16293,3852,16554,300,379,Good Condition
16294,3852,16555,558,124,Good Condition
16295,3853,16556,13,202,Good Condition
16296,3853,16557,283,309,Good Condition
16297,3853,16558,396,124,Good Condition
16298,3853,16559,25,301,Good Condition
16299,3853,16560,486,491,Good Condition
16300,3853,16561,81,380,Wrong Item Sent
16301,3853,16562,596,361,Good Condition
16302,3854,16563,43,181,Good Condition
16303,3855,16564,151,468,Good Condition
16304,3856,16565,424,143,Good Condition
16305,3856,16566,567,353,Good Condition
16306,3856,16567,86,418,Good Condition
16307,3856,16568,62,130,Good Condition
16308,3856,16569,301,114,Good Condition
16309,3856,16570,512,343,Good Condition
16310,3857,16571,374,455,Good Condition
16311,3857,16572,151,359,Good Condition
16312,3857,16573,318,274,Good Condition
16313,3857,16574,600,392,Good Condition
16314,3857,16575,439,439,Good Condition
16315,3857,16576,127,275,Packaging Damaged
16316,3858,16577,501,241,Service Accepted
16317,3858,16578,289,141,Service Accepted
16318,3859,16579,543,309,Good Condition
16319,3859,16580,476,328,Good Condition
16320,3859,16581,50,197,Good Condition
16321,3859,16582,300,326,Good Condition
16322,3859,16583,568,117,Good Condition
16323,3860,16584,122,229,Rejected - Quality Failure
16324,3860,16585,111,473,Good Condition
16325,3860,16586,102,86,Good Condition
16326,3860,16587,324,326,Good Condition
16327,3860,16588,541,289,Good Condition
16328,3861,16589,361,71,Service Accepted
16329,3862,16590,36,339,Service Accepted
16330,3863,16591,501,232,Service Accepted
16331,3863,16592,540,131,Service Accepted
16332,3863,16593,72,424,Service Accepted
16333,3863,16594,274,336,Service Accepted
16334,3864,16595,525,85,Good Condition
16335,3864,16596,493,475,Good Condition
16336,3864,16597,440,394,Good Condition
16337,3864,16598,41,466,Good Condition
16338,3864,16599,30,273,Good Condition
16339,3864,16600,562,499,Good Condition
16340,3864,16601,217,425,Good Condition
16341,3865,16602,530,254,Good Condition
16342,3865,16603,146,330,Good Condition
16343,3865,16604,217,490,Good Condition
16344,3865,16605,23,209,Good Condition
16345,3865,16606,87,443,Good Condition
16346,3866,16607,524,467,Good Condition
16347,3866,16608,508,111,Good Condition
16348,3866,16609,81,317,Good Condition
16349,3866,16610,71,302,Good Condition
16350,3867,16611,306,103,Good Condition
16351,3867,16612,81,78,Good Condition
16352,3867,16613,48,149,Screen Damaged
16353,3867,16614,102,94,Good Condition
16354,3867,16615,70,360,Good Condition
16355,3868,16616,194,257,Good Condition
16356,3868,16617,598,257,Good Condition
16357,3868,16618,129,130,Good Condition
16358,3868,16619,42,485,Good Condition
16359,3868,16620,499,412,Good Condition
16360,3868,16621,255,190,Good Condition
16361,3869,16622,179,294,Good Condition
16362,3869,16623,196,444,Good Condition
16363,3870,16624,217,236,Good Condition
16364,3870,16625,243,173,Good Condition
16365,3870,16626,211,409,Good Condition
16366,3870,16627,249,215,Good Condition
16367,3870,16628,432,309,Good Condition
16368,3871,16629,153,492,Good Condition
16369,3871,16630,176,438,Good Condition
16370,3871,16631,493,262,Good Condition
16371,3871,16632,562,307,Good Condition
16372,3872,16633,482,36,Service Accepted
16373,3872,16634,199,266,Service Accepted
16374,3872,16635,289,128,Service Accepted
16375,3872,16636,281,399,Service Accepted
16376,3872,16637,248,419,Service Accepted
16377,3873,16638,456,324,Good Condition
16378,3873,16639,79,60,Good Condition
16379,3873,16640,240,332,Good Condition
16380,3873,16641,600,310,Good Condition
16381,3873,16642,129,68,Good Condition
16382,3874,16643,375,333,Good Condition
16383,3874,16644,374,462,Good Condition
16384,3874,16645,433,136,Good Condition
16385,3874,16646,325,37,Good Condition
16386,3874,16647,110,176,Good Condition
16387,3874,16648,395,424,Good Condition
16388,3874,16649,189,452,Good Condition
16389,3874,16650,12,57,Good Condition
16390,3874,16651,260,318,Good Condition
16391,3875,16652,588,155,Good Condition
16392,3875,16653,42,150,Good Condition
16393,3875,16654,290,473,Good Condition
16394,3875,16655,357,493,Good Condition
16395,3875,16656,123,439,Good Condition
16396,3875,16657,237,500,Good Condition
16397,3875,16658,550,114,Good Condition
16398,3875,16659,318,448,Good Condition
16399,3875,16660,535,327,Good Condition
16400,3875,16661,418,163,Good Condition
16401,3876,16662,391,287,Good Condition
16402,3876,16663,340,136,Good Condition
16403,3876,16664,551,86,Good Condition
16404,3876,16665,395,170,Packaging Damaged
16405,3876,16666,8,391,Good Condition
16406,3877,16667,553,89,Good Condition
16407,3877,16668,567,445,Good Condition
16408,3877,16669,395,67,Good Condition
16409,3877,16670,77,412,Good Condition
16410,3877,16671,74,171,Good Condition
16411,3878,16672,308,391,Good Condition
16412,3878,16673,70,428,Good Condition
16413,3878,16674,345,457,Good Condition
16414,3878,16675,541,379,Good Condition
16415,3878,16676,424,347,Good Condition
16416,3878,16677,445,27,Good Condition
16417,3879,16678,486,354,Good Condition
16418,3879,16679,570,439,Good Condition
16419,3880,16680,571,178,Good Condition
16420,3880,16681,26,333,Good Condition
16421,3880,16682,53,115,Good Condition
16422,3880,16683,375,296,Good Condition
16423,3881,16684,8,422,Good Condition
16424,3881,16685,425,390,Good Condition
16425,3881,16686,48,15,Good Condition
16426,3882,16687,83,261,Good Condition
16427,3882,16688,549,70,Service Accepted
16428,3883,16689,291,320,Good Condition
16429,3883,16690,391,284,Good Condition
16430,3883,16691,165,389,Good Condition
16431,3883,16692,141,470,Good Condition
16432,3883,16693,597,49,Good Condition
16433,3883,16694,175,379,Good Condition
16434,3883,16695,293,175,Good Condition
16435,3884,16696,320,331,Good Condition
16436,3884,16697,437,343,Service Accepted
16437,3884,16698,470,181,Good Condition
16438,3884,16699,387,478,Service Accepted
16439,3884,16700,274,188,Service Accepted
16440,3885,16701,54,467,Good Condition
16441,3885,16702,285,221,Good Condition
16442,3885,16703,232,358,Packaging Damaged
16443,3885,16704,62,237,Good Condition
16444,3886,16705,440,261,Good Condition
16445,3886,16706,525,422,Good Condition
16446,3886,16707,41,366,Good Condition
16447,3886,16708,170,29,Good Condition
16448,3886,16709,202,134,Good Condition
16449,3886,16710,217,137,Good Condition
16450,3887,16711,525,447,Screen Damaged
16451,3887,16712,407,70,Good Condition
16452,3887,16713,311,238,Good Condition
16453,3887,16714,78,413,Good Condition
16454,3887,16715,178,262,Good Condition
16455,3887,16716,240,61,Good Condition
16456,3887,16717,374,480,Good Condition
16457,3887,16718,57,300,Good Condition
16458,3888,16719,115,187,Good Condition
16459,3889,16720,70,24,Good Condition
16460,3889,16721,582,420,Good Condition
16461,3890,16722,189,277,Good Condition
16462,3890,16723,372,141,Good Condition
16463,3890,16724,167,302,Good Condition
16464,3890,16725,483,73,Good Condition
16465,3890,16726,571,149,Good Condition
16466,3890,16727,514,62,Good Condition
16467,3891,16728,142,302,Service Accepted
16468,3891,16729,258,402,Service Accepted
16469,3891,16730,173,231,Service Accepted
16470,3891,16731,95,317,Service Accepted
16471,3891,16732,35,259,Service Accepted
16472,3892,16733,508,489,Good Condition
16473,3892,16734,179,425,Good Condition
16474,3893,16735,296,380,Service Accepted
16475,3893,16736,133,345,Service Disputed
16476,3893,16737,457,49,Service Incomplete
16477,3893,16738,348,144,Service Accepted
16478,3893,16739,326,384,Service Accepted
16479,3893,16740,427,275,Service Accepted
16480,3893,16741,573,208,Service Accepted
16481,3894,16742,597,198,Good Condition
16482,3895,16743,30,435,Good Condition
16483,3895,16744,69,376,Good Condition
16484,3895,16745,25,420,Good Condition
16485,3895,16746,53,192,Good Condition
16486,3895,16747,182,298,Good Condition
16487,3896,16748,230,211,Good Condition
16488,3896,16749,45,18,Dead on Arrival (DOA)
16489,3896,16750,157,181,Good Condition
16490,3896,16751,255,237,Good Condition
16491,3896,16752,174,371,Good Condition
16492,3896,16753,54,232,Good Condition
16493,3896,16754,38,168,Good Condition
16494,3897,16755,249,386,Good Condition
16495,3897,16756,474,174,Good Condition
16496,3897,16757,154,35,Good Condition
16497,3898,16758,21,56,Good Condition
16498,3898,16759,243,121,Packaging Damaged
16499,3898,16760,513,453,Good Condition
16500,3898,16761,360,376,Good Condition
16501,3898,16762,493,299,Good Condition
16502,3898,16763,488,282,Good Condition
16503,3899,16764,173,28,Service Accepted
16504,3899,16765,241,33,Service Incomplete
16505,3900,16766,410,402,Good Condition
16506,3900,16767,446,17,Good Condition
16507,3901,16772,151,99,Good Condition
16508,3901,16773,460,457,Wrong Item Sent
16509,3901,16774,56,386,Good Condition
16510,3902,16775,318,273,Good Condition
16511,3902,16776,293,389,Good Condition
16512,3902,16777,535,57,Good Condition
16513,3902,16778,513,88,Good Condition
16514,3902,16779,23,58,Good Condition
16515,3903,16780,42,210,Good Condition
16516,3903,16781,499,373,Good Condition
16517,3903,16782,194,111,Good Condition
16518,3903,16783,598,358,Good Condition
16519,3903,16784,591,248,Good Condition
16520,3903,16785,513,161,Good Condition
16521,3903,16786,129,274,Good Condition
16522,3903,16787,425,479,Good Condition
16523,3904,16788,85,370,Service Accepted
16524,3904,16789,96,274,Service Accepted
16525,3904,16790,27,423,Service Accepted
16526,3905,16791,92,199,Good Condition
16527,3905,16792,70,31,Good Condition
16528,3905,16793,375,195,Good Condition
16529,3905,16794,13,204,Good Condition
16530,3905,16795,129,448,Good Condition
16531,3905,16796,572,228,Good Condition
16532,3905,16797,222,93,Good Condition
16533,3905,16798,108,288,Good Condition
16534,3906,16799,375,331,Good Condition
16535,3906,16800,78,206,Good Condition
16536,3906,16801,8,351,Good Condition
16537,3906,16802,360,112,Good Condition
16538,3906,16803,272,145,Good Condition
16539,3907,16804,377,120,Good Condition
16540,3907,16805,318,203,Good Condition
16541,3907,16806,490,61,Good Condition
16542,3907,16807,146,47,Good Condition
16543,3907,16808,530,446,Good Condition
16544,3907,16809,543,54,Good Condition
16545,3908,16810,530,326,Good Condition
16546,3908,16811,407,218,Good Condition
16547,3909,16812,583,28,Good Condition
16548,3909,16813,399,165,Good Condition
16549,3910,16814,392,90,Good Condition
16550,3910,16815,418,368,Good Condition
16551,3911,16816,480,166,Good Condition
16552,3911,16817,318,328,Good Condition
16553,3911,16818,543,268,Good Condition
16554,3912,16819,81,380,Good Condition
16555,3912,16820,48,102,Good Condition
16556,3912,16821,287,436,Good Condition
16557,3913,16822,170,463,Good Condition
16558,3913,16823,275,475,Good Condition
16559,3913,16824,235,155,Good Condition
16560,3913,16825,179,307,Good Condition
16561,3913,16826,519,294,Good Condition
16562,3913,16827,79,37,Good Condition
16563,3914,16828,273,367,Good Condition
16564,3915,16829,319,126,Good Condition
16565,3915,16830,445,268,Good Condition
16566,3915,16831,15,208,Good Condition
16567,3915,16832,577,276,Good Condition
16568,3915,16833,293,301,Good Condition
16569,3916,16834,243,372,Good Condition
16570,3916,16835,211,17,Screen Damaged
16571,3916,16836,324,71,Good Condition
16572,3916,16837,441,359,Good Condition
16573,3916,16838,577,393,Good Condition
16574,3916,16839,227,312,Good Condition
16575,3917,16840,244,169,Good Condition
16576,3917,16841,255,458,Good Condition
16577,3917,16842,194,371,Good Condition
16578,3917,16843,425,214,Good Condition
16579,3917,16844,598,273,Good Condition
16580,3917,16845,42,486,Good Condition
16581,3917,16846,591,333,Good Condition
16582,3917,16847,129,126,Good Condition
16583,3918,16848,535,273,Rejected - Quality Failure
16584,3918,16849,469,165,Rejected - Quality Failure
16585,3918,16850,12,348,Good Condition
16586,3918,16851,480,480,Good Condition
16587,3918,16852,206,255,Rejected - Quality Failure
16588,3919,16853,166,430,Good Condition
16589,3919,16854,334,444,Good Condition
16590,3919,16855,574,37,Good Condition
16591,3919,16856,291,160,Good Condition
16592,3919,16857,543,79,Good Condition
16593,3920,16858,558,432,Good Condition
16594,3920,16859,13,255,Good Condition
16595,3920,16860,108,383,Good Condition
16596,3920,16861,486,251,Good Condition
16597,3920,16862,70,215,Good Condition
16598,3920,16863,92,242,Good Condition
16599,3921,16864,593,133,Good Condition
16600,3921,16865,287,330,Good Condition
16601,3921,16866,211,57,Good Condition
16602,3922,16867,556,361,Good Condition
16603,3923,16868,560,145,Good Condition
16604,3923,16869,556,278,Good Condition
16605,3923,16870,406,280,Good Condition
16606,3923,16871,317,124,Good Condition
16607,3923,16872,141,446,Good Condition
16608,3924,16873,48,361,Good Condition
16609,3924,16874,115,383,Good Condition
16610,3924,16875,185,32,Good Condition
16611,3924,16876,232,323,Good Condition
16612,3925,16877,304,58,Good Condition
16613,3925,16878,371,22,Good Condition
16614,3925,16879,28,188,Good Condition
16615,3925,16880,25,271,Good Condition
16616,3925,16881,450,403,Good Condition
16617,3925,16882,499,492,Minor Defect - Accepted
16618,3926,16883,189,289,Good Condition
16619,3926,16884,372,343,Good Condition
16620,3926,16885,562,200,Good Condition
16621,3926,16886,345,219,Good Condition
16622,3926,16887,167,247,Good Condition
16623,3926,16888,572,443,Good Condition
16624,3927,16889,125,188,Good Condition
16625,3927,16890,582,36,Good Condition
16626,3927,16891,512,82,Good Condition
16627,3927,16892,375,338,Good Condition
16628,3927,16893,368,289,Good Condition
16629,3928,16894,242,85,Good Condition
16630,3928,16895,42,269,Good Condition
16631,3928,16896,558,452,Good Condition
16632,3928,16897,287,237,Good Condition
16633,3928,16898,541,212,Good Condition
16634,3928,16899,319,245,Good Condition
16635,3929,16900,16,307,Good Condition
16636,3930,16901,432,384,Good Condition
16637,3930,16902,210,211,Good Condition
16638,3930,16903,570,331,Good Condition
16639,3931,16904,81,470,Good Condition
16640,3931,16905,236,74,Good Condition
16641,3931,16906,433,224,Good Condition
16642,3931,16907,553,24,Good Condition
16643,3931,16908,483,327,Good Condition
16644,3931,16909,493,398,Good Condition
16645,3932,16910,260,240,Good Condition
16646,3932,16911,71,422,Good Condition
16647,3932,16912,438,339,Good Condition
16648,3932,16913,230,493,Good Condition
16649,3932,16914,486,472,Good Condition
16650,3933,16915,449,379,Good Condition
16651,3934,16916,551,190,Good Condition
16652,3934,16917,456,343,Good Condition
16653,3934,16918,185,333,Good Condition
16654,3934,16919,565,116,Good Condition
16655,3934,16920,530,453,Good Condition
16656,3935,16921,491,412,Good Condition
16657,3935,16922,185,17,Good Condition
16658,3935,16923,48,12,Good Condition
16659,3935,16924,89,401,Good Condition
16660,3936,16925,364,199,Service Accepted
16661,3936,16926,120,305,Good Condition
16662,3936,16927,437,148,Service Accepted
16663,3936,16928,7,402,Good Condition
16664,3936,16929,274,316,Service Accepted
16665,3936,16930,500,217,Good Condition
16666,3936,16931,470,308,Good Condition
