invoice_id,po_id,grn_id,invoice_date,vendor_invoice_no,invoice_amount,currency,spend_category
1,1,1,2023-11-01,INV-8002,7036431.44,BDT,Inventory
2,2,2,2023-12-18,INV-6069,6311902.12,BDT,Opex-Marketing
3,3,3,2022-12-02,INV-5289,625881.13,BDT,Inventory
4,4,4,2021-11-23,INV-9017,2512896.0,BDT,Inventory
5,5,5,2023-03-13,INV-6289,5681057.35,BDT,Inventory
6,6,6,2022-09-07,INV-7418,264548.79,USD,Capex-IT
7,7,7,2023-02-06,INV-8785,3479638.58,BDT,Inventory
8,8,8,2023-01-28,INV-2516,1683709.68,BDT,Inventory
9,9,9,2021-03-24,INV-1176,40739.88,USD,Inventory
10,10,10,2020-11-26,INV-8126,21781.21,USD,Inventory
11,11,11,2023-12-18,INV-9251,6374313.64,BDT,Inventory
12,12,12,2023-05-07,INV-2540,325786.68,USD,Inventory
13,13,13,2021-02-03,INV-4459,598893.04,USD,Capex-IT
14,14,14,2023-07-20,INV-0024,845790.86,BDT,Inventory
15,15,15,2023-05-12,INV-1833,7012151.57,BDT,Inventory
16,16,16,2023-01-09,INV-8256,2855571.52,BDT,Opex-Marketing
17,17,17,2022-03-05,INV-0915,307259.02,USD,Inventory
18,18,18,2022-04-07,INV-5234,2426403.31,BDT,Inventory
19,19,19,2023-01-15,INV-7265,2696941.41,BDT,Opex-Marketing
20,20,20,2022-07-19,INV-5253,773643.39,USD,Capex-IT
21,21,21,2021-09-17,INV-5390,158160.48,CNY,Capex-IT
22,22,22,2023-12-10,INV-2251,66821.49,BDT,Opex-Marketing
23,23,23,2023-05-16,INV-8696,856255.96,BDT,Inventory
24,24,24,2023-09-19,INV-3388,60504.56,CNY,Inventory
25,25,25,2023-05-30,INV-6407,990544.16,BDT,Inventory
26,26,26,2023-08-27,INV-0155,198118.64,USD,Inventory
27,27,27,2021-05-30,INV-7307,698684.0,BDT,Inventory
28,28,28,2022-02-23,INV-2061,2142642.96,BDT,Inventory
29,29,29,2020-06-23,INV-6139,5986.51,CNY,Inventory
30,30,30,2022-07-21,INV-4477,6780.71,CNY,Inventory
31,31,31,2021-11-03,INV-4742,3400235.0,BDT,Inventory
32,32,32,2023-01-13,INV-0658,30085.44,BDT,Inventory
33,33,33,2021-10-19,INV-7492,3748874.0,BDT,Inventory
34,34,34,2021-09-14,INV-7270,4611331.0,BDT,Inventory
35,35,35,2023-09-13,INV-1459,1991001.0,BDT,Inventory
36,36,36,2022-06-04,INV-3403,251427.4,BDT,Opex-Marketing
37,37,37,2023-02-25,INV-4749,2128255.07,BDT,Opex-Logistics
38,38,38,2020-09-21,INV-7078,16649.3,USD,Inventory
39,39,39,2023-09-09,INV-0423,3243819.12,BDT,Opex-Facility
40,40,40,2023-08-19,INV-2971,2344052.06,BDT,Inventory
41,41,41,2021-09-18,INV-6383,3353934.0,BDT,Inventory
42,42,42,2021-12-23,INV-5678,1240041.0,BDT,Inventory
43,43,43,2023-10-28,INV-4325,4624642.32,BDT,Opex-Admin
44,44,44,2022-02-24,INV-2848,24786.96,USD,Inventory
45,45,45,2022-11-30,INV-6928,2583541.28,BDT,Inventory
46,46,46,2023-01-22,INV-9846,75417.72,USD,Inventory
47,47,47,2020-08-13,INV-4545,4713964.0,BDT,Inventory
48,48,48,2023-05-23,INV-0818,2778588.82,BDT,Inventory
49,49,49,2022-05-07,INV-1510,873940.26,BDT,Opex-Marketing
50,50,50,2021-05-06,INV-7269,1306625.0,BDT,Inventory
51,51,51,2022-09-06,INV-5704,4314228.89,BDT,Inventory
52,52,52,2023-08-15,INV-9171,1791605.83,BDT,Inventory
53,53,53,2022-11-14,INV-2559,595169.45,BDT,Opex-Marketing
54,54,54,2021-07-22,INV-1001,2743768.0,BDT,Inventory
55,55,55,2023-07-04,INV-4689,362794.23,USD,Inventory
56,56,56,2023-08-08,INV-7547,5640910.84,BDT,Inventory
57,57,57,2021-07-18,INV-4819,907189.0,BDT,Inventory
58,58,58,2023-01-04,INV-5056,6311113.09,BDT,Inventory
59,59,59,2021-11-23,INV-6758,4250593.0,BDT,Inventory
60,60,60,2022-02-26,INV-7582,2801178.4,BDT,Inventory
61,61,61,2021-02-03,INV-4233,3354776.0,BDT,Opex-Marketing
62,62,62,2023-10-16,INV-3981,4421667.6,BDT,Opex-Marketing
63,63,63,2020-10-06,INV-6668,2116365.0,BDT,Inventory
64,64,64,2023-05-30,INV-6349,83970.37,CNY,Capex-IT
65,65,65,2022-11-16,INV-5737,4145780.46,BDT,Opex-Marketing
66,66,66,2021-10-13,INV-3606,189930.0,BDT,Inventory
67,67,67,2023-09-12,INV-1513,180427.22,USD,Inventory
68,68,68,2023-11-14,INV-6258,123560.22,CNY,Capex-IT
69,69,69,2020-09-13,INV-8627,483022.75,USD,Inventory
70,70,70,2022-06-14,INV-3266,5732167.02,BDT,Inventory
71,71,71,2023-03-13,INV-3529,4146488.71,BDT,Inventory
72,72,72,2020-06-07,INV-6617,1749909.0,BDT,Opex-Facility
73,73,73,2021-06-16,INV-1971,149162.17,CNY,Capex-IT
74,74,74,2021-08-08,INV-2951,2595497.0,BDT,Inventory
75,75,75,2022-12-16,INV-3100,238787.75,USD,Capex-IT
76,76,76,2022-11-14,INV-7005,3368842.82,BDT,Inventory
77,77,77,2021-01-09,INV-9060,8395322.0,BDT,Opex-Marketing
78,78,78,2020-03-14,INV-1855,116513.0,BDT,Inventory
79,79,79,2021-05-14,INV-9038,25896.85,USD,Inventory
80,80,80,2023-02-02,INV-0470,3110791.98,BDT,Inventory
81,81,81,2023-05-05,INV-8823,856439.71,USD,Capex-IT
82,82,82,2023-01-17,INV-9565,482539.32,CNY,Inventory
83,83,83,2022-12-19,INV-7432,8753759.7,BDT,Opex-Admin
84,84,84,2020-07-30,INV-9051,3723437.0,BDT,Inventory
85,85,85,2023-08-26,INV-0501,624630.55,CNY,Inventory
86,86,86,2023-06-11,INV-1678,2452256.46,BDT,Inventory
87,87,87,2021-04-14,INV-9999,3930607.0,BDT,Inventory
88,88,88,2022-10-31,INV-4700,3903117.76,BDT,Opex-Admin
89,90,89,2023-06-30,INV-7025,903548.61,BDT,Inventory
90,91,90,2022-06-11,INV-8801,3212969.78,BDT,Inventory
91,92,91,2023-02-01,INV-3562,1204043.02,BDT,Opex-Logistics
92,93,92,2022-05-10,INV-7363,628797.15,BDT,Inventory
93,94,93,2022-10-04,INV-1833,32438.39,CNY,Inventory
94,95,94,2022-08-29,INV-3264,2842070.34,BDT,Inventory
95,96,95,2023-01-25,INV-1928,715301.43,USD,Inventory
96,97,96,2021-06-11,INV-2161,725531.45,USD,Inventory
97,98,97,2022-10-19,INV-5932,869682.51,BDT,Inventory
98,99,98,2022-10-31,INV-6033,3846942.11,BDT,Inventory
99,100,99,2020-04-10,INV-0391,209651.38,USD,Capex-IT
100,101,100,2023-10-14,INV-0877,712185.33,BDT,Opex-Marketing
101,102,101,2023-06-22,INV-0778,4573477.64,BDT,Inventory
102,103,102,2023-06-26,INV-6624,4422955.04,BDT,Inventory
103,104,103,2022-07-28,INV-3511,772931.65,USD,Capex-IT
104,105,104,2023-11-01,INV-6173,16085.04,USD,Inventory
105,106,105,2023-08-27,INV-1260,30654.31,USD,Inventory
106,107,106,2023-11-14,INV-0876,2701243.07,BDT,Inventory
107,108,107,2023-04-04,INV-4589,3012093.98,BDT,Opex-Marketing
108,109,108,2021-02-28,INV-7590,3626632.0,BDT,Inventory
109,110,109,2022-06-06,INV-5010,9461.97,USD,Inventory
110,111,110,2020-05-01,INV-0765,1849649.0,BDT,Inventory
111,112,111,2021-05-29,INV-2336,461403.0,BDT,Inventory
112,113,112,2023-11-29,INV-6488,5441186.1,BDT,Inventory
113,114,113,2022-08-01,INV-7109,1242640.08,BDT,Inventory
114,115,114,2023-07-25,INV-3323,32766.87,CNY,Inventory
115,116,115,2023-09-10,INV-2800,2454421.12,BDT,Inventory
116,117,116,2022-06-16,INV-0281,122588.17,CNY,Capex-IT
117,118,117,2022-11-25,INV-0687,2321963.26,BDT,Inventory
118,119,118,2022-05-31,INV-6408,87119.36,CNY,Inventory
119,120,119,2023-08-22,INV-8395,4147160.19,BDT,Inventory
120,121,120,2023-07-21,INV-7173,601062.02,USD,Capex-IT
121,122,121,2021-05-20,INV-6211,3314329.0,BDT,Inventory
122,123,122,2023-03-13,INV-0481,4191173.75,BDT,Opex-Logistics
123,124,123,2021-08-24,INV-5982,20939.78,USD,Inventory
124,125,124,2022-10-05,INV-8095,691728.99,BDT,Inventory
125,126,125,2023-01-16,INV-0706,673415.87,BDT,Inventory
126,127,126,2020-02-18,INV-6897,13537.89,USD,Inventory
127,128,127,2023-04-13,INV-3324,1939543.66,BDT,Inventory
128,129,128,2021-04-05,INV-6365,1591835.0,BDT,Inventory
129,130,129,2023-07-19,INV-8971,4854.48,USD,Inventory
130,131,130,2022-04-29,INV-5908,2641952.45,BDT,Inventory
131,132,131,2020-11-26,INV-1820,6700337.0,BDT,Opex-Facility
132,133,132,2021-08-08,INV-2747,3089709.0,BDT,Inventory
133,134,133,2023-11-09,INV-0962,109268.96,USD,Inventory
134,135,134,2023-12-17,INV-9270,1870269.42,BDT,Inventory
135,136,135,2021-10-24,INV-4198,4401.8,USD,Inventory
136,137,136,2021-11-01,INV-4098,1220187.0,BDT,Inventory
137,138,137,2023-12-07,INV-4837,2165280.07,BDT,Inventory
138,139,138,2022-10-13,INV-1218,766474.14,USD,Capex-IT
139,140,139,2022-10-11,INV-1823,4982983.26,BDT,Inventory
140,141,140,2022-03-05,INV-9138,2872149.63,BDT,Inventory
141,142,141,2022-09-01,INV-6559,1859486.88,BDT,Opex-Facility
142,143,142,2022-10-19,INV-5133,4719535.01,BDT,Opex-Marketing
143,144,143,2021-11-23,INV-0361,466192.3,USD,Capex-IT
144,145,144,2023-01-16,INV-2206,57761.24,BDT,Inventory
145,146,145,2022-10-06,INV-4863,5051058.43,BDT,Inventory
146,147,146,2022-10-29,INV-9973,3377217.02,BDT,Inventory
147,148,147,2023-08-27,INV-6333,1472740.33,BDT,Inventory
148,149,148,2020-10-19,INV-6839,1606613.0,BDT,Opex-Facility
149,150,149,2022-08-02,INV-2035,6627.65,USD,Inventory
150,152,150,2021-07-18,INV-6690,4482403.0,BDT,Inventory
151,153,151,2023-10-22,INV-4016,284524.82,CNY,Capex-IT
152,154,152,2021-09-03,INV-1880,3510961.0,BDT,Inventory
153,155,153,2022-04-23,INV-2872,34643.21,USD,Inventory
154,156,154,2023-01-19,INV-7914,3559112.53,BDT,Inventory
155,157,155,2023-06-13,INV-0563,6194745.42,BDT,Inventory
156,158,156,2022-06-30,INV-9194,6488069.61,BDT,Inventory
157,159,157,2022-11-21,INV-5110,124885.28,USD,Inventory
158,160,158,2021-03-08,INV-8584,3546824.0,BDT,Inventory
159,161,159,2023-04-12,INV-0168,7237610.23,BDT,Inventory
160,163,160,2022-11-09,INV-5635,246043.83,USD,Capex-IT
161,164,161,2023-12-29,INV-7852,321164.87,CNY,Inventory
162,165,162,2021-10-18,INV-9931,21401.61,USD,Inventory
163,166,163,2022-03-31,INV-1417,2813970.95,BDT,Inventory
164,167,164,2020-09-21,INV-5312,3679670.0,BDT,Opex-Marketing
165,168,165,2022-04-07,INV-1849,56808.41,USD,Inventory
166,169,166,2023-04-08,INV-8079,4852526.24,BDT,Inventory
167,170,167,2020-04-28,INV-2324,4889915.0,BDT,Inventory
168,171,168,2021-11-11,INV-0876,4613977.0,BDT,Inventory
169,172,169,2023-01-18,INV-3948,2234634.85,BDT,Inventory
170,173,170,2023-03-31,INV-6419,1715113.65,BDT,Opex-Facility
171,174,171,2020-11-09,INV-4032,431138.0,CNY,Capex-IT
172,175,172,2022-01-29,INV-5183,96965.03,CNY,Inventory
173,176,173,2023-07-10,INV-4395,2772795.83,BDT,Inventory
174,177,174,2022-04-13,INV-0434,20103.32,USD,Inventory
175,178,175,2022-07-31,INV-8662,1323253.91,BDT,Inventory
176,179,176,2023-06-18,INV-9766,119620.59,CNY,Inventory
177,180,177,2023-05-14,INV-0285,29444.91,USD,Inventory
178,181,178,2020-05-23,INV-9971,111392.0,BDT,Opex-Facility
179,182,179,2023-03-14,INV-6089,466282.31,USD,Inventory
180,183,180,2021-07-17,INV-9084,4750118.0,BDT,Inventory
181,184,181,2023-08-29,INV-6835,7410708.67,BDT,Inventory
182,185,182,2022-09-10,INV-0713,282726.18,USD,Inventory
183,186,183,2021-08-08,INV-0693,39430.27,USD,Inventory
184,187,184,2022-07-22,INV-3172,279419.35,CNY,Capex-IT
185,188,185,2021-12-15,INV-6802,6602866.0,BDT,Inventory
186,189,186,2022-10-18,INV-8709,98238.48,CNY,Capex-IT
187,190,187,2020-06-10,INV-8622,2510870.0,BDT,Inventory
188,191,188,2022-07-18,INV-9988,280808.34,USD,Inventory
189,192,189,2022-06-25,INV-8059,77721.23,USD,Inventory
190,193,190,2023-12-21,INV-5253,2128196.82,BDT,Inventory
191,194,191,2023-04-07,INV-8555,357712.85,USD,Inventory
192,195,192,2022-04-05,INV-5487,5385.24,USD,Inventory
193,196,193,2022-12-07,INV-2270,91462.2,USD,Capex-IT
194,197,194,2023-10-22,INV-0093,3188353.42,BDT,Inventory
195,198,195,2022-03-05,INV-7745,1220985.85,BDT,Opex-Facility
196,199,196,2023-04-14,INV-4575,5469916.13,BDT,Inventory
197,200,197,2023-02-05,INV-6864,577385.9,USD,Inventory
198,201,198,2023-08-07,INV-3002,17744.83,USD,Inventory
199,202,199,2023-05-15,INV-1836,2574583.64,BDT,Inventory
200,203,200,2020-07-16,INV-5489,3103077.0,BDT,Inventory
201,204,201,2022-05-29,INV-1990,4504179.11,BDT,Inventory
202,205,202,2022-07-19,INV-2871,3648350.42,BDT,Opex-Facility
203,206,203,2023-09-13,INV-4058,5113036.44,BDT,Opex-Logistics
204,207,204,2022-10-29,INV-9456,24078.69,USD,Capex-IT
205,208,205,2023-04-06,INV-2065,7745314.77,BDT,Opex-Marketing
206,209,206,2023-12-16,INV-4522,5064519.55,BDT,Inventory
207,210,207,2024-01-02,INV-1630,3470189.7,BDT,Inventory
208,211,208,2021-12-16,INV-2627,44649.12,CNY,Inventory
209,212,209,2021-01-04,INV-2890,5314132.0,BDT,Inventory
210,213,210,2023-06-01,INV-1035,4409257.25,BDT,Inventory
211,214,211,2023-09-12,INV-2459,3282214.79,BDT,Opex-Admin
212,215,212,2024-01-01,INV-6763,2799454.1,BDT,Inventory
213,216,213,2021-10-03,INV-8289,3504062.0,BDT,Inventory
214,217,214,2024-01-02,INV-5252,39915.89,USD,Inventory
215,218,215,2021-03-10,INV-3815,1463432.0,BDT,Inventory
216,219,216,2022-05-23,INV-4364,5530591.89,BDT,Inventory
217,220,217,2023-04-26,INV-6929,3761228.56,BDT,Inventory
218,221,218,2023-04-06,INV-3401,32175.39,USD,Inventory
219,222,219,2022-11-02,INV-8913,447220.92,USD,Capex-IT
220,223,220,2021-02-20,INV-6122,61908.93,USD,Inventory
221,224,221,2020-02-06,INV-0076,17201.14,USD,Inventory
222,225,222,2023-08-20,INV-4951,176998.28,USD,Inventory
223,226,223,2023-07-01,INV-9353,272141.82,USD,Inventory
224,227,224,2021-01-17,INV-3954,329212.03,USD,Inventory
225,228,225,2021-04-27,INV-5542,357111.78,USD,Inventory
226,229,226,2023-04-05,INV-7584,4608692.61,BDT,Inventory
227,230,227,2022-02-06,INV-2360,4058953.87,BDT,Opex-Logistics
228,231,228,2023-08-20,INV-5536,1843558.87,BDT,Inventory
229,232,229,2022-09-07,INV-3757,48087.32,USD,Inventory
230,233,230,2022-02-12,INV-2976,105049.98,USD,Inventory
231,234,231,2023-05-08,INV-3038,3632156.89,BDT,Inventory
232,235,232,2023-12-15,INV-0750,425169.36,BDT,Inventory
233,236,233,2023-02-09,INV-0316,3363376.14,BDT,Opex-Facility
234,237,234,2023-09-13,INV-8338,332264.6,USD,Inventory
235,238,235,2020-09-20,INV-2504,1053661.75,USD,Inventory
236,239,236,2022-12-24,INV-7122,552823.35,USD,Inventory
237,240,237,2022-12-04,INV-3363,2163691.9,BDT,Opex-Facility
238,241,238,2023-07-18,INV-9996,426464.37,CNY,Capex-IT
239,242,239,2020-08-11,INV-1348,771390.0,BDT,Inventory
240,243,240,2022-10-03,INV-2089,3144831.81,BDT,Inventory
241,244,241,2022-02-26,INV-6779,2483441.36,BDT,Opex-Facility
242,245,242,2023-04-22,INV-0469,104782.24,USD,Capex-IT
243,246,243,2023-09-15,INV-7419,1583882.21,BDT,Opex-Marketing
244,247,244,2023-10-27,INV-0807,53218.68,USD,Inventory
245,248,245,2023-06-16,INV-9156,3056260.11,BDT,Inventory
246,249,246,2023-06-10,INV-0673,1008.55,USD,Inventory
247,250,247,2021-03-11,INV-7658,13253.16,USD,Inventory
248,251,248,2020-10-11,INV-2622,3570239.0,BDT,Opex-Marketing
249,252,249,2023-03-24,INV-0818,577443.24,BDT,Inventory
250,253,250,2022-02-07,INV-9274,481295.89,BDT,Opex-Marketing
251,254,251,2020-10-21,INV-2116,1809078.0,BDT,Opex-Admin
252,255,252,2022-01-24,INV-0518,2216779.19,BDT,Inventory
253,257,253,2022-10-16,INV-5792,4342586.0,BDT,Inventory
254,258,254,2021-06-30,INV-9109,594128.0,BDT,Inventory
255,259,255,2022-09-20,INV-1110,3842871.59,BDT,Inventory
256,260,256,2022-09-01,INV-0168,62302.61,USD,Inventory
257,261,257,2022-06-07,INV-7887,807033.42,BDT,Inventory
258,262,258,2022-10-08,INV-3741,2825779.9,BDT,Inventory
259,263,259,2020-11-04,INV-7272,2876036.0,BDT,Inventory
260,264,260,2023-11-11,INV-7355,930010.49,BDT,Inventory
261,265,261,2022-07-19,INV-2704,5063715.5,BDT,Inventory
262,266,262,2021-01-02,INV-0234,184298.92,USD,Capex-IT
263,267,263,2023-08-14,INV-9553,2867982.61,BDT,Inventory
264,268,264,2023-01-25,INV-2139,22866.06,USD,Inventory
265,269,265,2023-03-22,INV-3333,250162.19,BDT,Inventory
266,270,266,2023-02-27,INV-4216,16799.09,USD,Inventory
267,271,267,2021-03-09,INV-5372,2054216.0,BDT,Opex-Marketing
268,272,268,2021-03-23,INV-9828,1194786.0,BDT,Opex-Facility
269,273,269,2021-08-30,INV-4072,1661449.0,BDT,Inventory
270,274,270,2020-05-12,INV-3695,1521675.0,BDT,Inventory
271,275,271,2023-03-07,INV-3973,1223985.73,BDT,Opex-Marketing
272,276,272,2023-05-20,INV-1171,711.72,USD,Inventory
273,277,273,2021-06-04,INV-9695,20449.0,USD,Inventory
274,278,274,2023-12-03,INV-5045,898286.96,BDT,Opex-Marketing
275,279,275,2022-06-13,INV-8847,1031552.28,BDT,Inventory
276,280,276,2023-06-10,INV-4378,228937.56,USD,Capex-IT
277,281,277,2023-01-02,INV-1376,8142562.97,BDT,Opex-Marketing
278,282,278,2023-06-15,INV-5435,26279.68,USD,Inventory
279,283,279,2023-09-02,INV-5544,667718.26,USD,Inventory
280,284,280,2023-06-02,INV-5880,2264850.25,BDT,Inventory
281,285,281,2022-07-02,INV-4908,2107550.5,BDT,Inventory
282,286,282,2022-09-22,INV-4218,5379435.25,BDT,Opex-Logistics
283,287,283,2021-02-09,INV-4345,107042.67,USD,Inventory
284,288,284,2022-12-02,INV-1632,1737212.9,BDT,Inventory
285,289,285,2022-11-16,INV-2056,6009710.55,BDT,Inventory
286,290,286,2023-05-15,INV-6400,6786968.01,BDT,Opex-Facility
287,291,287,2022-01-12,INV-4340,294995.9,CNY,Inventory
288,292,288,2022-10-18,INV-3157,6354085.65,BDT,Inventory
289,293,289,2023-10-20,INV-0052,5414791.04,BDT,Inventory
290,294,290,2021-01-09,INV-1671,166775.4,USD,Capex-IT
291,295,291,2023-03-10,INV-4947,809660.92,CNY,Inventory
292,296,292,2023-12-20,INV-3198,103790.69,CNY,Capex-IT
293,297,293,2022-04-12,INV-6630,872680.07,BDT,Opex-Facility
294,298,294,2023-11-21,INV-4572,419523.05,USD,Inventory
295,299,295,2020-06-02,INV-2857,2135490.0,BDT,Inventory
296,300,296,2023-02-04,INV-6019,3608782.55,BDT,Opex-Facility
297,301,297,2023-09-02,INV-3356,3786068.73,BDT,Opex-Logistics
298,302,298,2023-12-20,INV-1295,2867160.8,BDT,Inventory
299,303,299,2021-04-20,INV-4018,833658.0,BDT,Opex-Marketing
300,304,300,2023-06-23,INV-4067,1294708.8,BDT,Inventory
301,305,301,2023-02-28,INV-1606,4546146.96,BDT,Inventory
302,306,302,2020-12-07,INV-0303,31845.09,CNY,Inventory
303,307,303,2022-12-01,INV-0844,425834.32,BDT,Opex-Marketing
304,308,304,2023-07-13,INV-2352,6048037.56,BDT,Inventory
305,309,305,2023-08-13,INV-5521,8169.77,USD,Capex-IT
306,310,306,2021-04-01,INV-7489,56755.7,USD,Inventory
307,311,307,2020-04-13,INV-8485,799392.0,BDT,Inventory
308,312,308,2023-08-21,INV-0899,216471.66,USD,Capex-IT
309,313,309,2020-09-04,INV-6752,2528307.0,BDT,Inventory
310,314,310,2021-06-06,INV-2548,2501167.0,BDT,Inventory
311,315,311,2023-09-09,INV-7877,55547.98,USD,Inventory
312,316,312,2020-08-14,INV-4030,1905871.0,BDT,Inventory
313,317,313,2023-03-07,INV-7342,4729469.17,BDT,Opex-Marketing
314,318,314,2022-09-26,INV-5086,3578280.5,BDT,Inventory
315,319,315,2021-01-29,INV-2806,1071057.16,CNY,Inventory
316,320,316,2023-09-15,INV-3459,163915.69,USD,Inventory
317,321,317,2023-10-04,INV-9007,2017878.58,BDT,Opex-Admin
318,322,318,2022-10-28,INV-7763,4126397.96,BDT,Opex-Marketing
319,323,319,2020-10-17,INV-5353,1115109.94,USD,Capex-IT
320,324,320,2021-10-03,INV-5682,5524604.0,BDT,Inventory
321,325,321,2023-11-25,INV-9426,5218248.97,BDT,Opex-Marketing
322,326,322,2023-09-10,INV-5076,8375461.45,BDT,Inventory
323,327,323,2023-07-30,INV-8185,1124896.07,BDT,Inventory
324,328,324,2023-10-09,INV-2707,290966.49,USD,Capex-IT
325,329,325,2023-09-03,INV-7020,12037.08,USD,Capex-IT
326,330,326,2023-02-20,INV-8422,1458453.44,BDT,Opex-Marketing
327,331,327,2022-11-30,INV-2366,582624.15,USD,Capex-IT
328,332,328,2023-02-06,INV-9040,1244112.1,BDT,Inventory
329,333,329,2020-08-07,INV-7244,510788.0,BDT,Opex-Logistics
330,334,330,2023-10-10,INV-6387,94002.85,USD,Inventory
331,335,331,2021-12-10,INV-8993,621190.0,BDT,Inventory
332,336,332,2022-05-25,INV-8527,2921730.37,BDT,Inventory
333,337,333,2022-08-02,INV-6879,3642414.49,BDT,Inventory
334,338,334,2021-12-20,INV-6307,974400.78,CNY,Capex-IT
335,339,335,2021-05-13,INV-6964,3538358.0,BDT,Inventory
336,340,336,2023-11-08,INV-9317,6991678.9,BDT,Inventory
337,341,337,2023-01-10,INV-7137,217723.95,BDT,Inventory
338,342,338,2023-11-17,INV-4953,440663.9,BDT,Inventory
339,343,339,2022-07-19,INV-7411,2114320.47,BDT,Inventory
340,344,340,2023-03-05,INV-4075,3263944.01,BDT,Inventory
341,345,341,2022-09-30,INV-0705,1247605.25,BDT,Inventory
342,346,342,2022-12-17,INV-8597,309967.88,USD,Inventory
343,347,343,2023-06-17,INV-8106,11912.52,BDT,Opex-Marketing
344,348,344,2023-09-08,INV-2262,940283.28,BDT,Inventory
345,349,345,2021-01-21,INV-5090,22340.71,USD,Inventory
346,350,346,2022-08-21,INV-2346,1085882.88,BDT,Opex-Facility
347,351,347,2022-09-26,INV-9728,910957.6,BDT,Inventory
348,352,348,2023-08-30,INV-0454,106271.91,CNY,Capex-IT
349,353,349,2021-02-25,INV-7532,2991360.0,BDT,Inventory
350,354,350,2023-01-30,INV-5631,2803411.55,BDT,Inventory
351,355,351,2023-11-02,INV-4637,2240695.17,BDT,Opex-Logistics
352,356,352,2023-07-18,INV-0078,4458876.65,BDT,Inventory
353,357,353,2023-11-27,INV-6976,4576775.48,BDT,Inventory
354,358,354,2023-04-14,INV-5834,711178.99,USD,Inventory
355,359,355,2022-10-14,INV-8367,1253194.9,BDT,Inventory
356,360,356,2022-10-04,INV-2394,2650383.68,BDT,Inventory
357,361,357,2023-12-27,INV-2044,2015581.76,BDT,Inventory
358,362,358,2020-05-05,INV-8369,2288884.0,BDT,Inventory
359,363,359,2023-07-18,INV-9961,246135.77,CNY,Capex-IT
360,364,360,2022-11-29,INV-3767,2307907.51,BDT,Inventory
361,365,361,2021-08-29,INV-4424,2524396.0,BDT,Inventory
362,366,362,2023-05-24,INV-2671,3914603.65,BDT,Inventory
363,367,363,2023-08-06,INV-3016,4985857.61,BDT,Inventory
364,368,364,2022-11-22,INV-2002,1377754.7,BDT,Opex-Admin
365,369,365,2022-03-09,INV-2768,2807061.67,BDT,Inventory
366,370,366,2023-05-29,INV-4849,3495256.07,BDT,Opex-Facility
367,371,367,2021-05-18,INV-6780,89999.0,BDT,Inventory
368,372,368,2020-12-21,INV-6967,1442244.0,BDT,Inventory
369,373,369,2022-12-29,INV-8115,512230.67,USD,Inventory
370,374,370,2021-12-28,INV-1788,3309962.0,BDT,Inventory
371,375,371,2023-09-16,INV-3209,2860949.98,BDT,Inventory
372,376,372,2022-05-23,INV-8155,723576.09,USD,Inventory
373,377,373,2023-11-11,INV-9899,3185601.9,BDT,Inventory
374,378,374,2023-12-28,INV-7300,4046086.74,BDT,Inventory
375,379,375,2023-09-23,INV-5698,1855907.31,BDT,Inventory
376,380,376,2023-09-12,INV-9998,3467493.95,BDT,Inventory
377,381,377,2022-02-14,INV-0039,4517681.17,BDT,Inventory
378,382,378,2021-07-15,INV-0363,587120.0,BDT,Inventory
379,383,379,2021-11-20,INV-9368,5214307.0,BDT,Opex-Facility
380,384,380,2021-06-14,INV-5422,3742327.0,BDT,Inventory
381,385,381,2022-05-10,INV-2360,5585116.37,BDT,Inventory
382,386,382,2021-10-04,INV-4051,2969.19,USD,Inventory
383,387,383,2023-02-12,INV-8772,4620373.8,BDT,Inventory
384,388,384,2021-04-05,INV-3843,31642.15,USD,Inventory
385,389,385,2021-09-26,INV-5195,292820.0,BDT,Inventory
386,390,386,2020-06-06,INV-2479,29011.42,USD,Inventory
387,391,387,2022-03-30,INV-5269,81832.21,CNY,Capex-IT
388,392,388,2022-08-03,INV-4425,3669725.0,BDT,Opex-Marketing
389,393,389,2022-10-09,INV-5148,6381077.33,BDT,Inventory
390,394,390,2021-07-15,INV-9800,6108782.0,BDT,Inventory
391,395,391,2022-04-08,INV-0030,4183283.32,BDT,Inventory
392,396,392,2022-09-30,INV-8276,41382.23,USD,Inventory
393,397,393,2023-10-17,INV-3229,3434588.42,BDT,Inventory
394,398,394,2023-02-13,INV-5671,1216147.17,USD,Inventory
395,399,395,2023-11-26,INV-8375,49203.83,CNY,Inventory
396,400,396,2022-01-08,INV-5388,5907972.0,BDT,Inventory
397,401,397,2022-06-27,INV-2191,434698.85,BDT,Inventory
398,403,398,2023-11-15,INV-2779,3848562.02,BDT,Inventory
399,404,399,2021-04-10,INV-0227,720405.61,USD,Inventory
400,405,400,2023-04-13,INV-5718,3584069.48,BDT,Inventory
401,406,401,2021-11-22,INV-8792,3737257.0,BDT,Opex-Logistics
402,407,402,2022-04-27,INV-8653,4762582.09,BDT,Opex-Facility
403,408,403,2023-07-06,INV-2644,1855026.79,BDT,Inventory
404,409,404,2021-02-10,INV-5646,6058581.0,BDT,Inventory
405,410,405,2023-12-31,INV-6826,4067855.98,BDT,Opex-Facility
406,411,406,2023-12-15,INV-9199,397862.22,CNY,Inventory
407,412,407,2023-04-23,INV-5971,770741.54,USD,Capex-IT
408,413,408,2022-07-26,INV-2582,2520808.7,BDT,Inventory
409,414,409,2022-07-17,INV-6898,9449.31,USD,Inventory
410,415,410,2023-08-17,INV-4018,293310.86,CNY,Capex-IT
411,416,411,2021-11-04,INV-5625,23817.51,USD,Inventory
412,417,412,2022-10-24,INV-8553,2058485.98,BDT,Inventory
413,418,413,2020-11-20,INV-2169,3048178.0,BDT,Opex-Logistics
414,419,414,2022-12-25,INV-2727,2560418.36,BDT,Inventory
415,420,415,2023-07-09,INV-7603,851714.27,USD,Capex-IT
416,421,416,2021-02-19,INV-1293,1089249.0,BDT,Inventory
417,422,417,2022-06-30,INV-6368,2756994.83,BDT,Opex-Marketing
418,423,418,2023-01-14,INV-3043,335382.39,BDT,Inventory
419,424,419,2021-03-22,INV-3811,173410.94,USD,Inventory
420,426,420,2023-01-29,INV-7888,21601.88,USD,Inventory
421,427,421,2022-06-30,INV-7405,2838531.55,BDT,Inventory
422,428,422,2021-10-26,INV-8608,1462880.0,BDT,Inventory
423,429,423,2021-11-22,INV-8501,330825.0,BDT,Inventory
424,430,424,2021-09-26,INV-0440,2336293.0,BDT,Opex-Marketing
425,432,425,2023-12-17,INV-0671,1353796.22,BDT,Inventory
426,433,426,2023-12-06,INV-1602,4903699.68,BDT,Inventory
427,434,427,2023-09-24,INV-9511,587281.65,USD,Capex-IT
428,435,428,2021-01-27,INV-9456,70940.45,USD,Inventory
429,436,429,2021-04-06,INV-0653,416464.09,USD,Inventory
430,437,430,2023-12-07,INV-0945,313488.93,USD,Inventory
431,438,431,2022-11-24,INV-6224,5178371.2,BDT,Opex-Facility
432,439,432,2021-08-22,INV-4796,3947368.0,BDT,Inventory
433,440,433,2022-07-23,INV-2620,254126.87,BDT,Inventory
434,441,434,2022-05-06,INV-0438,2525974.74,BDT,Inventory
435,442,435,2021-10-07,INV-3481,721006.16,CNY,Capex-IT
436,443,436,2023-08-05,INV-6800,20806.7,CNY,Inventory
437,444,437,2022-02-08,INV-5914,4102134.13,BDT,Inventory
438,445,438,2021-02-21,INV-1407,1054684.0,BDT,Inventory
439,446,439,2022-08-01,INV-9747,757432.75,CNY,Inventory
440,447,440,2023-07-25,INV-8518,338855.01,USD,Inventory
441,448,441,2023-02-12,INV-0120,1813465.62,BDT,Inventory
442,449,442,2023-05-25,INV-6341,19059.12,USD,Inventory
443,450,443,2023-02-26,INV-4829,3752231.71,BDT,Inventory
444,451,444,2021-08-21,INV-9918,4559794.0,BDT,Inventory
445,452,445,2023-01-31,INV-5283,1795760.01,BDT,Inventory
446,453,446,2023-05-20,INV-6080,523418.91,BDT,Inventory
447,454,447,2022-11-11,INV-2167,195713.3,USD,Inventory
448,455,448,2022-12-21,INV-3152,6569343.96,BDT,Inventory
449,456,449,2023-07-08,INV-8508,233871.99,CNY,Inventory
450,457,450,2023-06-14,INV-8424,1985280.5,BDT,Inventory
451,458,451,2023-03-19,INV-5737,1356142.5,BDT,Inventory
452,459,452,2023-03-27,INV-0627,1216061.63,CNY,Capex-IT
453,460,453,2023-07-31,INV-5440,1139402.73,BDT,Inventory
454,461,454,2021-07-02,INV-2166,16917.91,USD,Inventory
455,462,455,2023-06-09,INV-9519,5395358.63,BDT,Inventory
456,463,456,2023-06-04,INV-7663,3041351.04,BDT,Inventory
457,464,457,2023-12-11,INV-3286,3312718.8,BDT,Opex-Facility
458,465,458,2023-11-21,INV-2990,58507.57,USD,Inventory
459,466,459,2020-12-27,INV-9311,2713826.0,BDT,Inventory
460,467,460,2022-04-09,INV-6672,1352676.35,BDT,Inventory
461,468,461,2022-11-05,INV-4429,578742.28,CNY,Inventory
462,469,462,2023-01-06,INV-1665,5028012.85,BDT,Inventory
463,470,463,2020-02-21,INV-3395,894750.22,CNY,Capex-IT
464,471,464,2023-12-31,INV-0024,4939125.36,BDT,Inventory
465,472,465,2023-06-18,INV-7639,3706208.32,BDT,Inventory
466,473,466,2021-04-03,INV-5809,386788.37,CNY,Capex-IT
467,474,467,2022-08-18,INV-9913,8835.15,CNY,Inventory
468,475,468,2021-01-11,INV-7037,5332827.0,BDT,Opex-Facility
469,476,469,2021-11-03,INV-5468,51932.08,USD,Inventory
470,477,470,2022-08-11,INV-7906,6923680.27,BDT,Inventory
471,478,471,2021-03-17,INV-7318,5260984.0,BDT,Opex-Logistics
472,479,472,2023-01-06,INV-6487,3365711.25,BDT,Inventory
473,480,473,2020-06-01,INV-1430,7037.36,USD,Inventory
474,481,474,2023-09-14,INV-5258,4916325.76,BDT,Inventory
475,482,475,2022-12-14,INV-3543,22946.12,CNY,Inventory
476,483,476,2020-03-19,INV-6630,2947336.0,BDT,Inventory
477,484,477,2021-11-06,INV-5648,3377778.0,BDT,Inventory
478,485,478,2023-06-25,INV-4061,2715292.8,BDT,Inventory
479,486,479,2021-11-02,INV-2819,7855587.0,BDT,Inventory
480,487,480,2022-11-21,INV-9555,121847.79,CNY,Inventory
481,488,481,2021-11-23,INV-4329,182691.75,CNY,Capex-IT
482,489,482,2021-09-23,INV-4978,10460.3,USD,Inventory
483,490,483,2022-12-21,INV-6618,755388.75,BDT,Opex-Marketing
484,491,484,2022-06-07,INV-7932,1976864.95,BDT,Inventory
485,492,485,2023-03-13,INV-8263,2570271.29,BDT,Opex-Facility
486,493,486,2020-10-14,INV-6182,314167.11,USD,Inventory
487,494,487,2022-11-17,INV-2932,34286.36,USD,Inventory
488,495,488,2022-10-07,INV-4540,5321959.46,BDT,Inventory
489,496,489,2023-08-05,INV-3305,3036080.44,BDT,Inventory
490,497,490,2023-04-17,INV-8193,4369333.88,BDT,Inventory
491,498,491,2023-06-30,INV-8996,808876.8,BDT,Inventory
492,499,492,2023-11-13,INV-8519,265462.68,CNY,Inventory
493,500,493,2023-06-03,INV-8655,126578.16,USD,Inventory
494,501,494,2023-11-10,INV-5305,3909284.98,BDT,Inventory
495,502,495,2021-11-03,INV-7802,508329.08,USD,Capex-IT
496,503,496,2022-05-28,INV-2681,3716086.04,BDT,Inventory
497,504,497,2023-05-02,INV-4813,824549.19,BDT,Opex-Facility
498,505,498,2023-12-20,INV-5312,3494189.4,BDT,Opex-Marketing
499,506,499,2020-09-01,INV-9041,27296.31,USD,Inventory
500,507,500,2023-09-16,INV-7649,84994.78,USD,Inventory
501,508,501,2021-08-01,INV-4088,21881.44,USD,Inventory
502,509,502,2022-10-16,INV-8629,4898530.94,BDT,Inventory
503,510,503,2023-12-17,INV-9645,3349503.7,BDT,Inventory
504,511,504,2022-03-29,INV-9273,52995.78,USD,Inventory
505,512,505,2023-06-10,INV-7801,1717104.66,BDT,Inventory
506,513,506,2022-08-20,INV-4869,86041.25,USD,Capex-IT
507,514,507,2022-10-30,INV-4663,7085053.7,BDT,Inventory
508,515,508,2020-02-07,INV-5894,13232.24,USD,Inventory
509,516,509,2021-03-09,INV-1134,808772.62,USD,Capex-IT
510,517,510,2021-05-17,INV-5552,4145578.0,BDT,Inventory
511,518,511,2022-11-29,INV-1388,4046.12,USD,Inventory
512,519,512,2021-12-05,INV-0694,617757.0,BDT,Opex-Facility
513,520,513,2020-11-05,INV-9662,5809766.0,BDT,Inventory
514,521,514,2023-10-31,INV-6171,1622768.65,BDT,Inventory
515,522,515,2024-01-02,INV-9266,6052800.01,BDT,Inventory
516,523,516,2023-12-07,INV-6087,143216.58,BDT,Inventory
517,524,517,2020-07-28,INV-4984,40079.18,USD,Inventory
518,525,518,2022-03-17,INV-1569,83480.05,USD,Inventory
519,527,519,2023-10-23,INV-1459,845034.91,BDT,Opex-Facility
520,528,520,2023-09-16,INV-6356,4798545.7,BDT,Inventory
521,529,521,2020-07-10,INV-8322,5321.73,USD,Inventory
522,530,522,2023-11-14,INV-0530,1101767.88,BDT,Inventory
523,531,523,2022-11-14,INV-5711,3984044.95,BDT,Opex-Admin
524,532,524,2022-01-11,INV-1362,216897.5,CNY,Capex-IT
525,533,525,2023-06-21,INV-3068,50805.81,USD,Inventory
526,534,526,2022-03-03,INV-5652,3030061.79,BDT,Opex-Logistics
527,535,527,2022-10-06,INV-4117,4557826.25,BDT,Inventory
528,536,528,2021-06-10,INV-3784,9652.28,USD,Inventory
529,537,529,2021-07-30,INV-2750,759798.0,BDT,Inventory
530,538,530,2023-04-01,INV-8380,4506851.21,BDT,Inventory
531,539,531,2022-09-18,INV-1872,4384864.13,BDT,Inventory
532,540,532,2023-04-21,INV-0807,3816244.29,BDT,Inventory
533,541,533,2021-05-24,INV-0388,5790346.0,BDT,Inventory
534,542,534,2023-11-16,INV-3413,347734.46,USD,Capex-IT
535,543,535,2023-07-17,INV-2851,1535055.3,BDT,Inventory
536,544,536,2023-02-02,INV-7329,77695.44,USD,Inventory
537,545,537,2023-10-20,INV-6504,4210354.44,BDT,Inventory
538,546,538,2021-11-11,INV-7697,619114.26,CNY,Inventory
539,547,539,2022-06-06,INV-7197,1105318.75,BDT,Inventory
540,548,540,2021-08-10,INV-8602,66822.0,BDT,Opex-Admin
541,549,541,2022-05-27,INV-0799,56201.85,USD,Inventory
542,550,542,2022-08-29,INV-0781,751458.11,BDT,Inventory
543,551,543,2021-09-28,INV-2370,3189510.0,BDT,Opex-Marketing
544,552,544,2023-04-24,INV-9433,63757.82,BDT,Inventory
545,553,545,2023-03-03,INV-8830,221375.56,CNY,Capex-IT
546,554,546,2022-03-12,INV-7790,747036.43,USD,Inventory
547,555,547,2021-01-27,INV-3430,254953.64,USD,Inventory
548,557,548,2021-05-05,INV-7700,34630.84,USD,Inventory
549,558,549,2022-11-09,INV-1221,22764.66,USD,Capex-IT
550,559,550,2022-03-23,INV-8062,2317267.4,BDT,Inventory
551,560,551,2020-03-08,INV-6258,16913.46,USD,Inventory
552,561,552,2023-03-06,INV-5713,4086090.52,BDT,Inventory
553,562,553,2022-08-28,INV-0771,1654586.49,BDT,Inventory
554,563,554,2023-08-04,INV-3807,372083.89,CNY,Inventory
555,564,555,2020-03-07,INV-2095,3298331.0,BDT,Inventory
556,565,556,2022-06-09,INV-5915,5475162.38,BDT,Inventory
557,566,557,2021-01-26,INV-2827,15672.15,CNY,Inventory
558,567,558,2022-01-05,INV-8819,218530.62,USD,Inventory
559,568,559,2022-05-07,INV-2580,56949.75,USD,Inventory
560,569,560,2021-08-21,INV-0237,1365126.0,BDT,Inventory
561,570,561,2022-05-14,INV-6284,328512.34,CNY,Capex-IT
562,571,562,2022-03-11,INV-8397,23314.33,USD,Inventory
563,572,563,2023-09-23,INV-2728,3264473.09,BDT,Inventory
564,573,564,2020-11-02,INV-5703,5405851.0,BDT,Inventory
565,574,565,2023-07-18,INV-6695,2421145.89,BDT,Inventory
566,575,566,2022-01-11,INV-5469,192932.0,BDT,Inventory
567,576,567,2023-07-23,INV-8842,105011.8,CNY,Inventory
568,577,568,2022-05-14,INV-5126,5520946.07,BDT,Inventory
569,578,569,2022-05-26,INV-9566,935057.2,BDT,Inventory
570,579,570,2020-08-09,INV-1472,214397.55,CNY,Capex-IT
571,580,571,2022-07-30,INV-3957,5128334.29,BDT,Inventory
572,581,572,2022-12-14,INV-9703,491201.02,BDT,Inventory
573,582,573,2022-11-03,INV-5088,625202.95,BDT,Inventory
574,583,574,2022-02-14,INV-0700,6690771.06,BDT,Inventory
575,584,575,2023-06-08,INV-1060,3194900.7,BDT,Inventory
576,585,576,2023-08-19,INV-7482,3999622.74,BDT,Inventory
577,586,577,2022-04-17,INV-2232,831710.82,BDT,Inventory
578,587,578,2020-01-20,INV-8885,961330.0,BDT,Inventory
579,588,579,2023-04-23,INV-7153,3949711.79,BDT,Inventory
580,589,580,2023-01-07,INV-7359,6445437.75,BDT,Opex-Marketing
581,590,581,2022-01-10,INV-4679,169563.54,USD,Inventory
582,591,582,2021-05-07,INV-3186,1289312.0,BDT,Inventory
583,592,583,2023-11-23,INV-8119,1351153.11,BDT,Opex-Facility
584,593,584,2021-12-15,INV-5310,135080.07,USD,Inventory
585,594,585,2020-11-10,INV-7686,2334758.0,BDT,Inventory
586,595,586,2023-06-15,INV-1297,721932.81,BDT,Inventory
587,596,587,2023-01-08,INV-2461,3441226.63,BDT,Inventory
588,597,588,2021-11-26,INV-0104,1056896.0,BDT,Inventory
589,598,589,2021-07-05,INV-3796,1569601.0,BDT,Inventory
590,599,590,2021-01-25,INV-4892,3053186.0,BDT,Inventory
591,600,591,2022-11-24,INV-1068,4744888.64,BDT,Opex-Facility
592,601,592,2023-10-21,INV-5920,17249.84,USD,Inventory
593,602,593,2022-11-13,INV-6163,240850.26,BDT,Inventory
594,603,594,2020-10-12,INV-5987,2632295.0,BDT,Inventory
595,604,595,2023-05-22,INV-6919,6102.68,USD,Inventory
596,605,596,2021-10-08,INV-8657,5344118.0,BDT,Inventory
597,606,597,2021-08-26,INV-2149,203222.49,CNY,Inventory
598,607,598,2023-03-17,INV-3774,20209.77,CNY,Inventory
599,608,599,2022-10-02,INV-8788,547794.61,BDT,Opex-Marketing
600,609,600,2023-07-30,INV-8463,38074.36,CNY,Inventory
601,610,601,2022-05-29,INV-5686,3392231.92,BDT,Inventory
602,611,602,2023-01-09,INV-2408,1850768.6,BDT,Inventory
603,612,603,2021-04-19,INV-9569,94533.09,CNY,Capex-IT
604,613,604,2021-12-02,INV-4544,69340.29,CNY,Inventory
605,614,605,2023-09-11,INV-2204,24591.71,USD,Inventory
606,615,606,2023-01-11,INV-5162,427283.88,BDT,Opex-Facility
607,616,607,2023-05-18,INV-5153,153640.72,BDT,Inventory
608,617,608,2021-05-16,INV-3818,15883.42,USD,Inventory
609,618,609,2022-09-06,INV-3637,3210503.75,BDT,Inventory
610,619,610,2021-02-20,INV-8881,1615554.0,BDT,Inventory
611,620,611,2020-07-01,INV-7577,919421.0,BDT,Opex-Marketing
612,621,612,2023-03-31,INV-0002,6711986.04,BDT,Inventory
613,623,613,2022-08-10,INV-2867,331389.38,BDT,Inventory
614,624,614,2023-09-02,INV-9958,3445333.72,BDT,Inventory
615,625,615,2022-06-08,INV-5946,1283780.36,BDT,Opex-Marketing
616,626,616,2022-07-18,INV-8739,17156.19,USD,Inventory
617,627,617,2023-04-29,INV-7340,5598851.14,BDT,Inventory
618,628,618,2023-11-11,INV-0483,3884320.47,BDT,Inventory
619,629,619,2022-10-26,INV-0591,5072093.12,BDT,Inventory
620,630,620,2021-09-19,INV-1311,12714.31,CNY,Inventory
621,631,621,2023-10-06,INV-0866,228966.4,USD,Inventory
622,632,622,2020-08-18,INV-0588,420.24,CNY,Inventory
623,633,623,2023-08-31,INV-7419,3576769.01,BDT,Inventory
624,634,624,2023-06-11,INV-9242,2686117.44,BDT,Inventory
625,635,625,2022-09-12,INV-3178,2773541.84,BDT,Inventory
626,636,626,2022-04-23,INV-6533,115207.31,CNY,Inventory
627,637,627,2023-10-17,INV-0419,3242828.95,BDT,Opex-Facility
628,638,628,2023-12-11,INV-2959,24054.84,USD,Inventory
629,639,629,2023-05-25,INV-0674,949.44,CNY,Inventory
630,640,630,2022-08-12,INV-4736,1567391.31,BDT,Opex-Facility
631,641,631,2020-12-23,INV-2588,236266.16,USD,Inventory
632,642,632,2022-06-22,INV-1072,1639888.41,BDT,Inventory
633,643,633,2023-10-07,INV-4977,3926918.87,BDT,Opex-Admin
634,644,634,2022-05-18,INV-9583,4170351.91,BDT,Inventory
635,645,635,2023-08-17,INV-1649,173795.62,USD,Inventory
636,646,636,2023-12-22,INV-3695,1079075.24,BDT,Inventory
637,647,637,2022-05-27,INV-0044,1292551.14,BDT,Inventory
638,648,638,2023-06-02,INV-3724,1070077.41,BDT,Opex-Marketing
639,649,639,2022-05-28,INV-0227,4962323.14,BDT,Inventory
640,650,640,2022-05-22,INV-5934,992935.21,BDT,Inventory
641,651,641,2023-02-06,INV-5342,87595.3,USD,Capex-IT
642,652,642,2023-01-19,INV-9212,30906.49,USD,Inventory
643,653,643,2022-05-25,INV-2775,3708154.94,BDT,Inventory
644,654,644,2021-12-15,INV-0411,2299160.0,BDT,Inventory
645,655,645,2021-07-13,INV-0070,58796.01,USD,Capex-IT
646,656,646,2022-01-17,INV-6586,3199422.66,BDT,Inventory
647,657,647,2023-11-19,INV-3164,1415893.37,BDT,Inventory
648,658,648,2023-03-16,INV-6517,406041.46,CNY,Capex-IT
649,659,649,2022-10-21,INV-2570,6527019.1,BDT,Inventory
650,660,650,2022-04-23,INV-2490,92003.44,USD,Inventory
651,661,651,2021-12-06,INV-5114,153600.0,BDT,Inventory
652,662,652,2022-12-31,INV-5772,1235587.16,BDT,Inventory
653,663,653,2023-11-30,INV-7589,513587.53,USD,Capex-IT
654,664,654,2022-04-11,INV-7102,3969826.33,BDT,Inventory
655,665,655,2022-08-23,INV-4265,726.1,USD,Inventory
656,666,656,2023-02-24,INV-6145,1754580.73,BDT,Inventory
657,667,657,2023-09-16,INV-1915,2831826.28,BDT,Inventory
658,668,658,2023-09-14,INV-3747,4174826.54,BDT,Inventory
659,669,659,2021-11-05,INV-0759,1765374.0,BDT,Inventory
660,670,660,2021-07-30,INV-3137,1806688.0,BDT,Inventory
661,671,661,2021-11-04,INV-5254,252695.76,CNY,Capex-IT
662,672,662,2023-09-13,INV-8192,1799987.1,BDT,Inventory
663,673,663,2023-11-06,INV-6057,3240117.57,BDT,Opex-Marketing
664,674,664,2023-11-25,INV-7698,5640640.24,BDT,Inventory
665,675,665,2023-12-15,INV-4645,6791977.36,BDT,Inventory
666,676,666,2023-10-02,INV-2549,2579085.6,BDT,Opex-Marketing
667,677,667,2023-08-12,INV-5451,875574.67,CNY,Inventory
668,678,668,2023-11-08,INV-4560,1510676.34,BDT,Opex-Facility
669,679,669,2022-01-31,INV-2406,4110829.78,BDT,Inventory
670,680,670,2020-03-22,INV-0452,55825.3,CNY,Inventory
671,681,671,2023-08-11,INV-2758,3339335.11,BDT,Inventory
672,682,672,2022-08-01,INV-2815,167365.84,USD,Inventory
673,683,673,2021-05-08,INV-9304,349895.4,USD,Inventory
674,684,674,2023-08-25,INV-0284,7883463.82,BDT,Inventory
675,685,675,2023-03-05,INV-2659,3240527.31,BDT,Inventory
676,686,676,2023-02-18,INV-0209,4573973.94,BDT,Inventory
677,687,677,2021-05-23,INV-7730,2707.2,USD,Inventory
678,688,678,2023-12-08,INV-2167,3253774.94,BDT,Opex-Marketing
679,689,679,2020-05-11,INV-0109,6177335.0,BDT,Opex-Marketing
680,690,680,2023-01-26,INV-9455,37915.82,USD,Inventory
681,691,681,2023-04-09,INV-1450,4924259.0,BDT,Inventory
682,692,682,2023-12-03,INV-3671,111890.4,USD,Capex-IT
683,693,683,2023-05-10,INV-3771,401557.84,USD,Inventory
684,694,684,2021-02-04,INV-6476,166356.49,USD,Inventory
685,695,685,2021-08-31,INV-7031,8811.66,USD,Inventory
686,696,686,2023-07-16,INV-2884,4869100.9,BDT,Inventory
687,697,687,2023-07-22,INV-4469,411352.16,USD,Inventory
688,698,688,2020-11-22,INV-5868,1526155.0,BDT,Inventory
689,699,689,2024-01-02,INV-6860,593350.9,USD,Inventory
690,700,690,2023-10-08,INV-9058,3428984.72,BDT,Opex-Marketing
691,701,691,2021-06-14,INV-0495,211850.05,USD,Inventory
692,702,692,2021-11-03,INV-5697,5674516.0,BDT,Inventory
693,703,693,2022-03-17,INV-0938,977148.89,USD,Capex-IT
694,704,694,2023-07-07,INV-1140,6746.58,USD,Inventory
695,705,695,2023-08-26,INV-2893,1925776.67,BDT,Inventory
696,706,696,2020-12-05,INV-7307,4349966.0,BDT,Inventory
697,707,697,2022-12-06,INV-5464,3756368.41,BDT,Inventory
698,708,698,2023-09-03,INV-8816,100932.81,USD,Inventory
699,709,699,2023-09-01,INV-9937,5332085.58,BDT,Inventory
700,710,700,2020-06-26,INV-4649,775577.38,USD,Capex-IT
701,711,701,2020-01-19,INV-8356,3173063.0,BDT,Inventory
702,712,702,2022-03-04,INV-4137,3466435.12,BDT,Inventory
703,713,703,2022-05-21,INV-3572,437446.0,BDT,Opex-Facility
704,714,704,2022-04-30,INV-7177,5334.48,USD,Inventory
705,715,705,2023-11-30,INV-6861,3854406.74,BDT,Inventory
706,716,706,2023-04-09,INV-2129,142705.74,CNY,Inventory
707,717,707,2023-02-19,INV-5642,3489751.3,BDT,Inventory
708,719,708,2020-07-08,INV-4538,7921.78,CNY,Inventory
709,720,709,2021-09-16,INV-0454,5160569.0,BDT,Inventory
710,721,710,2023-05-04,INV-1935,1166225.4,BDT,Inventory
711,722,711,2022-05-07,INV-2337,79115.25,USD,Capex-IT
712,723,712,2022-10-12,INV-4879,938874.63,USD,Inventory
713,724,713,2020-09-29,INV-6441,2341405.0,BDT,Inventory
714,725,714,2021-09-28,INV-1202,5316915.0,BDT,Opex-Marketing
715,726,715,2023-06-18,INV-1795,528399.15,BDT,Inventory
716,727,716,2023-12-06,INV-2707,5489121.13,BDT,Inventory
717,728,717,2023-10-29,INV-3011,20910.0,USD,Inventory
718,729,718,2022-11-20,INV-2474,5043271.07,BDT,Inventory
719,730,719,2022-06-11,INV-8917,1120.53,USD,Inventory
720,731,720,2022-07-11,INV-4364,4478297.16,BDT,Inventory
721,732,721,2022-05-25,INV-0364,526090.78,CNY,Inventory
722,733,722,2022-10-13,INV-9492,4171797.31,BDT,Inventory
723,734,723,2023-03-22,INV-3148,5709504.98,BDT,Inventory
724,735,724,2022-10-17,INV-4532,887368.0,BDT,Inventory
725,736,725,2023-01-03,INV-6970,5750911.94,BDT,Opex-Logistics
726,737,726,2023-01-29,INV-2782,20748.91,USD,Inventory
727,738,727,2022-09-17,INV-6251,3641966.32,BDT,Inventory
728,739,728,2023-09-28,INV-5105,7113301.17,BDT,Inventory
729,740,729,2022-01-23,INV-3507,5658974.0,BDT,Opex-Facility
730,741,730,2022-09-16,INV-1847,2594344.12,BDT,Inventory
731,742,731,2023-09-01,INV-4210,4502712.01,BDT,Inventory
732,743,732,2023-09-02,INV-8419,350230.6,USD,Capex-IT
733,744,733,2023-01-07,INV-9143,1041102.4,BDT,Inventory
734,745,734,2021-12-08,INV-1903,4741367.0,BDT,Inventory
735,746,735,2023-02-22,INV-8590,29490.97,USD,Inventory
736,747,736,2023-08-13,INV-5762,2136461.03,BDT,Opex-Facility
737,748,737,2023-07-16,INV-5751,657769.53,USD,Capex-IT
738,749,738,2021-07-27,INV-6614,2143881.0,BDT,Opex-Marketing
739,750,739,2023-07-26,INV-4874,5993508.81,BDT,Inventory
740,751,740,2021-01-12,INV-0581,2318642.0,BDT,Inventory
741,752,741,2023-01-10,INV-3817,6095339.35,BDT,Opex-Marketing
742,753,742,2023-02-09,INV-6260,200985.47,CNY,Inventory
743,754,743,2023-12-19,INV-8841,4726723.88,BDT,Inventory
744,755,744,2022-03-21,INV-1709,25156.94,USD,Inventory
745,756,745,2023-02-26,INV-4113,7233.18,USD,Inventory
746,757,746,2023-01-23,INV-4187,109415.2,CNY,Capex-IT
747,758,747,2023-02-28,INV-9456,26517.47,CNY,Inventory
748,759,748,2021-09-27,INV-2039,2845040.0,BDT,Inventory
749,760,749,2022-04-21,INV-2184,119925.53,USD,Capex-IT
750,761,750,2023-04-04,INV-7937,19060.03,CNY,Inventory
751,762,751,2023-12-17,INV-0557,815777.13,USD,Capex-IT
752,763,752,2023-04-14,INV-4761,438658.39,BDT,Opex-Marketing
753,764,753,2023-08-08,INV-7373,2360164.67,BDT,Inventory
754,765,754,2023-03-26,INV-2990,245092.76,USD,Inventory
755,766,755,2023-08-27,INV-6280,5007578.95,BDT,Inventory
756,767,756,2022-03-18,INV-2669,2217021.92,BDT,Inventory
757,768,757,2021-06-14,INV-2844,643842.0,BDT,Inventory
758,769,758,2023-09-03,INV-2302,657885.98,USD,Capex-IT
759,770,759,2022-04-27,INV-9222,387001.23,USD,Capex-IT
760,771,760,2023-12-11,INV-1337,3679634.78,BDT,Inventory
761,772,761,2023-07-07,INV-0271,3271338.99,BDT,Inventory
762,773,762,2023-10-25,INV-9986,397271.98,BDT,Inventory
763,774,763,2023-03-24,INV-6929,32235.04,BDT,Opex-Marketing
764,775,764,2022-02-20,INV-2865,4991102.41,BDT,Inventory
765,776,765,2022-06-27,INV-3942,2996445.54,BDT,Opex-Logistics
766,777,766,2020-09-28,INV-3855,1047546.0,BDT,Inventory
767,778,767,2022-10-12,INV-3693,17704.65,CNY,Inventory
768,779,768,2023-08-19,INV-0542,316921.14,CNY,Capex-IT
769,780,769,2023-08-03,INV-2736,1130167.76,BDT,Inventory
770,781,770,2024-01-03,INV-6170,7382855.77,BDT,Inventory
771,782,771,2021-07-30,INV-3195,2630308.0,BDT,Opex-Facility
772,783,772,2023-08-21,INV-9109,23816.48,USD,Inventory
773,784,773,2021-09-20,INV-5304,3252446.0,BDT,Inventory
774,785,774,2022-08-14,INV-4258,3387393.86,BDT,Inventory
775,786,775,2023-05-26,INV-7920,1324951.8,BDT,Opex-Marketing
776,787,776,2023-11-05,INV-0349,2559532.25,BDT,Inventory
777,789,777,2023-02-02,INV-2490,3887044.43,BDT,Opex-Marketing
778,790,778,2021-11-28,INV-2098,557049.39,USD,Inventory
779,791,779,2021-08-25,INV-2840,6527474.0,BDT,Inventory
780,792,780,2021-11-01,INV-2448,3918042.0,BDT,Inventory
781,793,781,2023-09-26,INV-6417,3128724.12,BDT,Inventory
782,794,782,2022-05-13,INV-6885,672703.23,USD,Inventory
783,796,783,2023-01-12,INV-0681,1749029.77,BDT,Inventory
784,797,784,2022-11-18,INV-5732,73244.46,USD,Inventory
785,798,785,2023-08-23,INV-8770,244017.15,USD,Inventory
786,799,786,2021-09-08,INV-4202,1008785.0,BDT,Inventory
787,800,787,2022-10-22,INV-7180,3873641.09,BDT,Inventory
788,801,788,2020-12-30,INV-9911,8839.98,USD,Inventory
789,802,789,2022-07-20,INV-5052,3777925.07,BDT,Opex-Facility
790,803,790,2023-10-05,INV-3216,46670.55,USD,Inventory
791,804,791,2022-05-11,INV-8920,1166748.68,BDT,Inventory
792,805,792,2022-05-24,INV-7389,4286427.11,BDT,Inventory
793,806,793,2022-08-22,INV-0699,37935.43,USD,Inventory
794,807,794,2023-02-16,INV-9182,63515.14,USD,Inventory
795,808,795,2022-01-11,INV-8907,365770.0,BDT,Inventory
796,809,796,2023-12-18,INV-2748,3403029.7,BDT,Inventory
797,810,797,2022-10-31,INV-1889,6686641.61,BDT,Opex-Logistics
798,811,798,2023-10-01,INV-2972,457049.65,CNY,Inventory
799,812,799,2023-07-21,INV-7948,10630650.55,BDT,Inventory
800,813,800,2021-03-26,INV-0463,1647403.0,BDT,Inventory
801,814,801,2022-02-09,INV-8619,4507750.21,BDT,Inventory
802,815,802,2022-10-13,INV-3616,76413.82,BDT,Inventory
803,816,803,2023-12-31,INV-3896,3917119.27,BDT,Inventory
804,817,804,2023-09-04,INV-8163,167442.6,USD,Capex-IT
805,818,805,2020-06-06,INV-6642,2360160.0,BDT,Inventory
806,819,806,2023-08-05,INV-8673,3866174.46,BDT,Inventory
807,820,807,2022-04-12,INV-5702,4070970.52,BDT,Inventory
808,821,808,2021-05-21,INV-2936,123446.44,CNY,Inventory
809,822,809,2023-11-20,INV-1594,4407144.58,BDT,Inventory
810,823,810,2023-05-19,INV-5268,329009.61,USD,Inventory
811,824,811,2023-11-05,INV-9090,72111.69,CNY,Inventory
812,825,812,2023-02-05,INV-1038,41251.78,USD,Inventory
813,826,813,2023-02-13,INV-9560,19653.22,USD,Inventory
814,827,814,2023-02-23,INV-2702,316154.52,USD,Capex-IT
815,828,815,2023-04-23,INV-9256,259826.4,BDT,Inventory
816,829,816,2023-03-13,INV-2096,35934.64,USD,Inventory
817,830,817,2020-07-15,INV-2792,1335209.0,BDT,Opex-Marketing
818,831,818,2020-02-13,INV-6293,7715.4,USD,Inventory
819,832,819,2022-12-31,INV-6826,5627076.23,BDT,Inventory
820,833,820,2020-12-08,INV-2183,35216.49,USD,Inventory
821,834,821,2021-04-30,INV-5384,1886755.0,BDT,Inventory
822,835,822,2023-03-12,INV-0471,222425.96,CNY,Inventory
823,836,823,2023-02-15,INV-9551,65163.22,USD,Capex-IT
824,837,824,2023-12-01,INV-6382,2254257.46,BDT,Opex-Marketing
825,838,825,2020-05-17,INV-0678,7882.4,USD,Inventory
826,839,826,2023-12-31,INV-7659,2972849.52,BDT,Inventory
827,840,827,2020-03-21,INV-3400,1584023.0,BDT,Opex-Marketing
828,841,828,2020-07-28,INV-1785,74760.0,BDT,Inventory
829,842,829,2023-05-04,INV-7747,210981.08,USD,Capex-IT
830,843,830,2023-12-21,INV-4116,5251158.22,BDT,Inventory
831,844,831,2022-12-13,INV-8899,3001612.28,BDT,Inventory
832,845,832,2023-08-19,INV-4960,12848.44,USD,Inventory
833,846,833,2023-02-21,INV-1119,1330490.61,BDT,Inventory
834,847,834,2021-03-15,INV-2402,887008.0,BDT,Inventory
835,848,835,2023-06-09,INV-0021,781781.52,BDT,Inventory
836,849,836,2021-11-05,INV-9301,815574.11,USD,Inventory
837,850,837,2023-11-07,INV-9779,41973.29,USD,Inventory
838,851,838,2023-06-24,INV-0601,1543189.72,BDT,Inventory
839,852,839,2023-09-25,INV-6607,4785916.92,BDT,Opex-Facility
840,853,840,2022-01-20,INV-5606,752500.0,BDT,Opex-Marketing
841,854,841,2021-03-16,INV-8726,9000157.0,BDT,Inventory
842,855,842,2023-12-27,INV-4864,1997074.52,BDT,Opex-Marketing
843,856,843,2021-06-30,INV-2615,1839959.0,BDT,Inventory
844,858,844,2023-10-12,INV-7653,2607218.69,BDT,Inventory
845,859,845,2022-09-07,INV-3401,11179.94,USD,Inventory
846,860,846,2022-10-10,INV-6040,5148262.98,BDT,Inventory
847,861,847,2023-01-09,INV-0778,4129.6,CNY,Capex-IT
848,862,848,2022-10-02,INV-9013,1050155.46,BDT,Inventory
849,863,849,2023-04-26,INV-6344,4558010.46,BDT,Inventory
850,864,850,2023-12-17,INV-4295,44985.63,CNY,Inventory
851,865,851,2022-05-30,INV-3005,246125.85,USD,Inventory
852,866,852,2021-01-30,INV-2020,2212940.0,BDT,Inventory
853,867,853,2023-08-06,INV-3912,4632240.82,BDT,Inventory
854,868,854,2022-12-26,INV-1276,1185637.24,BDT,Inventory
855,869,855,2021-08-27,INV-3680,5361313.0,BDT,Inventory
856,870,856,2023-03-23,INV-0725,3211556.92,BDT,Inventory
857,871,857,2023-11-19,INV-2890,378735.71,USD,Capex-IT
858,872,858,2023-05-09,INV-9845,579826.67,USD,Inventory
859,873,859,2022-06-06,INV-2987,2987647.83,BDT,Opex-Marketing
860,874,860,2023-12-04,INV-2607,4965852.04,BDT,Inventory
861,875,861,2023-11-19,INV-6051,4274396.83,BDT,Inventory
862,876,862,2023-04-04,INV-4198,5857171.51,BDT,Inventory
863,877,863,2021-08-20,INV-5667,3487012.0,BDT,Inventory
864,878,864,2020-08-09,INV-3484,6613756.0,BDT,Inventory
865,879,865,2022-10-21,INV-8757,1598121.58,BDT,Inventory
866,880,866,2023-01-16,INV-1786,8841508.5,BDT,Inventory
867,881,867,2022-05-18,INV-5706,4485378.75,BDT,Opex-Marketing
868,883,868,2021-09-05,INV-1798,46151.44,USD,Inventory
869,884,869,2021-03-13,INV-5931,1188916.0,BDT,Inventory
870,885,870,2023-02-18,INV-4735,406297.42,USD,Inventory
871,886,871,2022-06-22,INV-2090,1224645.22,BDT,Inventory
872,887,872,2023-03-17,INV-9449,1029124.93,BDT,Inventory
873,888,873,2023-05-13,INV-6284,35832.4,USD,Inventory
874,889,874,2020-05-11,INV-2576,3193862.0,BDT,Inventory
875,890,875,2022-08-13,INV-1392,1177507.12,BDT,Inventory
876,891,876,2023-04-30,INV-0033,363237.0,BDT,Inventory
877,892,877,2021-06-22,INV-2411,12277.36,USD,Inventory
878,893,878,2023-08-30,INV-3350,2694808.84,BDT,Inventory
879,894,879,2023-10-09,INV-4016,249356.09,USD,Inventory
880,896,880,2023-12-25,INV-0297,2354966.25,BDT,Inventory
881,897,881,2022-05-11,INV-4569,4971465.32,BDT,Inventory
882,898,882,2022-05-26,INV-3487,91240.5,BDT,Opex-Marketing
883,899,883,2023-11-26,INV-9375,2079695.6,BDT,Inventory
884,900,884,2020-09-27,INV-4885,310632.0,BDT,Inventory
885,901,885,2020-12-06,INV-2510,429284.85,CNY,Capex-IT
886,902,886,2022-07-11,INV-7180,9579.8,USD,Inventory
887,903,887,2023-12-21,INV-6287,4469151.3,BDT,Opex-Marketing
888,904,888,2023-03-13,INV-9702,1070029.61,BDT,Inventory
889,905,889,2022-11-22,INV-7100,4278352.3,BDT,Opex-Marketing
890,906,890,2022-06-29,INV-9217,6460460.73,BDT,Inventory
891,907,891,2022-05-02,INV-6129,3524.14,CNY,Inventory
892,908,892,2023-09-15,INV-4549,230590.68,USD,Capex-IT
893,909,893,2022-08-28,INV-3198,5265257.47,BDT,Inventory
894,910,894,2023-07-05,INV-8323,5175888.91,BDT,Inventory
895,911,895,2021-03-28,INV-1690,5524858.0,BDT,Opex-Marketing
896,912,896,2023-10-09,INV-3361,165523.88,USD,Inventory
897,913,897,2022-11-30,INV-2635,3057058.96,BDT,Inventory
898,914,898,2020-12-25,INV-7116,4266242.0,BDT,Inventory
899,915,899,2022-08-22,INV-9594,281639.75,BDT,Inventory
900,916,900,2020-05-28,INV-5706,4022787.0,BDT,Inventory
901,917,901,2023-09-02,INV-0498,195230.85,USD,Inventory
902,918,902,2023-09-01,INV-8070,1388461.25,CNY,Capex-IT
903,919,903,2023-09-22,INV-2692,1558183.3,BDT,Inventory
904,920,904,2023-07-10,INV-0980,3167448.28,BDT,Inventory
905,921,905,2020-12-15,INV-0351,22992.57,USD,Inventory
906,922,906,2021-10-14,INV-0280,4077150.0,BDT,Inventory
907,923,907,2023-08-10,INV-8878,1780816.78,BDT,Inventory
908,924,908,2023-07-05,INV-0177,1486179.7,BDT,Inventory
909,925,909,2020-12-30,INV-7501,5674475.0,BDT,Inventory
910,926,910,2021-06-16,INV-1801,4000952.0,BDT,Opex-Facility
911,927,911,2020-04-04,INV-7751,25272.33,USD,Inventory
912,928,912,2021-09-05,INV-3763,338164.86,USD,Capex-IT
913,929,913,2023-07-28,INV-3978,2991874.9,BDT,Inventory
914,930,914,2021-12-11,INV-8801,36577.43,CNY,Inventory
915,931,915,2023-04-06,INV-8319,44667.3,CNY,Inventory
916,932,916,2021-07-31,INV-9849,3806298.0,BDT,Opex-Marketing
917,933,917,2022-03-04,INV-9091,1494531.55,BDT,Inventory
918,934,918,2023-12-16,INV-1110,399727.5,BDT,Inventory
919,935,919,2021-05-28,INV-7024,4044232.0,BDT,Inventory
920,936,920,2021-10-31,INV-2698,4774488.0,BDT,Inventory
921,937,921,2021-08-07,INV-7795,2998037.0,BDT,Opex-Facility
922,938,922,2023-08-04,INV-0601,4052645.98,BDT,Opex-Facility
923,939,923,2022-05-25,INV-0579,3821744.94,BDT,Inventory
924,940,924,2021-05-02,INV-0582,750365.55,CNY,Inventory
925,941,925,2022-07-13,INV-9552,314739.0,BDT,Opex-Marketing
926,942,926,2022-03-29,INV-2154,4133610.85,BDT,Inventory
927,943,927,2022-09-26,INV-6771,8401802.3,BDT,Opex-Marketing
928,944,928,2020-09-02,INV-1384,444161.76,CNY,Capex-IT
929,945,929,2023-08-08,INV-3282,146183.43,CNY,Inventory
930,946,930,2021-07-12,INV-9541,22981.08,USD,Inventory
931,947,931,2023-08-20,INV-3551,1471571.41,BDT,Inventory
932,948,932,2020-09-26,INV-5586,178981.32,USD,Capex-IT
933,949,933,2021-06-24,INV-3393,105362.3,USD,Inventory
934,950,934,2021-09-05,INV-8759,11837.47,USD,Inventory
935,951,935,2021-11-11,INV-8194,4919101.0,BDT,Inventory
936,952,936,2021-12-19,INV-2716,3061114.0,BDT,Inventory
937,953,937,2023-08-22,INV-2382,6068346.07,BDT,Inventory
938,954,938,2022-07-12,INV-2375,512659.98,USD,Capex-IT
939,955,939,2022-07-19,INV-8304,4535155.86,BDT,Inventory
940,956,940,2021-05-14,INV-8917,3571791.0,BDT,Opex-Logistics
941,957,941,2023-06-04,INV-4563,517262.85,USD,Capex-IT
942,958,942,2023-07-03,INV-7335,1815762.17,BDT,Inventory
943,959,943,2023-01-03,INV-3686,4179695.53,BDT,Inventory
944,960,944,2020-07-09,INV-7853,107.52,USD,Inventory
945,961,945,2021-04-26,INV-8141,123312.25,USD,Inventory
946,962,946,2023-12-08,INV-6168,597284.7,CNY,Inventory
947,963,947,2021-07-22,INV-6026,38798.0,BDT,Inventory
948,964,948,2023-07-09,INV-6264,6616220.8,BDT,Inventory
949,965,949,2022-10-28,INV-9241,3313404.84,BDT,Inventory
950,966,950,2022-11-25,INV-3727,3102972.65,BDT,Inventory
951,967,951,2022-08-25,INV-0490,6623.96,CNY,Capex-IT
952,968,952,2023-07-05,INV-1905,628717.56,BDT,Inventory
953,969,953,2021-04-08,INV-8265,2680206.0,BDT,Opex-Facility
954,970,954,2021-05-31,INV-3396,957954.0,BDT,Inventory
955,971,955,2022-07-03,INV-0922,353785.32,USD,Inventory
956,972,956,2022-05-25,INV-2696,804385.61,BDT,Inventory
957,973,957,2022-11-09,INV-3984,1262500.53,BDT,Inventory
958,974,958,2023-03-14,INV-8959,3897540.26,BDT,Opex-Facility
959,975,959,2022-09-10,INV-8979,814948.68,BDT,Inventory
960,976,960,2023-11-21,INV-7841,4143542.04,BDT,Inventory
961,977,961,2023-02-09,INV-4548,1881607.59,BDT,Inventory
962,978,962,2023-04-24,INV-5672,18294.12,USD,Inventory
963,979,963,2021-12-14,INV-8251,3943222.0,BDT,Inventory
964,980,964,2021-12-11,INV-4138,1817241.0,BDT,Inventory
965,981,965,2021-10-02,INV-7159,5403242.0,BDT,Inventory
966,982,966,2021-10-31,INV-8201,859993.0,BDT,Inventory
967,983,967,2020-04-27,INV-3212,529156.0,BDT,Inventory
968,984,968,2023-12-25,INV-0239,1287101.53,BDT,Inventory
969,985,969,2022-12-13,INV-4640,5692497.46,BDT,Inventory
970,986,970,2021-12-01,INV-2541,4093122.0,BDT,Inventory
971,987,971,2022-12-31,INV-7441,358834.28,BDT,Inventory
972,988,972,2022-02-27,INV-9856,3054027.38,BDT,Opex-Facility
973,989,973,2022-07-29,INV-3244,144.9,USD,Inventory
974,990,974,2023-07-30,INV-0034,2000359.09,BDT,Inventory
975,991,975,2023-03-20,INV-9340,1657104.6,BDT,Inventory
976,992,976,2023-05-08,INV-6765,5333234.68,BDT,Opex-Logistics
977,993,977,2023-07-18,INV-3987,201290.07,BDT,Opex-Facility
978,994,978,2022-11-26,INV-5556,3068114.83,BDT,Inventory
979,995,979,2023-03-12,INV-0728,323047.0,USD,Capex-IT
980,996,980,2023-01-18,INV-7269,398625.25,USD,Inventory
981,997,981,2021-03-24,INV-3923,3142810.0,BDT,Inventory
982,998,982,2023-01-03,INV-4629,2135449.53,BDT,Inventory
983,999,983,2022-11-17,INV-4438,4848460.97,BDT,Inventory
984,1000,984,2023-07-20,INV-0958,43034.39,USD,Capex-IT
985,1001,985,2021-07-31,INV-6989,450186.0,BDT,Inventory
986,1002,986,2023-06-18,INV-1539,2842427.77,BDT,Inventory
987,1003,987,2023-09-23,INV-0392,87117.42,USD,Inventory
988,1004,988,2023-08-23,INV-6755,1634877.99,CNY,Inventory
989,1005,989,2023-07-06,INV-2168,4542360.07,BDT,Opex-Marketing
990,1006,990,2023-05-17,INV-5993,1631386.11,BDT,Inventory
991,1007,991,2023-07-28,INV-4683,1897844.29,BDT,Opex-Facility
992,1008,992,2021-07-17,INV-0147,331979.38,CNY,Inventory
993,1009,993,2020-08-01,INV-9333,3847337.0,BDT,Inventory
994,1010,994,2023-08-26,INV-7303,1444727.98,BDT,Inventory
995,1011,995,2022-04-03,INV-6623,6181983.52,BDT,Inventory
996,1012,996,2022-03-17,INV-3883,386921.66,BDT,Inventory
997,1014,997,2020-11-16,INV-7010,212570.66,USD,Inventory
998,1015,998,2023-03-23,INV-1961,665587.44,BDT,Opex-Facility
999,1016,999,2022-01-04,INV-8179,53917.8,USD,Inventory
1000,1017,1000,2022-05-10,INV-9453,2595953.98,BDT,Inventory
1001,1018,1001,2022-09-02,INV-6549,207535.54,CNY,Inventory
1002,1019,1002,2022-02-17,INV-3849,1225111.72,USD,Capex-IT
1003,1020,1003,2022-11-14,INV-3186,712733.76,USD,Inventory
1004,1021,1004,2021-04-26,INV-7649,5490087.0,BDT,Inventory
1005,1022,1005,2023-09-09,INV-0137,4539740.33,BDT,Inventory
1006,1023,1006,2021-10-29,INV-6786,189188.0,USD,Inventory
1007,1024,1007,2023-02-18,INV-1916,866504.57,USD,Capex-IT
1008,1025,1008,2022-10-21,INV-7439,1909680.44,BDT,Opex-Facility
1009,1026,1009,2022-08-02,INV-8972,4319066.8,BDT,Inventory
1010,1027,1010,2022-08-28,INV-0837,7179692.77,BDT,Inventory
1011,1028,1011,2021-01-19,INV-1315,1947882.0,BDT,Inventory
1012,1029,1012,2022-08-12,INV-1688,4966167.48,BDT,Inventory
1013,1030,1013,2021-10-30,INV-3032,6253954.0,BDT,Inventory
1014,1031,1014,2023-09-17,INV-7568,4994036.59,BDT,Inventory
1015,1032,1015,2021-09-19,INV-1749,1952000.0,BDT,Inventory
1016,1033,1016,2023-11-02,INV-8781,414464.86,USD,Inventory
1017,1034,1017,2022-12-08,INV-9529,79120.38,USD,Inventory
1018,1035,1018,2020-06-16,INV-2558,3040987.0,BDT,Inventory
1019,1036,1019,2022-09-20,INV-9424,1125290.2,BDT,Inventory
1020,1037,1020,2023-11-17,INV-5356,4781972.64,BDT,Opex-Admin
1021,1038,1021,2021-09-11,INV-9522,2492299.0,BDT,Inventory
1022,1039,1022,2020-07-31,INV-5237,1147834.0,BDT,Inventory
1023,1040,1023,2023-12-03,INV-2449,603921.22,CNY,Capex-IT
1024,1041,1024,2022-11-02,INV-0078,17790.6,USD,Inventory
1025,1042,1025,2023-12-17,INV-0025,3604509.85,BDT,Inventory
1026,1043,1026,2021-02-05,INV-6638,26753.43,USD,Inventory
1027,1044,1027,2023-08-03,INV-7777,3334955.54,BDT,Opex-Facility
1028,1045,1028,2023-05-26,INV-6525,2025527.3,BDT,Inventory
1029,1046,1029,2020-10-25,INV-2082,182770.0,BDT,Inventory
1030,1047,1030,2023-10-02,INV-5578,4345111.83,BDT,Inventory
1031,1048,1031,2022-06-01,INV-4851,2090526.92,BDT,Inventory
1032,1049,1032,2021-05-31,INV-9709,4043336.0,BDT,Inventory
1033,1050,1033,2020-08-16,INV-1796,4448502.0,BDT,Opex-Marketing
1034,1051,1034,2020-11-19,INV-3538,5644311.0,BDT,Inventory
1035,1052,1035,2021-03-03,INV-0661,2500502.0,BDT,Inventory
1036,1053,1036,2021-12-17,INV-4248,66699.92,USD,Capex-IT
1037,1054,1037,2021-06-15,INV-7522,1232335.85,CNY,Capex-IT
1038,1055,1038,2021-11-11,INV-6229,4243256.0,BDT,Inventory
1039,1056,1039,2022-02-22,INV-5998,4654906.87,BDT,Inventory
1040,1057,1040,2023-08-08,INV-0566,3243682.69,BDT,Inventory
1041,1058,1041,2022-08-09,INV-9938,750323.72,USD,Capex-IT
1042,1059,1042,2021-02-28,INV-4958,777438.62,USD,Inventory
1043,1060,1043,2023-12-21,INV-3279,2812531.73,BDT,Inventory
1044,1061,1044,2023-03-18,INV-4324,4933282.13,BDT,Inventory
1045,1062,1045,2023-04-15,INV-3194,2783913.81,BDT,Inventory
1046,1063,1046,2023-02-27,INV-6410,850220.7,BDT,Inventory
1047,1064,1047,2024-01-02,INV-9227,1080629.54,BDT,Opex-Marketing
1048,1065,1048,2021-08-28,INV-6128,1246271.0,BDT,Inventory
1049,1067,1049,2021-11-02,INV-9347,1339792.0,BDT,Inventory
1050,1068,1050,2023-09-17,INV-8718,436127.96,CNY,Inventory
1051,1069,1051,2023-01-12,INV-6206,2370737.27,BDT,Inventory
1052,1070,1052,2022-09-25,INV-2642,6887131.79,BDT,Inventory
1053,1071,1053,2023-05-02,INV-5828,2273364.72,BDT,Inventory
1054,1072,1054,2021-11-13,INV-3707,196900.95,USD,Inventory
1055,1073,1055,2022-06-01,INV-2767,2489257.96,BDT,Opex-Facility
1056,1074,1056,2020-09-25,INV-0952,326031.86,CNY,Capex-IT
1057,1075,1057,2023-11-28,INV-0808,3621738.79,BDT,Inventory
1058,1076,1058,2023-09-09,INV-1952,4237889.24,BDT,Inventory
1059,1078,1059,2022-01-03,INV-1474,2566833.0,BDT,Inventory
1060,1079,1060,2023-06-30,INV-9239,1269505.92,BDT,Inventory
1061,1080,1061,2023-04-26,INV-5715,5094001.87,BDT,Inventory
1062,1081,1062,2022-03-04,INV-4482,12916.6,USD,Inventory
1063,1082,1063,2023-08-22,INV-9297,2484072.4,BDT,Inventory
1064,1083,1064,2022-11-09,INV-3127,38703.03,CNY,Inventory
1065,1084,1065,2020-04-08,INV-3024,2855358.0,BDT,Inventory
1066,1085,1066,2023-04-28,INV-5457,3684539.26,BDT,Inventory
1067,1086,1067,2023-05-20,INV-4907,1660792.74,BDT,Opex-Admin
1068,1087,1068,2023-12-12,INV-2210,67913.73,CNY,Inventory
1069,1088,1069,2023-10-09,INV-1260,6188340.74,BDT,Inventory
1070,1089,1070,2023-01-31,INV-7104,6512143.22,BDT,Opex-Logistics
1071,1090,1071,2021-04-20,INV-1640,84354.2,USD,Inventory
1072,1091,1072,2020-10-01,INV-3524,4153575.0,BDT,Inventory
1073,1092,1073,2022-09-24,INV-9614,1487607.63,BDT,Opex-Marketing
1074,1093,1074,2022-05-14,INV-4880,5288255.98,BDT,Inventory
1075,1094,1075,2023-08-13,INV-7004,2633924.05,BDT,Inventory
1076,1095,1076,2023-03-27,INV-3278,3260492.36,BDT,Inventory
1077,1096,1077,2023-01-20,INV-1414,3397.86,USD,Inventory
1078,1097,1078,2021-07-03,INV-0143,162998.29,USD,Inventory
1079,1098,1079,2024-01-04,INV-2541,843345.59,BDT,Inventory
1080,1099,1080,2023-05-31,INV-0524,4868013.89,BDT,Opex-Marketing
1081,1100,1081,2021-05-15,INV-7570,140238.96,CNY,Capex-IT
1082,1101,1082,2022-05-03,INV-0916,14286.51,USD,Inventory
1083,1102,1083,2021-04-14,INV-7640,836503.0,BDT,Opex-Facility
1084,1103,1084,2022-09-12,INV-3785,299068.25,USD,Capex-IT
1085,1104,1085,2022-02-11,INV-2059,1398044.7,BDT,Inventory
1086,1105,1086,2021-12-15,INV-4876,1441835.0,BDT,Inventory
1087,1106,1087,2023-07-07,INV-0404,4801334.15,BDT,Inventory
1088,1107,1088,2021-09-11,INV-3488,1225054.0,BDT,Opex-Marketing
1089,1108,1089,2020-03-24,INV-9065,20019.37,USD,Inventory
1090,1109,1090,2023-11-13,INV-2253,4427096.41,BDT,Inventory
1091,1110,1091,2021-07-22,INV-2707,750969.25,USD,Capex-IT
1092,1111,1092,2022-04-10,INV-8206,118703.24,USD,Capex-IT
1093,1112,1093,2020-04-25,INV-1128,2375776.0,BDT,Inventory
1094,1113,1094,2022-07-24,INV-3527,521719.24,BDT,Inventory
1095,1114,1095,2023-06-05,INV-2951,606186.03,CNY,Capex-IT
1096,1115,1096,2023-12-20,INV-7777,4439781.51,BDT,Opex-Facility
1097,1116,1097,2022-10-18,INV-7027,2008006.03,BDT,Inventory
1098,1117,1098,2021-10-07,INV-7731,3726.43,USD,Inventory
1099,1118,1099,2023-03-11,INV-8068,5148108.15,BDT,Inventory
1100,1119,1100,2021-04-09,INV-7714,567754.0,BDT,Inventory
1101,1120,1101,2020-07-11,INV-7185,3061012.0,BDT,Inventory
1102,1121,1102,2023-12-21,INV-0799,64908.77,USD,Capex-IT
1103,1122,1103,2021-12-25,INV-6792,640840.0,BDT,Inventory
1104,1123,1104,2023-08-04,INV-1275,868830.72,BDT,Inventory
1105,1124,1105,2023-11-14,INV-7987,148683.19,USD,Inventory
1106,1125,1106,2023-02-07,INV-5919,444237.81,CNY,Inventory
1107,1126,1107,2021-10-14,INV-6171,42080.0,BDT,Inventory
1108,1127,1108,2022-12-14,INV-6195,2743187.46,BDT,Inventory
1109,1128,1109,2023-01-28,INV-6536,262044.3,USD,Inventory
1110,1129,1110,2022-04-12,INV-3251,654889.92,USD,Inventory
1111,1130,1111,2023-03-05,INV-4899,3033744.12,BDT,Inventory
1112,1131,1112,2023-12-14,INV-5634,358359.12,USD,Inventory
1113,1132,1113,2021-09-14,INV-0395,2517097.0,BDT,Opex-Marketing
1114,1133,1114,2022-08-26,INV-9199,7394383.59,BDT,Opex-Admin
1115,1134,1115,2022-05-12,INV-6524,5107552.53,BDT,Inventory
1116,1135,1116,2023-10-18,INV-8465,5594.68,USD,Inventory
1117,1136,1117,2022-07-07,INV-6829,3019465.42,BDT,Opex-Facility
1118,1137,1118,2023-11-05,INV-9623,3082616.1,BDT,Inventory
1119,1138,1119,2021-10-18,INV-7273,249373.57,CNY,Capex-IT
1120,1139,1120,2022-03-08,INV-4971,28777.93,USD,Inventory
1121,1140,1121,2023-03-19,INV-2287,24413.58,USD,Inventory
1122,1141,1122,2020-12-06,INV-4975,1897210.0,BDT,Inventory
1123,1142,1123,2022-01-17,INV-4509,2429545.92,BDT,Inventory
1124,1143,1124,2021-07-06,INV-8927,579124.0,BDT,Inventory
1125,1144,1125,2023-05-14,INV-3148,12720.35,USD,Inventory
1126,1145,1126,2023-10-28,INV-8080,1418886.81,BDT,Opex-Facility
1127,1146,1127,2021-12-04,INV-3400,3194048.0,BDT,Inventory
1128,1147,1128,2021-10-28,INV-4452,4906947.0,BDT,Inventory
1129,1148,1129,2023-09-16,INV-5258,1081792.37,BDT,Inventory
1130,1149,1130,2022-05-03,INV-5913,1330187.6,BDT,Inventory
1131,1150,1131,2023-11-28,INV-1030,3639685.25,BDT,Inventory
1132,1151,1132,2021-05-17,INV-3189,210660.0,BDT,Opex-Marketing
1133,1152,1133,2021-10-05,INV-5579,6607985.0,BDT,Inventory
1134,1153,1134,2023-09-01,INV-5769,2487.1,CNY,Inventory
1135,1154,1135,2023-05-25,INV-8770,459634.36,USD,Inventory
1136,1155,1136,2022-11-28,INV-4539,702543.4,BDT,Inventory
1137,1156,1137,2023-04-23,INV-7350,3029977.13,BDT,Inventory
1138,1157,1138,2023-10-06,INV-9975,5330282.6,BDT,Inventory
1139,1158,1139,2023-10-14,INV-5053,54828.48,USD,Capex-IT
1140,1159,1140,2022-06-14,INV-1137,120717.54,CNY,Inventory
1141,1160,1141,2023-03-23,INV-6381,164613.85,USD,Inventory
1142,1161,1142,2023-08-21,INV-4107,3149727.57,BDT,Inventory
1143,1162,1143,2023-01-31,INV-4582,1461778.36,BDT,Inventory
1144,1163,1144,2021-03-22,INV-4728,698616.0,BDT,Inventory
1145,1164,1145,2021-05-14,INV-9633,36.9,CNY,Inventory
1146,1165,1146,2022-08-27,INV-6621,418249.33,USD,Inventory
1147,1166,1147,2023-02-17,INV-7873,4519721.83,BDT,Inventory
1148,1167,1148,2022-07-14,INV-3896,3838236.01,BDT,Opex-Admin
1149,1168,1149,2023-11-12,INV-9712,2656833.79,BDT,Inventory
1150,1169,1150,2023-04-10,INV-5980,2648946.77,BDT,Inventory
1151,1170,1151,2021-09-26,INV-4401,390960.0,BDT,Opex-Marketing
1152,1171,1152,2022-01-29,INV-0420,1380205.37,BDT,Inventory
1153,1172,1153,2021-08-30,INV-9310,296691.14,CNY,Inventory
1154,1173,1154,2023-05-21,INV-5918,1550558.28,BDT,Inventory
1155,1174,1155,2023-11-14,INV-6282,2682157.18,BDT,Opex-Marketing
1156,1175,1156,2020-03-11,INV-0787,3307464.0,BDT,Inventory
1157,1176,1157,2023-04-07,INV-9603,6298947.09,BDT,Inventory
1158,1177,1158,2023-04-02,INV-6907,2054057.64,BDT,Inventory
1159,1178,1159,2022-05-29,INV-7750,4466925.86,BDT,Inventory
1160,1179,1160,2022-07-14,INV-1459,51545.22,BDT,Inventory
1161,1180,1161,2021-06-15,INV-8107,109462.99,USD,Inventory
1162,1181,1162,2023-04-24,INV-3787,3303706.27,BDT,Opex-Logistics
1163,1182,1163,2021-11-27,INV-5196,35734.0,BDT,Opex-Marketing
1164,1183,1164,2022-12-01,INV-2293,1968618.96,BDT,Opex-Admin
1165,1184,1165,2023-03-13,INV-9586,1522609.37,BDT,Inventory
1166,1185,1166,2021-11-09,INV-6005,3110139.0,BDT,Opex-Marketing
1167,1186,1167,2023-12-24,INV-7817,17296.08,CNY,Inventory
1168,1187,1168,2021-12-21,INV-0607,501832.0,BDT,Inventory
1169,1188,1169,2021-06-12,INV-2580,3168291.0,BDT,Inventory
1170,1189,1170,2020-07-02,INV-3534,152876.11,USD,Inventory
1171,1190,1171,2022-09-03,INV-7194,1954018.1,BDT,Opex-Facility
1172,1191,1172,2023-02-03,INV-0683,5362645.73,BDT,Inventory
1173,1192,1173,2023-08-22,INV-0304,110354.76,USD,Capex-IT
1174,1193,1174,2023-01-06,INV-0892,40765.5,USD,Inventory
1175,1194,1175,2023-10-05,INV-4555,3295379.99,BDT,Opex-Admin
1176,1195,1176,2023-08-10,INV-9023,57050.21,USD,Inventory
1177,1196,1177,2020-05-30,INV-3141,1441531.0,BDT,Opex-Marketing
1178,1197,1178,2021-04-25,INV-0303,3451918.0,BDT,Inventory
1179,1198,1179,2023-07-01,INV-1597,165237.56,BDT,Opex-Marketing
1180,1199,1180,2022-03-24,INV-0633,35593.49,CNY,Inventory
1181,1200,1181,2023-12-15,INV-7537,3049633.3,BDT,Inventory
1182,1201,1182,2023-11-19,INV-7820,5747150.84,BDT,Inventory
1183,1202,1183,2022-03-13,INV-9325,69974.55,USD,Inventory
1184,1203,1184,2021-04-27,INV-3644,2036974.0,BDT,Inventory
1185,1204,1185,2022-09-12,INV-7698,1095097.41,BDT,Inventory
1186,1205,1186,2023-09-22,INV-1814,32265.66,CNY,Inventory
1187,1206,1187,2023-10-03,INV-2803,385123.29,USD,Inventory
1188,1207,1188,2023-09-22,INV-2316,2858303.05,BDT,Inventory
1189,1208,1189,2021-05-08,INV-0018,4554562.0,BDT,Inventory
1190,1209,1190,2022-10-02,INV-2127,1875155.13,BDT,Inventory
1191,1210,1191,2022-06-14,INV-6096,1839708.43,BDT,Opex-Admin
1192,1211,1192,2020-09-09,INV-2597,17129.85,USD,Inventory
1193,1212,1193,2023-03-27,INV-3274,3479473.2,BDT,Inventory
1194,1213,1194,2021-04-10,INV-8381,989.1,USD,Inventory
1195,1214,1195,2023-09-14,INV-1250,6827377.92,BDT,Opex-Logistics
1196,1215,1196,2021-01-29,INV-4328,3611856.0,BDT,Inventory
1197,1216,1197,2023-04-05,INV-8249,193165.08,BDT,Opex-Facility
1198,1217,1198,2021-08-23,INV-7656,25102.2,CNY,Inventory
1199,1218,1199,2022-06-03,INV-5208,6179363.94,BDT,Inventory
1200,1219,1200,2023-07-19,INV-6426,225610.55,USD,Capex-IT
1201,1220,1201,2022-03-06,INV-1246,1381685.5,BDT,Inventory
1202,1221,1202,2022-10-29,INV-2520,5577941.53,BDT,Opex-Facility
1203,1222,1203,2022-10-22,INV-9049,747496.0,BDT,Inventory
1204,1223,1204,2023-09-19,INV-3685,3068938.01,BDT,Opex-Facility
1205,1224,1205,2021-07-27,INV-6752,3251901.0,BDT,Opex-Marketing
1206,1225,1206,2020-07-22,INV-0406,906650.55,USD,Capex-IT
1207,1226,1207,2023-11-18,INV-3703,8388.83,CNY,Inventory
1208,1227,1208,2021-10-19,INV-1957,2865582.0,BDT,Inventory
1209,1229,1209,2023-03-19,INV-9927,434396.77,USD,Capex-IT
1210,1230,1210,2023-10-05,INV-3826,4112330.54,BDT,Inventory
1211,1231,1211,2022-05-24,INV-2098,2150469.05,BDT,Inventory
1212,1232,1212,2023-10-20,INV-5617,7612877.25,BDT,Inventory
1213,1233,1213,2021-07-11,INV-1146,2765128.0,BDT,Inventory
1214,1234,1214,2022-12-01,INV-8924,108355.61,CNY,Inventory
1215,1235,1215,2023-06-05,INV-7066,6822443.81,BDT,Opex-Marketing
1216,1236,1216,2021-08-11,INV-5153,417680.0,BDT,Inventory
1217,1237,1217,2023-12-23,INV-5732,2098600.86,BDT,Inventory
1218,1238,1218,2023-11-07,INV-7983,4078468.12,BDT,Inventory
1219,1239,1219,2021-11-22,INV-9578,330848.0,BDT,Inventory
1220,1240,1220,2022-08-20,INV-6056,3469209.22,BDT,Opex-Marketing
1221,1241,1221,2021-09-06,INV-7488,1346665.0,BDT,Opex-Marketing
1222,1242,1222,2023-04-28,INV-5560,44426.51,USD,Inventory
1223,1243,1223,2021-12-15,INV-0447,753775.23,USD,Capex-IT
1224,1244,1224,2021-09-25,INV-5204,266084.78,USD,Capex-IT
1225,1245,1225,2023-10-01,INV-0075,547894.62,BDT,Opex-Admin
1226,1246,1226,2023-09-20,INV-6911,4536282.82,BDT,Inventory
1227,1247,1227,2022-04-20,INV-5617,2190664.91,BDT,Inventory
1228,1248,1228,2022-03-12,INV-7034,1369545.98,BDT,Opex-Facility
1229,1249,1229,2023-11-11,INV-3421,194886.76,USD,Inventory
1230,1250,1230,2022-12-28,INV-7314,56864.94,USD,Inventory
1231,1251,1231,2023-07-02,INV-2112,15944.17,USD,Inventory
1232,1253,1232,2022-07-23,INV-0189,115429.03,USD,Inventory
1233,1254,1233,2023-05-31,INV-4568,669836.1,BDT,Inventory
1234,1255,1234,2023-08-15,INV-1636,7619845.23,BDT,Inventory
1235,1256,1235,2023-12-12,INV-6318,7237353.32,BDT,Inventory
1236,1257,1236,2022-04-12,INV-1600,1663499.02,BDT,Inventory
1237,1258,1237,2022-07-17,INV-3236,12190.6,CNY,Inventory
1238,1259,1238,2022-08-31,INV-0077,1442747.9,BDT,Inventory
1239,1260,1239,2023-12-04,INV-8970,5160523.57,BDT,Inventory
1240,1261,1240,2020-11-04,INV-3912,145561.95,CNY,Capex-IT
1241,1262,1241,2022-08-05,INV-3755,14310.23,USD,Inventory
1242,1263,1242,2021-08-29,INV-7820,198531.48,USD,Inventory
1243,1264,1243,2023-07-21,INV-8852,409977.66,USD,Inventory
1244,1265,1244,2023-03-22,INV-6622,251108.42,CNY,Inventory
1245,1266,1245,2021-03-31,INV-1423,470646.0,BDT,Inventory
1246,1267,1246,2023-03-11,INV-9586,7292.43,USD,Inventory
1247,1268,1247,2021-05-27,INV-2665,672.98,USD,Inventory
1248,1269,1248,2022-12-25,INV-8740,2743315.7,BDT,Opex-Admin
1249,1270,1249,2023-01-18,INV-0872,316475.87,USD,Capex-IT
1250,1272,1250,2023-11-19,INV-2944,3102220.46,BDT,Inventory
1251,1273,1251,2023-05-04,INV-6102,4614140.99,BDT,Opex-Facility
1252,1274,1252,2020-10-28,INV-6793,2159701.0,BDT,Opex-Marketing
1253,1275,1253,2021-09-26,INV-2195,215373.44,CNY,Inventory
1254,1276,1254,2023-11-30,INV-1986,2668167.55,BDT,Inventory
1255,1277,1255,2021-07-10,INV-0030,1151422.0,BDT,Opex-Marketing
1256,1278,1256,2023-06-11,INV-0323,677230.09,USD,Inventory
1257,1279,1257,2021-11-04,INV-5808,4449672.0,BDT,Inventory
1258,1280,1258,2021-11-19,INV-1286,3538809.0,BDT,Inventory
1259,1281,1259,2022-04-16,INV-5827,4997509.4,BDT,Inventory
1260,1282,1260,2023-01-02,INV-1877,1482275.5,BDT,Inventory
1261,1283,1261,2022-02-01,INV-8325,1961018.87,BDT,Inventory
1262,1284,1262,2021-02-14,INV-9324,64791.2,CNY,Inventory
1263,1285,1263,2022-06-25,INV-1946,985676.22,USD,Inventory
1264,1286,1264,2023-10-09,INV-4352,1013856.84,BDT,Opex-Facility
1265,1287,1265,2023-12-08,INV-1406,43302.5,CNY,Capex-IT
1266,1288,1266,2023-04-20,INV-2109,841324.21,USD,Capex-IT
1267,1289,1267,2022-09-14,INV-7958,1422552.2,BDT,Opex-Marketing
1268,1290,1268,2022-08-25,INV-0932,5148539.19,BDT,Inventory
1269,1291,1269,2022-05-31,INV-1195,5489933.02,BDT,Inventory
1270,1292,1270,2021-03-01,INV-3070,267977.36,USD,Capex-IT
1271,1293,1271,2020-11-04,INV-9707,2794657.0,BDT,Inventory
1272,1294,1272,2023-05-22,INV-9060,66824.01,CNY,Inventory
1273,1295,1273,2023-01-21,INV-7597,5489769.53,BDT,Opex-Marketing
1274,1296,1274,2023-10-08,INV-4642,3848904.47,BDT,Inventory
1275,1297,1275,2023-09-09,INV-2277,2964777.58,BDT,Inventory
1276,1298,1276,2022-09-19,INV-2140,1107886.89,BDT,Opex-Marketing
1277,1299,1277,2022-11-25,INV-2998,3547741.28,BDT,Inventory
1278,1300,1278,2022-07-23,INV-0941,6983857.74,BDT,Inventory
1279,1301,1279,2021-12-10,INV-3411,44450.51,CNY,Inventory
1280,1302,1280,2021-09-01,INV-6401,3114323.0,BDT,Opex-Facility
1281,1303,1281,2022-09-27,INV-3494,2072404.74,BDT,Inventory
1282,1304,1282,2023-12-11,INV-2647,47121.44,USD,Inventory
1283,1305,1283,2021-07-12,INV-4889,637602.0,BDT,Inventory
1284,1306,1284,2021-03-14,INV-2088,27609.61,USD,Inventory
1285,1307,1285,2022-07-11,INV-6073,8165077.04,BDT,Inventory
1286,1308,1286,2023-10-28,INV-1392,30305.35,USD,Inventory
1287,1309,1287,2021-10-17,INV-4746,2047863.0,BDT,Inventory
1288,1310,1288,2021-07-03,INV-7283,2137048.0,BDT,Opex-Marketing
1289,1311,1289,2024-01-01,INV-2100,635644.17,BDT,Inventory
1290,1312,1290,2023-11-15,INV-4744,2920091.24,BDT,Inventory
1291,1313,1291,2023-06-30,INV-9225,1030206.6,BDT,Inventory
1292,1314,1292,2023-01-31,INV-7044,3650970.94,BDT,Inventory
1293,1315,1293,2021-12-24,INV-4193,368583.0,BDT,Inventory
1294,1316,1294,2022-03-06,INV-6320,678547.85,USD,Capex-IT
1295,1317,1295,2021-03-09,INV-6960,4906042.0,BDT,Opex-Facility
1296,1318,1296,2020-05-12,INV-1229,483479.28,USD,Inventory
1297,1319,1297,2023-10-26,INV-5515,544777.36,USD,Inventory
1298,1320,1298,2022-04-12,INV-2525,395534.89,USD,Capex-IT
1299,1321,1299,2023-09-28,INV-5759,2413974.33,BDT,Inventory
1300,1322,1300,2023-01-12,INV-5795,4968474.16,BDT,Inventory
1301,1323,1301,2023-11-07,INV-6557,1273995.44,BDT,Inventory
1302,1324,1302,2023-11-03,INV-1755,1871069.47,BDT,Inventory
1303,1325,1303,2021-10-27,INV-9762,3517444.0,BDT,Inventory
1304,1326,1304,2023-07-29,INV-2892,1757398.48,BDT,Inventory
1305,1327,1305,2020-06-01,INV-9201,4146601.0,BDT,Inventory
1306,1328,1306,2023-03-27,INV-8763,27937.74,USD,Inventory
1307,1329,1307,2023-12-27,INV-6270,4578808.41,BDT,Inventory
1308,1330,1308,2023-11-17,INV-6662,1218529.85,USD,Capex-IT
1309,1331,1309,2023-09-19,INV-3490,5639806.48,BDT,Inventory
1310,1332,1310,2022-07-22,INV-5504,2688104.06,BDT,Opex-Marketing
1311,1333,1311,2020-08-12,INV-9061,191992.0,BDT,Inventory
1312,1334,1312,2021-08-22,INV-7376,408420.62,USD,Inventory
1313,1335,1313,2022-10-26,INV-0215,7615974.15,BDT,Inventory
1314,1336,1314,2022-08-06,INV-7516,501329.78,USD,Capex-IT
1315,1337,1315,2022-04-29,INV-4665,1189109.14,BDT,Inventory
1316,1338,1316,2023-08-14,INV-3258,55421.31,USD,Inventory
1317,1339,1317,2021-01-01,INV-5758,4962.92,CNY,Inventory
1318,1340,1318,2021-08-20,INV-1262,467784.0,BDT,Inventory
1319,1341,1319,2022-02-14,INV-1955,2114455.13,BDT,Inventory
1320,1342,1320,2023-03-03,INV-1377,252120.54,USD,Inventory
1321,1343,1321,2023-05-24,INV-6310,33053.32,USD,Inventory
1322,1344,1322,2021-02-22,INV-2373,3280673.0,BDT,Inventory
1323,1345,1323,2022-07-31,INV-5822,6943476.7,BDT,Inventory
1324,1346,1324,2021-07-27,INV-7593,137095.91,USD,Capex-IT
1325,1347,1325,2023-11-03,INV-5948,1614806.23,BDT,Opex-Facility
1326,1348,1326,2023-07-18,INV-6815,228501.0,BDT,Inventory
1327,1349,1327,2022-03-08,INV-9007,4679195.8,BDT,Opex-Facility
1328,1350,1328,2023-01-26,INV-7707,4522499.72,BDT,Inventory
1329,1351,1329,2022-04-22,INV-5742,4702754.74,BDT,Inventory
1330,1352,1330,2022-03-12,INV-5844,5039895.87,BDT,Inventory
1331,1353,1331,2023-11-13,INV-1767,2609536.99,BDT,Inventory
1332,1354,1332,2021-06-26,INV-0897,3556304.0,BDT,Opex-Marketing
1333,1355,1333,2021-03-27,INV-0196,4607981.0,BDT,Inventory
1334,1356,1334,2022-03-24,INV-3874,10448581.49,BDT,Inventory
1335,1357,1335,2023-08-05,INV-2660,4979523.33,BDT,Opex-Logistics
1336,1358,1336,2022-09-26,INV-0534,241682.3,BDT,Inventory
1337,1359,1337,2021-09-14,INV-2989,27164.28,USD,Inventory
1338,1360,1338,2023-03-10,INV-0170,1112454.78,BDT,Inventory
1339,1361,1339,2023-04-19,INV-2663,16407.12,CNY,Inventory
1340,1362,1340,2022-09-24,INV-9846,437565.77,USD,Inventory
1341,1363,1341,2022-06-24,INV-9414,434719.26,USD,Capex-IT
1342,1364,1342,2022-03-15,INV-3382,507709.84,USD,Inventory
1343,1365,1343,2023-05-17,INV-3956,4717465.23,BDT,Opex-Facility
1344,1366,1344,2021-06-06,INV-7628,404964.0,BDT,Opex-Marketing
1345,1367,1345,2022-05-21,INV-5392,3692013.99,BDT,Inventory
1346,1368,1346,2021-10-04,INV-2381,2194598.0,BDT,Inventory
1347,1369,1347,2023-05-25,INV-8706,69405.84,CNY,Inventory
1348,1370,1348,2023-05-23,INV-4528,1603333.1,BDT,Inventory
1349,1371,1349,2022-06-19,INV-8198,1075463.85,BDT,Inventory
1350,1372,1350,2023-06-27,INV-3630,845823.28,BDT,Opex-Marketing
1351,1373,1351,2022-05-20,INV-7236,1050059.75,USD,Capex-IT
1352,1374,1352,2022-06-13,INV-0107,83597.16,CNY,Inventory
1353,1375,1353,2023-08-07,INV-2084,5042630.79,BDT,Inventory
1354,1376,1354,2023-08-26,INV-0002,3117933.06,BDT,Inventory
1355,1377,1355,2023-06-07,INV-1556,4936873.89,BDT,Inventory
1356,1378,1356,2024-01-05,INV-9735,4278896.02,BDT,Inventory
1357,1379,1357,2023-03-03,INV-6819,440016.92,USD,Inventory
1358,1380,1358,2022-12-27,INV-5143,262632.8,USD,Capex-IT
1359,1381,1359,2022-07-01,INV-3998,4822745.35,BDT,Inventory
1360,1382,1360,2023-04-07,INV-9054,2471694.93,BDT,Inventory
1361,1383,1361,2021-01-20,INV-2691,2291310.0,BDT,Inventory
1362,1384,1362,2022-06-17,INV-4787,21147.47,CNY,Inventory
1363,1385,1363,2021-11-25,INV-7781,42519.18,USD,Inventory
1364,1386,1364,2022-11-08,INV-4093,2303865.47,BDT,Inventory
1365,1387,1365,2023-10-30,INV-3033,1883299.48,BDT,Inventory
1366,1388,1366,2021-10-27,INV-0421,1862593.0,BDT,Inventory
1367,1389,1367,2023-05-10,INV-1005,4175422.52,BDT,Inventory
1368,1390,1368,2022-12-04,INV-0206,11015.28,BDT,Inventory
1369,1391,1369,2023-03-13,INV-3932,137985.9,BDT,Inventory
1370,1392,1370,2020-07-11,INV-6240,2757478.0,BDT,Inventory
1371,1393,1371,2023-10-20,INV-7811,402198.1,BDT,Opex-Facility
1372,1394,1372,2023-11-02,INV-3759,3217371.7,BDT,Opex-Admin
1373,1395,1373,2023-08-18,INV-0384,1278542.43,BDT,Inventory
1374,1396,1374,2020-08-20,INV-3243,5916873.0,BDT,Opex-Marketing
1375,1397,1375,2021-02-19,INV-3521,815315.0,BDT,Inventory
1376,1398,1376,2022-02-28,INV-4398,6405889.46,BDT,Inventory
1377,1399,1377,2023-11-30,INV-7810,5250137.67,BDT,Opex-Marketing
1378,1400,1378,2021-11-05,INV-8311,1383932.0,BDT,Opex-Marketing
1379,1401,1379,2022-08-22,INV-2728,836439.62,CNY,Inventory
1380,1402,1380,2021-11-09,INV-5669,5106411.0,BDT,Inventory
1381,1403,1381,2022-06-30,INV-4157,1051823.7,BDT,Inventory
1382,1404,1382,2023-04-18,INV-6501,1593293.7,BDT,Inventory
1383,1405,1383,2023-07-24,INV-2236,7312221.83,BDT,Opex-Marketing
1384,1406,1384,2023-08-23,INV-0911,1114777.15,BDT,Opex-Marketing
1385,1407,1385,2023-06-14,INV-3013,26960.5,USD,Inventory
1386,1408,1386,2021-03-17,INV-3911,2216341.0,BDT,Inventory
1387,1409,1387,2023-11-07,INV-3999,76921.09,USD,Inventory
1388,1410,1388,2021-04-09,INV-9766,2050146.0,BDT,Opex-Marketing
1389,1411,1389,2023-02-13,INV-5204,408715.13,CNY,Inventory
1390,1412,1390,2023-09-25,INV-1768,3266153.6,BDT,Opex-Facility
1391,1413,1391,2022-02-19,INV-7656,559305.66,BDT,Inventory
1392,1414,1392,2021-12-04,INV-6025,264150.5,USD,Capex-IT
1393,1415,1393,2022-11-11,INV-5537,740030.45,BDT,Inventory
1394,1416,1394,2021-12-02,INV-9522,117023.02,USD,Inventory
1395,1417,1395,2023-01-26,INV-4264,1028641.25,BDT,Opex-Facility
1396,1418,1396,2022-02-22,INV-1001,3594257.47,BDT,Opex-Marketing
1397,1419,1397,2020-02-27,INV-6525,2980303.0,BDT,Opex-Marketing
1398,1420,1398,2023-01-05,INV-6235,1751503.6,BDT,Inventory
1399,1421,1399,2023-08-02,INV-5878,34006.09,USD,Inventory
1400,1422,1400,2023-02-14,INV-1250,2832076.32,BDT,Inventory
1401,1423,1401,2021-12-06,INV-3260,7000416.0,BDT,Opex-Admin
1402,1424,1402,2021-01-10,INV-5050,3065097.0,BDT,Inventory
1403,1425,1403,2023-08-28,INV-6872,690147.16,BDT,Inventory
1404,1426,1404,2021-09-05,INV-5072,2200631.0,BDT,Inventory
1405,1427,1405,2022-10-05,INV-5742,975898.0,BDT,Inventory
1406,1428,1406,2022-11-15,INV-2033,3096110.68,BDT,Inventory
1407,1429,1407,2023-10-30,INV-9207,678577.81,CNY,Capex-IT
1408,1430,1408,2023-02-25,INV-2681,2500592.96,BDT,Opex-Facility
1409,1431,1409,2023-12-30,INV-2871,2085947.17,BDT,Inventory
1410,1432,1410,2023-01-31,INV-5265,405148.23,USD,Capex-IT
1411,1433,1411,2022-01-04,INV-1621,34239.13,USD,Inventory
1412,1434,1412,2022-05-19,INV-8608,174069.8,BDT,Opex-Marketing
1413,1435,1413,2023-10-27,INV-1734,1042854.18,BDT,Inventory
1414,1436,1414,2022-07-03,INV-5149,52306.6,USD,Capex-IT
1415,1437,1415,2023-11-16,INV-0940,17855.43,USD,Inventory
1416,1438,1416,2023-08-09,INV-7476,36665.37,USD,Inventory
1417,1439,1417,2021-09-06,INV-6111,215315.51,CNY,Capex-IT
1418,1440,1418,2022-11-17,INV-4164,1938.0,CNY,Inventory
1419,1441,1419,2023-05-11,INV-3209,3163021.64,BDT,Inventory
1420,1442,1420,2023-02-12,INV-8626,2802244.08,BDT,Opex-Facility
1421,1443,1421,2020-12-06,INV-8138,281751.46,USD,Capex-IT
1422,1444,1422,2023-04-30,INV-7845,3920036.34,BDT,Inventory
1423,1445,1423,2021-09-26,INV-1730,3570905.0,BDT,Opex-Logistics
1424,1446,1424,2022-10-15,INV-6775,512617.87,USD,Inventory
1425,1447,1425,2022-03-29,INV-7620,304056.2,BDT,Inventory
1426,1448,1426,2021-08-21,INV-4514,85502.18,USD,Inventory
1427,1449,1427,2021-11-09,INV-6832,507872.0,BDT,Inventory
1428,1450,1428,2023-12-04,INV-2253,59837.01,USD,Inventory
1429,1451,1429,2021-03-13,INV-5065,1881558.0,BDT,Inventory
1430,1452,1430,2022-09-23,INV-2664,3234985.03,BDT,Inventory
1431,1453,1431,2023-06-30,INV-4204,3831077.14,BDT,Inventory
1432,1454,1432,2022-12-06,INV-5965,19040.69,USD,Inventory
1433,1455,1433,2023-04-22,INV-5829,1867225.01,BDT,Inventory
1434,1456,1434,2020-06-17,INV-8515,371000.0,BDT,Opex-Facility
1435,1457,1435,2023-08-06,INV-0451,3448082.76,BDT,Inventory
1436,1458,1436,2023-08-31,INV-1274,4804658.06,BDT,Inventory
1437,1459,1437,2022-09-03,INV-5291,87828.7,USD,Inventory
1438,1460,1438,2023-12-28,INV-6620,172137.24,CNY,Inventory
1439,1461,1439,2022-09-10,INV-2064,4555879.9,BDT,Opex-Admin
1440,1462,1440,2023-07-12,INV-1079,7636.2,USD,Inventory
1441,1463,1441,2020-04-07,INV-7363,101775.0,BDT,Inventory
1442,1464,1442,2022-03-17,INV-3368,74178.39,CNY,Capex-IT
1443,1465,1443,2023-10-04,INV-8021,3897543.78,BDT,Inventory
1444,1466,1444,2023-07-26,INV-5951,4060399.73,BDT,Inventory
1445,1467,1445,2021-05-10,INV-2957,1648477.0,BDT,Inventory
1446,1468,1446,2021-06-08,INV-8671,1394103.0,BDT,Inventory
1447,1469,1447,2022-05-30,INV-0985,3458958.36,BDT,Inventory
1448,1470,1448,2023-02-08,INV-3114,4840402.73,BDT,Inventory
1449,1471,1449,2022-04-23,INV-9453,2634494.84,BDT,Inventory
1450,1472,1450,2023-11-09,INV-2824,1038377.7,BDT,Inventory
1451,1473,1451,2021-11-25,INV-3794,1609566.0,BDT,Opex-Facility
1452,1474,1452,2023-09-23,INV-6032,225872.13,USD,Capex-IT
1453,1475,1453,2023-12-30,INV-0016,159990.06,USD,Capex-IT
1454,1476,1454,2021-05-27,INV-7909,2293487.0,BDT,Inventory
1455,1477,1455,2023-03-27,INV-0928,8198000.15,BDT,Inventory
1456,1478,1456,2020-04-13,INV-8962,947672.76,USD,Capex-IT
1457,1479,1457,2022-09-15,INV-9454,1357669.0,BDT,Inventory
1458,1480,1458,2022-07-20,INV-0953,3545664.66,BDT,Inventory
1459,1481,1459,2022-10-05,INV-9972,52011.34,USD,Inventory
1460,1482,1460,2023-07-11,INV-7185,116297.87,USD,Capex-IT
1461,1483,1461,2023-02-08,INV-7657,2901284.47,BDT,Inventory
1462,1484,1462,2022-02-14,INV-6911,5699020.52,BDT,Inventory
1463,1485,1463,2022-03-31,INV-8493,254925.57,CNY,Capex-IT
1464,1486,1464,2021-08-14,INV-4416,15439.38,USD,Inventory
1465,1487,1465,2023-08-24,INV-4387,83369.65,USD,Inventory
1466,1488,1466,2022-03-26,INV-1089,8570878.39,BDT,Inventory
1467,1489,1467,2023-11-18,INV-9227,4177474.62,BDT,Opex-Logistics
1468,1490,1468,2023-12-01,INV-7626,419861.98,BDT,Inventory
1469,1491,1469,2022-07-21,INV-0123,5787231.78,BDT,Opex-Facility
1470,1492,1470,2022-12-14,INV-2642,13394.86,USD,Inventory
1471,1493,1471,2022-06-09,INV-4597,1366799.97,BDT,Inventory
1472,1494,1472,2023-09-15,INV-8286,998492.95,BDT,Inventory
1473,1495,1473,2020-07-03,INV-2066,2031738.0,BDT,Inventory
1474,1496,1474,2022-07-19,INV-5194,283898.15,BDT,Inventory
1475,1497,1475,2023-10-27,INV-3467,3210347.77,BDT,Inventory
1476,1498,1476,2023-11-07,INV-3076,28004.94,USD,Inventory
1477,1499,1477,2023-02-11,INV-3621,452366.95,USD,Capex-IT
1478,1500,1478,2022-10-07,INV-7491,4842878.81,BDT,Inventory
1479,1501,1479,2021-10-12,INV-7482,3721481.0,BDT,Opex-Facility
1480,1503,1480,2020-09-21,INV-4961,5352308.0,BDT,Inventory
1481,1504,1481,2023-10-26,INV-0282,7638324.23,BDT,Inventory
1482,1505,1482,2023-01-07,INV-6671,243044.03,CNY,Inventory
1483,1506,1483,2020-07-06,INV-8644,185832.0,BDT,Inventory
1484,1507,1484,2022-06-29,INV-8999,4822142.94,BDT,Inventory
1485,1508,1485,2024-01-01,INV-3797,705536.91,CNY,Capex-IT
1486,1509,1486,2022-12-22,INV-7451,3659685.18,BDT,Inventory
1487,1510,1487,2023-10-03,INV-7290,31363.1,USD,Inventory
1488,1511,1488,2023-11-05,INV-5975,221450.65,USD,Inventory
1489,1512,1489,2023-03-24,INV-8709,49942.23,USD,Inventory
1490,1513,1490,2023-05-23,INV-9986,42325.84,USD,Inventory
1491,1514,1491,2022-11-21,INV-6877,5127642.2,BDT,Inventory
1492,1515,1492,2023-01-18,INV-1803,118078.56,CNY,Capex-IT
1493,1516,1493,2020-02-02,INV-7470,54275.06,USD,Inventory
1494,1517,1494,2023-09-08,INV-0476,5008960.15,BDT,Inventory
1495,1518,1495,2020-09-21,INV-8934,11434.62,USD,Inventory
1496,1519,1496,2023-01-19,INV-4264,902814.77,BDT,Inventory
1497,1520,1497,2020-02-12,INV-3939,4709939.0,BDT,Inventory
1498,1521,1498,2022-04-02,INV-2987,3900510.94,BDT,Inventory
1499,1522,1499,2022-01-12,INV-5084,31800.06,USD,Inventory
1500,1523,1500,2023-07-01,INV-5258,778196.39,CNY,Inventory
1501,1524,1501,2020-11-24,INV-6368,1965395.0,BDT,Inventory
1502,1525,1502,2021-12-13,INV-6518,1185578.0,BDT,Inventory
1503,1526,1503,2023-06-12,INV-8761,1313339.77,BDT,Opex-Marketing
1504,1527,1504,2023-09-13,INV-1781,187907.11,USD,Inventory
1505,1528,1505,2023-05-23,INV-3967,54992.51,CNY,Inventory
1506,1529,1506,2022-12-17,INV-6704,4510623.18,BDT,Inventory
1507,1530,1507,2022-03-14,INV-8818,1210311.53,BDT,Opex-Marketing
1508,1531,1508,2022-07-26,INV-1175,8127728.61,BDT,Opex-Marketing
1509,1532,1509,2023-10-14,INV-3721,450098.9,USD,Inventory
1510,1533,1510,2023-05-26,INV-3391,15603.1,CNY,Inventory
1511,1534,1511,2021-07-29,INV-7369,611202.5,USD,Inventory
1512,1535,1512,2021-05-27,INV-2776,102963.89,CNY,Capex-IT
1513,1536,1513,2023-09-03,INV-3154,105653.0,USD,Inventory
1514,1537,1514,2021-11-12,INV-9220,2328953.0,BDT,Inventory
1515,1538,1515,2021-09-13,INV-9630,7115.34,USD,Inventory
1516,1539,1516,2021-06-19,INV-5784,350465.0,BDT,Inventory
1517,1540,1517,2023-02-16,INV-9405,39744.22,USD,Inventory
1518,1541,1518,2023-04-23,INV-1637,927643.85,USD,Inventory
1519,1542,1519,2021-03-13,INV-9083,468384.0,BDT,Inventory
1520,1544,1520,2022-06-03,INV-6674,644535.17,USD,Inventory
1521,1545,1521,2020-04-09,INV-5499,3482124.0,BDT,Inventory
1522,1546,1522,2023-11-01,INV-1482,889062.91,CNY,Capex-IT
1523,1547,1523,2021-11-01,INV-5320,386594.94,CNY,Capex-IT
1524,1548,1524,2022-06-14,INV-4037,4731801.05,BDT,Inventory
1525,1549,1525,2021-07-28,INV-4503,4000863.0,BDT,Inventory
1526,1550,1526,2022-12-31,INV-6019,1775462.5,BDT,Opex-Marketing
1527,1551,1527,2022-03-22,INV-7283,3560871.97,BDT,Inventory
1528,1552,1528,2023-08-05,INV-2227,3381641.23,BDT,Inventory
1529,1553,1529,2022-12-12,INV-3466,19773.9,USD,Inventory
1530,1554,1530,2023-07-19,INV-5845,402278.4,USD,Capex-IT
1531,1555,1531,2021-08-12,INV-9859,248548.74,USD,Inventory
1532,1556,1532,2021-12-07,INV-5468,816756.0,BDT,Inventory
1533,1557,1533,2023-06-11,INV-2434,5146418.92,BDT,Inventory
1534,1558,1534,2022-09-26,INV-0858,31294.92,USD,Inventory
1535,1559,1535,2022-08-14,INV-0918,4391577.94,BDT,Opex-Marketing
1536,1560,1536,2023-09-01,INV-8183,3725591.87,BDT,Opex-Marketing
1537,1561,1537,2022-12-01,INV-1306,410659.4,USD,Capex-IT
1538,1562,1538,2023-08-14,INV-8471,676321.74,CNY,Inventory
1539,1563,1539,2020-02-18,INV-1879,3743906.0,BDT,Inventory
1540,1564,1540,2023-01-08,INV-4631,4596461.64,BDT,Inventory
1541,1565,1541,2023-04-06,INV-1468,3082296.72,BDT,Opex-Facility
1542,1566,1542,2023-09-01,INV-6459,26891.8,USD,Inventory
1543,1567,1543,2022-04-10,INV-7955,1203008.52,BDT,Inventory
1544,1568,1544,2021-11-27,INV-5530,5921.64,USD,Inventory
1545,1569,1545,2022-12-27,INV-7406,7069441.38,BDT,Inventory
1546,1571,1546,2023-08-19,INV-8044,657178.42,CNY,Capex-IT
1547,1572,1547,2020-03-26,INV-3985,1420308.0,BDT,Inventory
1548,1573,1548,2022-12-06,INV-1605,3687918.01,BDT,Inventory
1549,1574,1549,2020-02-21,INV-5415,3443065.0,BDT,Inventory
1550,1575,1550,2022-08-29,INV-4770,590091.08,CNY,Inventory
1551,1576,1551,2021-11-07,INV-8912,2548224.0,BDT,Opex-Facility
1552,1577,1552,2021-02-07,INV-7133,1938001.0,BDT,Opex-Marketing
1553,1578,1553,2022-06-24,INV-9345,4529317.88,BDT,Inventory
1554,1579,1554,2020-08-24,INV-9113,3821541.0,BDT,Opex-Facility
1555,1580,1555,2023-12-09,INV-8965,421445.95,USD,Capex-IT
1556,1581,1556,2023-09-08,INV-1360,154717.22,USD,Inventory
1557,1582,1557,2023-04-05,INV-2537,2331317.56,BDT,Inventory
1558,1583,1558,2020-05-11,INV-9123,3670603.0,BDT,Inventory
1559,1584,1559,2021-10-05,INV-7104,1354044.0,BDT,Opex-Admin
1560,1585,1560,2023-06-25,INV-3384,7160298.31,BDT,Inventory
1561,1586,1561,2022-07-16,INV-6932,2284710.98,BDT,Inventory
1562,1587,1562,2023-09-03,INV-9352,2822963.22,BDT,Opex-Marketing
1563,1588,1563,2020-04-15,INV-8684,2916.01,CNY,Inventory
1564,1589,1564,2023-10-27,INV-2710,42609.28,USD,Inventory
1565,1590,1565,2020-09-30,INV-5398,178523.0,BDT,Opex-Marketing
1566,1591,1566,2021-04-08,INV-8341,422003.48,USD,Capex-IT
1567,1592,1567,2022-08-04,INV-8743,3404955.48,BDT,Opex-Marketing
1568,1593,1568,2021-06-07,INV-6315,1565033.0,BDT,Opex-Facility
1569,1594,1569,2022-07-25,INV-9469,3714539.28,BDT,Inventory
1570,1595,1570,2022-08-06,INV-3274,293614.78,USD,Inventory
1571,1596,1571,2023-01-21,INV-9839,30239.85,USD,Inventory
1572,1597,1572,2023-02-05,INV-7792,36403.95,BDT,Inventory
1573,1598,1573,2023-12-25,INV-6363,5825134.66,BDT,Inventory
1574,1599,1574,2021-10-10,INV-1277,7609816.0,BDT,Opex-Facility
1575,1600,1575,2022-12-16,INV-6636,4440836.46,BDT,Inventory
1576,1601,1576,2022-06-09,INV-5180,1310070.59,BDT,Inventory
1577,1602,1577,2021-09-15,INV-0119,1921857.0,BDT,Inventory
1578,1603,1578,2021-06-23,INV-8679,670010.0,BDT,Inventory
1579,1604,1579,2022-10-10,INV-1706,76802.4,USD,Capex-IT
1580,1605,1580,2023-04-03,INV-5091,2739234.9,BDT,Inventory
1581,1606,1581,2022-01-14,INV-0908,1292676.0,BDT,Inventory
1582,1607,1582,2021-04-11,INV-1403,3507402.0,BDT,Inventory
1583,1608,1583,2021-10-08,INV-9829,1414100.0,BDT,Inventory
1584,1609,1584,2022-01-08,INV-9396,1535600.0,BDT,Inventory
1585,1610,1585,2023-07-15,INV-5449,395158.43,CNY,Inventory
1586,1611,1586,2023-10-09,INV-8558,1762819.77,BDT,Opex-Marketing
1587,1612,1587,2022-09-14,INV-4982,3425731.48,BDT,Inventory
1588,1613,1588,2022-08-28,INV-8301,506769.84,USD,Inventory
1589,1614,1589,2023-06-06,INV-9596,9168.01,USD,Inventory
1590,1615,1590,2022-06-22,INV-8580,2029318.56,BDT,Inventory
1591,1616,1591,2021-05-05,INV-0234,2218892.0,BDT,Inventory
1592,1617,1592,2023-12-03,INV-0271,281277.75,CNY,Capex-IT
1593,1618,1593,2023-02-21,INV-3035,67212.2,USD,Inventory
1594,1620,1594,2022-10-19,INV-5515,5995361.86,BDT,Inventory
1595,1621,1595,2023-09-27,INV-3215,4196371.02,BDT,Opex-Facility
1596,1622,1596,2022-12-26,INV-5320,115833.6,USD,Capex-IT
1597,1623,1597,2021-07-30,INV-3400,1878269.0,BDT,Inventory
1598,1624,1598,2022-10-15,INV-9558,4858186.53,BDT,Inventory
1599,1625,1599,2023-06-24,INV-3650,4212179.65,BDT,Inventory
1600,1626,1600,2020-03-21,INV-9872,3489004.0,BDT,Inventory
1601,1627,1601,2022-02-08,INV-5404,2850499.21,BDT,Inventory
1602,1628,1602,2022-10-15,INV-9299,5459485.61,BDT,Inventory
1603,1629,1603,2022-11-15,INV-6542,843881.76,USD,Inventory
1604,1630,1604,2022-09-15,INV-6761,51585.9,CNY,Inventory
1605,1631,1605,2021-09-11,INV-1427,1424956.0,BDT,Opex-Marketing
1606,1632,1606,2022-10-08,INV-9782,2790108.42,BDT,Inventory
1607,1633,1607,2023-11-27,INV-5250,5713967.65,BDT,Inventory
1608,1634,1608,2020-09-09,INV-2605,614384.0,BDT,Inventory
1609,1635,1609,2023-06-03,INV-8919,6332785.46,BDT,Opex-Marketing
1610,1636,1610,2023-05-03,INV-3878,806658.85,CNY,Inventory
1611,1637,1611,2023-07-27,INV-8421,26550.15,USD,Inventory
1612,1638,1612,2021-07-30,INV-8567,2559799.0,BDT,Inventory
1613,1639,1613,2023-07-19,INV-2730,3948.65,CNY,Inventory
1614,1640,1614,2021-01-07,INV-3311,2713064.0,BDT,Inventory
1615,1641,1615,2022-07-06,INV-0571,3656009.05,BDT,Inventory
1616,1642,1616,2023-01-17,INV-2351,4403933.76,BDT,Inventory
1617,1643,1617,2023-06-20,INV-7107,107368.77,USD,Inventory
1618,1644,1618,2022-12-29,INV-5403,2087901.51,BDT,Inventory
1619,1645,1619,2023-04-22,INV-0740,3401783.32,BDT,Opex-Marketing
1620,1646,1620,2022-04-06,INV-0997,198504.94,USD,Inventory
1621,1647,1621,2023-12-31,INV-4738,3112239.74,BDT,Inventory
1622,1648,1622,2023-11-01,INV-2459,318034.17,USD,Capex-IT
1623,1649,1623,2023-06-19,INV-1574,1177621.62,BDT,Inventory
1624,1650,1624,2020-09-21,INV-4844,206161.27,CNY,Inventory
1625,1651,1625,2021-10-08,INV-8505,7612836.0,BDT,Inventory
1626,1652,1626,2023-02-01,INV-3679,19452.96,USD,Inventory
1627,1653,1627,2023-09-11,INV-9180,5021263.32,BDT,Inventory
1628,1654,1628,2021-03-09,INV-5871,1804068.0,BDT,Opex-Marketing
1629,1655,1629,2020-10-03,INV-9844,3119940.0,BDT,Inventory
1630,1656,1630,2020-08-25,INV-5969,3033550.0,BDT,Inventory
1631,1657,1631,2023-09-16,INV-4806,3100199.35,BDT,Opex-Admin
1632,1658,1632,2022-03-21,INV-4095,27446.07,USD,Inventory
1633,1659,1633,2022-01-18,INV-2542,2057761.13,BDT,Opex-Facility
1634,1660,1634,2023-12-21,INV-5799,5531269.35,BDT,Opex-Marketing
1635,1661,1635,2023-12-10,INV-0522,7138.86,USD,Inventory
1636,1662,1636,2023-10-10,INV-6379,2068227.0,BDT,Inventory
1637,1663,1637,2023-04-03,INV-4639,40862.88,CNY,Inventory
1638,1664,1638,2023-10-17,INV-0663,172281.48,CNY,Inventory
1639,1665,1639,2023-04-01,INV-8982,1054831.07,USD,Inventory
1640,1666,1640,2021-02-19,INV-8867,3913060.0,BDT,Inventory
1641,1667,1641,2023-04-24,INV-3697,612385.86,BDT,Inventory
1642,1668,1642,2023-07-27,INV-0710,55900.08,CNY,Inventory
1643,1669,1643,2023-05-23,INV-2133,2314945.92,BDT,Inventory
1644,1670,1644,2020-09-18,INV-1545,1111484.0,BDT,Inventory
1645,1671,1645,2021-06-23,INV-1343,2340872.0,BDT,Inventory
1646,1672,1646,2022-06-23,INV-5633,6539163.11,BDT,Opex-Marketing
1647,1673,1647,2023-08-07,INV-7367,3019127.91,BDT,Inventory
1648,1674,1648,2022-09-03,INV-6676,2085850.08,BDT,Inventory
1649,1675,1649,2023-01-10,INV-4152,1773080.9,BDT,Inventory
1650,1676,1650,2023-12-02,INV-8234,1491.0,USD,Capex-IT
1651,1677,1651,2021-04-30,INV-5191,4109383.0,BDT,Inventory
1652,1678,1652,2023-01-29,INV-7863,5382401.9,BDT,Opex-Marketing
1653,1679,1653,2023-04-20,INV-9209,36985.01,USD,Inventory
1654,1680,1654,2020-09-10,INV-3025,656027.13,CNY,Inventory
1655,1681,1655,2022-03-10,INV-6974,51580.74,CNY,Inventory
1656,1682,1656,2022-06-26,INV-0365,4996435.72,BDT,Inventory
1657,1683,1657,2023-06-01,INV-7752,4931601.06,BDT,Opex-Facility
1658,1684,1658,2023-09-11,INV-6745,24540.98,USD,Inventory
1659,1685,1659,2022-10-28,INV-4784,5651875.89,BDT,Opex-Marketing
1660,1686,1660,2022-11-03,INV-2777,564603.86,USD,Inventory
1661,1687,1661,2023-09-07,INV-4019,3841328.67,BDT,Inventory
1662,1688,1662,2022-11-12,INV-5187,109016.27,USD,Inventory
1663,1689,1663,2023-09-01,INV-3923,346696.13,USD,Inventory
1664,1690,1664,2022-12-30,INV-1184,51394.78,USD,Inventory
1665,1691,1665,2022-04-08,INV-3826,186446.65,BDT,Inventory
1666,1692,1666,2022-12-10,INV-0896,278787.42,BDT,Inventory
1667,1693,1667,2021-03-19,INV-5341,12790.98,CNY,Inventory
1668,1694,1668,2021-02-06,INV-0705,790709.0,BDT,Opex-Facility
1669,1695,1669,2021-12-22,INV-4263,2596235.0,BDT,Opex-Marketing
1670,1696,1670,2022-02-01,INV-6831,171889.81,BDT,Opex-Marketing
1671,1697,1671,2022-04-11,INV-3273,4568475.28,BDT,Opex-Marketing
1672,1698,1672,2023-11-29,INV-2446,2266190.69,BDT,Inventory
1673,1699,1673,2022-11-12,INV-6956,4530548.69,BDT,Inventory
1674,1700,1674,2021-08-20,INV-8362,2114535.0,BDT,Inventory
1675,1701,1675,2022-10-02,INV-3706,3835.0,USD,Capex-IT
1676,1702,1676,2023-05-17,INV-3149,4911844.85,BDT,Opex-Marketing
1677,1703,1677,2022-10-28,INV-4219,342859.03,BDT,Opex-Facility
1678,1704,1678,2022-04-20,INV-7043,1174337.74,BDT,Inventory
1679,1705,1679,2023-01-20,INV-9720,5686822.84,BDT,Inventory
1680,1706,1680,2021-12-19,INV-8174,61653.54,USD,Inventory
1681,1707,1681,2022-07-29,INV-2811,1771758.8,BDT,Inventory
1682,1708,1682,2021-10-01,INV-4049,2586378.0,BDT,Inventory
1683,1710,1683,2021-12-05,INV-5098,2686648.0,BDT,Inventory
1684,1711,1684,2022-10-19,INV-0714,5206401.92,BDT,Inventory
1685,1712,1685,2023-06-17,INV-4400,42586.29,USD,Inventory
1686,1713,1686,2021-10-24,INV-0680,24821.49,USD,Inventory
1687,1714,1687,2023-08-15,INV-4043,6792156.89,BDT,Inventory
1688,1715,1688,2022-09-08,INV-8081,3784557.91,BDT,Opex-Facility
1689,1716,1689,2023-07-09,INV-9764,4539604.66,BDT,Opex-Marketing
1690,1717,1690,2023-04-21,INV-8169,1862500.21,BDT,Opex-Facility
1691,1718,1691,2023-04-18,INV-1293,310363.86,CNY,Capex-IT
1692,1719,1692,2021-05-24,INV-0066,4565893.0,BDT,Opex-Marketing
1693,1720,1693,2021-06-10,INV-6488,476784.0,BDT,Inventory
1694,1721,1694,2023-11-18,INV-2492,335648.43,CNY,Inventory
1695,1722,1695,2023-02-17,INV-2992,766828.65,CNY,Capex-IT
1696,1723,1696,2023-12-11,INV-2839,2235175.03,BDT,Inventory
1697,1724,1697,2023-11-14,INV-4321,3174937.56,BDT,Inventory
1698,1725,1698,2021-03-24,INV-7435,2898827.0,BDT,Opex-Admin
1699,1726,1699,2022-07-09,INV-4306,1747429.74,BDT,Opex-Marketing
1700,1727,1700,2023-06-29,INV-6172,853137.01,BDT,Opex-Marketing
1701,1728,1701,2023-06-13,INV-1932,4897734.54,BDT,Inventory
1702,1729,1702,2020-06-25,INV-8425,4282329.0,BDT,Inventory
1703,1730,1703,2023-05-21,INV-1934,311256.72,USD,Inventory
1704,1731,1704,2021-03-28,INV-7997,2465260.0,BDT,Opex-Marketing
1705,1732,1705,2022-09-30,INV-8256,2790092.4,BDT,Inventory
1706,1733,1706,2023-02-19,INV-0786,1493863.68,BDT,Inventory
1707,1734,1707,2023-07-28,INV-8647,306714.1,CNY,Capex-IT
1708,1735,1708,2021-02-26,INV-7474,4690024.0,BDT,Inventory
1709,1736,1709,2021-11-15,INV-2770,238572.89,CNY,Inventory
1710,1737,1710,2023-09-27,INV-9679,542727.1,USD,Capex-IT
1711,1738,1711,2022-12-23,INV-0154,7188687.63,BDT,Inventory
1712,1739,1712,2020-12-13,INV-7037,71675.0,BDT,Inventory
1713,1740,1713,2022-09-04,INV-5887,538853.99,CNY,Inventory
1714,1741,1714,2023-04-10,INV-0810,5676145.67,BDT,Opex-Marketing
1715,1742,1715,2022-01-02,INV-3274,40210.72,USD,Inventory
1716,1743,1716,2023-07-05,INV-0455,1385744.04,BDT,Inventory
1717,1744,1717,2021-06-15,INV-3826,3945778.0,BDT,Inventory
1718,1745,1718,2023-03-08,INV-5682,41970.63,USD,Inventory
1719,1746,1719,2023-06-15,INV-5980,517582.78,BDT,Inventory
1720,1748,1720,2023-09-29,INV-7901,1524308.72,BDT,Inventory
1721,1749,1721,2021-06-26,INV-4640,893720.0,BDT,Inventory
1722,1750,1722,2023-03-17,INV-8097,69524.82,CNY,Inventory
1723,1751,1723,2021-11-30,INV-8765,64296.0,BDT,Opex-Logistics
1724,1752,1724,2021-04-04,INV-8514,2246705.0,BDT,Inventory
1725,1753,1725,2023-07-27,INV-6997,4631368.12,BDT,Inventory
1726,1754,1726,2022-03-03,INV-1869,6104472.52,BDT,Opex-Facility
1727,1755,1727,2022-08-30,INV-2157,8875742.41,BDT,Inventory
1728,1756,1728,2022-05-24,INV-7253,4209495.8,BDT,Opex-Marketing
1729,1757,1729,2023-04-13,INV-0067,8684.01,CNY,Inventory
1730,1758,1730,2023-03-13,INV-2235,327165.31,USD,Inventory
1731,1759,1731,2023-05-07,INV-7252,236097.67,CNY,Capex-IT
1732,1760,1732,2023-08-02,INV-9508,7044837.22,BDT,Inventory
1733,1761,1733,2022-11-26,INV-1735,746895.96,USD,Capex-IT
1734,1762,1734,2020-11-19,INV-7129,283707.52,USD,Capex-IT
1735,1763,1735,2022-09-24,INV-1075,8354.34,CNY,Inventory
1736,1764,1736,2021-05-08,INV-0925,5732321.0,BDT,Opex-Logistics
1737,1765,1737,2023-09-30,INV-7663,5577294.5,BDT,Inventory
1738,1766,1738,2020-11-07,INV-0367,1670029.0,BDT,Inventory
1739,1767,1739,2023-03-18,INV-0182,6832833.07,BDT,Opex-Facility
1740,1768,1740,2022-11-02,INV-1399,309611.0,BDT,Inventory
1741,1769,1741,2024-01-01,INV-8619,569326.23,BDT,Inventory
1742,1770,1742,2023-11-09,INV-8898,1553011.28,BDT,Inventory
1743,1771,1743,2021-08-04,INV-2994,2639198.0,BDT,Opex-Marketing
1744,1772,1744,2021-06-22,INV-7098,183780.0,BDT,Inventory
1745,1773,1745,2021-10-22,INV-3384,16943.3,USD,Inventory
1746,1774,1746,2022-09-13,INV-7497,237020.1,USD,Inventory
1747,1775,1747,2023-11-24,INV-8280,17055.9,USD,Inventory
1748,1776,1748,2020-12-03,INV-1828,8265.6,USD,Inventory
1749,1777,1749,2022-10-10,INV-0946,5284643.39,BDT,Opex-Marketing
1750,1778,1750,2022-04-28,INV-4484,134939.89,USD,Inventory
1751,1779,1751,2022-11-09,INV-4730,7403.9,USD,Inventory
1752,1780,1752,2021-01-14,INV-0542,2199049.0,BDT,Opex-Facility
1753,1781,1753,2023-01-12,INV-5417,1803877.18,BDT,Inventory
1754,1782,1754,2022-02-27,INV-3523,1359420.23,USD,Capex-IT
1755,1783,1755,2020-11-24,INV-1848,4273580.0,BDT,Opex-Marketing
1756,1784,1756,2021-09-26,INV-6362,251249.8,CNY,Inventory
1757,1785,1757,2023-04-04,INV-6447,4469048.91,BDT,Inventory
1758,1786,1758,2021-03-31,INV-1757,1962629.0,BDT,Inventory
1759,1787,1759,2022-09-23,INV-9902,3568178.36,BDT,Opex-Marketing
1760,1788,1760,2020-10-13,INV-7260,3564081.0,BDT,Inventory
1761,1789,1761,2022-08-12,INV-1759,568257.84,BDT,Opex-Facility
1762,1790,1762,2023-09-08,INV-8415,2512780.89,BDT,Opex-Facility
1763,1791,1763,2021-05-12,INV-3952,920284.0,BDT,Opex-Marketing
1764,1792,1764,2022-04-30,INV-9245,140850.88,USD,Inventory
1765,1793,1765,2023-04-22,INV-0575,3165991.78,BDT,Inventory
1766,1794,1766,2023-11-22,INV-7793,2517536.82,BDT,Opex-Facility
1767,1795,1767,2023-03-24,INV-4748,3192164.39,BDT,Inventory
1768,1796,1768,2023-01-06,INV-9088,2303379.01,BDT,Opex-Facility
1769,1797,1769,2022-11-20,INV-2845,3102635.66,BDT,Inventory
1770,1798,1770,2023-01-01,INV-5388,3696056.93,BDT,Inventory
1771,1799,1771,2022-05-29,INV-6551,642485.83,BDT,Opex-Marketing
1772,1800,1772,2023-01-06,INV-2936,4015405.83,BDT,Inventory
1773,1801,1773,2023-04-01,INV-5673,11386.98,USD,Inventory
1774,1802,1774,2023-08-23,INV-3810,3286.56,USD,Inventory
1775,1803,1775,2022-12-25,INV-3873,8576781.4,BDT,Opex-Marketing
1776,1804,1776,2023-06-22,INV-8365,31959.98,USD,Inventory
1777,1805,1777,2023-08-08,INV-0057,382947.32,BDT,Inventory
1778,1806,1778,2021-06-05,INV-1376,4377175.0,BDT,Inventory
1779,1807,1779,2022-08-31,INV-5656,4073086.29,BDT,Opex-Logistics
1780,1808,1780,2021-05-05,INV-4413,2738877.0,BDT,Opex-Marketing
1781,1809,1781,2023-12-15,INV-1571,523073.07,USD,Inventory
1782,1810,1782,2022-06-21,INV-1865,3170.98,USD,Inventory
1783,1811,1783,2020-09-24,INV-2084,3087437.0,BDT,Opex-Marketing
1784,1812,1784,2022-07-09,INV-7754,933675.62,BDT,Opex-Marketing
1785,1813,1785,2022-09-22,INV-2735,379556.93,USD,Inventory
1786,1814,1786,2023-03-10,INV-9632,225315.73,USD,Inventory
1787,1815,1787,2023-07-19,INV-0255,1959506.91,BDT,Opex-Marketing
1788,1816,1788,2023-02-11,INV-8777,347638.43,CNY,Inventory
1789,1817,1789,2020-04-10,INV-8638,1245.28,USD,Inventory
1790,1818,1790,2023-02-01,INV-3117,2504193.83,BDT,Inventory
1791,1819,1791,2023-08-22,INV-8105,1566170.47,BDT,Opex-Marketing
1792,1820,1792,2023-05-19,INV-3812,103017.42,USD,Capex-IT
1793,1822,1793,2020-10-25,INV-9800,2553892.0,BDT,Inventory
1794,1823,1794,2021-05-02,INV-0918,380064.0,BDT,Opex-Marketing
1795,1824,1795,2023-04-22,INV-9142,132128.34,USD,Inventory
1796,1825,1796,2020-12-28,INV-0368,1096144.0,BDT,Inventory
1797,1826,1797,2023-04-19,INV-4174,9042.0,USD,Inventory
1798,1827,1798,2022-02-05,INV-7306,587927.7,BDT,Opex-Marketing
1799,1828,1799,2023-09-16,INV-6143,3252970.18,BDT,Inventory
1800,1829,1800,2022-01-29,INV-3581,2357006.35,BDT,Inventory
1801,1830,1801,2022-12-03,INV-3161,6262499.57,BDT,Inventory
1802,1831,1802,2023-07-19,INV-0601,3903988.22,BDT,Inventory
1803,1832,1803,2023-12-07,INV-6850,4228708.33,BDT,Inventory
1804,1833,1804,2022-10-29,INV-1333,3752209.53,BDT,Inventory
1805,1834,1805,2023-06-10,INV-1229,4394021.96,BDT,Inventory
1806,1835,1806,2021-08-21,INV-2953,1839145.0,BDT,Inventory
1807,1836,1807,2023-01-11,INV-3861,3633706.52,BDT,Inventory
1808,1837,1808,2023-11-06,INV-3981,1177980.77,BDT,Opex-Admin
1809,1838,1809,2021-12-27,INV-6815,3328434.0,BDT,Inventory
1810,1839,1810,2023-09-11,INV-9575,2826334.18,BDT,Opex-Facility
1811,1840,1811,2023-10-19,INV-6856,75491.83,CNY,Capex-IT
1812,1841,1812,2022-05-17,INV-6165,3002913.88,BDT,Inventory
1813,1842,1813,2022-07-08,INV-9825,2529477.6,BDT,Opex-Marketing
1814,1843,1814,2021-07-29,INV-3600,165465.3,CNY,Inventory
1815,1844,1815,2022-09-04,INV-8533,226515.35,BDT,Inventory
1816,1845,1816,2023-12-08,INV-8808,357654.44,USD,Inventory
1817,1846,1817,2023-07-01,INV-9240,4534670.01,BDT,Opex-Facility
1818,1847,1818,2023-03-10,INV-4991,2533418.68,BDT,Inventory
1819,1848,1819,2022-05-12,INV-3713,3437705.23,BDT,Inventory
1820,1849,1820,2023-04-06,INV-5030,52980.36,CNY,Inventory
1821,1850,1821,2021-12-09,INV-7550,955618.0,BDT,Opex-Marketing
1822,1851,1822,2023-06-11,INV-5751,3249700.38,BDT,Inventory
1823,1852,1823,2023-08-16,INV-0315,94216.52,CNY,Inventory
1824,1853,1824,2022-08-22,INV-7383,7281512.81,BDT,Inventory
1825,1854,1825,2022-06-01,INV-9204,3560422.63,BDT,Inventory
1826,1855,1826,2023-01-22,INV-5238,2707842.58,BDT,Opex-Logistics
1827,1856,1827,2023-10-31,INV-0566,2668429.46,BDT,Inventory
1828,1857,1828,2023-10-30,INV-5466,4218152.97,BDT,Inventory
1829,1858,1829,2023-07-28,INV-8804,4010392.52,BDT,Opex-Admin
1830,1859,1830,2023-11-20,INV-3091,4385770.7,BDT,Inventory
1831,1860,1831,2022-07-07,INV-3495,24513.14,USD,Inventory
1832,1861,1832,2021-05-18,INV-8965,3547160.0,BDT,Inventory
1833,1862,1833,2021-06-09,INV-2665,1242483.0,BDT,Inventory
1834,1863,1834,2020-08-14,INV-0924,117397.51,USD,Capex-IT
1835,1864,1835,2023-09-29,INV-1224,125346.36,CNY,Inventory
1836,1865,1836,2022-12-24,INV-8117,2441194.24,BDT,Opex-Facility
1837,1866,1837,2023-11-10,INV-9793,4335344.41,BDT,Inventory
1838,1867,1838,2023-03-15,INV-8215,3835.71,USD,Inventory
1839,1868,1839,2022-09-28,INV-3565,3881646.13,BDT,Inventory
1840,1869,1840,2021-03-12,INV-9299,7452.87,CNY,Inventory
1841,1870,1841,2021-05-20,INV-8581,13629.8,USD,Inventory
1842,1871,1842,2021-10-09,INV-3893,2917670.0,BDT,Inventory
1843,1872,1843,2023-07-08,INV-8676,2840164.9,BDT,Opex-Admin
1844,1873,1844,2023-08-30,INV-0159,2980890.9,BDT,Opex-Admin
1845,1874,1845,2023-07-29,INV-3380,3719132.64,BDT,Inventory
1846,1875,1846,2020-09-25,INV-5506,2587097.0,BDT,Inventory
1847,1876,1847,2023-06-19,INV-0197,418732.15,CNY,Inventory
1848,1877,1848,2021-08-14,INV-7669,3137244.0,BDT,Inventory
1849,1878,1849,2023-03-26,INV-5925,2824.62,CNY,Inventory
1850,1880,1850,2023-03-18,INV-2929,2551656.01,BDT,Inventory
1851,1881,1851,2021-07-14,INV-8053,190780.6,USD,Inventory
1852,1882,1852,2023-01-30,INV-2450,8248520.96,BDT,Inventory
1853,1883,1853,2023-12-11,INV-8488,7391.2,USD,Inventory
1854,1884,1854,2022-08-09,INV-7752,2498295.68,BDT,Inventory
1855,1885,1855,2020-02-20,INV-0479,72270.76,CNY,Capex-IT
1856,1886,1856,2021-07-08,INV-1046,3262900.0,BDT,Inventory
1857,1887,1857,2022-04-19,INV-4112,5390606.92,BDT,Opex-Facility
1858,1888,1858,2020-09-05,INV-9473,3022918.0,BDT,Inventory
1859,1889,1859,2022-12-29,INV-8053,3783069.24,BDT,Opex-Admin
1860,1890,1860,2020-12-19,INV-8789,3671900.0,BDT,Inventory
1861,1891,1861,2023-06-18,INV-9660,7116068.19,BDT,Inventory
1862,1892,1862,2021-11-06,INV-0812,5438096.0,BDT,Inventory
1863,1893,1863,2021-05-18,INV-7165,5583.48,USD,Inventory
1864,1894,1864,2022-07-07,INV-5700,844616.01,BDT,Inventory
1865,1895,1865,2023-04-23,INV-2267,413356.21,USD,Inventory
1866,1896,1866,2023-08-30,INV-6519,4427044.49,BDT,Opex-Logistics
1867,1897,1867,2022-06-11,INV-2627,2652487.12,BDT,Inventory
1868,1898,1868,2022-06-15,INV-0411,3141462.38,BDT,Inventory
1869,1899,1869,2023-06-05,INV-2635,147483.8,USD,Inventory
1870,1900,1870,2021-11-14,INV-1149,1032099.0,BDT,Inventory
1871,1901,1871,2023-12-05,INV-5314,3465947.85,BDT,Inventory
1872,1902,1872,2021-02-22,INV-3259,1723245.0,BDT,Opex-Facility
1873,1903,1873,2021-09-15,INV-8328,490099.51,CNY,Capex-IT
1874,1904,1874,2023-07-08,INV-2670,5334487.48,BDT,Inventory
1875,1905,1875,2022-04-13,INV-8331,58541.04,CNY,Capex-IT
1876,1906,1876,2021-03-03,INV-2980,1373766.0,BDT,Inventory
1877,1907,1877,2023-02-07,INV-6127,820823.2,BDT,Inventory
1878,1908,1878,2022-06-12,INV-9738,1811715.03,BDT,Opex-Facility
1879,1909,1879,2023-03-28,INV-3928,64799.91,USD,Inventory
1880,1910,1880,2023-05-20,INV-5072,4970269.59,BDT,Inventory
1881,1911,1881,2022-03-19,INV-4667,930197.23,BDT,Inventory
1882,1912,1882,2023-09-24,INV-4998,1416071.39,BDT,Inventory
1883,1913,1883,2023-09-01,INV-8168,450838.44,BDT,Inventory
1884,1914,1884,2023-10-16,INV-9783,24855.97,USD,Inventory
1885,1915,1885,2022-06-13,INV-1819,784903.2,BDT,Inventory
1886,1916,1886,2022-12-15,INV-6382,374683.34,USD,Inventory
1887,1917,1887,2023-04-25,INV-1505,64522.56,USD,Inventory
1888,1918,1888,2021-12-13,INV-7017,121590.12,USD,Inventory
1889,1919,1889,2020-12-23,INV-6423,2281373.0,BDT,Inventory
1890,1920,1890,2023-08-31,INV-2967,2810944.24,BDT,Inventory
1891,1921,1891,2022-12-20,INV-0062,6288804.57,BDT,Inventory
1892,1922,1892,2020-10-08,INV-4924,23176.03,USD,Inventory
1893,1923,1893,2020-11-20,INV-2887,1539029.0,BDT,Opex-Facility
1894,1924,1894,2023-10-06,INV-4083,4401220.52,BDT,Inventory
1895,1925,1895,2023-12-12,INV-3193,1834375.49,BDT,Opex-Facility
1896,1926,1896,2023-04-10,INV-3835,29135.97,USD,Inventory
1897,1927,1897,2021-03-10,INV-2983,2364667.0,BDT,Inventory
1898,1928,1898,2023-03-02,INV-7475,8044509.45,BDT,Inventory
1899,1929,1899,2021-02-20,INV-7339,274241.36,USD,Capex-IT
1900,1930,1900,2022-02-27,INV-6559,6438602.9,BDT,Inventory
1901,1931,1901,2022-06-25,INV-1084,3962068.71,BDT,Inventory
1902,1932,1902,2021-09-05,INV-4416,619047.0,BDT,Inventory
1903,1933,1903,2023-11-19,INV-7038,915748.17,USD,Capex-IT
1904,1934,1904,2022-07-20,INV-1326,3769547.89,BDT,Inventory
1905,1935,1905,2021-11-14,INV-5076,4663059.0,BDT,Opex-Marketing
1906,1936,1906,2021-02-10,INV-4115,322032.39,USD,Capex-IT
1907,1938,1907,2023-03-25,INV-6652,4555014.12,BDT,Opex-Marketing
1908,1940,1908,2023-03-19,INV-3108,573561.73,BDT,Opex-Logistics
1909,1941,1909,2023-04-06,INV-6754,5147039.97,BDT,Inventory
1910,1942,1910,2021-03-02,INV-6120,1725038.0,BDT,Opex-Marketing
1911,1943,1911,2022-06-30,INV-5284,6569406.97,BDT,Opex-Facility
1912,1944,1912,2023-09-15,INV-7586,423712.8,BDT,Inventory
1913,1945,1913,2021-09-28,INV-5292,1150540.0,BDT,Inventory
1914,1946,1914,2022-11-15,INV-3347,1607.32,USD,Inventory
1915,1947,1915,2023-12-14,INV-5717,2520732.44,BDT,Inventory
1916,1948,1916,2021-11-24,INV-0214,32496.15,USD,Inventory
1917,1949,1917,2023-04-19,INV-3734,4732472.86,BDT,Inventory
1918,1950,1918,2022-03-07,INV-7853,1878897.27,BDT,Inventory
1919,1951,1919,2020-12-05,INV-6078,1382980.0,BDT,Opex-Facility
1920,1952,1920,2022-11-26,INV-7724,80753.63,USD,Inventory
1921,1953,1921,2022-09-20,INV-6295,486454.27,USD,Capex-IT
1922,1954,1922,2022-09-28,INV-2066,4317271.28,BDT,Opex-Facility
1923,1955,1923,2023-06-21,INV-6031,4271046.3,BDT,Inventory
1924,1956,1924,2021-11-12,INV-2364,3746391.0,BDT,Inventory
1925,1957,1925,2023-01-19,INV-0295,69331.11,USD,Inventory
1926,1958,1926,2022-11-19,INV-5129,775788.17,BDT,Inventory
1927,1959,1927,2022-12-02,INV-4394,222896.84,CNY,Inventory
1928,1960,1928,2022-09-30,INV-3274,39680.0,USD,Inventory
1929,1961,1929,2021-02-14,INV-1646,60500.0,BDT,Opex-Facility
1930,1962,1930,2020-12-28,INV-4262,50895.0,BDT,Inventory
1931,1963,1931,2020-06-08,INV-4099,1208514.0,BDT,Inventory
1932,1964,1932,2022-04-12,INV-5672,229585.62,CNY,Inventory
1933,1965,1933,2023-01-05,INV-3258,30763.82,CNY,Inventory
1934,1966,1934,2020-07-17,INV-7512,28202.72,USD,Inventory
1935,1967,1935,2023-02-04,INV-8859,102627.79,USD,Inventory
1936,1968,1936,2023-12-07,INV-6915,101053.22,USD,Inventory
1937,1969,1937,2023-01-13,INV-9165,2795266.82,BDT,Inventory
1938,1970,1938,2022-09-13,INV-1995,2916514.85,BDT,Inventory
1939,1971,1939,2022-01-14,INV-4542,1483673.79,BDT,Inventory
1940,1972,1940,2022-01-12,INV-7590,4938122.0,BDT,Inventory
1941,1973,1941,2020-02-24,INV-6913,58457.49,USD,Capex-IT
1942,1974,1942,2023-10-05,INV-9140,3480177.14,BDT,Inventory
1943,1975,1943,2021-08-28,INV-3827,2652789.0,BDT,Inventory
1944,1977,1944,2022-08-05,INV-1877,6423197.92,BDT,Inventory
1945,1978,1945,2022-10-26,INV-1081,2790707.89,BDT,Inventory
1946,1979,1946,2023-05-18,INV-4193,80486.86,USD,Capex-IT
1947,1980,1947,2023-10-04,INV-1131,55967.94,USD,Inventory
1948,1981,1948,2023-06-22,INV-3066,414910.97,USD,Capex-IT
1949,1982,1949,2021-11-08,INV-2002,265338.74,CNY,Inventory
1950,1983,1950,2023-11-06,INV-2151,2354929.97,BDT,Inventory
1951,1984,1951,2023-03-22,INV-0117,3289350.41,BDT,Inventory
1952,1985,1952,2023-07-20,INV-0549,29217.08,USD,Inventory
1953,1986,1953,2023-09-25,INV-9947,433176.24,USD,Inventory
1954,1987,1954,2021-05-10,INV-7616,582838.22,USD,Inventory
1955,1988,1955,2021-12-16,INV-2250,84647.74,CNY,Capex-IT
1956,1989,1956,2022-10-28,INV-0854,4313373.18,BDT,Inventory
1957,1990,1957,2023-06-05,INV-5548,1924177.12,BDT,Inventory
1958,1991,1958,2021-09-26,INV-3901,39452.71,USD,Inventory
1959,1992,1959,2022-07-26,INV-1646,2527787.84,BDT,Inventory
1960,1993,1960,2022-09-10,INV-9803,586784.3,USD,Inventory
1961,1994,1961,2023-12-02,INV-5246,1310634.85,BDT,Opex-Facility
1962,1995,1962,2020-06-18,INV-7169,187110.0,BDT,Inventory
1963,1996,1963,2023-04-03,INV-4399,157918.79,USD,Inventory
1964,1997,1964,2023-02-05,INV-4119,13735.29,USD,Inventory
1965,1998,1965,2022-03-17,INV-1074,3695727.27,BDT,Inventory
1966,1999,1966,2023-04-09,INV-2798,2371375.57,BDT,Opex-Marketing
1967,2000,1967,2021-02-07,INV-9678,2070602.0,BDT,Inventory
1968,2001,1968,2021-03-07,INV-5741,355139.0,USD,Capex-IT
1969,2002,1969,2023-07-24,INV-2733,68396.8,BDT,Opex-Facility
1970,2003,1970,2022-04-22,INV-6493,2367411.94,BDT,Inventory
1971,2004,1971,2022-01-27,INV-8795,1868457.66,BDT,Inventory
1972,2005,1972,2021-05-19,INV-3459,616147.16,USD,Inventory
1973,2006,1973,2021-12-21,INV-0916,2516141.0,BDT,Inventory
1974,2007,1974,2022-08-24,INV-3307,3182533.91,BDT,Inventory
1975,2008,1975,2021-12-26,INV-8398,383879.74,USD,Inventory
1976,2009,1976,2023-12-31,INV-2975,22794.86,USD,Inventory
1977,2010,1977,2023-02-15,INV-7464,1274225.4,BDT,Inventory
1978,2011,1978,2022-07-26,INV-1266,35836.15,USD,Inventory
1979,2012,1979,2022-04-10,INV-8963,1961615.26,BDT,Opex-Admin
1980,2013,1980,2022-02-22,INV-1296,701503.3,BDT,Inventory
1981,2014,1981,2020-08-25,INV-7029,2982159.0,BDT,Opex-Marketing
1982,2015,1982,2022-07-25,INV-9919,199362.05,USD,Inventory
1983,2016,1983,2023-07-15,INV-3835,4589079.71,BDT,Inventory
1984,2017,1984,2021-11-14,INV-1710,55682.01,USD,Capex-IT
1985,2018,1985,2023-08-14,INV-4442,1989563.92,BDT,Opex-Marketing
1986,2019,1986,2022-06-25,INV-0623,163181.36,CNY,Capex-IT
1987,2020,1987,2023-04-16,INV-7296,811507.22,BDT,Inventory
1988,2021,1988,2024-01-02,INV-8481,5437642.63,BDT,Inventory
1989,2022,1989,2023-12-18,INV-9510,47944.3,USD,Inventory
1990,2023,1990,2023-12-19,INV-2445,4071298.82,BDT,Inventory
1991,2024,1991,2022-09-20,INV-3161,3649863.99,BDT,Inventory
1992,2025,1992,2022-09-21,INV-3051,9260.16,USD,Inventory
1993,2026,1993,2020-04-14,INV-1126,35062.0,BDT,Inventory
1994,2027,1994,2023-12-24,INV-4396,1975782.43,USD,Inventory
1995,2028,1995,2021-11-22,INV-8215,3852046.0,BDT,Inventory
1996,2029,1996,2022-02-16,INV-7843,2971015.91,BDT,Inventory
1997,2030,1997,2021-02-19,INV-1640,10925.64,CNY,Inventory
1998,2031,1998,2021-02-25,INV-2987,3074279.0,BDT,Inventory
1999,2032,1999,2023-01-24,INV-4251,3766968.78,BDT,Inventory
2000,2033,2000,2022-08-18,INV-1389,2419220.3,BDT,Inventory
2001,2034,2001,2021-11-18,INV-2632,2160898.0,BDT,Inventory
2002,2035,2002,2021-10-30,INV-5525,88812.0,BDT,Opex-Marketing
2003,2036,2003,2023-08-29,INV-9302,481166.68,USD,Capex-IT
2004,2037,2004,2023-12-10,INV-6815,2067222.83,BDT,Opex-Facility
2005,2038,2005,2023-12-06,INV-3941,5871238.0,BDT,Inventory
2006,2039,2006,2020-12-27,INV-9953,1606125.0,BDT,Inventory
2007,2040,2007,2023-08-26,INV-3787,3430746.06,BDT,Opex-Facility
2008,2041,2008,2020-12-22,INV-7456,3983020.0,BDT,Opex-Marketing
2009,2042,2009,2021-12-31,INV-9357,4312040.0,BDT,Opex-Facility
2010,2043,2010,2021-07-24,INV-4107,9927417.0,BDT,Opex-Logistics
2011,2044,2011,2021-12-22,INV-5571,738916.0,BDT,Inventory
2012,2045,2012,2023-02-18,INV-8456,3388256.11,BDT,Inventory
2013,2046,2013,2023-06-30,INV-0738,2925376.06,BDT,Opex-Facility
2014,2047,2014,2022-05-06,INV-6975,3082880.13,BDT,Opex-Facility
2015,2048,2015,2021-07-22,INV-0820,270727.83,USD,Inventory
2016,2049,2016,2023-05-08,INV-8198,2134936.89,BDT,Inventory
2017,2050,2017,2021-06-18,INV-4146,330866.96,USD,Capex-IT
2018,2051,2018,2020-10-10,INV-6025,2366985.0,BDT,Inventory
2019,2052,2019,2021-12-12,INV-1009,62495.0,BDT,Inventory
2020,2053,2020,2022-12-02,INV-6562,5870113.66,BDT,Inventory
2021,2054,2021,2021-06-13,INV-0618,234948.24,USD,Inventory
2022,2055,2022,2023-11-11,INV-0778,81688.87,CNY,Capex-IT
2023,2056,2023,2023-09-29,INV-6571,359284.91,BDT,Inventory
2024,2057,2024,2020-08-11,INV-1836,2372580.0,BDT,Opex-Marketing
2025,2058,2025,2021-09-14,INV-3401,2160018.0,BDT,Inventory
2026,2059,2026,2023-12-26,INV-9097,42618.2,USD,Inventory
2027,2060,2027,2022-10-29,INV-2368,2303263.64,BDT,Opex-Marketing
2028,2061,2028,2023-02-05,INV-3086,60350.15,USD,Capex-IT
2029,2062,2029,2023-05-07,INV-3481,1017062.58,USD,Capex-IT
2030,2063,2030,2022-03-29,INV-1542,4698300.76,BDT,Inventory
2031,2064,2031,2022-08-22,INV-5191,23961.66,USD,Inventory
2032,2065,2032,2023-02-01,INV-3552,9375.52,CNY,Inventory
2033,2066,2033,2023-10-28,INV-0894,535845.03,BDT,Opex-Facility
2034,2067,2034,2022-11-27,INV-1065,857447.79,BDT,Inventory
2035,2068,2035,2022-07-01,INV-0723,5060857.63,BDT,Inventory
2036,2069,2036,2024-01-02,INV-1801,4557199.39,BDT,Inventory
2037,2070,2037,2023-01-22,INV-2638,6843.04,USD,Inventory
2038,2071,2038,2023-05-19,INV-7831,5135822.69,BDT,Inventory
2039,2072,2039,2021-09-01,INV-9721,2045060.0,BDT,Inventory
2040,2073,2040,2023-02-16,INV-8218,3921464.77,BDT,Opex-Marketing
2041,2074,2041,2022-01-15,INV-9845,5008000.0,BDT,Opex-Marketing
2042,2075,2042,2023-12-02,INV-9549,995432.84,USD,Inventory
2043,2076,2043,2023-05-07,INV-5441,84271.3,USD,Capex-IT
2044,2077,2044,2023-04-23,INV-8282,150594.2,USD,Inventory
2045,2078,2045,2021-12-27,INV-5560,119681.84,USD,Inventory
2046,2079,2046,2023-01-20,INV-5182,4001517.05,BDT,Inventory
2047,2080,2047,2022-02-04,INV-6122,970802.27,BDT,Inventory
2048,2081,2048,2022-05-22,INV-8228,26099.44,USD,Inventory
2049,2082,2049,2021-02-07,INV-7261,2732318.0,BDT,Inventory
2050,2083,2050,2021-02-24,INV-8439,540635.53,CNY,Inventory
2051,2084,2051,2020-09-06,INV-0193,12504.65,CNY,Inventory
2052,2085,2052,2022-06-20,INV-6582,1270092.87,BDT,Inventory
2053,2086,2053,2023-03-16,INV-3133,827285.3,BDT,Opex-Facility
2054,2087,2054,2023-07-04,INV-5131,2355856.65,BDT,Opex-Facility
2055,2088,2055,2021-09-26,INV-2173,2312.56,CNY,Inventory
2056,2089,2056,2020-12-28,INV-4319,31422.42,CNY,Inventory
2057,2090,2057,2020-10-28,INV-8499,5410565.0,BDT,Inventory
2058,2091,2058,2023-01-21,INV-4006,628300.16,USD,Inventory
2059,2092,2059,2023-07-19,INV-7860,22113.65,USD,Inventory
2060,2093,2060,2022-05-27,INV-3938,1896128.32,BDT,Opex-Logistics
2061,2094,2061,2021-05-23,INV-8141,2896075.0,BDT,Inventory
2062,2095,2062,2022-02-02,INV-6100,5541195.38,BDT,Opex-Facility
2063,2096,2063,2022-12-29,INV-1468,6381684.49,BDT,Opex-Facility
2064,2097,2064,2022-06-08,INV-9418,5750285.15,BDT,Inventory
2065,2098,2065,2020-09-26,INV-6595,44982.0,BDT,Opex-Facility
2066,2099,2066,2022-10-14,INV-3385,539448.08,BDT,Inventory
2067,2100,2067,2022-03-19,INV-8981,2496057.66,BDT,Inventory
2068,2101,2068,2023-03-27,INV-1898,2256331.1,BDT,Inventory
2069,2102,2069,2022-08-28,INV-1300,2219256.16,BDT,Inventory
2070,2103,2070,2022-11-10,INV-3119,11652.0,USD,Inventory
2071,2104,2071,2023-02-11,INV-6335,4317938.26,BDT,Inventory
2072,2105,2072,2020-11-16,INV-0848,765188.63,USD,Inventory
2073,2106,2073,2023-09-22,INV-8393,3293159.74,BDT,Opex-Marketing
2074,2107,2074,2022-04-21,INV-1558,3548352.81,BDT,Inventory
2075,2108,2075,2023-01-16,INV-8079,262565.87,CNY,Capex-IT
2076,2109,2076,2021-09-04,INV-6650,1982640.0,BDT,Opex-Marketing
2077,2111,2077,2023-07-20,INV-4143,1127200.31,BDT,Opex-Marketing
2078,2112,2078,2022-08-13,INV-4087,947938.98,BDT,Inventory
2079,2113,2079,2023-10-10,INV-2174,35364.12,USD,Inventory
2080,2114,2080,2023-05-12,INV-1140,11047.05,CNY,Inventory
2081,2115,2081,2023-11-15,INV-3731,498821.46,BDT,Inventory
2082,2116,2082,2023-06-22,INV-3781,3672803.58,BDT,Opex-Admin
2083,2117,2083,2021-02-26,INV-0811,3338494.0,BDT,Inventory
2084,2118,2084,2023-01-27,INV-2245,8993.77,USD,Inventory
2085,2119,2085,2022-11-05,INV-7236,3928911.8,BDT,Inventory
2086,2120,2086,2023-12-14,INV-4483,3742668.32,BDT,Opex-Facility
2087,2121,2087,2021-08-02,INV-4025,4347786.0,BDT,Inventory
2088,2122,2088,2021-07-14,INV-6234,2474624.0,BDT,Opex-Facility
2089,2123,2089,2023-06-03,INV-9861,5438820.37,BDT,Inventory
2090,2124,2090,2021-01-20,INV-6505,16668.63,USD,Inventory
2091,2125,2091,2022-10-21,INV-4572,2451313.55,BDT,Inventory
2092,2126,2092,2023-08-18,INV-3187,3125868.65,BDT,Inventory
2093,2127,2093,2023-02-02,INV-1157,4180622.97,BDT,Opex-Facility
2094,2128,2094,2021-09-27,INV-9225,13640.93,USD,Inventory
2095,2129,2095,2020-02-02,INV-1683,585752.0,BDT,Inventory
2096,2130,2096,2023-01-25,INV-7230,6349097.14,BDT,Inventory
2097,2131,2097,2023-12-12,INV-6420,771503.45,BDT,Inventory
2098,2132,2098,2020-10-18,INV-2164,38443.37,USD,Inventory
2099,2133,2099,2022-04-09,INV-8294,208.6,USD,Inventory
2100,2134,2100,2023-11-28,INV-5644,1920073.19,BDT,Opex-Marketing
2101,2135,2101,2023-03-02,INV-8571,3343465.5,BDT,Inventory
2102,2136,2102,2023-03-01,INV-2062,202090.92,USD,Inventory
2103,2137,2103,2021-10-09,INV-5626,12943.16,USD,Inventory
2104,2138,2104,2021-12-08,INV-6555,3999988.0,BDT,Inventory
2105,2139,2105,2023-05-06,INV-7134,1099072.08,BDT,Opex-Marketing
2106,2140,2106,2020-03-17,INV-3174,164585.88,USD,Inventory
2107,2141,2107,2021-05-16,INV-8361,2003480.0,BDT,Inventory
2108,2142,2108,2021-06-08,INV-1684,1537431.0,BDT,Inventory
2109,2143,2109,2020-10-08,INV-1919,1242660.0,BDT,Inventory
2110,2144,2110,2021-11-05,INV-4085,19089.41,USD,Inventory
2111,2145,2111,2023-03-02,INV-7250,675498.57,CNY,Inventory
2112,2146,2112,2021-07-18,INV-2348,5130.12,CNY,Inventory
2113,2147,2113,2023-01-13,INV-9038,2023720.0,BDT,Opex-Marketing
2114,2148,2114,2022-11-24,INV-0413,5158257.7,BDT,Inventory
2115,2149,2115,2023-12-27,INV-9892,22739.2,CNY,Inventory
2116,2150,2116,2021-12-30,INV-1885,4542758.0,BDT,Inventory
2117,2151,2117,2022-01-07,INV-5689,722606.0,BDT,Inventory
2118,2152,2118,2020-12-09,INV-4583,6181021.0,BDT,Opex-Facility
2119,2153,2119,2023-10-26,INV-3359,496286.9,USD,Capex-IT
2120,2154,2120,2023-03-05,INV-1097,7102253.58,BDT,Opex-Facility
2121,2155,2121,2022-11-03,INV-1965,298269.28,USD,Inventory
2122,2156,2122,2023-09-22,INV-5243,2041176.37,BDT,Inventory
2123,2157,2123,2022-07-05,INV-0872,4361970.57,BDT,Inventory
2124,2158,2124,2022-09-07,INV-3819,2117059.13,BDT,Inventory
2125,2159,2125,2022-07-15,INV-7670,2553406.68,BDT,Inventory
2126,2160,2126,2020-11-13,INV-8709,37303.96,USD,Inventory
2127,2161,2127,2023-08-25,INV-8325,358895.04,USD,Inventory
2128,2162,2128,2022-05-16,INV-0775,434878.81,CNY,Capex-IT
2129,2163,2129,2023-06-22,INV-9102,2078630.21,BDT,Inventory
2130,2164,2130,2021-04-14,INV-6780,1890448.0,BDT,Opex-Marketing
2131,2165,2131,2022-02-22,INV-3321,2095991.16,BDT,Inventory
2132,2166,2132,2023-01-18,INV-8494,193902.5,BDT,Opex-Admin
2133,2167,2133,2021-06-07,INV-2507,267.96,CNY,Inventory
2134,2168,2134,2023-09-22,INV-9279,3180442.39,BDT,Inventory
2135,2169,2135,2020-08-09,INV-2942,3867533.0,BDT,Inventory
2136,2170,2136,2023-07-06,INV-7757,4278404.72,BDT,Opex-Logistics
2137,2171,2137,2023-01-21,INV-4950,3438297.93,BDT,Opex-Facility
2138,2172,2138,2023-12-16,INV-0246,7840390.43,BDT,Inventory
2139,2173,2139,2023-03-28,INV-6506,3361077.83,BDT,Opex-Marketing
2140,2174,2140,2023-12-24,INV-9398,1826007.31,BDT,Inventory
2141,2175,2141,2023-01-22,INV-7807,1083887.06,USD,Inventory
2142,2176,2142,2022-12-09,INV-1333,1714398.2,BDT,Inventory
2143,2177,2143,2022-09-14,INV-2030,6788094.48,BDT,Opex-Facility
2144,2178,2144,2021-08-05,INV-1823,246339.63,CNY,Capex-IT
2145,2179,2145,2022-05-10,INV-6424,150106.82,USD,Inventory
2146,2180,2146,2022-05-10,INV-6036,6327204.79,BDT,Opex-Marketing
2147,2181,2147,2022-12-10,INV-3851,395658.99,CNY,Inventory
2148,2182,2148,2021-11-03,INV-0787,3145288.0,BDT,Inventory
2149,2183,2149,2023-12-08,INV-5278,2380180.19,BDT,Inventory
2150,2184,2150,2023-10-15,INV-4860,198878.79,USD,Inventory
2151,2185,2151,2023-09-05,INV-2470,19635.05,CNY,Inventory
2152,2186,2152,2022-08-28,INV-8466,3553794.9,BDT,Opex-Marketing
2153,2187,2153,2021-09-21,INV-5103,53320.0,BDT,Opex-Admin
2154,2188,2154,2021-10-22,INV-3157,2151361.0,BDT,Inventory
2155,2189,2155,2023-10-17,INV-0522,1800.32,CNY,Inventory
2156,2190,2156,2023-08-10,INV-1973,4875095.88,BDT,Inventory
2157,2191,2157,2022-03-20,INV-6498,3723179.44,BDT,Opex-Facility
2158,2192,2158,2022-05-27,INV-2678,3967934.34,BDT,Opex-Marketing
2159,2193,2159,2022-06-03,INV-8937,3744486.4,BDT,Inventory
2160,2194,2160,2023-07-18,INV-5236,521582.68,USD,Capex-IT
2161,2195,2161,2021-03-09,INV-6158,3242979.0,BDT,Inventory
2162,2196,2162,2021-02-02,INV-5755,1771691.0,BDT,Inventory
2163,2197,2163,2023-08-31,INV-9178,53660.82,CNY,Inventory
2164,2198,2164,2020-02-17,INV-5970,3572381.0,BDT,Inventory
2165,2199,2165,2023-02-03,INV-4572,3384305.84,BDT,Inventory
2166,2200,2166,2021-02-18,INV-5625,2315430.0,BDT,Inventory
2167,2201,2167,2022-03-22,INV-5166,141058.18,USD,Capex-IT
2168,2202,2168,2023-11-03,INV-9572,12976.2,USD,Inventory
2169,2203,2169,2022-02-26,INV-3321,353610.47,CNY,Capex-IT
2170,2204,2170,2023-09-21,INV-2721,1613504.28,BDT,Inventory
2171,2205,2171,2022-11-21,INV-9053,5958144.25,BDT,Opex-Marketing
2172,2206,2172,2020-02-20,INV-8785,1171968.0,BDT,Inventory
2173,2207,2173,2022-12-04,INV-2745,507907.4,BDT,Opex-Facility
2174,2208,2174,2023-05-04,INV-1993,2672099.7,BDT,Inventory
2175,2209,2175,2022-07-14,INV-6123,3430660.55,BDT,Opex-Marketing
2176,2210,2176,2023-12-10,INV-1782,2535779.04,BDT,Inventory
2177,2211,2177,2023-12-15,INV-7598,216337.19,USD,Inventory
2178,2212,2178,2022-02-20,INV-9382,31325.41,USD,Inventory
2179,2213,2179,2023-08-31,INV-4811,245220.85,BDT,Inventory
2180,2214,2180,2023-03-26,INV-9057,5567755.53,BDT,Inventory
2181,2215,2181,2020-12-21,INV-4506,1868196.0,BDT,Inventory
2182,2216,2182,2022-10-03,INV-1026,27637.92,USD,Inventory
2183,2217,2183,2023-12-29,INV-0666,3518564.89,BDT,Inventory
2184,2218,2184,2021-08-31,INV-0187,2026018.0,BDT,Inventory
2185,2219,2185,2022-11-01,INV-6676,25002.38,CNY,Inventory
2186,2220,2186,2023-09-18,INV-0067,3749279.15,BDT,Inventory
2187,2221,2187,2021-05-16,INV-0358,581005.0,BDT,Inventory
2188,2222,2188,2022-10-02,INV-5481,369182.35,USD,Capex-IT
2189,2223,2189,2023-06-11,INV-1000,5146819.46,BDT,Inventory
2190,2224,2190,2023-09-09,INV-4015,888299.23,USD,Capex-IT
2191,2225,2191,2023-08-20,INV-1242,7086261.21,BDT,Inventory
2192,2226,2192,2022-02-17,INV-4203,19443.44,USD,Inventory
2193,2227,2193,2021-01-20,INV-4633,578520.45,USD,Capex-IT
2194,2228,2194,2022-11-02,INV-5201,45885.97,CNY,Inventory
2195,2229,2195,2023-08-07,INV-9002,5361051.47,BDT,Opex-Facility
2196,2230,2196,2021-06-03,INV-6219,1361670.0,BDT,Opex-Marketing
2197,2231,2197,2022-11-26,INV-0927,3410700.64,BDT,Opex-Admin
2198,2232,2198,2021-05-10,INV-1931,10443.21,CNY,Inventory
2199,2233,2199,2023-03-17,INV-1512,1946188.67,BDT,Inventory
2200,2234,2200,2020-01-19,INV-3831,4266072.0,BDT,Inventory
2201,2235,2201,2023-03-01,INV-0536,1209577.4,BDT,Opex-Admin
2202,2236,2202,2022-01-29,INV-6132,3548335.86,BDT,Opex-Facility
2203,2237,2203,2020-05-28,INV-0195,393623.8,USD,Capex-IT
2204,2238,2204,2021-05-04,INV-6510,351982.08,USD,Capex-IT
2205,2239,2205,2022-11-25,INV-5163,235618.98,CNY,Capex-IT
2206,2240,2206,2023-04-28,INV-9264,4122610.59,BDT,Inventory
2207,2241,2207,2023-08-08,INV-7463,1031663.52,BDT,Inventory
2208,2242,2208,2021-10-05,INV-4614,5764.95,USD,Inventory
2209,2243,2209,2022-12-30,INV-3255,157829.29,BDT,Inventory
2210,2244,2210,2022-12-03,INV-3560,700721.84,USD,Inventory
2211,2245,2211,2023-03-31,INV-4410,529938.09,USD,Inventory
2212,2246,2212,2023-12-12,INV-6030,411246.83,CNY,Inventory
2213,2247,2213,2023-03-28,INV-8496,1157833.39,BDT,Inventory
2214,2248,2214,2023-09-30,INV-6244,28776.01,USD,Inventory
2215,2249,2215,2021-08-25,INV-5304,284815.09,USD,Inventory
2216,2250,2216,2021-01-26,INV-2778,95173.44,CNY,Inventory
2217,2251,2217,2023-08-01,INV-3581,3433061.41,BDT,Opex-Facility
2218,2252,2218,2023-12-21,INV-4802,68591.42,USD,Inventory
2219,2253,2219,2021-10-05,INV-0870,1399127.0,BDT,Inventory
2220,2254,2220,2022-01-16,INV-2911,2683234.0,BDT,Inventory
2221,2255,2221,2023-08-29,INV-7477,20657.91,USD,Inventory
2222,2256,2222,2020-10-07,INV-3339,193029.0,BDT,Inventory
2223,2257,2223,2023-08-05,INV-1785,1526299.82,BDT,Inventory
2224,2258,2224,2023-07-24,INV-0406,2274842.33,BDT,Inventory
2225,2259,2225,2022-02-04,INV-8129,4627488.13,BDT,Inventory
2226,2260,2226,2021-11-24,INV-0692,1449850.0,BDT,Inventory
2227,2261,2227,2022-07-27,INV-8268,3029360.31,BDT,Inventory
2228,2262,2228,2023-06-13,INV-9896,333481.83,USD,Inventory
2229,2263,2229,2023-03-15,INV-4139,4663466.26,BDT,Inventory
2230,2264,2230,2024-01-02,INV-0844,25406.99,USD,Inventory
2231,2265,2231,2021-04-08,INV-6519,2361995.0,BDT,Inventory
2232,2266,2232,2022-12-04,INV-5951,6893153.83,BDT,Inventory
2233,2267,2233,2022-01-08,INV-8100,2498161.63,BDT,Inventory
2234,2268,2234,2023-08-20,INV-8835,2674799.95,BDT,Inventory
2235,2269,2235,2023-06-14,INV-8325,5122193.84,BDT,Opex-Facility
2236,2270,2236,2022-10-20,INV-3369,1333717.26,BDT,Inventory
2237,2271,2237,2021-03-31,INV-8711,264755.53,USD,Inventory
2238,2272,2238,2023-11-03,INV-4608,2908558.92,BDT,Inventory
2239,2273,2239,2022-05-15,INV-1499,3475222.26,BDT,Opex-Marketing
2240,2274,2240,2023-04-21,INV-6536,2772305.48,BDT,Inventory
2241,2275,2241,2021-06-27,INV-9963,204587.19,CNY,Inventory
2242,2276,2242,2023-01-19,INV-8628,4860.0,USD,Inventory
2243,2277,2243,2020-10-16,INV-2175,36305.22,USD,Inventory
2244,2278,2244,2022-03-25,INV-0059,2684172.84,BDT,Inventory
2245,2279,2245,2023-09-22,INV-7465,897509.82,BDT,Opex-Facility
2246,2280,2246,2023-02-05,INV-8480,1959369.72,BDT,Opex-Marketing
2247,2281,2247,2023-10-10,INV-4771,861977.94,BDT,Inventory
2248,2282,2248,2021-01-07,INV-1783,2643268.0,BDT,Inventory
2249,2283,2249,2022-10-14,INV-2967,981182.9,BDT,Inventory
2250,2284,2250,2023-10-11,INV-3823,1581204.27,BDT,Inventory
2251,2285,2251,2023-12-27,INV-2743,2529289.77,BDT,Opex-Facility
2252,2287,2252,2022-02-28,INV-9355,180990.99,USD,Capex-IT
2253,2288,2253,2021-07-29,INV-4128,1116168.0,BDT,Opex-Marketing
2254,2289,2254,2023-08-28,INV-8501,2081966.35,BDT,Inventory
2255,2290,2255,2023-11-01,INV-8319,1566019.11,BDT,Opex-Logistics
2256,2291,2256,2022-12-02,INV-1563,142930.74,BDT,Opex-Facility
2257,2292,2257,2023-03-13,INV-6206,820599.86,BDT,Inventory
2258,2293,2258,2021-09-18,INV-0929,1677804.0,BDT,Opex-Marketing
2259,2294,2259,2023-10-23,INV-0915,628987.22,BDT,Inventory
2260,2295,2260,2023-10-01,INV-7062,2209220.13,BDT,Opex-Admin
2261,2296,2261,2023-01-17,INV-5140,3947680.05,BDT,Inventory
2262,2297,2262,2023-02-27,INV-9549,17074.11,USD,Inventory
2263,2298,2263,2022-02-01,INV-7303,3895652.82,BDT,Opex-Facility
2264,2299,2264,2021-06-11,INV-1917,39555.66,USD,Inventory
2265,2300,2265,2023-02-03,INV-6575,3667105.28,BDT,Inventory
2266,2302,2266,2022-08-22,INV-5857,4170.08,CNY,Inventory
2267,2303,2267,2022-08-04,INV-7136,162869.02,USD,Inventory
2268,2304,2268,2023-05-31,INV-7711,1410767.86,BDT,Inventory
2269,2305,2269,2023-04-16,INV-7379,5022.08,CNY,Inventory
2270,2306,2270,2023-05-07,INV-2316,3176418.8,BDT,Opex-Facility
2271,2307,2271,2022-11-08,INV-4624,5434790.55,BDT,Inventory
2272,2308,2272,2023-05-31,INV-5981,3157225.56,BDT,Inventory
2273,2309,2273,2021-06-26,INV-3074,412776.08,USD,Inventory
2274,2310,2274,2023-07-03,INV-3262,1020835.2,BDT,Inventory
2275,2311,2275,2021-05-06,INV-7892,10563.85,CNY,Inventory
2276,2312,2276,2020-06-11,INV-7377,1178178.0,BDT,Inventory
2277,2313,2277,2022-09-22,INV-1502,565503.55,BDT,Inventory
2278,2314,2278,2020-11-27,INV-5875,6173013.0,BDT,Opex-Marketing
2279,2315,2279,2023-12-30,INV-6565,351160.88,CNY,Capex-IT
2280,2316,2280,2021-05-21,INV-3108,990.6,USD,Inventory
2281,2317,2281,2023-05-21,INV-2287,15840.0,USD,Inventory
2282,2318,2282,2023-12-10,INV-8865,5963553.22,BDT,Inventory
2283,2319,2283,2021-06-15,INV-0760,2738433.0,BDT,Inventory
2284,2320,2284,2023-09-07,INV-5680,888187.47,CNY,Capex-IT
2285,2321,2285,2022-04-09,INV-3556,2188769.89,BDT,Inventory
2286,2322,2286,2023-11-01,INV-5252,6215971.89,BDT,Inventory
2287,2323,2287,2021-10-25,INV-7272,4771322.0,BDT,Inventory
2288,2324,2288,2022-11-15,INV-1345,785.25,CNY,Inventory
2289,2325,2289,2021-04-27,INV-4741,312.3,USD,Inventory
2290,2326,2290,2022-07-30,INV-3974,2682988.47,BDT,Inventory
2291,2327,2291,2022-05-10,INV-7129,1131863.62,BDT,Opex-Facility
2292,2328,2292,2023-10-02,INV-9457,2393443.88,BDT,Inventory
2293,2329,2293,2021-02-27,INV-5207,2177764.0,BDT,Opex-Logistics
2294,2330,2294,2022-12-28,INV-9227,413201.43,USD,Inventory
2295,2331,2295,2022-03-01,INV-2259,2818841.91,BDT,Inventory
2296,2332,2296,2023-01-20,INV-2408,4854940.87,BDT,Opex-Marketing
2297,2333,2297,2021-02-11,INV-1690,403639.0,BDT,Opex-Facility
2298,2334,2298,2022-03-22,INV-4236,1162209.61,BDT,Inventory
2299,2335,2299,2022-01-29,INV-5344,5539682.63,BDT,Inventory
2300,2336,2300,2022-04-02,INV-9505,1650993.2,BDT,Inventory
2301,2337,2301,2023-12-23,INV-2258,3818561.89,BDT,Inventory
2302,2338,2302,2023-08-17,INV-4833,15607.05,USD,Inventory
2303,2339,2303,2023-06-03,INV-7038,27085.85,USD,Inventory
2304,2340,2304,2023-08-31,INV-7661,3852155.89,BDT,Opex-Marketing
2305,2341,2305,2023-02-10,INV-7620,3068848.94,BDT,Inventory
2306,2342,2306,2022-12-23,INV-4149,7353.77,CNY,Inventory
2307,2343,2307,2021-08-25,INV-2487,2575032.0,BDT,Inventory
2308,2344,2308,2020-11-25,INV-9186,33643.28,USD,Inventory
2309,2345,2309,2021-11-14,INV-9629,4995786.0,BDT,Inventory
2310,2346,2310,2023-03-18,INV-9332,3336148.75,BDT,Inventory
2311,2347,2311,2023-06-13,INV-0672,6162348.98,BDT,Inventory
2312,2348,2312,2022-03-17,INV-6334,1102350.35,BDT,Inventory
2313,2349,2313,2021-12-04,INV-2612,366931.08,USD,Inventory
2314,2350,2314,2021-12-18,INV-8704,574764.74,CNY,Inventory
2315,2351,2315,2022-05-20,INV-8868,67562.28,CNY,Inventory
2316,2352,2316,2021-05-31,INV-0088,1832003.0,BDT,Inventory
2317,2353,2317,2022-09-03,INV-8150,2752303.27,BDT,Inventory
2318,2354,2318,2023-06-21,INV-9434,8157.6,USD,Inventory
2319,2355,2319,2020-12-02,INV-1946,4922029.0,BDT,Inventory
2320,2356,2320,2020-09-08,INV-5428,617715.0,BDT,Inventory
2321,2357,2321,2023-01-06,INV-4335,19872.26,CNY,Inventory
2322,2358,2322,2022-09-08,INV-9643,2153848.72,BDT,Inventory
2323,2359,2323,2022-03-06,INV-8534,36625.77,USD,Capex-IT
2324,2360,2324,2022-05-03,INV-4422,956513.61,BDT,Inventory
2325,2361,2325,2021-11-21,INV-4305,1836149.0,BDT,Inventory
2326,2362,2326,2021-03-03,INV-8942,1032637.0,BDT,Inventory
2327,2363,2327,2023-11-19,INV-0875,2885653.81,BDT,Opex-Marketing
2328,2364,2328,2021-10-14,INV-5725,511687.0,BDT,Inventory
2329,2365,2329,2021-10-14,INV-5570,2068842.0,BDT,Inventory
2330,2366,2330,2020-02-07,INV-6616,27768.21,USD,Inventory
2331,2367,2331,2023-04-27,INV-9061,2095972.1,BDT,Inventory
2332,2368,2332,2023-08-28,INV-7679,18669.6,BDT,Inventory
2333,2369,2333,2023-04-03,INV-3959,1898604.98,BDT,Inventory
2334,2370,2334,2023-09-02,INV-9721,3190750.7,BDT,Inventory
2335,2371,2335,2023-10-02,INV-4084,20298.53,USD,Inventory
2336,2372,2336,2021-07-18,INV-2241,4432266.0,BDT,Inventory
2337,2373,2337,2023-01-11,INV-7655,266164.09,USD,Inventory
2338,2374,2338,2022-09-02,INV-8028,762053.29,CNY,Inventory
2339,2375,2339,2021-07-18,INV-6869,312952.52,USD,Capex-IT
2340,2376,2340,2021-02-04,INV-1387,1166724.0,BDT,Opex-Admin
2341,2377,2341,2021-12-23,INV-6090,739.44,USD,Inventory
2342,2378,2342,2022-10-30,INV-0125,1008034.3,BDT,Inventory
2343,2379,2343,2022-03-15,INV-5954,625006.71,BDT,Opex-Marketing
2344,2380,2344,2023-02-19,INV-0937,96337.83,USD,Inventory
2345,2381,2345,2022-07-11,INV-3750,1840.92,CNY,Inventory
2346,2382,2346,2023-08-17,INV-2347,51048.04,CNY,Inventory
2347,2383,2347,2023-09-27,INV-3607,2389220.0,BDT,Inventory
2348,2384,2348,2021-05-12,INV-0583,290571.77,USD,Inventory
2349,2385,2349,2023-12-17,INV-5230,1444874.29,BDT,Opex-Marketing
2350,2386,2350,2022-11-26,INV-5709,1310735.05,BDT,Inventory
2351,2387,2351,2022-06-20,INV-3483,2998860.25,BDT,Opex-Marketing
2352,2388,2352,2023-08-31,INV-9274,1210674.65,BDT,Inventory
2353,2389,2353,2023-02-17,INV-4957,4086217.51,BDT,Inventory
2354,2390,2354,2021-11-25,INV-9055,1266002.0,BDT,Inventory
2355,2391,2355,2021-01-21,INV-5205,2440696.0,BDT,Inventory
2356,2392,2356,2024-01-04,INV-4174,3323961.48,BDT,Inventory
2357,2393,2357,2023-03-11,INV-7706,1231788.84,BDT,Opex-Marketing
2358,2394,2358,2021-03-08,INV-2042,1977335.0,BDT,Inventory
2359,2395,2359,2023-12-27,INV-2667,4815175.92,BDT,Inventory
2360,2396,2360,2020-09-17,INV-7304,23077.45,USD,Inventory
2361,2397,2361,2023-11-20,INV-7703,179386.75,CNY,Inventory
2362,2398,2362,2023-12-11,INV-1200,2264456.38,BDT,Inventory
2363,2399,2363,2021-08-01,INV-6570,33847.24,USD,Inventory
2364,2400,2364,2023-01-18,INV-1293,4411765.45,BDT,Inventory
2365,2401,2365,2023-10-02,INV-3610,5284281.74,BDT,Inventory
2366,2402,2366,2023-03-29,INV-4600,5515069.13,BDT,Opex-Logistics
2367,2403,2367,2023-07-22,INV-7171,2455576.78,BDT,Inventory
2368,2404,2368,2022-07-30,INV-5239,4787746.43,BDT,Opex-Facility
2369,2405,2369,2023-12-17,INV-7961,2163252.69,BDT,Opex-Marketing
2370,2406,2370,2021-02-16,INV-5487,5200.32,USD,Inventory
2371,2407,2371,2022-04-02,INV-8173,5925125.96,BDT,Inventory
2372,2408,2372,2023-06-03,INV-9547,2160191.02,BDT,Opex-Facility
2373,2409,2373,2021-05-29,INV-7640,128772.0,BDT,Opex-Marketing
2374,2410,2374,2021-12-25,INV-1485,3348484.0,BDT,Inventory
2375,2411,2375,2022-08-02,INV-6541,2180557.5,BDT,Inventory
2376,2412,2376,2022-09-24,INV-5638,558798.48,BDT,Inventory
2377,2413,2377,2022-11-08,INV-7659,5029343.86,BDT,Opex-Marketing
2378,2414,2378,2022-07-28,INV-7368,945095.29,USD,Inventory
2379,2415,2379,2022-10-22,INV-8499,24125.18,USD,Inventory
2380,2416,2380,2021-07-05,INV-0419,35195.62,USD,Inventory
2381,2417,2381,2022-11-27,INV-8145,6022784.31,BDT,Inventory
2382,2418,2382,2023-09-20,INV-0089,25717.41,USD,Inventory
2383,2419,2383,2023-04-01,INV-7012,5385375.9,BDT,Inventory
2384,2420,2384,2021-06-27,INV-2877,6832.82,CNY,Inventory
2385,2421,2385,2022-07-19,INV-9426,1544626.49,BDT,Inventory
2386,2422,2386,2021-06-24,INV-6199,915201.0,BDT,Inventory
2387,2423,2387,2023-10-09,INV-6679,27252.0,USD,Inventory
2388,2424,2388,2021-09-26,INV-3421,284849.2,USD,Inventory
2389,2425,2389,2023-04-10,INV-8284,3150640.11,BDT,Opex-Marketing
2390,2426,2390,2021-03-01,INV-6780,3691725.0,BDT,Inventory
2391,2427,2391,2020-10-25,INV-9926,2989100.0,BDT,Inventory
2392,2428,2392,2023-01-17,INV-3519,281340.8,USD,Inventory
2393,2429,2393,2023-08-03,INV-9162,3100204.17,BDT,Opex-Marketing
2394,2430,2394,2023-08-19,INV-8986,211445.2,USD,Capex-IT
2395,2431,2395,2023-03-29,INV-6220,7225920.6,BDT,Inventory
2396,2432,2396,2022-12-28,INV-9784,2239476.32,BDT,Inventory
2397,2433,2397,2023-06-11,INV-1294,3644307.14,BDT,Inventory
2398,2434,2398,2022-07-19,INV-7566,342.7,USD,Inventory
2399,2435,2399,2023-02-04,INV-5535,6297481.4,BDT,Inventory
2400,2436,2400,2023-11-19,INV-0162,657110.96,BDT,Inventory
2401,2437,2401,2022-10-11,INV-1201,4966059.68,BDT,Opex-Facility
2402,2438,2402,2023-12-11,INV-5649,2324256.29,BDT,Opex-Marketing
2403,2439,2403,2023-04-29,INV-4144,1810781.93,BDT,Opex-Facility
2404,2440,2404,2022-10-17,INV-9942,1740420.99,BDT,Inventory
2405,2441,2405,2023-02-11,INV-4146,130435.7,USD,Capex-IT
2406,2442,2406,2022-09-25,INV-9857,137408.26,USD,Inventory
2407,2443,2407,2022-04-22,INV-0116,2667674.22,BDT,Opex-Facility
2408,2444,2408,2023-05-08,INV-2927,330606.42,USD,Capex-IT
2409,2445,2409,2020-05-04,INV-5862,1273824.0,BDT,Opex-Facility
2410,2446,2410,2021-06-01,INV-5225,1129.7,USD,Inventory
2411,2447,2411,2021-07-28,INV-2019,233343.03,USD,Capex-IT
2412,2448,2412,2022-03-18,INV-9280,2651123.91,BDT,Inventory
2413,2449,2413,2023-11-12,INV-7044,408934.53,BDT,Inventory
2414,2450,2414,2023-08-06,INV-2644,3777324.47,BDT,Inventory
2415,2451,2415,2023-12-25,INV-4376,2838798.72,BDT,Inventory
2416,2452,2416,2021-05-02,INV-6410,25711.04,USD,Capex-IT
2417,2453,2417,2023-03-01,INV-4789,3705210.68,BDT,Opex-Marketing
2418,2454,2418,2023-10-17,INV-3710,217156.55,USD,Inventory
2419,2455,2419,2023-02-19,INV-4267,53556.19,USD,Inventory
2420,2456,2420,2023-10-04,INV-3893,3302135.78,BDT,Inventory
2421,2457,2421,2021-09-27,INV-1118,2839926.0,BDT,Inventory
2422,2458,2422,2023-04-19,INV-7807,7092902.86,BDT,Inventory
2423,2459,2423,2023-08-11,INV-1725,782468.85,USD,Inventory
2424,2460,2424,2021-06-02,INV-0317,701.43,CNY,Inventory
2425,2461,2425,2023-10-28,INV-4700,3999552.17,BDT,Inventory
2426,2462,2426,2021-12-17,INV-4294,4496281.0,BDT,Opex-Facility
2427,2464,2427,2021-08-13,INV-4213,85210.02,USD,Inventory
2428,2465,2428,2023-05-01,INV-5864,3799454.87,BDT,Inventory
2429,2466,2429,2021-09-30,INV-8450,3517950.0,BDT,Opex-Facility
2430,2467,2430,2023-10-10,INV-9934,1763173.64,BDT,Inventory
2431,2468,2431,2023-03-25,INV-1327,3264059.66,BDT,Inventory
2432,2469,2432,2022-02-22,INV-8907,5581150.89,BDT,Inventory
2433,2470,2433,2022-04-03,INV-7521,1075366.0,USD,Capex-IT
2434,2471,2434,2021-04-17,INV-3135,89745.36,CNY,Inventory
2435,2472,2435,2023-08-10,INV-4681,8254941.84,BDT,Inventory
2436,2473,2436,2023-08-31,INV-3562,140585.48,CNY,Capex-IT
2437,2474,2437,2021-12-05,INV-6367,4044712.0,BDT,Inventory
2438,2475,2438,2021-07-28,INV-5268,23710.74,USD,Inventory
2439,2476,2439,2020-09-10,INV-0267,5643411.0,BDT,Opex-Marketing
2440,2477,2440,2022-08-04,INV-4070,3472532.63,BDT,Inventory
2441,2478,2441,2021-05-19,INV-4861,262586.76,USD,Capex-IT
2442,2479,2442,2022-05-10,INV-7835,9770876.66,BDT,Inventory
2443,2480,2443,2023-09-30,INV-7859,348769.12,USD,Capex-IT
2444,2481,2444,2023-01-26,INV-4202,28446.29,USD,Inventory
2445,2482,2445,2023-03-31,INV-5020,5144865.11,BDT,Opex-Marketing
2446,2483,2446,2021-12-05,INV-2883,15880.43,USD,Inventory
2447,2484,2447,2021-04-13,INV-1754,5196285.0,BDT,Opex-Marketing
2448,2485,2448,2021-10-23,INV-2152,3040350.0,BDT,Inventory
2449,2486,2449,2023-09-25,INV-3788,450280.54,USD,Inventory
2450,2487,2450,2022-12-24,INV-4315,73260.81,USD,Inventory
2451,2488,2451,2023-02-12,INV-7808,243020.73,CNY,Inventory
2452,2490,2452,2022-04-11,INV-9608,11395.88,USD,Inventory
2453,2491,2453,2021-03-10,INV-2908,5312132.0,BDT,Inventory
2454,2492,2454,2023-01-19,INV-2589,3253363.83,BDT,Inventory
2455,2493,2455,2023-09-23,INV-7343,3349796.94,BDT,Inventory
2456,2494,2456,2023-11-30,INV-4959,2438133.49,BDT,Inventory
2457,2495,2457,2021-04-02,INV-4210,2208680.0,BDT,Opex-Marketing
2458,2496,2458,2023-02-25,INV-7118,5136276.87,BDT,Opex-Marketing
2459,2497,2459,2022-06-25,INV-2828,522131.89,CNY,Inventory
2460,2498,2460,2022-10-29,INV-1181,2445730.12,BDT,Inventory
2461,2499,2461,2020-03-23,INV-0665,743499.0,BDT,Inventory
2462,2500,2462,2021-02-15,INV-7256,3278.32,USD,Inventory
2463,2501,2463,2022-04-12,INV-0234,32540.62,USD,Inventory
2464,2502,2464,2023-10-05,INV-5880,909738.08,BDT,Inventory
2465,2503,2465,2023-12-26,INV-0409,720533.73,CNY,Inventory
2466,2504,2466,2021-01-16,INV-8824,2117027.0,BDT,Opex-Marketing
2467,2505,2467,2021-06-20,INV-2164,3421610.0,BDT,Inventory
2468,2506,2468,2020-11-24,INV-6184,178101.4,USD,Inventory
2469,2507,2469,2023-12-25,INV-6448,37419.7,USD,Inventory
2470,2508,2470,2021-08-22,INV-8449,2389066.0,BDT,Opex-Admin
2471,2509,2471,2023-05-05,INV-2159,28903.64,CNY,Inventory
2472,2510,2472,2020-10-19,INV-9319,3723132.0,BDT,Inventory
2473,2511,2473,2023-06-28,INV-2227,2129131.88,BDT,Inventory
2474,2512,2474,2023-05-28,INV-2673,2274530.6,BDT,Inventory
2475,2513,2475,2023-02-12,INV-2486,5207670.37,BDT,Inventory
2476,2514,2476,2023-02-17,INV-7184,472533.22,USD,Inventory
2477,2515,2477,2022-07-07,INV-7829,9931844.42,BDT,Inventory
2478,2516,2478,2023-07-17,INV-3789,5536498.18,BDT,Inventory
2479,2517,2479,2021-05-05,INV-8407,3805.98,CNY,Inventory
2480,2518,2480,2022-05-22,INV-2337,1495336.57,BDT,Opex-Facility
2481,2519,2481,2023-06-25,INV-9143,268529.85,CNY,Capex-IT
2482,2520,2482,2023-01-22,INV-8451,22677.61,USD,Inventory
2483,2522,2483,2020-11-20,INV-0447,17901.3,USD,Inventory
2484,2523,2484,2023-11-26,INV-1486,178807.66,BDT,Opex-Marketing
2485,2524,2485,2021-06-23,INV-5059,7025213.0,BDT,Inventory
2486,2525,2486,2023-08-25,INV-5283,2327118.57,BDT,Inventory
2487,2526,2487,2021-09-15,INV-9824,50033.17,USD,Inventory
2488,2527,2488,2023-07-29,INV-8790,45533.91,CNY,Inventory
2489,2528,2489,2022-02-22,INV-8687,17920.26,USD,Inventory
2490,2529,2490,2020-07-10,INV-1471,3085038.0,BDT,Inventory
2491,2530,2491,2023-01-30,INV-5091,1108497.23,BDT,Inventory
2492,2531,2492,2023-01-23,INV-1993,1521.9,USD,Inventory
2493,2532,2493,2023-01-07,INV-5931,6047019.47,BDT,Opex-Marketing
2494,2533,2494,2021-12-26,INV-9540,5494327.0,BDT,Inventory
2495,2534,2495,2020-09-03,INV-7544,294438.77,USD,Inventory
2496,2535,2496,2023-02-07,INV-7720,141644.05,USD,Capex-IT
2497,2536,2497,2023-09-15,INV-6791,53869.97,USD,Inventory
2498,2537,2498,2023-09-11,INV-3099,3849572.67,BDT,Inventory
2499,2538,2499,2020-05-20,INV-0729,5365897.0,BDT,Inventory
2500,2539,2500,2020-10-16,INV-6295,1115443.0,BDT,Inventory
2501,2540,2501,2023-09-12,INV-2762,1727375.0,BDT,Inventory
2502,2541,2502,2020-06-03,INV-0612,307872.0,BDT,Opex-Marketing
2503,2542,2503,2024-01-01,INV-8745,4328789.25,BDT,Opex-Facility
2504,2543,2504,2023-09-23,INV-9521,2544806.21,BDT,Opex-Marketing
2505,2544,2505,2023-04-11,INV-1163,595379.62,BDT,Inventory
2506,2545,2506,2023-03-03,INV-4444,6074078.2,BDT,Opex-Marketing
2507,2546,2507,2020-11-07,INV-2781,479768.4,USD,Inventory
2508,2547,2508,2023-04-26,INV-0631,5301504.88,BDT,Inventory
2509,2548,2509,2020-04-24,INV-0609,578710.85,USD,Capex-IT
2510,2549,2510,2023-05-05,INV-8006,1883513.34,BDT,Opex-Marketing
2511,2550,2511,2023-07-03,INV-1893,4488119.53,BDT,Inventory
2512,2551,2512,2023-05-29,INV-2365,537931.54,BDT,Inventory
2513,2552,2513,2021-07-31,INV-3825,298331.93,CNY,Inventory
2514,2553,2514,2020-08-23,INV-1128,1128525.15,USD,Capex-IT
2515,2554,2515,2023-03-14,INV-4906,4500012.93,BDT,Inventory
2516,2555,2516,2022-02-03,INV-6030,5129001.76,BDT,Inventory
2517,2556,2517,2023-11-12,INV-3773,3048059.07,BDT,Inventory
2518,2557,2518,2022-10-01,INV-7780,2736325.16,BDT,Inventory
2519,2558,2519,2023-09-28,INV-0158,2282921.17,BDT,Inventory
2520,2559,2520,2023-10-17,INV-3136,2373673.2,BDT,Opex-Logistics
2521,2560,2521,2021-07-06,INV-4327,1665130.0,BDT,Inventory
2522,2561,2522,2023-06-13,INV-0964,605833.87,BDT,Inventory
2523,2562,2523,2023-06-09,INV-1109,38152.97,USD,Inventory
2524,2563,2524,2022-03-30,INV-7609,1762090.9,BDT,Inventory
2525,2564,2525,2023-03-12,INV-0052,94368.57,USD,Inventory
2526,2565,2526,2023-07-17,INV-4936,2225567.45,BDT,Inventory
2527,2566,2527,2023-07-18,INV-2511,4124406.7,BDT,Opex-Marketing
2528,2567,2528,2021-06-09,INV-1555,732687.0,BDT,Opex-Marketing
2529,2568,2529,2023-10-12,INV-8522,3621209.37,BDT,Inventory
2530,2569,2530,2020-06-29,INV-9176,4651.6,USD,Inventory
2531,2570,2531,2023-12-11,INV-9572,15253.8,USD,Inventory
2532,2571,2532,2022-11-05,INV-0492,734.05,USD,Inventory
2533,2572,2533,2023-06-24,INV-2664,3943393.23,BDT,Opex-Facility
2534,2573,2534,2023-12-04,INV-8468,1455470.74,BDT,Opex-Marketing
2535,2574,2535,2021-01-22,INV-9923,3818404.0,BDT,Inventory
2536,2575,2536,2021-05-17,INV-0029,4306108.0,BDT,Inventory
2537,2576,2537,2023-09-16,INV-6325,7953552.92,BDT,Inventory
2538,2577,2538,2022-07-20,INV-5735,88420.21,CNY,Capex-IT
2539,2578,2539,2023-05-28,INV-3818,7963280.95,BDT,Inventory
2540,2579,2540,2022-07-05,INV-2500,4997264.83,BDT,Inventory
2541,2580,2541,2024-01-01,INV-4112,5139348.91,BDT,Inventory
2542,2581,2542,2020-05-24,INV-8326,7803.32,CNY,Inventory
2543,2582,2543,2020-10-24,INV-8865,4202071.0,BDT,Inventory
2544,2583,2544,2022-10-12,INV-7324,101614.75,USD,Capex-IT
2545,2584,2545,2023-04-15,INV-7201,1141202.17,CNY,Inventory
2546,2585,2546,2023-06-01,INV-5956,2977280.41,BDT,Inventory
2547,2586,2547,2023-11-26,INV-2950,108130.61,CNY,Inventory
2548,2587,2548,2022-12-14,INV-9933,1674103.32,BDT,Inventory
2549,2588,2549,2023-10-18,INV-1278,15373.08,USD,Inventory
2550,2589,2550,2020-02-06,INV-0689,1013187.0,BDT,Inventory
2551,2590,2551,2020-03-14,INV-0471,4518004.0,BDT,Inventory
2552,2591,2552,2021-07-04,INV-6585,33985.75,CNY,Inventory
2553,2592,2553,2021-09-08,INV-3931,2430348.0,BDT,Inventory
2554,2594,2554,2020-08-27,INV-5777,4883039.0,BDT,Opex-Facility
2555,2595,2555,2022-08-01,INV-6600,3393568.65,BDT,Inventory
2556,2596,2556,2022-09-30,INV-2575,3688557.25,BDT,Inventory
2557,2597,2557,2020-11-03,INV-3474,6103469.0,BDT,Inventory
2558,2598,2558,2020-06-22,INV-6811,94541.46,CNY,Inventory
2559,2599,2559,2021-10-16,INV-4372,5864750.0,BDT,Opex-Facility
2560,2600,2560,2023-01-04,INV-4446,5581054.43,BDT,Inventory
2561,2601,2561,2023-10-26,INV-5503,1528936.56,BDT,Inventory
2562,2602,2562,2021-10-01,INV-6179,35126.99,USD,Inventory
2563,2603,2563,2022-05-26,INV-7851,3686202.79,BDT,Opex-Logistics
2564,2604,2564,2020-12-08,INV-3982,227058.0,BDT,Inventory
2565,2605,2565,2021-11-11,INV-3034,509280.0,BDT,Opex-Marketing
2566,2606,2566,2022-03-18,INV-9780,2945771.38,BDT,Inventory
2567,2607,2567,2023-05-11,INV-6698,853188.96,BDT,Inventory
2568,2608,2568,2023-06-18,INV-0129,1801440.8,BDT,Inventory
2569,2609,2569,2023-12-05,INV-8794,354161.45,USD,Inventory
2570,2610,2570,2022-12-06,INV-6222,4228133.48,BDT,Inventory
2571,2611,2571,2023-01-12,INV-5782,20074.49,CNY,Inventory
2572,2612,2572,2023-04-15,INV-0947,7296626.38,BDT,Inventory
2573,2613,2573,2023-08-13,INV-9498,1086434.58,BDT,Inventory
2574,2614,2574,2023-10-21,INV-7451,839986.77,USD,Capex-IT
2575,2615,2575,2023-03-15,INV-6953,58177.4,USD,Inventory
2576,2616,2576,2023-09-16,INV-1285,402268.54,USD,Capex-IT
2577,2617,2577,2021-10-10,INV-0901,368080.0,BDT,Inventory
2578,2618,2578,2023-04-30,INV-5899,488802.6,BDT,Opex-Admin
2579,2619,2579,2023-12-22,INV-1295,532290.44,BDT,Inventory
2580,2620,2580,2023-12-21,INV-0161,8218.44,CNY,Inventory
2581,2621,2581,2020-09-17,INV-2951,1561932.0,BDT,Inventory
2582,2622,2582,2021-11-08,INV-1726,165224.97,CNY,Capex-IT
2583,2623,2583,2022-12-04,INV-5505,6527.28,USD,Inventory
2584,2624,2584,2023-03-31,INV-7104,42754.76,CNY,Inventory
2585,2625,2585,2022-08-22,INV-0815,3740212.07,BDT,Inventory
2586,2626,2586,2023-03-28,INV-8303,1535740.96,BDT,Inventory
2587,2627,2587,2022-06-12,INV-7105,3386085.24,BDT,Inventory
2588,2628,2588,2021-02-15,INV-5780,3193318.0,BDT,Opex-Facility
2589,2629,2589,2023-04-20,INV-0575,6178693.36,BDT,Inventory
2590,2630,2590,2022-08-19,INV-0674,220552.76,USD,Inventory
2591,2631,2591,2022-06-28,INV-2958,5696755.96,BDT,Inventory
2592,2632,2592,2022-11-18,INV-4638,4942357.34,BDT,Inventory
2593,2633,2593,2023-05-10,INV-1665,2272226.88,BDT,Opex-Marketing
2594,2634,2594,2021-02-17,INV-6336,2257958.0,BDT,Inventory
2595,2635,2595,2023-07-15,INV-6897,33315.59,CNY,Inventory
2596,2636,2596,2023-04-09,INV-5420,215635.23,CNY,Capex-IT
2597,2637,2597,2022-12-17,INV-5108,848280.08,USD,Inventory
2598,2638,2598,2022-12-30,INV-7745,1177563.76,BDT,Inventory
2599,2639,2599,2022-09-21,INV-4069,7762594.12,BDT,Inventory
2600,2640,2600,2021-03-30,INV-6708,16539.99,USD,Inventory
2601,2641,2601,2023-08-23,INV-6328,158197.13,CNY,Inventory
2602,2642,2602,2020-09-21,INV-7488,622987.65,CNY,Inventory
2603,2643,2603,2023-10-16,INV-6036,4974418.2,BDT,Inventory
2604,2644,2604,2023-03-23,INV-6863,4653615.64,BDT,Inventory
2605,2645,2605,2020-02-12,INV-3355,1333539.0,BDT,Opex-Marketing
2606,2646,2606,2023-12-19,INV-4155,20244.5,CNY,Inventory
2607,2647,2607,2023-02-28,INV-0960,153038.7,BDT,Inventory
2608,2648,2608,2023-09-30,INV-2263,1645555.69,BDT,Inventory
2609,2649,2609,2022-11-26,INV-9235,3504112.79,BDT,Inventory
2610,2650,2610,2023-06-01,INV-9252,2111870.27,BDT,Inventory
2611,2651,2611,2022-06-17,INV-5216,5265258.39,BDT,Inventory
2612,2652,2612,2023-10-21,INV-8906,5376641.31,BDT,Opex-Facility
2613,2653,2613,2022-01-12,INV-3400,5784833.1,BDT,Inventory
2614,2654,2614,2022-09-16,INV-7378,6479171.56,BDT,Inventory
2615,2655,2615,2023-03-14,INV-9154,439608.74,CNY,Capex-IT
2616,2656,2616,2023-02-13,INV-5306,2494691.3,BDT,Inventory
2617,2657,2617,2022-06-28,INV-7240,4144956.48,BDT,Inventory
2618,2658,2618,2023-03-27,INV-0095,1963965.09,BDT,Opex-Admin
2619,2659,2619,2022-09-14,INV-1287,4927289.62,BDT,Inventory
2620,2660,2620,2020-03-08,INV-5063,23723.65,USD,Capex-IT
2621,2661,2621,2021-08-31,INV-0675,1988635.0,BDT,Opex-Admin
2622,2662,2622,2020-06-28,INV-5426,1231955.0,BDT,Inventory
2623,2663,2623,2021-02-10,INV-8405,2742529.0,BDT,Inventory
2624,2664,2624,2022-09-16,INV-4994,3279721.99,BDT,Inventory
2625,2665,2625,2023-08-10,INV-6908,227761.02,USD,Capex-IT
2626,2666,2626,2023-11-10,INV-8676,301722.93,USD,Inventory
2627,2667,2627,2022-01-14,INV-5188,5827304.39,BDT,Inventory
2628,2668,2628,2023-03-26,INV-4491,4023773.98,BDT,Inventory
2629,2669,2629,2023-12-17,INV-2993,32325.44,USD,Inventory
2630,2670,2630,2023-05-03,INV-7834,3875596.04,BDT,Inventory
2631,2671,2631,2020-11-10,INV-6647,59303.51,USD,Inventory
2632,2672,2632,2022-08-02,INV-5903,3500492.61,BDT,Inventory
2633,2673,2633,2022-12-26,INV-3495,1831505.01,BDT,Inventory
2634,2674,2634,2021-11-28,INV-4515,386027.12,CNY,Capex-IT
2635,2675,2635,2022-11-06,INV-8480,17474.01,USD,Inventory
2636,2676,2636,2022-03-25,INV-3240,389040.07,USD,Capex-IT
2637,2677,2637,2022-04-19,INV-8934,216142.77,CNY,Inventory
2638,2678,2638,2023-04-06,INV-0924,4216233.6,BDT,Inventory
2639,2679,2639,2023-09-23,INV-9933,2839780.79,BDT,Inventory
2640,2680,2640,2023-03-06,INV-7406,296200.41,CNY,Capex-IT
2641,2681,2641,2023-10-06,INV-8485,5077705.35,BDT,Inventory
2642,2682,2642,2023-10-30,INV-1926,1097673.05,BDT,Opex-Facility
2643,2683,2643,2022-10-19,INV-1711,3129166.19,BDT,Opex-Logistics
2644,2684,2644,2023-01-19,INV-3460,990801.22,BDT,Inventory
2645,2685,2645,2021-01-07,INV-2512,471724.0,BDT,Inventory
2646,2686,2646,2022-12-30,INV-4548,3582523.86,BDT,Inventory
2647,2687,2647,2023-09-26,INV-1571,2563479.46,BDT,Inventory
2648,2688,2648,2023-07-20,INV-7499,3262328.33,BDT,Inventory
2649,2689,2649,2021-11-12,INV-1576,3944850.0,BDT,Opex-Logistics
2650,2690,2650,2022-07-14,INV-7175,532945.84,BDT,Inventory
2651,2691,2651,2023-08-05,INV-0623,25197.42,USD,Inventory
2652,2692,2652,2022-06-18,INV-4298,4261740.69,BDT,Inventory
2653,2693,2653,2022-02-27,INV-1469,5225202.31,BDT,Opex-Admin
2654,2694,2654,2023-07-25,INV-1499,4555742.82,BDT,Inventory
2655,2695,2655,2023-07-21,INV-0452,80265.1,CNY,Inventory
2656,2696,2656,2023-09-01,INV-2371,21359.63,CNY,Inventory
2657,2697,2657,2022-05-20,INV-8122,720530.25,BDT,Opex-Facility
2658,2698,2658,2023-09-21,INV-6625,1403268.71,CNY,Capex-IT
2659,2699,2659,2022-04-28,INV-2781,16159.33,USD,Inventory
2660,2700,2660,2023-11-20,INV-7320,7449546.88,BDT,Opex-Marketing
2661,2701,2661,2022-12-29,INV-7944,64331.15,USD,Capex-IT
2662,2702,2662,2023-10-03,INV-8327,24121.78,USD,Inventory
2663,2703,2663,2023-11-02,INV-3993,1997920.81,BDT,Inventory
2664,2704,2664,2022-05-18,INV-1059,638409.14,CNY,Inventory
2665,2705,2665,2023-11-11,INV-9763,6469636.01,BDT,Inventory
2666,2706,2666,2023-07-02,INV-6627,65567.48,USD,Capex-IT
2667,2707,2667,2022-12-30,INV-0136,3046762.79,BDT,Inventory
2668,2708,2668,2023-07-04,INV-8896,25108.3,USD,Inventory
2669,2709,2669,2020-07-21,INV-2384,172358.3,USD,Inventory
2670,2710,2670,2021-10-26,INV-1231,76319.1,USD,Capex-IT
2671,2711,2671,2023-11-01,INV-6191,14110.68,CNY,Inventory
2672,2712,2672,2022-12-02,INV-3086,4196468.54,BDT,Inventory
2673,2713,2673,2022-06-19,INV-1549,3807867.47,BDT,Inventory
2674,2714,2674,2023-11-28,INV-5699,4255552.76,BDT,Inventory
2675,2715,2675,2023-07-23,INV-5128,5477256.17,BDT,Opex-Facility
2676,2716,2676,2023-08-24,INV-6435,3434405.93,BDT,Opex-Marketing
2677,2717,2677,2023-07-02,INV-0508,426685.78,CNY,Capex-IT
2678,2718,2678,2023-10-07,INV-4851,6936018.81,BDT,Opex-Marketing
2679,2719,2679,2022-06-25,INV-3279,6933853.15,BDT,Opex-Marketing
2680,2721,2680,2021-02-03,INV-5300,404260.9,USD,Inventory
2681,2722,2681,2023-11-29,INV-2134,1878064.61,BDT,Inventory
2682,2723,2682,2023-01-21,INV-0273,3205427.19,BDT,Inventory
2683,2724,2683,2023-09-24,INV-7382,700191.06,CNY,Capex-IT
2684,2725,2684,2020-09-12,INV-1509,1980849.0,BDT,Inventory
2685,2726,2685,2023-06-08,INV-8839,34735.76,CNY,Capex-IT
2686,2727,2686,2021-05-14,INV-1021,888293.0,BDT,Inventory
2687,2728,2687,2022-02-27,INV-2469,5705045.19,BDT,Inventory
2688,2729,2688,2021-06-15,INV-8122,868923.0,BDT,Inventory
2689,2730,2689,2023-03-29,INV-8033,630654.38,USD,Inventory
2690,2731,2690,2022-01-25,INV-6832,322349.75,BDT,Inventory
2691,2732,2691,2022-08-04,INV-9043,114090.85,USD,Inventory
2692,2733,2692,2023-07-26,INV-8953,3935929.88,BDT,Inventory
2693,2734,2693,2023-02-28,INV-3013,2036260.84,BDT,Opex-Marketing
2694,2735,2694,2023-10-23,INV-6366,58621.05,USD,Inventory
2695,2736,2695,2023-09-26,INV-3013,2161107.98,BDT,Opex-Facility
2696,2737,2696,2022-12-08,INV-4465,559154.76,USD,Inventory
2697,2738,2697,2022-07-02,INV-6112,3998241.57,BDT,Opex-Marketing
2698,2739,2698,2023-12-14,INV-7186,56599.88,USD,Capex-IT
2699,2740,2699,2021-04-28,INV-8448,163971.8,CNY,Inventory
2700,2741,2700,2023-08-13,INV-4628,786515.63,CNY,Capex-IT
2701,2742,2701,2023-09-24,INV-1492,2647784.46,BDT,Opex-Marketing
2702,2743,2702,2023-01-28,INV-3839,1170684.53,USD,Inventory
2703,2744,2703,2023-11-21,INV-3953,2080390.08,BDT,Opex-Logistics
2704,2745,2704,2023-09-21,INV-2271,400506.12,CNY,Inventory
2705,2746,2705,2023-05-09,INV-8071,474335.96,USD,Inventory
2706,2747,2706,2023-07-27,INV-0049,2096384.53,BDT,Inventory
2707,2748,2707,2022-03-12,INV-8377,2517980.95,BDT,Inventory
2708,2749,2708,2023-09-17,INV-4413,827.2,USD,Inventory
2709,2750,2709,2023-01-28,INV-6349,914105.07,BDT,Inventory
2710,2751,2710,2023-06-16,INV-9725,3286231.3,BDT,Opex-Facility
2711,2752,2711,2023-02-14,INV-9467,17906.3,CNY,Capex-IT
2712,2753,2712,2023-06-16,INV-5139,1134761.67,USD,Capex-IT
2713,2754,2713,2023-01-19,INV-4359,5152545.17,BDT,Inventory
2714,2755,2714,2022-10-15,INV-2199,5889567.01,BDT,Opex-Facility
2715,2756,2715,2022-02-18,INV-5957,2310141.77,BDT,Inventory
2716,2757,2716,2022-09-14,INV-8113,3495379.05,BDT,Inventory
2717,2758,2717,2023-03-14,INV-1090,4270977.18,BDT,Inventory
2718,2759,2718,2023-02-09,INV-4881,4905362.68,BDT,Inventory
2719,2760,2719,2021-11-20,INV-8044,272806.04,USD,Inventory
2720,2761,2720,2023-01-22,INV-9952,115891.58,USD,Inventory
2721,2762,2721,2023-01-18,INV-9051,467593.36,USD,Inventory
2722,2763,2722,2022-05-18,INV-5128,1180093.86,CNY,Inventory
2723,2764,2723,2022-03-05,INV-2461,3677889.2,BDT,Opex-Facility
2724,2765,2724,2023-02-23,INV-4440,3770935.04,BDT,Inventory
2725,2766,2725,2022-07-10,INV-2149,39655.99,USD,Inventory
2726,2767,2726,2023-11-22,INV-7600,7869.42,USD,Inventory
2727,2768,2727,2023-05-11,INV-3028,2521270.01,BDT,Opex-Marketing
2728,2769,2728,2023-08-03,INV-1971,2503349.55,BDT,Opex-Marketing
2729,2770,2729,2023-01-24,INV-8137,7474.72,USD,Inventory
2730,2771,2730,2023-07-24,INV-4374,665809.02,BDT,Inventory
2731,2772,2731,2020-05-09,INV-0587,3343465.0,BDT,Opex-Marketing
2732,2773,2732,2021-04-23,INV-8551,51719.82,USD,Inventory
2733,2774,2733,2020-07-29,INV-6208,3272770.0,BDT,Inventory
2734,2775,2734,2022-03-29,INV-2560,4118925.81,BDT,Inventory
2735,2776,2735,2023-10-18,INV-4669,2691065.41,BDT,Inventory
2736,2777,2736,2022-09-15,INV-6030,1800259.0,BDT,Opex-Marketing
2737,2778,2737,2020-04-12,INV-2988,2480992.0,BDT,Inventory
2738,2779,2738,2023-06-03,INV-1022,17805.11,USD,Inventory
2739,2780,2739,2022-08-30,INV-0292,28150.8,USD,Inventory
2740,2781,2740,2023-08-11,INV-6265,4111666.74,BDT,Inventory
2741,2782,2741,2022-04-11,INV-1840,48032.73,USD,Inventory
2742,2783,2742,2023-09-14,INV-2110,411805.69,USD,Inventory
2743,2784,2743,2023-08-15,INV-0782,19993.98,USD,Inventory
2744,2785,2744,2020-12-27,INV-7273,1398551.0,BDT,Inventory
2745,2786,2745,2021-08-29,INV-4930,69807.5,CNY,Inventory
2746,2787,2746,2023-03-10,INV-1977,452340.28,CNY,Inventory
2747,2788,2747,2022-09-25,INV-6295,349346.14,USD,Inventory
2748,2789,2748,2023-09-02,INV-5532,347629.09,BDT,Opex-Marketing
2749,2790,2749,2022-06-25,INV-6222,2515.76,USD,Inventory
2750,2791,2750,2022-11-24,INV-3671,19017.9,CNY,Inventory
2751,2792,2751,2022-08-28,INV-4840,6907940.72,BDT,Inventory
2752,2793,2752,2023-03-23,INV-6100,263386.26,CNY,Inventory
2753,2794,2753,2020-01-25,INV-7584,894147.0,BDT,Opex-Marketing
2754,2795,2754,2020-08-21,INV-6757,1647200.0,BDT,Inventory
2755,2796,2755,2021-06-19,INV-6132,2385415.0,BDT,Inventory
2756,2797,2756,2023-04-18,INV-3935,5747879.1,BDT,Inventory
2757,2798,2757,2022-06-04,INV-5261,4651320.72,BDT,Inventory
2758,2799,2758,2023-08-01,INV-6043,1743376.86,BDT,Opex-Marketing
2759,2800,2759,2023-10-31,INV-0539,4065688.54,BDT,Inventory
2760,2801,2760,2021-03-19,INV-0382,677908.0,BDT,Opex-Facility
2761,2802,2761,2021-11-05,INV-9492,3892918.0,BDT,Opex-Marketing
2762,2803,2762,2023-04-19,INV-2948,6119445.88,BDT,Inventory
2763,2804,2763,2021-08-25,INV-3245,2709160.0,BDT,Inventory
2764,2805,2764,2020-10-09,INV-4086,5742435.0,BDT,Opex-Marketing
2765,2806,2765,2023-05-07,INV-8724,1701478.31,BDT,Opex-Marketing
2766,2807,2766,2023-03-16,INV-7969,1608377.99,BDT,Inventory
2767,2808,2767,2022-06-10,INV-1280,3077595.6,BDT,Inventory
2768,2809,2768,2023-03-30,INV-2443,143491.01,USD,Inventory
2769,2810,2769,2022-10-13,INV-2546,209334.33,USD,Capex-IT
2770,2811,2770,2023-12-17,INV-5366,5077574.25,BDT,Inventory
2771,2812,2771,2020-09-16,INV-5396,432300.42,USD,Inventory
2772,2813,2772,2023-12-11,INV-4845,6925677.67,BDT,Inventory
2773,2814,2773,2021-05-17,INV-0165,1852928.0,BDT,Inventory
2774,2815,2774,2022-01-22,INV-9755,4980457.89,BDT,Opex-Logistics
2775,2816,2775,2022-04-16,INV-5738,696175.55,USD,Capex-IT
2776,2817,2776,2023-07-02,INV-7135,3819788.69,BDT,Inventory
2777,2818,2777,2023-11-17,INV-0451,5030563.06,BDT,Inventory
2778,2819,2778,2022-06-13,INV-2883,5552819.53,BDT,Inventory
2779,2820,2779,2022-04-16,INV-7367,4221084.45,BDT,Inventory
2780,2821,2780,2021-05-17,INV-1068,1444016.0,BDT,Inventory
2781,2822,2781,2022-09-27,INV-1488,3976745.98,BDT,Inventory
2782,2823,2782,2023-12-26,INV-7384,6666635.13,BDT,Inventory
2783,2824,2783,2021-05-14,INV-4810,3670313.0,BDT,Inventory
2784,2825,2784,2023-01-21,INV-2301,960326.08,BDT,Opex-Facility
2785,2826,2785,2023-08-11,INV-9414,2108156.04,BDT,Inventory
2786,2827,2786,2021-10-01,INV-5197,1519015.0,BDT,Opex-Marketing
2787,2828,2787,2023-09-02,INV-8748,2185268.62,BDT,Inventory
2788,2829,2788,2021-02-13,INV-1320,7538.38,USD,Inventory
2789,2830,2789,2021-10-03,INV-2672,6366982.0,BDT,Inventory
2790,2831,2790,2021-12-13,INV-9514,38932.19,CNY,Inventory
2791,2832,2791,2022-04-17,INV-3842,337444.26,CNY,Inventory
2792,2833,2792,2023-12-05,INV-9275,2315054.9,BDT,Inventory
2793,2834,2793,2022-09-02,INV-3474,615096.61,USD,Inventory
2794,2835,2794,2020-05-05,INV-2446,471476.0,BDT,Inventory
2795,2836,2795,2023-12-20,INV-6772,4939093.24,BDT,Inventory
2796,2837,2796,2021-06-01,INV-5117,1582446.0,BDT,Inventory
2797,2838,2797,2023-09-24,INV-4787,25149.57,USD,Inventory
2798,2839,2798,2021-09-14,INV-4406,3950694.0,BDT,Inventory
2799,2840,2799,2020-09-29,INV-3406,3588045.0,BDT,Opex-Marketing
2800,2841,2800,2023-02-24,INV-8086,135854.95,BDT,Inventory
2801,2842,2801,2021-04-11,INV-9107,3750.03,CNY,Inventory
2802,2843,2802,2022-09-17,INV-4568,3542949.9,BDT,Inventory
2803,2844,2803,2022-12-25,INV-3313,4362225.81,BDT,Opex-Logistics
2804,2845,2804,2023-03-17,INV-7516,1210756.5,BDT,Inventory
2805,2846,2805,2021-01-15,INV-8906,56762.0,BDT,Inventory
2806,2847,2806,2023-04-22,INV-0957,181069.49,CNY,Capex-IT
2807,2848,2807,2021-05-31,INV-2073,3051667.0,BDT,Opex-Facility
2808,2849,2808,2023-06-19,INV-5136,5155.65,USD,Capex-IT
2809,2850,2809,2023-07-19,INV-2567,131570.82,BDT,Inventory
2810,2851,2810,2022-06-02,INV-0207,335922.65,USD,Inventory
2811,2852,2811,2023-02-17,INV-4456,513094.07,USD,Inventory
2812,2853,2812,2023-11-06,INV-1798,6134.86,USD,Inventory
2813,2854,2813,2022-07-09,INV-5064,241619.26,USD,Capex-IT
2814,2855,2814,2021-05-18,INV-7167,298701.04,USD,Capex-IT
2815,2856,2815,2022-12-21,INV-6367,372093.82,USD,Inventory
2816,2857,2816,2020-06-11,INV-9391,4184974.0,BDT,Inventory
2817,2858,2817,2022-06-12,INV-6843,453037.71,USD,Inventory
2818,2859,2818,2022-12-05,INV-6145,19028.25,USD,Inventory
2819,2860,2819,2021-09-19,INV-4458,4615683.0,BDT,Inventory
2820,2861,2820,2020-09-22,INV-3490,3527920.0,BDT,Inventory
2821,2862,2821,2022-03-07,INV-9236,629606.42,USD,Inventory
2822,2863,2822,2022-10-27,INV-3747,3053153.53,BDT,Inventory
2823,2864,2823,2023-09-25,INV-6426,332506.72,USD,Inventory
2824,2865,2824,2023-11-22,INV-9848,3495616.77,BDT,Opex-Marketing
2825,2866,2825,2023-12-06,INV-9513,3979956.64,BDT,Opex-Marketing
2826,2867,2826,2022-05-19,INV-7319,5486035.17,BDT,Opex-Marketing
2827,2868,2827,2023-07-15,INV-1762,2868348.46,BDT,Inventory
2828,2869,2828,2021-04-24,INV-7963,5619498.0,BDT,Inventory
2829,2870,2829,2022-02-27,INV-0007,5704136.13,BDT,Inventory
2830,2871,2830,2023-05-05,INV-3527,823479.05,CNY,Inventory
2831,2872,2831,2023-03-20,INV-6618,30829.95,BDT,Inventory
2832,2873,2832,2020-09-25,INV-0121,991404.0,BDT,Inventory
2833,2874,2833,2020-07-24,INV-1395,226241.35,USD,Inventory
2834,2875,2834,2023-12-30,INV-7121,3303230.46,BDT,Inventory
2835,2876,2835,2022-05-12,INV-3351,23339.62,USD,Inventory
2836,2877,2836,2023-08-16,INV-8960,2508.66,CNY,Inventory
2837,2878,2837,2023-08-29,INV-3160,4890316.87,BDT,Inventory
2838,2879,2838,2021-12-13,INV-0257,41287.78,USD,Inventory
2839,2880,2839,2020-08-23,INV-0812,340942.0,BDT,Inventory
2840,2881,2840,2022-06-03,INV-1196,724559.32,BDT,Inventory
2841,2882,2841,2023-07-30,INV-3283,910886.94,BDT,Inventory
2842,2883,2842,2023-05-05,INV-0441,5164924.14,BDT,Inventory
2843,2884,2843,2022-11-30,INV-5858,3788634.1,BDT,Inventory
2844,2885,2844,2021-12-27,INV-8782,41415.96,CNY,Inventory
2845,2886,2845,2023-03-24,INV-6744,4376965.81,BDT,Inventory
2846,2887,2846,2022-07-09,INV-5483,1723478.4,BDT,Opex-Admin
2847,2888,2847,2023-12-10,INV-0746,357177.57,CNY,Inventory
2848,2889,2848,2024-01-03,INV-3142,3180944.17,BDT,Inventory
2849,2890,2849,2022-05-16,INV-3829,2480.0,CNY,Inventory
2850,2891,2850,2022-12-19,INV-4728,19409.06,USD,Inventory
2851,2892,2851,2022-10-03,INV-9877,1858778.55,BDT,Inventory
2852,2893,2852,2021-10-09,INV-5952,28130.72,USD,Inventory
2853,2894,2853,2020-03-27,INV-8717,3254568.0,BDT,Opex-Marketing
2854,2895,2854,2023-07-19,INV-4723,952265.86,CNY,Capex-IT
2855,2896,2855,2020-11-07,INV-9992,5970.56,USD,Inventory
2856,2897,2856,2022-03-19,INV-5412,2886183.94,BDT,Inventory
2857,2898,2857,2021-11-29,INV-5073,3372735.0,BDT,Inventory
2858,2899,2858,2022-06-08,INV-8426,36440.66,USD,Inventory
2859,2900,2859,2023-09-24,INV-0195,3863578.7,BDT,Inventory
2860,2901,2860,2023-11-15,INV-9791,4611156.2,BDT,Opex-Facility
2861,2902,2861,2020-02-11,INV-6152,2681071.0,BDT,Inventory
2862,2903,2862,2023-04-19,INV-6803,13566.92,USD,Inventory
2863,2904,2863,2021-12-07,INV-8771,8537864.0,BDT,Inventory
2864,2905,2864,2023-10-26,INV-6359,2355771.53,BDT,Inventory
2865,2906,2865,2023-06-22,INV-6312,1677911.24,BDT,Inventory
2866,2907,2866,2020-06-26,INV-8723,109472.86,CNY,Capex-IT
2867,2908,2867,2022-04-12,INV-4255,5320017.8,BDT,Inventory
2868,2909,2868,2023-04-08,INV-8576,569430.94,BDT,Inventory
2869,2910,2869,2023-09-09,INV-1049,3686338.8,BDT,Inventory
2870,2911,2870,2022-06-28,INV-4794,2439843.44,BDT,Inventory
2871,2912,2871,2023-11-10,INV-2617,3125079.87,BDT,Opex-Marketing
2872,2913,2872,2022-12-02,INV-5618,3731176.75,BDT,Opex-Logistics
2873,2914,2873,2023-03-23,INV-7021,6852.26,CNY,Inventory
2874,2915,2874,2022-08-25,INV-6428,5269024.01,BDT,Inventory
2875,2916,2875,2020-10-29,INV-7664,3696956.0,BDT,Inventory
2876,2917,2876,2021-03-30,INV-6016,4991573.0,BDT,Inventory
2877,2918,2877,2023-04-13,INV-0948,6019742.71,BDT,Inventory
2878,2919,2878,2023-10-06,INV-3815,742534.04,BDT,Inventory
2879,2920,2879,2022-07-06,INV-6821,5435215.17,BDT,Inventory
2880,2921,2880,2022-04-04,INV-5302,891920.28,BDT,Inventory
2881,2922,2881,2023-03-26,INV-9064,2724743.78,BDT,Inventory
2882,2923,2882,2022-06-08,INV-8838,1570429.22,BDT,Inventory
2883,2924,2883,2023-05-17,INV-0360,657217.62,BDT,Inventory
2884,2925,2884,2023-04-24,INV-0524,43626.76,USD,Inventory
2885,2926,2885,2020-06-29,INV-2573,27545.6,USD,Inventory
2886,2927,2886,2023-08-09,INV-2050,39303.25,USD,Inventory
2887,2928,2887,2020-03-02,INV-5973,29880.0,BDT,Opex-Admin
2888,2929,2888,2020-03-13,INV-3855,3417122.0,BDT,Inventory
2889,2930,2889,2022-01-26,INV-0655,4311692.59,BDT,Inventory
2890,2931,2890,2023-03-09,INV-7919,25159.34,USD,Inventory
2891,2932,2891,2023-03-07,INV-8932,5243248.81,BDT,Inventory
2892,2933,2892,2021-06-02,INV-0602,663156.0,BDT,Opex-Admin
2893,2934,2893,2022-06-15,INV-2587,1142272.11,USD,Capex-IT
2894,2935,2894,2023-01-18,INV-1901,4998669.53,BDT,Opex-Marketing
2895,2937,2895,2022-12-20,INV-3988,66346.2,USD,Capex-IT
2896,2938,2896,2023-03-12,INV-8754,37161.3,USD,Inventory
2897,2939,2897,2023-06-11,INV-4441,5810559.56,BDT,Inventory
2898,2940,2898,2023-07-22,INV-7389,327261.99,USD,Inventory
2899,2941,2899,2021-03-18,INV-7251,2045842.0,BDT,Inventory
2900,2942,2900,2022-04-02,INV-8852,5965080.69,BDT,Opex-Marketing
2901,2943,2901,2021-11-26,INV-9180,1600030.0,BDT,Inventory
2902,2944,2902,2022-03-26,INV-3190,1382381.07,BDT,Inventory
2903,2945,2903,2021-11-03,INV-3564,1480395.0,BDT,Inventory
2904,2946,2904,2022-03-26,INV-0818,1163799.66,BDT,Inventory
2905,2947,2905,2022-01-11,INV-8572,5983505.0,BDT,Inventory
2906,2948,2906,2020-10-08,INV-0065,386759.28,USD,Capex-IT
2907,2949,2907,2022-10-18,INV-8538,328.9,USD,Inventory
2908,2950,2908,2022-11-01,INV-9835,9308414.42,BDT,Inventory
2909,2951,2909,2021-09-03,INV-7462,2790840.0,BDT,Opex-Marketing
2910,2952,2910,2022-09-26,INV-9757,3140278.64,BDT,Opex-Admin
2911,2953,2911,2021-11-29,INV-2474,3369059.0,BDT,Inventory
2912,2954,2912,2020-11-09,INV-0332,42068.07,USD,Inventory
2913,2955,2913,2022-11-14,INV-1744,529708.42,USD,Inventory
2914,2956,2914,2022-04-13,INV-4291,662093.83,CNY,Inventory
2915,2957,2915,2023-05-27,INV-5014,51970.55,USD,Inventory
2916,2958,2916,2021-12-28,INV-9766,2840185.0,BDT,Inventory
2917,2959,2917,2023-12-31,INV-3345,3291885.77,BDT,Inventory
2918,2960,2918,2023-11-11,INV-8442,4652137.81,BDT,Inventory
2919,2961,2919,2022-01-04,INV-1029,3171254.0,BDT,Opex-Admin
2920,2962,2920,2022-10-23,INV-7576,808754.91,USD,Inventory
2921,2963,2921,2023-08-10,INV-3838,3140388.68,BDT,Opex-Marketing
2922,2964,2922,2020-12-03,INV-9685,804354.0,BDT,Inventory
2923,2965,2923,2022-11-29,INV-5528,350478.24,CNY,Inventory
2924,2966,2924,2022-06-29,INV-1440,6329780.23,BDT,Opex-Logistics
2925,2967,2925,2021-11-27,INV-7798,1983063.0,BDT,Opex-Facility
2926,2968,2926,2022-06-28,INV-5906,3446954.97,BDT,Inventory
2927,2969,2927,2021-06-22,INV-6424,3285500.0,BDT,Inventory
2928,2970,2928,2021-08-03,INV-0865,244561.92,CNY,Inventory
2929,2971,2929,2023-04-09,INV-9831,466169.85,CNY,Inventory
2930,2972,2930,2022-12-13,INV-8824,586368.7,BDT,Inventory
2931,2973,2931,2023-10-17,INV-5688,6940703.92,BDT,Inventory
2932,2974,2932,2023-04-23,INV-8566,1089320.23,BDT,Inventory
2933,2975,2933,2022-04-18,INV-9206,3626516.16,BDT,Inventory
2934,2976,2934,2022-05-17,INV-1863,345518.6,USD,Inventory
2935,2977,2935,2022-05-31,INV-4305,1871900.93,BDT,Inventory
2936,2978,2936,2023-12-31,INV-1581,6234905.02,BDT,Inventory
2937,2979,2937,2022-07-07,INV-2221,2750931.43,BDT,Inventory
2938,2980,2938,2023-11-23,INV-4322,1358146.02,BDT,Inventory
2939,2981,2939,2022-04-12,INV-1208,50727.17,USD,Inventory
2940,2982,2940,2023-12-31,INV-6735,3941682.2,BDT,Opex-Marketing
2941,2983,2941,2021-12-03,INV-8599,2339660.0,BDT,Inventory
2942,2984,2942,2022-01-20,INV-4151,3836591.35,BDT,Inventory
2943,2985,2943,2020-05-07,INV-0183,3885589.0,BDT,Opex-Marketing
2944,2986,2944,2021-01-04,INV-2377,830211.64,USD,Inventory
2945,2987,2945,2021-11-13,INV-4262,6322094.0,BDT,Opex-Marketing
2946,2988,2946,2021-12-17,INV-3401,3583422.0,BDT,Inventory
2947,2989,2947,2022-02-18,INV-4945,1119135.36,BDT,Inventory
2948,2990,2948,2021-05-12,INV-6841,918722.61,CNY,Inventory
2949,2991,2949,2023-07-14,INV-1961,21040.9,USD,Inventory
2950,2992,2950,2022-03-02,INV-6713,59458.49,CNY,Inventory
2951,2993,2951,2023-11-14,INV-5429,75451.89,USD,Inventory
2952,2994,2952,2022-10-16,INV-2060,1558.55,USD,Inventory
2953,2995,2953,2021-08-14,INV-9127,1481393.0,BDT,Opex-Marketing
2954,2996,2954,2022-04-20,INV-6388,5407800.76,BDT,Inventory
2955,2997,2955,2021-08-30,INV-0199,186862.29,USD,Inventory
2956,2998,2956,2023-07-27,INV-9119,48410.66,USD,Inventory
2957,3000,2957,2023-12-23,INV-0154,7371304.44,BDT,Inventory
2958,3001,2958,2023-01-06,INV-7244,930857.95,BDT,Inventory
2959,3002,2959,2023-02-09,INV-3360,39904.33,USD,Inventory
2960,3003,2960,2021-07-21,INV-3239,3481776.0,BDT,Inventory
2961,3004,2961,2023-11-10,INV-0410,3343501.59,BDT,Inventory
2962,3005,2962,2021-01-21,INV-3441,25254.88,USD,Inventory
2963,3006,2963,2023-09-24,INV-1066,3503994.46,BDT,Inventory
2964,3007,2964,2022-02-28,INV-2377,3517553.62,BDT,Opex-Marketing
2965,3008,2965,2023-11-23,INV-7968,219601.92,USD,Inventory
2966,3009,2966,2022-10-10,INV-2218,4186685.0,BDT,Opex-Marketing
2967,3010,2967,2021-04-12,INV-2885,2348715.0,BDT,Opex-Admin
2968,3011,2968,2022-08-25,INV-7414,1695219.25,BDT,Inventory
2969,3012,2969,2022-12-06,INV-1591,34013.12,USD,Inventory
2970,3013,2970,2023-12-26,INV-1581,614078.9,BDT,Inventory
2971,3014,2971,2023-02-03,INV-2563,1237851.89,CNY,Inventory
2972,3015,2972,2023-10-01,INV-8280,715542.65,USD,Capex-IT
2973,3016,2973,2023-04-29,INV-0103,2386779.72,BDT,Inventory
2974,3017,2974,2021-03-10,INV-3627,2310720.0,BDT,Inventory
2975,3018,2975,2022-10-30,INV-4893,10238.12,USD,Capex-IT
2976,3019,2976,2023-01-28,INV-4927,207944.2,USD,Inventory
2977,3020,2977,2023-07-29,INV-0685,408328.48,USD,Inventory
2978,3021,2978,2022-02-15,INV-3135,99003.0,USD,Inventory
2979,3022,2979,2023-09-10,INV-4784,187939.61,USD,Capex-IT
2980,3023,2980,2022-10-21,INV-0098,553692.34,BDT,Opex-Marketing
2981,3024,2981,2023-02-28,INV-6934,1472135.54,BDT,Inventory
2982,3025,2982,2023-12-12,INV-8803,1818435.92,BDT,Opex-Marketing
2983,3026,2983,2022-10-05,INV-3727,3669996.17,BDT,Inventory
2984,3027,2984,2023-04-11,INV-5239,2844005.4,BDT,Inventory
2985,3029,2985,2023-08-30,INV-0272,29612.88,USD,Inventory
2986,3030,2986,2022-06-27,INV-2404,7740083.46,BDT,Inventory
2987,3031,2987,2022-12-25,INV-0281,1833727.06,BDT,Inventory
2988,3032,2988,2023-07-24,INV-8558,5244989.13,BDT,Inventory
2989,3033,2989,2022-12-12,INV-0890,1864805.76,BDT,Inventory
2990,3034,2990,2023-01-16,INV-3079,11208.96,BDT,Opex-Admin
2991,3035,2991,2023-08-17,INV-4056,47882.8,CNY,Capex-IT
2992,3036,2992,2020-07-28,INV-0726,4623531.0,BDT,Inventory
2993,3037,2993,2021-05-07,INV-8659,824892.0,BDT,Inventory
2994,3038,2994,2020-09-25,INV-1968,186883.0,BDT,Inventory
2995,3039,2995,2023-01-14,INV-8874,751396.49,USD,Capex-IT
2996,3040,2996,2022-06-20,INV-1016,5619936.19,BDT,Inventory
2997,3041,2997,2020-09-08,INV-7174,2139852.0,BDT,Inventory
2998,3042,2998,2023-09-17,INV-3311,5055629.43,BDT,Inventory
2999,3043,2999,2022-11-07,INV-9188,4984853.63,BDT,Inventory
3000,3044,3000,2023-04-22,INV-6884,14630.0,CNY,Inventory
3001,3045,3001,2022-12-28,INV-8343,5109754.65,BDT,Inventory
3002,3046,3002,2021-02-18,INV-2030,157716.0,BDT,Opex-Marketing
3003,3047,3003,2021-01-25,INV-8105,5385451.0,BDT,Opex-Facility
3004,3048,3004,2022-06-22,INV-6027,6839733.79,BDT,Inventory
3005,3049,3005,2023-11-04,INV-5618,1765726.9,BDT,Inventory
3006,3050,3006,2023-04-24,INV-9180,7189953.94,BDT,Inventory
3007,3051,3007,2023-11-02,INV-5691,1609277.66,BDT,Opex-Marketing
3008,3052,3008,2023-04-13,INV-6739,84216.43,CNY,Inventory
3009,3053,3009,2023-07-07,INV-4345,742985.64,BDT,Opex-Marketing
3010,3054,3010,2023-07-18,INV-1412,3985132.74,BDT,Inventory
3011,3055,3011,2021-04-17,INV-1656,2690795.0,BDT,Inventory
3012,3056,3012,2022-12-21,INV-4246,1196.52,CNY,Inventory
3013,3057,3013,2023-02-05,INV-7908,320049.43,CNY,Inventory
3014,3058,3014,2023-10-29,INV-0463,4249334.01,BDT,Inventory
3015,3059,3015,2021-07-30,INV-6836,3434186.0,BDT,Inventory
3016,3060,3016,2022-12-08,INV-4402,1825138.32,BDT,Inventory
3017,3061,3017,2023-07-09,INV-7693,442207.77,USD,Inventory
3018,3062,3018,2020-12-24,INV-9501,1790020.0,BDT,Inventory
3019,3063,3019,2020-03-26,INV-3237,3138308.0,BDT,Opex-Marketing
3020,3064,3020,2023-03-31,INV-1521,17046.79,USD,Inventory
3021,3065,3021,2023-02-19,INV-7905,97593.99,USD,Inventory
3022,3066,3022,2023-03-12,INV-9771,211392.64,USD,Capex-IT
3023,3067,3023,2023-01-11,INV-0670,1175127.75,BDT,Inventory
3024,3068,3024,2023-11-28,INV-1126,2381431.88,BDT,Inventory
3025,3070,3025,2021-10-07,INV-2339,44923.2,USD,Capex-IT
3026,3071,3026,2022-01-29,INV-0690,2085253.71,BDT,Inventory
3027,3072,3027,2023-11-09,INV-8252,1079306.08,USD,Inventory
3028,3073,3028,2022-10-07,INV-0717,1423416.56,BDT,Inventory
3029,3074,3029,2021-09-03,INV-0743,4698554.0,BDT,Opex-Marketing
3030,3075,3030,2021-01-24,INV-8398,11343.21,CNY,Capex-IT
3031,3076,3031,2020-05-16,INV-2858,3991885.0,BDT,Opex-Facility
3032,3077,3032,2023-10-05,INV-0314,1213548.08,USD,Capex-IT
3033,3078,3033,2023-06-10,INV-0769,7154656.85,BDT,Inventory
3034,3079,3034,2021-11-26,INV-8864,2122712.0,BDT,Inventory
3035,3080,3035,2022-02-11,INV-0237,2577157.34,BDT,Inventory
3036,3081,3036,2023-01-28,INV-8948,95528.37,CNY,Inventory
3037,3082,3037,2022-07-28,INV-0948,5780385.38,BDT,Inventory
3038,3083,3038,2021-05-27,INV-0656,8378140.0,BDT,Inventory
3039,3084,3039,2023-05-05,INV-1726,3529719.13,BDT,Opex-Facility
3040,3085,3040,2022-09-05,INV-0600,965994.72,BDT,Inventory
3041,3086,3041,2022-07-12,INV-3136,1221135.74,BDT,Opex-Admin
3042,3087,3042,2023-07-27,INV-0877,4802284.5,BDT,Inventory
3043,3088,3043,2023-12-20,INV-8586,445535.37,USD,Capex-IT
3044,3089,3044,2023-08-31,INV-4426,145081.76,CNY,Inventory
3045,3090,3045,2023-07-11,INV-5312,1156673.28,BDT,Inventory
3046,3091,3046,2023-06-21,INV-2128,6829194.24,BDT,Inventory
3047,3092,3047,2022-05-29,INV-7170,2696192.7,BDT,Opex-Marketing
3048,3093,3048,2022-11-23,INV-9383,48696.1,USD,Inventory
3049,3094,3049,2023-12-12,INV-0532,315353.82,BDT,Inventory
3050,3096,3050,2023-05-12,INV-3727,1168802.35,BDT,Opex-Facility
3051,3097,3051,2023-06-08,INV-3975,2596039.58,BDT,Inventory
3052,3098,3052,2023-07-07,INV-3515,4869358.64,BDT,Inventory
3053,3099,3053,2020-10-02,INV-5504,2087632.0,BDT,Inventory
3054,3100,3054,2023-05-12,INV-3901,3508819.56,BDT,Inventory
3055,3101,3055,2022-06-19,INV-2714,77650.82,USD,Inventory
3056,3102,3056,2023-11-28,INV-8192,3053457.19,BDT,Opex-Marketing
3057,3103,3057,2022-12-28,INV-5645,52656.03,USD,Inventory
3058,3104,3058,2022-10-19,INV-9842,406489.85,CNY,Capex-IT
3059,3105,3059,2023-01-30,INV-4497,5819913.79,BDT,Inventory
3060,3106,3060,2023-09-23,INV-6395,2810913.41,BDT,Inventory
3061,3107,3061,2021-01-18,INV-0498,4258918.0,BDT,Inventory
3062,3108,3062,2022-12-26,INV-5623,3455669.16,BDT,Opex-Facility
3063,3109,3063,2023-04-17,INV-4971,735877.34,USD,Inventory
3064,3110,3064,2021-10-16,INV-1016,638085.0,BDT,Opex-Marketing
3065,3111,3065,2022-06-15,INV-4680,2648451.54,BDT,Inventory
3066,3112,3066,2023-05-15,INV-7167,5948037.45,BDT,Inventory
3067,3113,3067,2023-11-09,INV-0401,3334950.87,BDT,Inventory
3068,3114,3068,2021-11-20,INV-4821,133721.51,USD,Inventory
3069,3115,3069,2022-10-17,INV-7249,3178197.18,BDT,Inventory
3070,3116,3070,2023-05-31,INV-5724,3923117.03,BDT,Inventory
3071,3117,3071,2023-10-23,INV-3591,5564.94,USD,Inventory
3072,3118,3072,2022-09-19,INV-5947,4288949.48,BDT,Opex-Marketing
3073,3119,3073,2020-06-20,INV-5810,245257.72,CNY,Capex-IT
3074,3120,3074,2023-04-09,INV-9082,663627.86,USD,Capex-IT
3075,3121,3075,2021-01-20,INV-1444,196718.0,BDT,Inventory
3076,3122,3076,2023-01-28,INV-0176,2285245.6,BDT,Inventory
3077,3123,3077,2021-07-11,INV-9537,3414996.0,BDT,Opex-Facility
3078,3124,3078,2023-07-18,INV-1051,1805833.8,BDT,Opex-Facility
3079,3125,3079,2023-12-21,INV-7366,23851.78,USD,Inventory
3080,3126,3080,2023-03-26,INV-7116,5257030.95,BDT,Inventory
3081,3127,3081,2020-11-23,INV-3185,248472.0,BDT,Inventory
3082,3128,3082,2023-05-14,INV-2734,4735447.97,BDT,Inventory
3083,3129,3083,2020-12-15,INV-2030,3735642.0,BDT,Inventory
3084,3130,3084,2022-01-12,INV-4753,4658603.6,BDT,Inventory
3085,3131,3085,2023-01-28,INV-4971,3923569.59,BDT,Inventory
3086,3132,3086,2022-08-09,INV-9814,5175846.17,BDT,Inventory
3087,3133,3087,2022-01-16,INV-0608,2361172.0,BDT,Inventory
3088,3134,3088,2023-06-24,INV-8053,23132.93,CNY,Inventory
3089,3135,3089,2022-03-10,INV-9896,688477.54,CNY,Inventory
3090,3136,3090,2021-10-30,INV-1838,47487.0,BDT,Inventory
3091,3137,3091,2023-10-24,INV-1531,5842688.71,BDT,Inventory
3092,3138,3092,2022-09-18,INV-5159,77187.57,USD,Inventory
3093,3139,3093,2022-11-25,INV-8582,270387.93,USD,Inventory
3094,3140,3094,2022-12-09,INV-4139,4941167.23,BDT,Inventory
3095,3141,3095,2021-07-20,INV-0996,715225.0,BDT,Inventory
3096,3142,3096,2023-11-28,INV-4282,3739889.0,BDT,Inventory
3097,3143,3097,2022-04-24,INV-2842,1038532.06,USD,Capex-IT
3098,3144,3098,2023-03-25,INV-1123,13733.59,USD,Inventory
3099,3145,3099,2022-01-13,INV-9665,28800.52,USD,Inventory
3100,3146,3100,2022-01-04,INV-0244,718079.42,CNY,Inventory
3101,3147,3101,2021-09-30,INV-9114,8300.15,USD,Inventory
3102,3148,3102,2022-08-29,INV-7309,3769315.76,BDT,Opex-Marketing
3103,3149,3103,2021-07-07,INV-7402,30495.18,USD,Inventory
3104,3150,3104,2022-12-02,INV-2863,252968.77,USD,Inventory
3105,3151,3105,2023-11-01,INV-7121,9595912.88,BDT,Inventory
3106,3152,3106,2021-12-14,INV-7944,2991584.0,BDT,Inventory
3107,3153,3107,2022-06-27,INV-5649,892045.58,CNY,Inventory
3108,3154,3108,2023-02-16,INV-9869,4393517.35,BDT,Opex-Facility
3109,3155,3109,2022-05-19,INV-7151,134388.42,CNY,Inventory
3110,3156,3110,2022-10-13,INV-6242,2803151.2,BDT,Inventory
3111,3157,3111,2021-09-06,INV-1174,82695.86,USD,Inventory
3112,3158,3112,2022-02-21,INV-7647,1103821.22,BDT,Inventory
3113,3159,3113,2022-01-01,INV-1950,103942.17,USD,Inventory
3114,3160,3114,2021-04-23,INV-7093,20393.96,USD,Inventory
3115,3161,3115,2022-08-01,INV-3614,2347928.02,BDT,Inventory
3116,3162,3116,2022-06-26,INV-4939,482322.75,CNY,Inventory
3117,3163,3117,2022-05-28,INV-7738,2087044.99,BDT,Inventory
3118,3164,3118,2023-02-08,INV-8205,5244533.64,BDT,Inventory
3119,3165,3119,2023-06-29,INV-5481,1144021.88,BDT,Inventory
3120,3166,3120,2020-08-26,INV-0679,2404859.0,BDT,Inventory
3121,3167,3121,2023-09-29,INV-5575,4023177.43,BDT,Inventory
3122,3168,3122,2022-05-20,INV-1358,275681.55,BDT,Inventory
3123,3169,3123,2022-07-02,INV-5057,2501075.95,BDT,Opex-Marketing
3124,3170,3124,2021-01-28,INV-1887,4289004.0,BDT,Inventory
3125,3171,3125,2022-06-04,INV-1992,17993.9,USD,Inventory
3126,3172,3126,2023-01-16,INV-2539,2196338.98,BDT,Inventory
3127,3173,3127,2022-06-11,INV-0789,4468729.12,BDT,Inventory
3128,3174,3128,2023-03-19,INV-5597,28795.84,USD,Inventory
3129,3175,3129,2023-04-21,INV-1822,2798287.1,BDT,Opex-Logistics
3130,3176,3130,2021-03-20,INV-4820,4687506.0,BDT,Inventory
3131,3177,3131,2021-02-09,INV-9443,266770.0,BDT,Inventory
3132,3178,3132,2023-06-13,INV-1034,717175.44,BDT,Opex-Marketing
3133,3179,3133,2023-07-15,INV-5953,1489145.61,BDT,Inventory
3134,3180,3134,2023-11-15,INV-8876,2359175.88,BDT,Inventory
3135,3181,3135,2022-06-19,INV-4329,2916423.84,BDT,Inventory
3136,3182,3136,2021-04-09,INV-3889,3678559.0,BDT,Inventory
3137,3183,3137,2023-08-12,INV-0802,152860.14,USD,Capex-IT
3138,3184,3138,2021-10-30,INV-1850,812492.54,USD,Capex-IT
3139,3185,3139,2023-08-22,INV-4432,1302719.52,BDT,Inventory
3140,3186,3140,2021-07-13,INV-7641,2224044.0,BDT,Inventory
3141,3187,3141,2023-11-17,INV-6066,6206467.58,BDT,Opex-Marketing
3142,3188,3142,2021-01-08,INV-2079,888103.2,USD,Capex-IT
3143,3189,3143,2023-09-05,INV-1761,3258111.5,BDT,Inventory
3144,3190,3144,2023-07-05,INV-3489,1529893.77,BDT,Inventory
3145,3191,3145,2023-02-06,INV-7370,2570939.7,BDT,Inventory
3146,3192,3146,2022-05-25,INV-6267,14912.55,USD,Capex-IT
3147,3193,3147,2022-11-30,INV-2018,191794.12,CNY,Capex-IT
3148,3194,3148,2023-11-09,INV-8854,5445107.95,BDT,Inventory
3149,3195,3149,2022-10-23,INV-4260,1958926.54,BDT,Inventory
3150,3196,3150,2023-03-30,INV-7708,2236911.07,BDT,Inventory
3151,3197,3151,2022-08-27,INV-8555,117593.8,USD,Capex-IT
3152,3198,3152,2022-05-27,INV-7386,600322.2,USD,Capex-IT
3153,3199,3153,2023-04-22,INV-8779,327200.82,BDT,Opex-Facility
3154,3200,3154,2023-11-18,INV-0104,35832.82,CNY,Inventory
3155,3201,3155,2022-02-23,INV-3654,7104.61,USD,Capex-IT
3156,3202,3156,2020-05-03,INV-4458,2675614.0,BDT,Inventory
3157,3203,3157,2021-08-18,INV-0954,598920.26,CNY,Capex-IT
3158,3204,3158,2021-06-24,INV-2220,2820531.0,BDT,Inventory
3159,3205,3159,2023-12-17,INV-8312,112273.02,CNY,Inventory
3160,3206,3160,2023-03-12,INV-3812,3901166.92,BDT,Opex-Facility
3161,3207,3161,2023-12-25,INV-9663,30070.38,USD,Inventory
3162,3208,3162,2022-11-16,INV-0714,5429307.33,BDT,Opex-Marketing
3163,3209,3163,2022-08-03,INV-9764,2506110.82,BDT,Inventory
3164,3210,3164,2023-06-29,INV-6847,118188.66,USD,Inventory
3165,3211,3165,2023-09-27,INV-0988,430674.51,USD,Inventory
3166,3212,3166,2021-09-03,INV-0229,339779.0,BDT,Inventory
3167,3213,3167,2023-05-14,INV-2387,1245574.91,BDT,Opex-Marketing
3168,3214,3168,2021-09-22,INV-5521,1498968.0,BDT,Inventory
3169,3215,3169,2021-11-05,INV-3191,1079894.0,BDT,Inventory
3170,3216,3170,2021-10-29,INV-9957,949158.59,USD,Capex-IT
3171,3217,3171,2023-12-01,INV-1822,296313.75,BDT,Inventory
3172,3218,3172,2022-07-21,INV-4569,2339899.86,BDT,Inventory
3173,3219,3173,2021-08-08,INV-2962,1448024.0,BDT,Inventory
3174,3221,3174,2022-11-19,INV-3681,2677653.93,BDT,Opex-Facility
3175,3222,3175,2021-09-24,INV-7374,1298086.0,BDT,Inventory
3176,3223,3176,2021-01-18,INV-7894,9413.3,USD,Inventory
3177,3224,3177,2022-06-14,INV-2234,1755827.24,BDT,Inventory
3178,3225,3178,2023-02-12,INV-0771,85454.65,CNY,Inventory
3179,3226,3179,2022-10-19,INV-4276,871650.38,BDT,Inventory
3180,3227,3180,2023-08-03,INV-0452,1189847.64,BDT,Inventory
3181,3228,3181,2023-02-13,INV-2285,26376.48,CNY,Inventory
3182,3229,3182,2023-01-17,INV-2386,162874.84,USD,Capex-IT
3183,3230,3183,2021-12-01,INV-2212,394772.02,USD,Inventory
3184,3231,3184,2022-11-15,INV-4238,3377415.36,BDT,Opex-Admin
3185,3232,3185,2023-06-28,INV-5244,2098298.26,BDT,Opex-Marketing
3186,3233,3186,2022-03-09,INV-9723,5243.61,CNY,Capex-IT
3187,3234,3187,2023-11-23,INV-5010,2745139.28,BDT,Opex-Marketing
3188,3235,3188,2023-12-29,INV-4070,968757.25,BDT,Inventory
3189,3236,3189,2023-11-13,INV-5231,188481.54,USD,Capex-IT
3190,3237,3190,2021-07-11,INV-1600,1515318.0,BDT,Inventory
3191,3238,3191,2023-04-30,INV-8887,1468752.99,BDT,Inventory
3192,3239,3192,2023-08-22,INV-6820,6968093.88,BDT,Opex-Marketing
3193,3240,3193,2022-12-09,INV-4184,1947156.35,BDT,Opex-Marketing
3194,3241,3194,2023-02-13,INV-0936,4004538.0,BDT,Opex-Logistics
3195,3242,3195,2022-04-17,INV-0464,280986.42,BDT,Inventory
3196,3243,3196,2021-02-16,INV-0166,1841483.0,BDT,Inventory
3197,3244,3197,2023-11-12,INV-7421,92036.0,USD,Capex-IT
3198,3245,3198,2020-07-14,INV-1784,4420427.0,BDT,Opex-Admin
3199,3246,3199,2021-05-18,INV-2510,1619171.0,BDT,Inventory
3200,3247,3200,2022-12-22,INV-6290,6856701.95,BDT,Opex-Facility
3201,3248,3201,2021-03-19,INV-8120,44179.38,USD,Inventory
3202,3249,3202,2021-11-30,INV-5146,3582797.0,BDT,Opex-Admin
3203,3250,3203,2023-04-13,INV-3950,2677380.42,BDT,Inventory
3204,3251,3204,2020-07-18,INV-2293,1675204.0,BDT,Inventory
3205,3252,3205,2023-03-19,INV-0766,2043727.28,BDT,Opex-Marketing
3206,3253,3206,2020-11-03,INV-6768,3771.3,USD,Inventory
3207,3254,3207,2024-01-04,INV-7924,3916184.85,BDT,Inventory
3208,3255,3208,2022-07-15,INV-0508,3247576.74,BDT,Inventory
3209,3256,3209,2022-01-21,INV-3727,1051573.0,BDT,Inventory
3210,3257,3210,2023-03-26,INV-2260,138343.79,USD,Inventory
3211,3258,3211,2023-12-12,INV-0093,357412.46,USD,Inventory
3212,3259,3212,2023-06-06,INV-3501,3718898.64,BDT,Inventory
3213,3260,3213,2022-10-22,INV-4037,6678130.61,BDT,Inventory
3214,3261,3214,2023-06-16,INV-4600,3706507.88,BDT,Inventory
3215,3262,3215,2022-09-02,INV-5785,3504439.43,BDT,Inventory
3216,3263,3216,2022-12-03,INV-2877,3138805.9,BDT,Opex-Facility
3217,3264,3217,2022-01-16,INV-6660,615941.22,CNY,Inventory
3218,3265,3218,2023-01-07,INV-9831,252194.98,CNY,Inventory
3219,3266,3219,2023-11-05,INV-9075,29600.49,USD,Inventory
3220,3267,3220,2023-12-24,INV-8379,43987.72,USD,Inventory
3221,3268,3221,2023-08-13,INV-6521,4012689.48,BDT,Inventory
3222,3269,3222,2023-10-05,INV-6898,9101925.18,BDT,Inventory
3223,3270,3223,2021-04-27,INV-3841,3926136.0,BDT,Inventory
3224,3271,3224,2022-07-16,INV-2808,488081.74,USD,Inventory
3225,3272,3225,2021-04-07,INV-0405,4096430.0,BDT,Inventory
3226,3273,3226,2023-04-19,INV-4625,775610.4,BDT,Inventory
3227,3274,3227,2022-11-13,INV-1983,8458260.5,BDT,Inventory
3228,3275,3228,2021-11-16,INV-1870,968966.6,USD,Capex-IT
3229,3276,3229,2023-12-08,INV-8676,11423.54,USD,Inventory
3230,3277,3230,2022-12-21,INV-7371,1122803.89,BDT,Opex-Facility
3231,3278,3231,2023-11-03,INV-6306,1750486.07,BDT,Opex-Marketing
3232,3279,3232,2020-10-16,INV-6795,930.7,CNY,Inventory
3233,3280,3233,2021-04-09,INV-0335,1837.5,USD,Inventory
3234,3281,3234,2020-08-29,INV-4042,2325460.0,BDT,Inventory
3235,3282,3235,2023-07-21,INV-4211,2094772.15,BDT,Inventory
3236,3283,3236,2023-06-02,INV-0709,2376638.08,BDT,Inventory
3237,3284,3237,2023-03-21,INV-5241,1104134.31,BDT,Inventory
3238,3285,3238,2023-04-18,INV-1564,32060.16,CNY,Capex-IT
3239,3286,3239,2023-07-21,INV-8823,369382.73,CNY,Inventory
3240,3287,3240,2022-01-02,INV-5805,717906.0,BDT,Inventory
3241,3288,3241,2021-03-06,INV-0664,348080.2,USD,Inventory
3242,3289,3242,2022-12-20,INV-4219,1190104.64,BDT,Opex-Facility
3243,3290,3243,2020-10-16,INV-1764,5029654.0,BDT,Inventory
3244,3291,3244,2022-02-24,INV-9851,393936.84,CNY,Capex-IT
3245,3292,3245,2023-03-03,INV-4711,490034.4,CNY,Capex-IT
3246,3293,3246,2023-06-03,INV-6568,1615367.37,BDT,Opex-Admin
3247,3294,3247,2022-03-26,INV-1515,51388.28,BDT,Inventory
3248,3295,3248,2022-05-04,INV-3303,1553963.64,BDT,Inventory
3249,3296,3249,2022-11-04,INV-8061,6661577.87,BDT,Inventory
3250,3297,3250,2023-01-14,INV-3424,3084048.85,BDT,Inventory
3251,3298,3251,2023-12-13,INV-2376,2789335.52,BDT,Inventory
3252,3299,3252,2022-05-24,INV-5012,65314.41,USD,Inventory
3253,3300,3253,2023-10-28,INV-2153,9061.3,USD,Capex-IT
3254,3301,3254,2023-10-10,INV-3291,6980247.21,BDT,Inventory
3255,3302,3255,2021-03-12,INV-8981,486927.0,BDT,Opex-Facility
3256,3303,3256,2023-05-16,INV-8333,2227927.61,BDT,Inventory
3257,3304,3257,2021-11-27,INV-3494,296286.0,BDT,Inventory
3258,3305,3258,2023-02-10,INV-2439,29471.62,USD,Inventory
3259,3306,3259,2023-01-28,INV-6713,33240.11,CNY,Inventory
3260,3307,3260,2022-08-26,INV-6296,29665.11,USD,Inventory
3261,3308,3261,2022-06-18,INV-8024,2787131.36,BDT,Inventory
3262,3309,3262,2023-10-11,INV-6528,2080000.01,BDT,Inventory
3263,3310,3263,2022-06-23,INV-1209,455019.21,CNY,Capex-IT
3264,3312,3264,2023-12-19,INV-6622,3329383.05,BDT,Opex-Marketing
3265,3313,3265,2023-10-14,INV-6315,655.72,CNY,Inventory
3266,3314,3266,2023-10-02,INV-9581,3432241.72,BDT,Inventory
3267,3315,3267,2023-08-13,INV-9684,7065459.18,BDT,Inventory
3268,3316,3268,2022-12-27,INV-3711,2881809.39,BDT,Opex-Marketing
3269,3317,3269,2023-02-03,INV-4049,184271.72,CNY,Inventory
3270,3318,3270,2023-02-16,INV-3321,40004.35,CNY,Inventory
3271,3319,3271,2020-07-01,INV-4821,2567116.0,BDT,Inventory
3272,3320,3272,2023-06-27,INV-5139,7817191.41,BDT,Inventory
3273,3321,3273,2023-01-16,INV-1588,2299167.41,BDT,Opex-Admin
3274,3322,3274,2023-04-02,INV-5446,455857.12,BDT,Opex-Marketing
3275,3323,3275,2021-07-07,INV-5919,5652588.0,BDT,Inventory
3276,3324,3276,2023-08-05,INV-6308,8819401.35,BDT,Opex-Marketing
3277,3325,3277,2021-12-06,INV-9261,73317.31,USD,Inventory
3278,3326,3278,2023-12-20,INV-5661,4932636.04,BDT,Inventory
3279,3327,3279,2021-04-02,INV-7424,382785.0,BDT,Inventory
3280,3328,3280,2021-09-02,INV-3752,4577207.0,BDT,Inventory
3281,3329,3281,2022-05-26,INV-9531,732001.14,USD,Inventory
3282,3330,3282,2022-07-17,INV-2845,1956438.08,BDT,Inventory
3283,3331,3283,2021-11-01,INV-7909,246987.0,BDT,Opex-Marketing
3284,3332,3284,2023-05-11,INV-9007,1424874.98,BDT,Inventory
3285,3333,3285,2021-02-28,INV-3171,3846573.0,BDT,Inventory
3286,3334,3286,2021-04-29,INV-7196,2378144.0,BDT,Inventory
3287,3335,3287,2020-09-16,INV-3431,3968063.0,BDT,Inventory
3288,3336,3288,2023-03-13,INV-6407,4617161.19,BDT,Opex-Logistics
3289,3337,3289,2023-07-21,INV-7424,1676697.28,BDT,Opex-Marketing
3290,3338,3290,2022-12-31,INV-4580,7431852.97,BDT,Opex-Facility
3291,3340,3291,2023-10-03,INV-9118,595807.87,USD,Capex-IT
3292,3341,3292,2023-04-03,INV-3101,3476489.47,BDT,Inventory
3293,3342,3293,2023-03-04,INV-9108,2628294.3,BDT,Inventory
3294,3343,3294,2023-08-18,INV-8846,116538.67,CNY,Capex-IT
3295,3345,3295,2022-09-12,INV-9658,3956171.2,BDT,Inventory
3296,3346,3296,2023-09-01,INV-7193,2488146.08,BDT,Inventory
3297,3347,3297,2023-02-01,INV-1839,931.43,CNY,Inventory
3298,3348,3298,2023-04-27,INV-6499,1388651.02,BDT,Inventory
3299,3349,3299,2020-09-09,INV-2842,528728.0,BDT,Inventory
3300,3350,3300,2022-07-14,INV-2072,5043958.53,BDT,Inventory
3301,3351,3301,2021-07-20,INV-6137,4497703.0,BDT,Opex-Facility
3302,3352,3302,2023-12-18,INV-4497,6004435.64,BDT,Inventory
3303,3353,3303,2023-09-26,INV-8124,3714135.68,BDT,Inventory
3304,3355,3304,2023-02-04,INV-6517,3680145.56,BDT,Inventory
3305,3356,3305,2023-08-10,INV-2578,220083.1,CNY,Inventory
3306,3357,3306,2022-02-25,INV-4163,3300913.51,BDT,Opex-Marketing
3307,3358,3307,2022-08-21,INV-6260,593020.8,BDT,Inventory
3308,3359,3308,2020-07-26,INV-0463,2712904.0,BDT,Opex-Marketing
3309,3360,3309,2021-12-22,INV-3231,2925200.0,BDT,Opex-Facility
3310,3361,3310,2022-07-18,INV-8118,2484371.08,BDT,Inventory
3311,3362,3311,2021-07-16,INV-5055,893991.0,BDT,Inventory
3312,3363,3312,2021-06-16,INV-8478,13758.11,USD,Inventory
3313,3364,3313,2022-09-20,INV-8705,976163.6,BDT,Inventory
3314,3365,3314,2020-05-24,INV-4878,2644978.0,BDT,Inventory
3315,3366,3315,2020-09-14,INV-6306,2590956.0,BDT,Opex-Marketing
3316,3367,3316,2022-01-21,INV-1275,3321.6,CNY,Inventory
3317,3368,3317,2022-08-20,INV-6210,207995.31,USD,Inventory
3318,3369,3318,2022-09-12,INV-0671,927603.58,BDT,Inventory
3319,3370,3319,2023-03-16,INV-0195,922499.76,BDT,Inventory
3320,3371,3320,2021-07-25,INV-1233,3111888.0,BDT,Inventory
3321,3372,3321,2023-03-17,INV-5234,2359646.49,BDT,Inventory
3322,3373,3322,2022-05-01,INV-3695,2463565.76,BDT,Inventory
3323,3374,3323,2023-07-15,INV-5701,339624.83,USD,Inventory
3324,3375,3324,2023-07-18,INV-5898,5643945.14,BDT,Inventory
3325,3376,3325,2022-12-08,INV-5041,46627.91,USD,Inventory
3326,3377,3326,2021-05-19,INV-1763,2202035.0,BDT,Inventory
3327,3378,3327,2021-04-15,INV-1544,2819082.0,BDT,Inventory
3328,3379,3328,2022-11-30,INV-2820,1611616.29,BDT,Inventory
3329,3380,3329,2020-08-21,INV-0927,942953.78,USD,Inventory
3330,3381,3330,2022-01-10,INV-1454,4516783.0,BDT,Inventory
3331,3382,3331,2022-03-18,INV-2837,6190371.66,BDT,Inventory
3332,3383,3332,2021-06-12,INV-0218,3862758.0,BDT,Inventory
3333,3384,3333,2023-11-09,INV-7350,3963941.07,BDT,Inventory
3334,3385,3334,2023-01-07,INV-3221,4161330.22,BDT,Inventory
3335,3386,3335,2023-07-24,INV-5329,6057805.25,BDT,Opex-Facility
3336,3387,3336,2022-07-06,INV-3413,525717.18,BDT,Inventory
3337,3388,3337,2021-12-09,INV-5268,3565729.0,BDT,Inventory
3338,3389,3338,2020-11-21,INV-0895,104804.0,BDT,Inventory
3339,3390,3339,2021-06-05,INV-3273,1704761.0,BDT,Opex-Facility
3340,3391,3340,2022-05-28,INV-4014,35315.18,CNY,Inventory
3341,3392,3341,2021-05-25,INV-7954,69574.1,USD,Inventory
3342,3393,3342,2023-11-08,INV-1438,33613.35,BDT,Inventory
3343,3394,3343,2022-12-25,INV-7273,1102823.91,BDT,Opex-Marketing
3344,3395,3344,2021-10-25,INV-9464,3016396.0,BDT,Inventory
3345,3396,3345,2023-08-06,INV-5014,606054.24,USD,Inventory
3346,3397,3346,2022-09-12,INV-4247,53282.71,USD,Inventory
3347,3398,3347,2023-12-20,INV-6541,1655786.06,BDT,Opex-Facility
3348,3399,3348,2022-07-02,INV-3403,576633.47,CNY,Capex-IT
3349,3400,3349,2020-09-25,INV-8115,1439176.0,BDT,Inventory
3350,3401,3350,2022-05-23,INV-0860,1567742.22,BDT,Inventory
3351,3402,3351,2022-08-19,INV-2887,2810945.06,BDT,Opex-Facility
3352,3403,3352,2020-04-05,INV-9829,1111663.0,BDT,Inventory
3353,3404,3353,2021-08-12,INV-1527,335895.32,USD,Inventory
3354,3405,3354,2020-03-19,INV-4244,18744.48,USD,Inventory
3355,3406,3355,2021-05-19,INV-2776,14054.04,CNY,Inventory
3356,3407,3356,2021-04-22,INV-3446,5057836.0,BDT,Inventory
3357,3408,3357,2021-01-30,INV-1094,5523.0,USD,Inventory
3358,3409,3358,2023-09-30,INV-2878,4986555.59,BDT,Inventory
3359,3410,3359,2023-02-04,INV-1924,868533.08,BDT,Inventory
3360,3411,3360,2021-07-11,INV-5157,1654657.0,BDT,Inventory
3361,3412,3361,2022-08-03,INV-2275,17352.97,USD,Inventory
3362,3413,3362,2020-03-27,INV-0593,14393.46,USD,Inventory
3363,3414,3363,2022-11-09,INV-2269,1844728.26,BDT,Inventory
3364,3415,3364,2023-08-14,INV-9592,13340.33,USD,Inventory
3365,3416,3365,2023-03-31,INV-0808,4032393.06,BDT,Inventory
3366,3417,3366,2023-05-20,INV-1530,2705303.19,BDT,Inventory
3367,3418,3367,2023-11-08,INV-2270,69414.43,USD,Inventory
3368,3419,3368,2022-12-17,INV-6716,159263.47,USD,Inventory
3369,3420,3369,2022-05-29,INV-4558,5212123.09,BDT,Opex-Marketing
3370,3421,3370,2020-03-04,INV-3283,821257.13,CNY,Inventory
3371,3422,3371,2021-11-09,INV-7326,25187.38,CNY,Inventory
3372,3423,3372,2023-06-01,INV-7771,556877.95,USD,Inventory
3373,3424,3373,2023-03-12,INV-7927,2094289.07,BDT,Opex-Logistics
3374,3425,3374,2021-09-22,INV-1365,260785.55,CNY,Capex-IT
3375,3426,3375,2022-11-02,INV-6009,5678849.51,BDT,Inventory
3376,3427,3376,2022-03-30,INV-8718,3208770.03,BDT,Inventory
3377,3428,3377,2021-09-29,INV-5542,112286.88,USD,Inventory
3378,3429,3378,2023-11-19,INV-3265,3515559.68,BDT,Inventory
3379,3430,3379,2022-09-24,INV-3669,1950191.72,BDT,Inventory
3380,3431,3380,2022-06-02,INV-7192,208583.34,USD,Inventory
3381,3432,3381,2021-09-19,INV-2479,5503081.0,BDT,Inventory
3382,3433,3382,2020-12-18,INV-2312,2273793.0,BDT,Inventory
3383,3434,3383,2023-02-17,INV-6230,6891430.2,BDT,Opex-Facility
3384,3435,3384,2023-07-27,INV-1952,323588.77,BDT,Inventory
3385,3436,3385,2020-07-06,INV-0515,580929.0,BDT,Inventory
3386,3437,3386,2023-08-11,INV-8707,405957.67,BDT,Inventory
3387,3438,3387,2023-12-31,INV-3210,1668188.01,BDT,Opex-Marketing
3388,3439,3388,2021-11-18,INV-3828,103089.42,USD,Inventory
3389,3440,3389,2022-05-13,INV-9079,32322.36,USD,Inventory
3390,3441,3390,2023-03-28,INV-1451,3666132.16,BDT,Inventory
3391,3442,3391,2020-05-29,INV-7497,169920.0,BDT,Inventory
3392,3443,3392,2023-03-21,INV-8381,3394592.57,BDT,Inventory
3393,3444,3393,2023-10-18,INV-8581,2156948.73,BDT,Opex-Marketing
3394,3445,3394,2022-07-08,INV-0788,3800.3,USD,Inventory
3395,3446,3395,2022-04-26,INV-1772,1217362.94,BDT,Inventory
3396,3447,3396,2022-05-04,INV-5487,10386.82,CNY,Inventory
3397,3448,3397,2022-10-20,INV-8717,2745413.35,BDT,Inventory
3398,3449,3398,2020-11-05,INV-5469,4136669.0,BDT,Opex-Marketing
3399,3450,3399,2023-04-02,INV-9214,729.39,CNY,Inventory
3400,3451,3400,2023-09-28,INV-1795,2100652.86,BDT,Inventory
3401,3452,3401,2022-04-02,INV-2408,2250165.14,BDT,Inventory
3402,3453,3402,2021-11-11,INV-4181,4980302.0,BDT,Inventory
3403,3454,3403,2023-01-13,INV-1051,60142.44,BDT,Opex-Marketing
3404,3455,3404,2022-09-26,INV-9841,1980007.48,BDT,Inventory
3405,3456,3405,2023-02-27,INV-1775,3507484.86,BDT,Opex-Facility
3406,3457,3406,2023-05-10,INV-6598,2617707.31,BDT,Opex-Admin
3407,3458,3407,2023-11-15,INV-2807,3722294.39,BDT,Inventory
3408,3459,3408,2020-07-30,INV-4923,12205.29,USD,Inventory
3409,3460,3409,2023-07-30,INV-1484,71192.72,USD,Inventory
3410,3461,3410,2022-05-17,INV-3194,2864245.92,BDT,Opex-Marketing
3411,3462,3411,2020-08-04,INV-9621,190268.36,CNY,Capex-IT
3412,3463,3412,2021-08-15,INV-3799,354751.57,USD,Inventory
3413,3464,3413,2023-06-11,INV-9512,2156230.35,BDT,Inventory
3414,3465,3414,2023-09-19,INV-9067,568058.14,USD,Inventory
3415,3466,3415,2021-02-25,INV-3643,384273.16,CNY,Inventory
3416,3467,3416,2021-09-26,INV-3601,4567204.0,BDT,Inventory
3417,3468,3417,2022-03-23,INV-6481,2694148.42,BDT,Inventory
3418,3469,3418,2022-04-08,INV-7707,7543.66,USD,Inventory
3419,3470,3419,2021-12-07,INV-8306,323792.0,BDT,Opex-Facility
3420,3471,3420,2023-03-27,INV-9864,4838070.3,BDT,Inventory
3421,3472,3421,2022-02-15,INV-3342,1018197.66,BDT,Inventory
3422,3473,3422,2022-09-23,INV-4372,114959.13,USD,Capex-IT
3423,3474,3423,2022-12-17,INV-7720,61182.84,USD,Inventory
3424,3475,3424,2020-07-22,INV-3601,4108479.0,BDT,Opex-Facility
3425,3476,3425,2021-01-21,INV-9138,44091.88,USD,Inventory
3426,3477,3426,2023-07-29,INV-0626,1948068.85,BDT,Inventory
3427,3478,3427,2023-05-19,INV-6442,1664811.2,BDT,Inventory
3428,3479,3428,2022-08-05,INV-2419,852197.78,BDT,Opex-Facility
3429,3480,3429,2020-12-06,INV-8218,13278.54,USD,Inventory
3430,3481,3430,2022-07-09,INV-3070,6032080.16,BDT,Inventory
3431,3482,3431,2023-03-31,INV-4299,20701.23,USD,Inventory
3432,3483,3432,2022-04-30,INV-7333,1063678.47,BDT,Inventory
3433,3484,3433,2021-08-03,INV-7337,1908585.0,BDT,Inventory
3434,3485,3434,2023-09-16,INV-1828,978495.47,CNY,Capex-IT
3435,3486,3435,2023-09-12,INV-7486,3433010.23,BDT,Inventory
3436,3487,3436,2023-09-07,INV-3049,534970.19,CNY,Capex-IT
3437,3488,3437,2023-06-17,INV-3212,667656.13,BDT,Inventory
3438,3489,3438,2022-12-21,INV-1279,5443170.54,BDT,Opex-Facility
3439,3490,3439,2021-12-24,INV-7583,164424.0,BDT,Inventory
3440,3491,3440,2023-01-01,INV-9657,839617.19,USD,Capex-IT
3441,3492,3441,2023-04-10,INV-2507,2031935.13,BDT,Inventory
3442,3493,3442,2021-04-15,INV-0010,90525.51,CNY,Inventory
3443,3494,3443,2023-08-10,INV-0058,29768.97,USD,Inventory
3444,3495,3444,2021-08-08,INV-0166,1200045.0,BDT,Inventory
3445,3496,3445,2022-04-15,INV-3618,4376337.83,BDT,Inventory
3446,3497,3446,2023-05-10,INV-5615,5019604.7,BDT,Opex-Marketing
3447,3498,3447,2021-09-30,INV-2342,394956.0,BDT,Inventory
3448,3499,3448,2023-05-23,INV-9122,393186.21,USD,Inventory
3449,3500,3449,2023-03-25,INV-7448,9581.86,USD,Inventory
3450,3501,3450,2022-02-18,INV-6714,4144114.13,BDT,Inventory
3451,3502,3451,2023-05-20,INV-4075,2645974.35,BDT,Opex-Marketing
3452,3503,3452,2022-07-09,INV-1383,438818.24,USD,Inventory
3453,3504,3453,2023-12-14,INV-3487,703490.31,BDT,Inventory
3454,3505,3454,2023-09-09,INV-5453,494791.76,CNY,Inventory
3455,3506,3455,2023-11-08,INV-9655,855651.87,USD,Capex-IT
3456,3507,3456,2020-11-23,INV-7958,6705683.0,BDT,Opex-Facility
3457,3508,3457,2023-06-02,INV-0040,1710435.48,BDT,Inventory
3458,3509,3458,2021-05-09,INV-8848,83912.0,BDT,Inventory
3459,3510,3459,2023-11-21,INV-1768,6374299.22,BDT,Inventory
3460,3511,3460,2023-08-20,INV-5282,4446265.05,BDT,Inventory
3461,3512,3461,2023-09-28,INV-0218,2568554.51,BDT,Inventory
3462,3513,3462,2021-09-23,INV-1825,8213.29,USD,Inventory
3463,3514,3463,2023-10-23,INV-2673,615922.69,USD,Capex-IT
3464,3515,3464,2021-06-25,INV-2928,18392.58,USD,Inventory
3465,3516,3465,2022-02-05,INV-7574,3884186.02,BDT,Inventory
3466,3517,3466,2022-06-26,INV-7266,3684629.11,BDT,Inventory
3467,3518,3467,2022-06-01,INV-5805,512303.48,USD,Capex-IT
3468,3519,3468,2021-03-23,INV-1801,3674430.0,BDT,Inventory
3469,3520,3469,2020-09-16,INV-8478,2461203.0,BDT,Opex-Admin
3470,3521,3470,2023-02-21,INV-4108,579504.77,CNY,Capex-IT
3471,3522,3471,2023-11-11,INV-8101,145951.82,CNY,Inventory
3472,3523,3472,2023-02-02,INV-7661,1861159.85,BDT,Opex-Facility
3473,3524,3473,2023-01-05,INV-8299,3310694.65,BDT,Inventory
3474,3525,3474,2023-10-23,INV-6030,5668411.33,BDT,Inventory
3475,3526,3475,2023-01-23,INV-3547,5394965.26,BDT,Inventory
3476,3527,3476,2023-12-03,INV-6596,199198.87,USD,Inventory
3477,3528,3477,2022-04-26,INV-4494,564307.14,BDT,Inventory
3478,3529,3478,2021-09-18,INV-0919,585512.0,BDT,Inventory
3479,3530,3479,2020-05-09,INV-1142,105803.88,USD,Capex-IT
3480,3531,3480,2022-03-05,INV-9598,4091632.67,BDT,Inventory
3481,3532,3481,2022-06-16,INV-3846,15532.16,CNY,Inventory
3482,3533,3482,2023-07-20,INV-0884,3322961.79,BDT,Inventory
3483,3534,3483,2023-07-23,INV-5677,3042689.34,BDT,Inventory
3484,3535,3484,2022-01-25,INV-3955,1028334.93,BDT,Inventory
3485,3536,3485,2020-10-12,INV-4017,491595.68,USD,Capex-IT
3486,3537,3486,2023-01-01,INV-7850,3921983.46,BDT,Opex-Facility
3487,3538,3487,2021-06-10,INV-1615,2833549.0,BDT,Inventory
3488,3539,3488,2022-08-08,INV-9155,27035.43,USD,Inventory
3489,3540,3489,2022-10-15,INV-6745,6442923.15,BDT,Opex-Admin
3490,3541,3490,2022-10-19,INV-6030,2368804.66,BDT,Inventory
3491,3542,3491,2020-10-03,INV-7512,1555533.0,BDT,Inventory
3492,3543,3492,2021-12-11,INV-9701,1512930.88,CNY,Inventory
3493,3544,3493,2022-02-18,INV-4640,394502.36,BDT,Inventory
3494,3545,3494,2023-12-12,INV-3687,4052140.83,BDT,Inventory
3495,3546,3495,2022-08-26,INV-2434,2404943.37,BDT,Inventory
3496,3547,3496,2023-04-28,INV-1222,2388439.94,BDT,Inventory
3497,3548,3497,2023-09-19,INV-8130,85564.7,BDT,Inventory
3498,3549,3498,2021-08-02,INV-7463,2654455.0,BDT,Opex-Facility
3499,3550,3499,2022-01-20,INV-9052,5577717.36,BDT,Inventory
3500,3551,3500,2023-05-18,INV-5125,6143469.06,BDT,Inventory
3501,3552,3501,2022-01-22,INV-8403,5958866.0,BDT,Opex-Marketing
3502,3553,3502,2020-06-06,INV-7956,2661610.0,BDT,Opex-Logistics
3503,3554,3503,2022-03-25,INV-6832,1563446.02,BDT,Opex-Marketing
3504,3555,3504,2022-11-28,INV-9144,47662.61,USD,Inventory
3505,3556,3505,2021-05-05,INV-9996,289505.94,USD,Inventory
3506,3557,3506,2023-08-02,INV-7780,709426.29,BDT,Inventory
3507,3558,3507,2022-06-25,INV-4064,871964.46,CNY,Capex-IT
3508,3559,3508,2023-03-10,INV-2825,673027.46,BDT,Inventory
3509,3560,3509,2023-10-09,INV-9282,2789928.93,BDT,Opex-Facility
3510,3561,3510,2021-06-02,INV-2759,4736201.0,BDT,Opex-Marketing
3511,3562,3511,2022-03-23,INV-1625,397124.19,BDT,Inventory
3512,3563,3512,2022-04-14,INV-7130,257956.78,CNY,Inventory
3513,3564,3513,2020-12-17,INV-7151,1406814.0,BDT,Inventory
3514,3565,3514,2023-12-02,INV-1161,58516.77,BDT,Inventory
3515,3566,3515,2022-06-25,INV-5894,2750681.07,BDT,Opex-Facility
3516,3567,3516,2021-12-15,INV-1167,2750785.0,BDT,Opex-Facility
3517,3568,3517,2023-02-03,INV-7288,286894.23,CNY,Inventory
3518,3569,3518,2023-12-09,INV-6451,970297.5,BDT,Opex-Marketing
3519,3570,3519,2022-07-01,INV-9089,27577.61,CNY,Inventory
3520,3571,3520,2023-04-16,INV-3454,1123333.2,BDT,Opex-Facility
3521,3572,3521,2023-01-05,INV-1703,4240476.81,BDT,Inventory
3522,3573,3522,2022-03-12,INV-7826,5390354.5,BDT,Inventory
3523,3574,3523,2021-02-10,INV-8788,1606401.0,BDT,Inventory
3524,3575,3524,2023-02-13,INV-0665,2095.92,USD,Inventory
3525,3576,3525,2022-08-02,INV-6682,4765675.19,BDT,Inventory
3526,3577,3526,2022-09-15,INV-9003,150023.24,USD,Inventory
3527,3578,3527,2023-10-23,INV-9218,6683757.3,BDT,Inventory
3528,3579,3528,2023-03-28,INV-0172,3303561.99,BDT,Opex-Marketing
3529,3580,3529,2023-03-29,INV-0657,7064856.6,BDT,Inventory
3530,3581,3530,2023-09-22,INV-9574,1341275.79,BDT,Inventory
3531,3582,3531,2021-02-09,INV-5739,276142.42,USD,Inventory
3532,3583,3532,2022-06-22,INV-1605,183287.57,USD,Inventory
3533,3584,3533,2021-10-30,INV-4428,3739676.0,BDT,Inventory
3534,3585,3534,2021-08-31,INV-5818,6089493.0,BDT,Inventory
3535,3586,3535,2023-01-01,INV-5728,3293807.25,BDT,Inventory
3536,3587,3536,2022-07-31,INV-9374,233410.55,USD,Inventory
3537,3588,3537,2021-12-11,INV-3833,4269066.0,BDT,Opex-Marketing
3538,3589,3538,2021-03-29,INV-1197,2408537.0,BDT,Inventory
3539,3590,3539,2021-11-13,INV-3866,1773570.0,BDT,Opex-Marketing
3540,3591,3540,2023-02-19,INV-1358,77018.45,CNY,Inventory
3541,3592,3541,2022-11-08,INV-6270,364801.82,BDT,Inventory
3542,3593,3542,2022-10-14,INV-1381,549135.24,USD,Capex-IT
3543,3594,3543,2021-09-03,INV-7314,486244.23,USD,Inventory
3544,3595,3544,2023-10-05,INV-1673,29324.66,USD,Inventory
3545,3596,3545,2023-11-04,INV-0654,690541.11,BDT,Opex-Marketing
3546,3598,3546,2021-08-05,INV-7290,452422.78,CNY,Capex-IT
3547,3599,3547,2022-04-15,INV-0728,6245072.62,BDT,Inventory
3548,3600,3548,2023-09-07,INV-4898,365067.16,BDT,Inventory
3549,3601,3549,2023-04-08,INV-7195,4899674.68,BDT,Inventory
3550,3603,3550,2022-07-02,INV-2634,151191.84,CNY,Capex-IT
3551,3604,3551,2021-04-30,INV-6526,28462.5,CNY,Inventory
3552,3605,3552,2023-08-26,INV-6259,2682358.71,BDT,Inventory
3553,3606,3553,2021-11-15,INV-0694,206388.72,CNY,Inventory
3554,3607,3554,2023-07-08,INV-8572,6258442.73,BDT,Inventory
3555,3608,3555,2023-04-04,INV-5287,121860.96,BDT,Inventory
3556,3609,3556,2021-11-25,INV-3239,1798512.0,BDT,Inventory
3557,3610,3557,2022-01-10,INV-1092,1052480.89,BDT,Inventory
3558,3611,3558,2023-11-30,INV-3804,798731.86,USD,Capex-IT
3559,3612,3559,2020-05-23,INV-7667,1413062.0,BDT,Inventory
3560,3613,3560,2020-11-12,INV-4779,2585685.0,BDT,Inventory
3561,3614,3561,2023-10-31,INV-6593,197403.54,BDT,Inventory
3562,3615,3562,2021-10-26,INV-5291,12111.08,USD,Inventory
3563,3616,3563,2022-10-01,INV-5851,369682.22,BDT,Inventory
3564,3617,3564,2021-05-26,INV-1034,35996.12,USD,Inventory
3565,3618,3565,2021-10-16,INV-0429,5162046.0,BDT,Inventory
3566,3620,3566,2021-04-01,INV-8118,61438.0,BDT,Inventory
3567,3621,3567,2022-11-13,INV-9677,144414.33,BDT,Inventory
3568,3622,3568,2023-09-20,INV-7293,4652520.32,BDT,Inventory
3569,3623,3569,2023-01-18,INV-6279,3595049.0,BDT,Inventory
3570,3624,3570,2023-11-08,INV-5165,1431295.76,BDT,Inventory
3571,3627,3571,2022-05-09,INV-4325,2443575.92,BDT,Inventory
3572,3628,3572,2022-10-26,INV-0627,328518.2,BDT,Inventory
3573,3629,3573,2020-12-08,INV-2074,3048.8,USD,Inventory
3574,3630,3574,2021-08-22,INV-8898,4092006.0,BDT,Inventory
3575,3631,3575,2022-07-07,INV-2036,2510138.79,BDT,Inventory
3576,3632,3576,2021-10-23,INV-8897,757726.0,BDT,Opex-Admin
3577,3633,3577,2023-03-20,INV-6345,1876440.15,BDT,Opex-Marketing
3578,3634,3578,2021-02-21,INV-9688,1501633.0,BDT,Opex-Admin
3579,3635,3579,2023-07-11,INV-8372,3696.99,USD,Inventory
3580,3636,3580,2023-11-29,INV-9711,288928.76,USD,Capex-IT
3581,3637,3581,2023-12-17,INV-9087,2999019.41,BDT,Inventory
3582,3638,3582,2022-04-19,INV-3092,1986263.84,BDT,Inventory
3583,3639,3583,2022-09-04,INV-3778,8777919.91,BDT,Opex-Admin
3584,3640,3584,2022-12-14,INV-1690,1800172.05,BDT,Inventory
3585,3641,3585,2023-05-07,INV-0098,3796637.84,BDT,Inventory
3586,3642,3586,2023-07-09,INV-7712,2300421.22,BDT,Opex-Facility
3587,3643,3587,2022-09-21,INV-0687,49227.48,USD,Inventory
3588,3644,3588,2022-02-27,INV-3020,6065136.28,BDT,Inventory
3589,3645,3589,2022-05-30,INV-9868,153371.38,USD,Inventory
3590,3646,3590,2020-11-27,INV-7899,483795.0,BDT,Inventory
3591,3647,3591,2023-10-31,INV-7513,2119160.43,BDT,Opex-Facility
3592,3648,3592,2021-02-13,INV-7040,1249989.0,BDT,Opex-Marketing
3593,3649,3593,2023-12-16,INV-8693,394761.56,CNY,Capex-IT
3594,3650,3594,2023-10-29,INV-3433,63215.47,USD,Capex-IT
3595,3651,3595,2023-11-16,INV-1586,11329.54,USD,Inventory
3596,3652,3596,2022-08-21,INV-8616,3390536.71,BDT,Inventory
3597,3653,3597,2022-11-28,INV-9308,115031.57,USD,Inventory
3598,3654,3598,2023-10-04,INV-2692,505852.6,USD,Inventory
3599,3655,3599,2023-05-26,INV-7353,740039.4,USD,Inventory
3600,3656,3600,2021-08-10,INV-0713,1255847.0,BDT,Inventory
3601,3657,3601,2020-10-30,INV-4987,5618163.0,BDT,Opex-Marketing
3602,3658,3602,2023-05-06,INV-3176,1848553.53,BDT,Opex-Facility
3603,3659,3603,2023-02-28,INV-1522,15159.61,USD,Inventory
3604,3660,3604,2023-11-29,INV-3514,3944904.26,BDT,Inventory
3605,3661,3605,2020-04-11,INV-0168,4582768.0,BDT,Inventory
3606,3662,3606,2023-06-04,INV-7187,367978.83,USD,Inventory
3607,3663,3607,2021-08-07,INV-3062,233221.05,USD,Inventory
3608,3664,3608,2021-03-12,INV-7413,3541094.0,BDT,Inventory
3609,3665,3609,2022-11-24,INV-4586,7468840.71,BDT,Inventory
3610,3666,3610,2021-11-06,INV-1947,2010313.0,BDT,Inventory
3611,3667,3611,2020-11-11,INV-9642,380198.63,USD,Inventory
3612,3668,3612,2021-07-05,INV-9375,4189343.0,BDT,Opex-Facility
3613,3669,3613,2023-06-02,INV-5648,1295791.79,USD,Inventory
3614,3670,3614,2022-09-08,INV-3625,150677.0,USD,Inventory
3615,3671,3615,2022-11-07,INV-3181,3337632.26,BDT,Opex-Marketing
3616,3672,3616,2023-12-08,INV-2810,48859.01,USD,Inventory
3617,3673,3617,2022-08-26,INV-5210,1689363.53,BDT,Inventory
3618,3674,3618,2020-06-01,INV-5248,49265.19,CNY,Inventory
3619,3675,3619,2020-03-21,INV-5231,34384.02,USD,Inventory
3620,3676,3620,2020-04-18,INV-7182,507944.96,USD,Inventory
3621,3677,3621,2023-05-16,INV-9444,5508860.12,BDT,Opex-Admin
3622,3678,3622,2022-08-30,INV-1887,4933895.31,BDT,Inventory
3623,3679,3623,2023-08-25,INV-9144,2227581.61,BDT,Inventory
3624,3680,3624,2021-10-09,INV-3055,842995.0,BDT,Inventory
3625,3681,3625,2023-10-26,INV-7237,1355052.82,BDT,Opex-Facility
3626,3682,3626,2023-07-14,INV-6246,3324606.16,BDT,Inventory
3627,3683,3627,2023-03-28,INV-8555,6236609.82,BDT,Opex-Admin
3628,3684,3628,2021-10-08,INV-1591,187782.87,USD,Capex-IT
3629,3685,3629,2023-09-17,INV-4151,483572.11,BDT,Inventory
3630,3686,3630,2023-04-23,INV-0020,1297369.01,BDT,Inventory
3631,3687,3631,2020-09-30,INV-5925,598280.22,USD,Inventory
3632,3688,3632,2023-02-24,INV-9865,6886486.05,BDT,Inventory
3633,3689,3633,2023-07-25,INV-7586,5193454.91,BDT,Inventory
3634,3690,3634,2022-04-02,INV-4279,3573304.06,BDT,Inventory
3635,3691,3635,2023-09-08,INV-7204,1835592.9,BDT,Inventory
3636,3692,3636,2023-04-29,INV-6379,165860.73,CNY,Inventory
3637,3693,3637,2022-10-03,INV-7205,7694518.78,BDT,Inventory
3638,3694,3638,2021-10-08,INV-8053,264407.16,USD,Inventory
3639,3695,3639,2022-09-12,INV-9268,787232.64,BDT,Opex-Facility
3640,3696,3640,2021-06-08,INV-2442,401235.0,BDT,Inventory
3641,3697,3641,2022-07-16,INV-2111,3348017.21,BDT,Inventory
3642,3698,3642,2021-12-22,INV-3263,2046576.0,BDT,Inventory
3643,3699,3643,2023-07-18,INV-2531,4691856.29,BDT,Inventory
3644,3700,3644,2023-10-21,INV-6997,78576.05,CNY,Inventory
3645,3701,3645,2021-04-23,INV-5352,2648654.0,BDT,Inventory
3646,3702,3646,2023-04-05,INV-8525,2113813.35,BDT,Inventory
3647,3703,3647,2023-09-15,INV-0144,4134566.17,BDT,Opex-Facility
3648,3704,3648,2022-03-21,INV-7728,201658.57,CNY,Capex-IT
3649,3705,3649,2023-06-18,INV-1049,832763.97,BDT,Inventory
3650,3706,3650,2022-09-24,INV-5259,1130287.39,BDT,Opex-Admin
3651,3707,3651,2023-07-09,INV-5346,3719903.53,BDT,Inventory
3652,3708,3652,2023-03-04,INV-6594,5818587.11,BDT,Inventory
3653,3709,3653,2022-09-06,INV-7367,110489.6,CNY,Inventory
3654,3710,3654,2023-12-19,INV-2881,2433155.72,BDT,Opex-Facility
3655,3711,3655,2023-11-10,INV-7990,5293239.75,BDT,Opex-Facility
3656,3712,3656,2022-05-25,INV-7313,97688.31,USD,Inventory
3657,3713,3657,2021-04-03,INV-8147,3919043.0,BDT,Opex-Facility
3658,3715,3658,2023-06-02,INV-5941,1957091.29,BDT,Inventory
3659,3717,3659,2022-02-12,INV-0397,4019427.38,BDT,Inventory
3660,3718,3660,2020-12-23,INV-9621,1143430.0,BDT,Opex-Facility
3661,3719,3661,2023-01-09,INV-1611,14647.35,USD,Inventory
3662,3720,3662,2021-02-07,INV-9426,3463426.0,BDT,Inventory
3663,3721,3663,2021-06-29,INV-2948,132286.0,BDT,Inventory
3664,3722,3664,2023-10-03,INV-1552,225476.68,CNY,Inventory
3665,3723,3665,2022-11-09,INV-0551,2329794.75,BDT,Inventory
3666,3724,3666,2023-12-02,INV-9558,995862.77,BDT,Inventory
3667,3725,3667,2023-04-21,INV-1115,273753.1,CNY,Inventory
3668,3726,3668,2022-02-18,INV-6008,1199353.4,BDT,Opex-Marketing
3669,3727,3669,2022-08-14,INV-0453,1507396.63,BDT,Opex-Marketing
3670,3728,3670,2020-12-27,INV-4262,28635.0,BDT,Opex-Logistics
3671,3729,3671,2022-01-17,INV-6710,2695534.0,BDT,Opex-Admin
3672,3730,3672,2023-11-07,INV-2083,163006.91,USD,Inventory
3673,3731,3673,2022-01-21,INV-8834,792765.72,BDT,Inventory
3674,3732,3674,2021-05-25,INV-8274,182538.64,CNY,Capex-IT
3675,3733,3675,2022-05-29,INV-5797,4703947.52,BDT,Inventory
3676,3734,3676,2022-09-13,INV-8071,858508.61,BDT,Inventory
3677,3735,3677,2023-08-29,INV-5078,385889.35,USD,Capex-IT
3678,3736,3678,2021-09-13,INV-8224,4233816.0,BDT,Inventory
3679,3738,3679,2023-09-13,INV-7338,24775.3,CNY,Inventory
3680,3739,3680,2021-05-12,INV-6870,376914.12,CNY,Capex-IT
3681,3741,3681,2023-12-10,INV-0409,3839660.11,BDT,Opex-Marketing
3682,3742,3682,2023-10-09,INV-4613,5457018.77,BDT,Inventory
3683,3743,3683,2021-08-21,INV-1525,459746.55,USD,Inventory
3684,3744,3684,2022-11-25,INV-8145,25354.11,CNY,Inventory
3685,3745,3685,2023-01-12,INV-5478,271571.58,USD,Capex-IT
3686,3746,3686,2022-03-04,INV-9344,1207812.1,BDT,Inventory
3687,3747,3687,2022-12-18,INV-0778,1485039.28,BDT,Inventory
3688,3748,3688,2021-12-20,INV-6412,471197.0,BDT,Opex-Marketing
3689,3749,3689,2021-05-30,INV-5839,3519976.0,BDT,Inventory
3690,3750,3690,2022-08-12,INV-4806,17812.6,CNY,Inventory
3691,3751,3691,2022-11-19,INV-1375,79663.27,USD,Inventory
3692,3752,3692,2023-06-19,INV-7491,1004656.42,USD,Capex-IT
3693,3753,3693,2021-03-29,INV-9677,3417233.0,BDT,Opex-Admin
3694,3754,3694,2021-06-13,INV-1279,22252.76,USD,Inventory
3695,3755,3695,2023-12-26,INV-1015,1053023.17,BDT,Inventory
3696,3756,3696,2023-04-27,INV-9460,1051765.97,CNY,Inventory
3697,3757,3697,2023-06-12,INV-3975,3199223.16,BDT,Opex-Facility
3698,3758,3698,2022-10-28,INV-2625,3777492.04,BDT,Inventory
3699,3759,3699,2020-01-28,INV-6956,763728.0,BDT,Inventory
3700,3760,3700,2022-12-18,INV-7276,1669898.56,BDT,Inventory
3701,3761,3701,2021-12-28,INV-3553,3799154.0,BDT,Opex-Marketing
3702,3762,3702,2020-07-16,INV-2536,7315805.0,BDT,Inventory
3703,3763,3703,2021-11-28,INV-1053,35856.0,BDT,Inventory
3704,3764,3704,2021-10-23,INV-3540,72448.46,USD,Capex-IT
3705,3765,3705,2022-12-25,INV-4031,3419929.98,BDT,Inventory
3706,3766,3706,2023-07-17,INV-5012,3611671.77,BDT,Inventory
3707,3767,3707,2020-09-12,INV-7426,554852.0,BDT,Inventory
3708,3768,3708,2021-04-29,INV-8379,3248832.0,BDT,Opex-Facility
3709,3769,3709,2023-10-02,INV-7505,353692.9,BDT,Inventory
3710,3770,3710,2023-03-17,INV-5231,262483.92,BDT,Inventory
3711,3771,3711,2023-11-22,INV-3162,6331050.77,BDT,Inventory
3712,3772,3712,2023-05-01,INV-4826,1709109.51,BDT,Opex-Admin
3713,3773,3713,2023-11-02,INV-3396,140912.07,CNY,Inventory
3714,3774,3714,2021-02-23,INV-9572,3977276.0,BDT,Inventory
3715,3775,3715,2020-11-26,INV-6742,1351125.27,USD,Inventory
3716,3776,3716,2023-07-12,INV-1102,1131396.3,BDT,Inventory
3717,3777,3717,2023-07-26,INV-3620,5200922.62,BDT,Inventory
3718,3778,3718,2022-06-20,INV-4210,100931.34,CNY,Inventory
3719,3779,3719,2023-04-17,INV-8662,3439162.56,BDT,Inventory
3720,3780,3720,2023-09-19,INV-9664,3592564.23,BDT,Opex-Marketing
3721,3781,3721,2020-12-28,INV-1273,3155511.0,BDT,Inventory
3722,3782,3722,2021-09-13,INV-6537,121797.54,CNY,Inventory
3723,3783,3723,2023-02-19,INV-1734,89300.16,BDT,Opex-Facility
3724,3784,3724,2023-01-19,INV-9858,47300.31,USD,Inventory
3725,3785,3725,2023-05-20,INV-0147,5052860.49,BDT,Inventory
3726,3786,3726,2023-09-04,INV-6406,3025588.53,BDT,Opex-Marketing
3727,3787,3727,2021-05-20,INV-7688,13547.89,USD,Inventory
3728,3788,3728,2022-11-18,INV-0398,2063256.78,BDT,Inventory
3729,3789,3729,2022-07-27,INV-2357,26476.48,USD,Inventory
3730,3790,3730,2023-06-02,INV-5674,3150733.84,BDT,Opex-Facility
3731,3791,3731,2022-02-18,INV-9623,3161484.6,BDT,Inventory
3732,3792,3732,2021-07-03,INV-3791,5262166.0,BDT,Inventory
3733,3793,3733,2022-04-11,INV-8545,5335594.41,BDT,Inventory
3734,3794,3734,2021-09-01,INV-7669,3403733.0,BDT,Opex-Facility
3735,3795,3735,2021-08-19,INV-1445,4789954.0,BDT,Inventory
3736,3796,3736,2023-01-05,INV-6611,175071.84,USD,Inventory
3737,3797,3737,2022-11-01,INV-6354,120178.93,USD,Inventory
3738,3798,3738,2020-09-07,INV-3275,2983002.0,BDT,Inventory
3739,3799,3739,2020-10-25,INV-4860,55172.34,USD,Inventory
3740,3800,3740,2022-03-30,INV-8500,1177245.5,BDT,Inventory
3741,3801,3741,2022-03-15,INV-8275,3715916.8,BDT,Opex-Marketing
3742,3802,3742,2022-11-12,INV-7870,2427569.96,BDT,Opex-Facility
3743,3803,3743,2023-03-24,INV-6856,4003230.67,BDT,Opex-Marketing
3744,3804,3744,2022-10-14,INV-2808,4024896.45,BDT,Inventory
3745,3805,3745,2022-07-12,INV-8131,4336422.57,BDT,Inventory
3746,3806,3746,2023-05-21,INV-8395,1117382.7,BDT,Inventory
3747,3807,3747,2023-03-10,INV-7076,114251.34,USD,Capex-IT
3748,3808,3748,2023-02-07,INV-9456,727691.93,USD,Inventory
3749,3809,3749,2022-02-26,INV-6377,3056700.66,BDT,Inventory
3750,3810,3750,2023-05-06,INV-4146,12124.74,CNY,Inventory
3751,3811,3751,2020-05-23,INV-8136,71788.43,USD,Inventory
3752,3812,3752,2022-05-07,INV-4887,59719.88,USD,Inventory
3753,3813,3753,2023-05-11,INV-8815,477861.48,CNY,Capex-IT
3754,3814,3754,2023-06-22,INV-1635,21617.06,USD,Inventory
3755,3815,3755,2022-11-14,INV-5349,3242607.8,BDT,Inventory
3756,3816,3756,2022-12-05,INV-8059,122276.07,CNY,Capex-IT
3757,3817,3757,2021-10-17,INV-0259,2853802.0,BDT,Opex-Marketing
3758,3818,3758,2023-10-30,INV-5405,1948125.69,BDT,Inventory
3759,3819,3759,2020-03-02,INV-9059,2127975.0,BDT,Inventory
3760,3820,3760,2021-08-26,INV-0625,24772.44,USD,Capex-IT
3761,3821,3761,2023-07-27,INV-7611,44922.84,CNY,Inventory
3762,3822,3762,2024-01-02,INV-9750,2285839.78,BDT,Opex-Facility
3763,3823,3763,2023-10-28,INV-7854,1369760.8,BDT,Inventory
3764,3824,3764,2020-12-01,INV-8216,4006949.0,BDT,Opex-Marketing
3765,3825,3765,2022-02-02,INV-1667,1847639.46,BDT,Inventory
3766,3826,3766,2021-03-07,INV-1909,3565931.0,BDT,Inventory
3767,3827,3767,2023-06-27,INV-7015,79315.32,USD,Capex-IT
3768,3828,3768,2023-05-20,INV-4032,2351978.74,BDT,Inventory
3769,3830,3769,2020-07-19,INV-8318,6432382.0,BDT,Opex-Facility
3770,3831,3770,2023-01-10,INV-3723,761509.71,USD,Inventory
3771,3832,3771,2023-06-20,INV-5754,739139.77,BDT,Inventory
3772,3833,3772,2023-04-06,INV-1825,2060966.72,BDT,Opex-Admin
3773,3834,3773,2020-11-16,INV-3201,1902279.0,BDT,Opex-Facility
3774,3835,3774,2023-09-04,INV-5788,6589004.76,BDT,Inventory
3775,3836,3775,2023-11-04,INV-1865,398675.52,BDT,Inventory
3776,3838,3776,2020-07-25,INV-1485,619029.44,USD,Inventory
3777,3839,3777,2022-02-06,INV-2478,3123040.95,BDT,Inventory
3778,3840,3778,2021-12-23,INV-6041,155179.98,USD,Inventory
3779,3841,3779,2023-09-10,INV-2736,1356199.42,BDT,Inventory
3780,3842,3780,2023-09-24,INV-8122,122436.39,CNY,Inventory
3781,3843,3781,2023-01-11,INV-5543,7539232.5,BDT,Inventory
3782,3844,3782,2022-01-18,INV-9900,3962234.75,BDT,Inventory
3783,3845,3783,2023-04-11,INV-4234,1195425.79,BDT,Opex-Marketing
3784,3846,3784,2022-11-18,INV-5511,1145585.98,BDT,Inventory
3785,3847,3785,2022-12-12,INV-4760,1587612.62,BDT,Inventory
3786,3848,3786,2022-09-08,INV-9770,168963.93,BDT,Inventory
3787,3849,3787,2023-12-18,INV-4279,16098.51,USD,Inventory
3788,3850,3788,2022-07-12,INV-9362,7520447.25,BDT,Inventory
3789,3851,3789,2023-07-25,INV-2129,34000.45,USD,Inventory
3790,3852,3790,2023-07-07,INV-1595,8781843.72,BDT,Inventory
3791,3853,3791,2022-11-12,INV-8150,2892256.31,BDT,Inventory
3792,3854,3792,2023-10-14,INV-1170,6305332.54,BDT,Inventory
3793,3855,3793,2023-03-20,INV-8440,27017.01,USD,Inventory
3794,3856,3794,2022-10-02,INV-4728,112117.78,BDT,Inventory
3795,3857,3795,2020-06-10,INV-8166,21949.35,USD,Inventory
3796,3858,3796,2020-03-17,INV-9551,823554.0,BDT,Inventory
3797,3859,3797,2023-09-05,INV-3227,2066001.31,BDT,Inventory
3798,3860,3798,2022-03-03,INV-0032,4554508.87,BDT,Inventory
3799,3861,3799,2023-10-15,INV-5611,81796.62,USD,Inventory
3800,3862,3800,2023-02-07,INV-5098,36678.67,USD,Inventory
3801,3863,3801,2022-07-10,INV-3171,1448320.35,BDT,Inventory
3802,3864,3802,2021-09-02,INV-3148,257527.4,CNY,Inventory
3803,3865,3803,2021-06-02,INV-6021,240304.95,USD,Capex-IT
3804,3866,3804,2020-11-16,INV-1801,1125811.0,BDT,Inventory
3805,3867,3805,2022-03-27,INV-6572,1016269.3,BDT,Opex-Marketing
3806,3868,3806,2022-11-02,INV-6306,786067.16,BDT,Opex-Facility
3807,3869,3807,2022-04-29,INV-2558,282877.62,USD,Inventory
3808,3870,3808,2020-11-21,INV-1346,206900.0,BDT,Inventory
3809,3871,3809,2022-05-31,INV-2681,157776.0,USD,Inventory
3810,3872,3810,2021-08-28,INV-9835,667537.0,BDT,Inventory
3811,3873,3811,2021-07-03,INV-5773,10179.14,USD,Inventory
3812,3874,3812,2022-04-01,INV-4838,4909146.6,BDT,Opex-Marketing
3813,3875,3813,2022-06-23,INV-5898,489741.91,BDT,Inventory
3814,3876,3814,2021-09-02,INV-5841,1243663.0,BDT,Inventory
3815,3877,3815,2022-12-05,INV-0385,1346713.69,BDT,Inventory
3816,3878,3816,2023-03-25,INV-9711,8379043.02,BDT,Inventory
3817,3879,3817,2022-03-14,INV-9612,75579.78,USD,Inventory
3818,3880,3818,2023-07-19,INV-7730,6887414.3,BDT,Inventory
3819,3881,3819,2021-07-24,INV-5463,1841123.0,BDT,Opex-Facility
3820,3882,3820,2020-10-12,INV-1205,7027802.0,BDT,Inventory
3821,3883,3821,2022-08-13,INV-9122,99800.94,USD,Inventory
3822,3884,3822,2022-09-03,INV-8722,4656477.04,BDT,Opex-Admin
3823,3885,3823,2020-11-22,INV-0751,1652842.0,BDT,Inventory
3824,3886,3824,2023-06-01,INV-1838,1377276.13,BDT,Inventory
3825,3887,3825,2023-07-26,INV-3751,4893208.89,BDT,Inventory
3826,3888,3826,2023-02-07,INV-4404,714342.1,BDT,Inventory
3827,3889,3827,2021-01-10,INV-3056,2540841.0,BDT,Inventory
3828,3890,3828,2023-10-21,INV-5922,915243.0,BDT,Inventory
3829,3891,3829,2022-12-09,INV-2106,3094250.62,BDT,Inventory
3830,3892,3830,2023-12-09,INV-7927,2473915.86,BDT,Opex-Marketing
3831,3893,3831,2023-02-07,INV-1197,27134.7,USD,Inventory
3832,3894,3832,2023-04-14,INV-5613,5424.27,USD,Inventory
3833,3895,3833,2022-10-30,INV-1501,308328.22,USD,Inventory
3834,3896,3834,2023-04-27,INV-9276,150038.08,USD,Inventory
3835,3897,3835,2022-08-28,INV-1434,1600297.46,BDT,Opex-Admin
3836,3898,3836,2023-04-04,INV-8030,2063728.44,BDT,Opex-Admin
3837,3899,3837,2023-06-25,INV-1028,4580441.49,BDT,Opex-Facility
3838,3900,3838,2023-01-25,INV-9522,317288.96,USD,Inventory
3839,3901,3839,2021-08-10,INV-4842,1568941.0,BDT,Inventory
3840,3902,3840,2023-08-14,INV-5304,97952.61,USD,Inventory
3841,3903,3841,2022-06-06,INV-4920,5201952.29,BDT,Inventory
3842,3904,3842,2023-01-27,INV-9470,4811762.58,BDT,Inventory
3843,3905,3843,2023-12-27,INV-5670,5927114.45,BDT,Inventory
3844,3906,3844,2021-05-09,INV-2324,84625.17,USD,Inventory
3845,3907,3845,2021-10-09,INV-6279,69693.43,USD,Inventory
3846,3908,3846,2021-10-16,INV-3729,513409.99,USD,Inventory
3847,3909,3847,2022-10-13,INV-6386,213133.92,CNY,Inventory
3848,3910,3848,2023-07-24,INV-8613,1859283.03,BDT,Inventory
3849,3911,3849,2023-09-05,INV-3432,120654.04,CNY,Capex-IT
3850,3913,3850,2023-09-27,INV-3975,394447.6,BDT,Inventory
3851,3914,3851,2021-07-03,INV-1124,4719988.0,BDT,Inventory
3852,3915,3852,2023-07-24,INV-3307,2683995.49,BDT,Inventory
3853,3916,3853,2022-07-15,INV-5030,348070.69,CNY,Inventory
3854,3917,3854,2023-11-15,INV-3247,549233.64,BDT,Inventory
3855,3918,3855,2022-07-14,INV-5321,13777.92,USD,Inventory
3856,3919,3856,2022-05-09,INV-0996,3898212.55,BDT,Inventory
3857,3920,3857,2023-09-09,INV-4874,199163.53,USD,Inventory
3858,3921,3858,2023-12-05,INV-1651,928517.24,BDT,Opex-Marketing
3859,3922,3859,2021-12-28,INV-7416,3497068.0,BDT,Inventory
3860,3923,3860,2020-09-16,INV-6981,3624490.0,BDT,Inventory
3861,3924,3861,2023-03-30,INV-3606,268622.82,BDT,Opex-Marketing
3862,3925,3862,2022-07-23,INV-8622,518398.8,BDT,Opex-Marketing
3863,3926,3863,2023-08-04,INV-1510,4450925.32,BDT,Opex-Marketing
3864,3927,3864,2023-03-07,INV-1605,247063.65,USD,Capex-IT
3865,3928,3865,2022-06-20,INV-3237,5543850.26,BDT,Inventory
3866,3929,3866,2022-05-16,INV-3140,3370011.37,BDT,Inventory
3867,3930,3867,2023-12-15,INV-3692,16978.34,USD,Inventory
3868,3931,3868,2023-02-05,INV-5905,6746367.85,BDT,Inventory
3869,3932,3869,2020-05-24,INV-5608,2777016.0,BDT,Inventory
3870,3933,3870,2022-06-18,INV-7586,4365508.28,BDT,Inventory
3871,3934,3871,2021-03-25,INV-4329,5298989.0,BDT,Inventory
3872,3935,3872,2023-05-01,INV-3969,3393525.05,BDT,Opex-Facility
3873,3936,3873,2022-09-25,INV-0047,137933.86,USD,Inventory
3874,3937,3874,2023-02-02,INV-7324,698259.36,CNY,Inventory
3875,3938,3875,2021-02-11,INV-0337,6780113.0,BDT,Inventory
3876,3939,3876,2023-03-14,INV-0044,30129.42,USD,Inventory
3877,3940,3877,2022-09-13,INV-5343,392542.4,USD,Inventory
3878,3941,3878,2023-08-20,INV-4882,5667150.89,BDT,Inventory
3879,3942,3879,2022-09-23,INV-3405,34629.99,CNY,Inventory
3880,3943,3880,2022-02-08,INV-4043,627389.27,USD,Capex-IT
3881,3944,3881,2022-08-24,INV-4392,1701187.21,BDT,Inventory
3882,3945,3882,2022-07-14,INV-0123,1074719.96,BDT,Opex-Admin
3883,3946,3883,2022-12-02,INV-4935,5781103.72,BDT,Inventory
3884,3947,3884,2022-03-26,INV-9326,6869830.9,BDT,Opex-Logistics
3885,3948,3885,2021-09-03,INV-8522,51835.16,USD,Inventory
3886,3949,3886,2023-04-08,INV-3236,711303.07,USD,Inventory
3887,3950,3887,2021-08-15,INV-0113,1213235.46,CNY,Capex-IT
3888,3951,3888,2021-12-23,INV-5515,34652.97,USD,Capex-IT
3889,3952,3889,2021-03-06,INV-7687,18321.12,USD,Inventory
3890,3953,3890,2021-08-31,INV-4667,517410.95,USD,Capex-IT
3891,3954,3891,2022-05-24,INV-6704,4864496.25,BDT,Opex-Facility
3892,3955,3892,2023-03-21,INV-0760,3865386.73,BDT,Inventory
3893,3956,3893,2023-07-03,INV-2525,6336847.17,BDT,Opex-Facility
3894,3957,3894,2022-05-12,INV-5730,279954.18,BDT,Inventory
3895,3958,3895,2022-12-05,INV-0478,5013282.87,BDT,Inventory
3896,3959,3896,2023-05-04,INV-0736,1219199.84,USD,Capex-IT
3897,3960,3897,2022-04-19,INV-7435,41583.33,USD,Inventory
3898,3961,3898,2022-07-25,INV-6271,655394.86,CNY,Capex-IT
3899,3962,3899,2020-03-17,INV-0401,116150.0,BDT,Opex-Facility
3900,3963,3900,2023-03-24,INV-7531,4346.26,USD,Inventory
3901,3965,3901,2020-12-05,INV-7362,14660.53,USD,Inventory
3902,3966,3902,2022-05-13,INV-8637,3334212.59,BDT,Inventory
3903,3967,3903,2022-05-25,INV-3988,7604035.58,BDT,Inventory
3904,3968,3904,2023-03-25,INV-2238,1732183.61,BDT,Opex-Facility
3905,3969,3905,2020-04-28,INV-1687,3212743.0,BDT,Inventory
3906,3970,3906,2020-11-24,INV-9103,560825.46,USD,Inventory
3907,3971,3907,2021-10-30,INV-2450,2776007.0,BDT,Inventory
3908,3972,3908,2020-12-26,INV-3328,13768.7,USD,Inventory
3909,3973,3909,2022-01-28,INV-6503,618743.29,BDT,Inventory
3910,3974,3910,2023-10-22,INV-2755,2076536.46,BDT,Inventory
3911,3975,3911,2022-09-17,INV-7121,2687122.76,BDT,Inventory
3912,3976,3912,2023-05-22,INV-2787,29546.78,USD,Inventory
3913,3977,3913,2022-10-23,INV-2001,4537748.6,BDT,Inventory
3914,3978,3914,2022-11-01,INV-8104,11043.03,CNY,Inventory
3915,3979,3915,2023-12-20,INV-2703,4337798.88,BDT,Inventory
3916,3980,3916,2022-02-28,INV-5255,4126138.0,BDT,Inventory
3917,3981,3917,2021-09-18,INV-2995,7780404.0,BDT,Inventory
3918,3982,3918,2023-04-01,INV-8419,488334.78,USD,Inventory
3919,3983,3919,2022-08-21,INV-3720,740766.06,USD,Capex-IT
3920,3984,3920,2022-02-24,INV-4196,5275689.39,BDT,Inventory
3921,3985,3921,2022-08-26,INV-4648,24549.26,CNY,Inventory
3922,3986,3922,2023-12-07,INV-6908,1832313.26,BDT,Inventory
3923,3987,3923,2021-02-20,INV-9879,3876966.0,BDT,Inventory
3924,3988,3924,2023-06-04,INV-9827,93732.45,USD,Inventory
3925,3989,3925,2021-05-26,INV-6788,4260856.0,BDT,Inventory
3926,3990,3926,2021-02-23,INV-2842,336210.28,USD,Capex-IT
3927,3991,3927,2023-12-08,INV-7070,3668856.27,BDT,Inventory
3928,3992,3928,2021-01-09,INV-4510,4678613.0,BDT,Inventory
3929,3993,3929,2023-04-11,INV-9254,139998.14,USD,Capex-IT
3930,3994,3930,2020-12-12,INV-6892,4455284.0,BDT,Inventory
3931,3995,3931,2023-01-19,INV-2303,5364128.61,BDT,Inventory
3932,3996,3932,2022-01-26,INV-3731,318146.39,CNY,Inventory
3933,3997,3933,2023-11-25,INV-5938,1504789.18,BDT,Inventory
3934,3998,3934,2023-10-22,INV-5968,4995543.81,BDT,Inventory
3935,3999,3935,2023-03-11,INV-5377,1780383.01,BDT,Inventory
3936,4000,3936,2021-04-26,INV-1324,5193699.0,BDT,Opex-Marketing
