po_id,vendor_id,pr_id,po_date,currency,exchange_rate,status,total_po_value,department_id,is_emergency_order
1,56,2305,10/22/2023,BDT,1,Released,7318953.6,5,0
2,146,0,12/9/2023,BDT,1,Released,6625865.47,2,1
3,77,239,11/17/2022,BDT,1,Released,625881.52,2,0
4,72,2139,11/17/2021,BDT,1,Released,2512896,1,0
5,101,2261,2/22/2023,BDT,1,Released,5684557.76,3,0
6,144,80,7/17/2022,USD,99.77,Released,264547.45,6,0
7,125,0,1/26/2023,BDT,1,Released,3550652.1500000004,6,0
8,57,1006,1/6/2023,BDT,1,Released,1846966.91,1,0
9,36,0,3/13/2021,USD,85.59,Released,40739.88,2,0
10,115,405,11/15/2020,USD,85.45,Released,21781.21,5,0
11,68,156,12/10/2023,BDT,1,Released,6374311.84,1,0
12,97,453,4/26/2023,USD,106.44,Released,326251.77999999997,4,0
13,19,0,1/23/2021,USD,85.51,Released,598893.0399999999,1,1
14,109,0,7/11/2023,BDT,1,Released,845790.8700000001,2,1
15,88,1266,4/20/2023,BDT,1,Released,7012147.3,2,0
16,146,1443,1/1/2023,BDT,1,Released,2855572.5,2,0
17,14,0,1/18/2022,USD,87.32,Released,307535.77999999997,5,0
18,27,1312,3/30/2022,BDT,1,Released,2479349.4000000004,1,0
19,2,0,1/2/2023,BDT,1,Released,2696941.41,1,0
20,36,150,6/15/2022,USD,97.7,Released,773642.39,2,0
21,60,50,9/1/2021,CNY,85.35,Released,158160.48,1,0
22,25,349,11/26/2023,BDT,1,Released,66821.42,3,0
23,75,869,5/5/2023,BDT,1,Released,856256.3999999999,3,0
24,149,1690,8/25/2023,CNY,107.28,Released,60503.259999999995,4,0
25,127,427,5/19/2023,BDT,1,Released,990546.38,6,0
26,13,0,8/21/2023,USD,110.2,Released,198115.33000000002,3,1
27,38,1002,5/9/2021,BDT,1,Released,698684,6,0
28,35,778,1/28/2022,BDT,1,Released,2142642.56,4,0
29,73,1904,6/10/2020,CNY,85.19,Released,7112.53,6,0
30,89,1788,6/8/2022,CNY,97.15,Released,6779.7699999999995,1,0
31,148,118,10/17/2021,BDT,1,Released,3400235,1,0
32,65,903,1/1/2023,BDT,1,Released,30085.48,6,0
33,18,0,10/8/2021,BDT,1,Released,3748874,3,0
34,136,0,8/27/2021,BDT,1,Released,4611331,1,0
35,78,1167,8/30/2023,BDT,1,Released,1991001.14,2,0
36,147,771,5/24/2022,BDT,1,Released,251427.98,1,0
37,7,1472,2/15/2023,BDT,1,Released,2128255.39,1,0
38,1,0,9/10/2020,USD,84.55,Released,16649.3,6,0
39,7,1046,8/30/2023,BDT,1,Released,3410139.84,1,0
40,18,1614,8/9/2023,BDT,1,Released,2344055.83,3,0
41,57,1495,8/29/2021,BDT,1,Released,3571014,1,0
42,45,2370,11/30/2021,BDT,1,Released,1240041,3,0
43,116,0,10/12/2023,BDT,1,Released,4624640.6,1,0
44,33,1750,1/7/2022,USD,87.89,Released,24786.79,6,0
45,72,51,11/19/2022,BDT,1,Released,2583540.32,1,0
46,36,0,1/12/2023,USD,109.11,Released,75417.47,2,0
47,76,1576,8/7/2020,BDT,1,Released,4713964,1,0
48,114,0,4/26/2023,BDT,1,Released,2778588.96,3,0
49,95,185,4/27/2022,BDT,1,Released,873940.73,4,0
50,18,0,4/24/2021,BDT,1,Released,1306625,3,0
51,80,0,8/11/2022,BDT,1,Released,4338820.83,2,0
52,136,0,7/25/2023,BDT,1,Released,1791605.53,1,0
53,53,1381,10/23/2022,BDT,1,Released,595169.1000000001,2,0
54,96,1596,6/28/2021,BDT,1,Released,2743768,3,0
55,48,833,6/18/2023,USD,110.06,Released,450309.99,6,0
56,37,1982,7/16/2023,BDT,1,Released,5640911.550000001,2,0
57,28,710,6/26/2021,BDT,1,Released,907189,2,0
58,58,47,12/25/2022,BDT,1,Released,6311111.92,1,0
59,51,0,11/17/2021,BDT,1,Released,4250593,6,0
60,58,661,2/16/2022,BDT,1,Released,2801178,1,0
61,83,0,1/17/2021,BDT,1,Released,3530952,3,1
62,69,1076,9/29/2023,BDT,1,Released,4421667.01,3,0
63,15,0,9/11/2020,BDT,1,Released,2116365,5,0
64,149,2462,5/10/2023,CNY,106.54,Released,83968.2,4,0
65,134,1098,11/6/2022,BDT,1,Released,4226487.0600000005,1,0
66,57,1319,9/20/2021,BDT,1,Released,189930,1,0
67,103,1740,9/1/2023,USD,110,Released,180425.18,4,0
68,60,726,10/27/2023,CNY,105.92,Released,123561.23000000001,1,0
69,97,0,8/31/2020,USD,84.99,Released,483022.75,4,0
70,145,1909,5/27/2022,BDT,1,Released,5732162.33,3,0
71,93,1101,2/19/2023,BDT,1,Released,4146489.61,2,0
72,134,80,5/29/2020,BDT,1,Released,1822750,1,0
73,41,1943,5/22/2021,CNY,85.41,Released,149162.17,3,0
74,15,0,7/13/2021,BDT,1,Released,2595497,5,0
75,128,2034,10/24/2022,USD,107.39,Released,238783.78999999998,2,0
76,145,1557,10/27/2022,BDT,1,Released,3368843.8899999997,3,0
77,43,1725,12/31/2020,BDT,1,Released,8872502,4,0
78,130,0,3/8/2020,BDT,1,Released,116513,1,0
79,46,1316,5/4/2021,USD,85.94,Released,25896.850000000002,2,0
80,21,1680,1/22/2023,BDT,1,Released,3110790.2399999998,2,0
81,141,1473,4/28/2023,USD,108.42,Released,858136.2200000001,4,0
82,82,718,1/7/2023,CNY,107.77,Released,482540.43,6,0
83,67,0,12/9/2022,BDT,1,Released,8753761.07,4,0
84,117,0,7/22/2020,BDT,1,Released,3723437,3,0
85,138,0,7/31/2023,CNY,110.19,Released,624631.4,1,0
86,66,0,5/24/2023,BDT,1,Released,2452255.81,5,0
87,81,1682,4/2/2021,BDT,1,Released,3930607,3,0
88,16,238,10/9/2022,BDT,1,Released,3903118,2,0
89,131,1723,12/28/2023,BDT,1,Released,3465627.3000000003,5,0
90,56,1545,6/16/2023,BDT,1,Released,903548.26,5,0
91,3,1,5/30/2022,BDT,1,Released,3212969.2199999997,1,0
92,95,1680,1/22/2023,BDT,1,Released,1204044.64,4,0
93,27,1053,4/29/2022,BDT,1,Released,628798.4199999999,1,0
94,47,532,8/10/2022,CNY,102.44,Released,32440.55,2,0
95,27,1726,8/16/2022,BDT,1,Released,2842074.1799999997,1,0
96,135,1163,1/12/2023,USD,108.33,Released,715301.8999999999,3,0
97,107,118,6/2/2021,USD,85.95,Released,725531.45,4,0
98,3,296,10/7/2022,BDT,1,Released,869683.37,1,0
99,133,101,10/13/2022,BDT,1,Released,3846939.39,3,0
100,14,1587,3/23/2020,USD,85.17,Released,209651.37999999998,5,0
101,150,1904,10/3/2023,BDT,1,Released,734733.4500000001,6,0
102,87,810,6/8/2023,BDT,1,Released,4573477.26,1,0
103,122,241,6/16/2023,BDT,1,Released,4422955.18,5,0
104,106,0,6/23/2022,USD,97.96,Released,776691.23,2,0
105,61,359,10/14/2023,USD,106.26,Released,16082.970000000001,1,0
106,52,2168,8/2/2023,USD,106.27,Released,30656.82,3,0
107,148,2016,10/26/2023,BDT,1,Released,2701243.54,1,0
108,25,0,3/16/2023,BDT,1,Released,3101782.7199999997,3,0
109,26,0,2/9/2021,BDT,1,Released,3626632,1,0
110,1,1356,4/9/2022,USD,88.28,Released,9461.85,6,0
111,37,0,4/15/2020,BDT,1,Released,1849649,2,1
112,9,0,5/5/2021,BDT,1,Released,461403,3,0
113,49,286,11/19/2023,BDT,1,Released,5441186.87,4,0
114,26,953,7/14/2022,BDT,1,Released,1242642.92,1,0
115,47,562,7/8/2023,CNY,110.63,Released,32765.329999999998,2,0
116,131,653,8/31/2023,BDT,1,Released,2454421.89,5,0
117,82,489,4/22/2022,CNY,85.91,Released,122590.23999999999,6,0
118,93,1519,11/5/2022,BDT,1,Released,2321965.1,2,0
119,149,535,4/5/2022,CNY,88.02,Released,87118.83,4,0
120,39,271,8/14/2023,BDT,1,Released,4147158.37,1,0
121,40,763,7/3/2023,USD,107.39,Released,601061.7899999999,5,0
122,76,0,5/9/2021,BDT,1,Released,3320289,1,0
123,67,2401,3/5/2023,BDT,1,Released,4191174.4299999997,4,0
124,17,1794,8/18/2021,USD,85.08,Released,24396.38,4,0
125,44,2107,9/24/2022,BDT,1,Released,777915.41,3,0
126,130,1006,1/6/2023,BDT,1,Released,673416.46,1,0
127,61,0,1/27/2020,USD,85.48,Released,13537.89,1,0
128,90,199,3/18/2023,BDT,1,Released,1939544.3599999999,1,0
129,109,263,3/26/2021,BDT,1,Released,1591835,2,0
130,1,22,7/8/2023,USD,108.51,Released,5926.2,6,0
131,148,0,4/3/2022,BDT,1,Released,2641953.67,1,0
132,30,0,11/11/2020,BDT,1,Released,6700337,5,1
133,84,0,7/19/2021,BDT,1,Released,3089709,2,0
134,132,819,10/23/2023,USD,108.81,Released,109270.59999999999,6,0
135,130,1696,12/5/2023,BDT,1,Released,1870268.8,1,0
136,129,109,9/30/2021,USD,86.08,Released,4401.8,2,0
137,70,2209,10/13/2021,BDT,1,Released,1220187,6,0
138,29,2014,11/12/2023,BDT,1,Released,2165278.88,6,0
139,40,2001,8/16/2022,USD,102.05,Released,766476.54,5,0
140,109,607,9/30/2022,BDT,1,Released,5023834.989999999,2,0
141,122,0,2/21/2022,BDT,1,Released,2881850.81,5,0
142,147,1578,8/22/2022,BDT,1,Released,1859487.27,1,0
143,83,651,9/30/2022,BDT,1,Released,4719533.45,3,0
144,62,244,10/31/2021,USD,85.15,Released,466192.29999999993,3,0
145,5,236,12/30/2022,BDT,1,Released,57761.16,2,0
146,114,166,9/20/2022,BDT,1,Released,5051054.73,3,0
147,56,2435,10/19/2022,BDT,1,Released,3377217.72,5,0
148,56,425,8/16/2023,BDT,1,Released,1472740.29,5,0
149,126,0,9/24/2020,BDT,1,Released,1606613,5,0
150,17,701,7/7/2022,USD,99.69,Released,6626.219999999999,4,0
151,9,512,12/23/2023,BDT,1,Released,818627.77,3,0
152,66,0,6/30/2021,BDT,1,Released,4482403,5,0
153,108,2296,10/4/2023,CNY,108.44,Released,284955.5,3,0
154,127,0,8/23/2021,BDT,1,Released,3893362,6,0
155,121,1865,3/12/2022,USD,86.83,Released,40756.020000000004,4,0
156,22,2012,1/11/2023,BDT,1,Released,3905703.66,3,0
157,104,1857,5/27/2023,BDT,1,Released,6194741.2,3,0
158,133,428,6/5/2022,BDT,1,Released,6488068.85,3,0
159,123,1537,10/28/2022,USD,107.6,Released,124885.67,2,0
160,29,0,2/13/2021,BDT,1,Released,3630532,6,0
161,101,570,3/18/2023,BDT,1,Released,7237606.890000001,3,0
162,128,96,12/26/2023,USD,109.5,Released,81302.65,2,0
163,141,2001,10/5/2022,USD,107.13,Released,246043.46999999997,4,0
164,54,512,12/23/2023,CNY,110.22,Released,321163.83,5,0
165,13,0,10/10/2021,USD,85.66,Released,21401.61,3,1
166,79,366,3/7/2022,BDT,1,Released,2813969.84,1,0
167,134,2066,9/11/2020,BDT,1,Released,3679670,1,0
168,61,936,2/23/2022,USD,86.52,Released,60498.26,1,0
169,44,1705,3/31/2023,BDT,1,Released,5017156.38,3,0
170,34,0,4/10/2020,BDT,1,Released,5061593,2,0
171,77,486,10/30/2021,BDT,1,Released,4613977,2,0
172,99,2115,1/10/2023,BDT,1,Released,2234633.35,6,0
173,23,1950,3/5/2023,BDT,1,Released,1715115.28,2,0
174,60,0,10/17/2020,CNY,84.87,Released,431138,1,0
175,54,2214,1/4/2022,CNY,86.67,Released,96966.33,5,0
176,145,1094,6/20/2023,BDT,1,Released,2966782.5,3,0
177,36,258,3/5/2022,USD,86.21,Released,22268.07,2,0
178,63,530,7/10/2022,BDT,1,Released,1323253.52,3,0
179,41,2370,5/31/2023,CNY,109.73,Released,122669.42,3,0
180,13,1470,5/1/2023,USD,106.95,Released,29448.129999999997,3,0
181,31,1183,5/14/2020,BDT,1,Released,111392,1,0
182,48,698,2/17/2023,USD,106.46,Released,466282.04,6,0
183,104,0,6/22/2021,BDT,1,Released,4750118,3,0
184,145,1433,8/15/2023,BDT,1,Released,7410709.72,3,0
185,143,471,7/24/2022,USD,99.72,Released,282722.98,6,0
186,50,2102,7/27/2021,USD,85.91,Released,39430.270000000004,3,0
187,10,989,6/4/2022,CNY,97.7,Released,279419.34,1,0
188,87,898,12/5/2021,BDT,1,Released,6616936,1,0
189,89,332,8/21/2022,CNY,102.44,Released,98240.1,1,0
190,59,2320,5/31/2020,BDT,1,Released,2510870,5,0
191,103,0,6/14/2022,USD,97.26,Released,280808.61,4,0
192,129,1285,5/12/2022,USD,95.11,Released,77721,2,0
193,94,1646,12/12/2023,BDT,1,Released,2128194.62,1,0
194,144,1572,3/16/2023,USD,107.06,Released,357710.87,6,0
195,98,138,2/25/2022,USD,87.06,Released,5384.45,3,0
196,62,2095,10/19/2022,USD,107.15,Released,99215,3,0
197,57,2097,10/5/2023,BDT,1,Released,3218999.56,1,0
198,8,2360,2/21/2022,BDT,1,Released,1220987.48,3,0
199,18,634,4/1/2023,BDT,1,Released,5469915.609999999,3,0
200,6,1822,12/21/2022,USD,112.79,Released,577387.92,6,0
201,1,1264,7/29/2023,USD,109.84,Released,17744.08,6,0
202,101,1202,4/25/2023,BDT,1,Released,2894402.87,3,0
203,45,0,6/28/2020,BDT,1,Released,3103077,3,0
204,4,1832,5/17/2022,BDT,1,Released,4504177.28,3,0
205,134,530,7/10/2022,BDT,1,Released,3648350.0599999996,1,0
206,67,1143,9/4/2023,BDT,1,Released,5113035.54,4,0
207,42,1611,8/27/2022,USD,102.49,Released,24077.82,3,0
208,126,100,3/18/2023,BDT,1,Released,8330047.4,5,0
209,105,0,12/7/2023,BDT,1,Released,5064522.6,5,1
210,35,1143,12/12/2023,BDT,1,Released,3470187.38,4,0
211,10,1797,12/6/2021,CNY,85.42,Released,44649.119999999995,1,0
212,18,859,12/22/2020,BDT,1,Released,5314132,3,0
213,28,790,5/4/2023,BDT,1,Released,4409257.51,2,0
214,7,1634,9/1/2023,BDT,1,Released,3352508.83,1,0
215,38,1073,12/6/2023,BDT,1,Released,2799454.0300000003,6,0
216,92,0,9/19/2021,BDT,1,Released,3676980,2,0
217,12,1158,12/26/2023,USD,109.64,Released,39914.84,2,0
218,92,506,2/25/2021,BDT,1,Released,1635263,2,0
219,45,0,5/2/2022,BDT,1,Released,5858609.25,3,0
220,110,0,4/11/2023,BDT,1,Released,3761228.7800000003,3,0
221,13,1109,3/25/2023,USD,108.19,Released,33158.97,3,0
222,6,411,9/2/2022,USD,104.73,Released,447219.41000000003,6,0
223,50,387,2/13/2021,USD,85.79,Released,61908.93000000001,3,0
224,61,916,1/19/2020,USD,85.13,Released,17201.14,1,0
225,48,1312,7/27/2023,USD,110.41,Released,176997.24,6,0
226,143,1648,6/18/2023,USD,107.3,Released,272140.61,6,0
227,48,0,12/30/2020,USD,84.61,Released,329309.61,6,0
228,124,1244,4/7/2021,USD,85.57,Released,357111.77999999997,5,0
229,49,0,3/28/2023,BDT,1,Released,4608691.47,4,0
230,67,300,1/24/2022,BDT,1,Released,4058952.48,4,0
231,34,1698,8/1/2023,BDT,1,Released,1843556.27,2,0
232,1,546,7/15/2022,USD,99.83,Released,48089.090000000004,6,0
233,61,1551,1/9/2022,USD,86.73,Released,105050.61,1,0
234,66,1283,4/15/2023,BDT,1,Released,3709434.26,5,0
235,145,986,11/30/2023,BDT,1,Released,425169.38,3,0
236,30,0,1/19/2023,BDT,1,Released,3421160.67,5,1
237,12,106,9/6/2023,USD,108.2,Released,332264.59,2,0
238,19,2397,9/6/2020,USD,85.09,Released,1053661.75,1,0
239,12,1230,11/4/2022,USD,109.96,Released,552824.04,2,0
240,118,717,11/25/2022,BDT,1,Released,2163690.93,2,0
241,60,848,6/26/2023,CNY,107.74,Released,426460.57,1,0
242,120,1431,7/14/2020,BDT,1,Released,771390,3,0
243,114,2390,9/12/2022,BDT,1,Released,3144829.94,3,0
244,150,712,2/17/2022,BDT,1,Released,2483439.61,6,0
245,42,2125,4/7/2023,USD,110.27,Released,104782.97,3,0
246,8,1474,9/2/2023,BDT,1,Released,1583883.1199999999,3,0
247,100,1257,10/16/2023,USD,106.21,Released,53221.87,5,0
248,21,218,6/9/2023,BDT,1,Released,3056258.92,2,0
249,137,487,5/31/2023,USD,106.52,Released,1009.1,2,0
250,36,1201,3/3/2021,USD,84.88,Released,13253.16,2,0
251,2,1808,9/22/2020,BDT,1,Released,3570239,1,0
252,63,2111,2/28/2023,BDT,1,Released,577445.42,3,0
253,23,645,1/12/2022,BDT,1,Released,481294.54,2,0
254,55,2490,10/8/2020,BDT,1,Released,1809078,1,0
255,75,0,1/15/2022,BDT,1,Released,2216781.89,3,0
256,97,832,12/31/2023,USD,109.61,Released,804309.75,4,0
257,110,0,9/30/2022,BDT,1,Released,4342583.35,3,0
258,72,0,6/19/2021,BDT,1,Released,594128,1,0
259,68,412,9/11/2022,BDT,1,Released,3842868.7199999997,1,0
260,123,1055,7/31/2022,USD,100.05,Released,62303.350000000006,2,0
261,35,750,5/23/2022,BDT,1,Released,807032.8099999999,4,0
262,35,803,9/24/2022,BDT,1,Released,2825779.76,4,0
263,20,0,10/10/2020,BDT,1,Released,2876036,4,1
264,70,1726,10/23/2023,BDT,1,Released,930010.5,6,0
265,11,458,7/3/2022,BDT,1,Released,5063716.37,5,0
266,19,1285,12/26/2020,USD,84.83,Released,208097.56,1,0
267,78,2038,8/5/2023,BDT,1,Released,2867983.5,2,0
268,33,2447,11/25/2022,USD,109.87,Released,22865.780000000002,6,0
269,37,1950,3/5/2023,BDT,1,Released,285729.22,2,0
270,98,2427,2/2/2023,USD,111.06,Released,16798.85,3,0
271,23,0,2/12/2021,BDT,1,Released,2054216,2,0
272,64,2192,3/14/2021,BDT,1,Released,1194786,1,0
273,130,1752,8/19/2021,BDT,1,Released,1661449,1,0
274,88,761,4/17/2020,BDT,1,Released,1521675,2,0
275,24,2491,2/11/2023,BDT,1,Released,1223985.6400000001,4,0
276,33,728,5/3/2023,USD,107.22,Released,711.72,6,0
277,106,1349,5/10/2021,USD,85.27,Released,20449,2,0
278,147,0,11/22/2023,BDT,1,Released,898287.33,1,0
279,122,1065,6/1/2022,BDT,1,Released,1031552.6399999999,5,0
280,40,598,5/23/2023,USD,108.72,Released,228938.84,5,0
281,69,2155,12/10/2022,BDT,1,Released,8146626.6,3,0
282,97,109,6/5/2023,USD,110,Released,27822.71,4,0
283,50,1337,8/25/2023,USD,107.76,Released,667719.5599999999,3,0
284,75,0,5/27/2023,BDT,1,Released,2264852.26,3,0
285,91,1788,6/8/2022,BDT,1,Released,2107548.36,6,0
286,2,1495,8/29/2022,BDT,1,Released,5379435.14,1,0
287,19,0,1/31/2021,USD,86.19,Released,107042.67,1,1
288,142,811,11/19/2022,BDT,1,Released,1737213.31,6,0
289,122,738,11/3/2022,BDT,1,Released,6009714.6,5,0
290,69,1751,4/23/2023,BDT,1,Released,6814500.550000001,3,0
291,60,1684,12/25/2021,CNY,85.5,Released,295218.38,1,0
292,145,78,9/28/2022,BDT,1,Released,6354086.6,3,0
293,114,2404,9/21/2023,BDT,1,Released,5624180.97,3,0
294,12,0,12/29/2020,USD,85.36,Released,166775.4,2,0
295,60,1561,2/24/2023,CNY,110.2,Released,809659.6,1,0
296,85,958,12/3/2023,CNY,106.35,Released,103791.69,1,0
297,53,628,3/19/2022,BDT,1,Released,1021110.13,2,0
298,135,987,11/8/2023,USD,107.82,Released,419524.8,3,0
299,92,0,5/25/2020,BDT,1,Released,2135490,2,0
300,25,1709,1/18/2023,BDT,1,Released,3608781.99,3,0
301,67,0,8/26/2023,BDT,1,Released,3846318.41,4,0
302,127,733,12/9/2023,BDT,1,Released,2867160.31,6,0
303,150,2183,4/13/2021,BDT,1,Released,833658,6,0
304,102,1826,5/31/2023,BDT,1,Released,1294710.13,4,0
305,94,0,2/19/2023,BDT,1,Released,4599780.67,1,0
306,73,0,11/27/2020,CNY,84.78,Released,31845.09,6,0
307,147,1891,11/21/2022,BDT,1,Released,425834.26,1,0
308,125,619,7/1/2023,BDT,1,Released,6048039.36,6,0
309,144,0,7/30/2023,USD,106.05,Released,8169.960000000001,6,1
310,1,0,3/24/2021,USD,85.8,Released,56755.7,6,0
311,72,2063,4/1/2020,BDT,1,Released,799392,1,0
312,107,1304,8/14/2023,USD,109.26,Released,216470.52,4,0
313,110,1511,8/23/2020,BDT,1,Released,2528307,3,0
314,114,540,5/11/2021,BDT,1,Released,2501167,3,0
315,143,2403,8/25/2023,USD,110.76,Released,55548.57,6,0
316,91,0,7/23/2020,BDT,1,Released,1905871,6,0
317,86,539,2/24/2023,BDT,1,Released,4729468.49,5,0
318,38,30,9/7/2022,BDT,1,Released,3578279.22,6,0
319,149,0,1/6/2021,CNY,85.65,Released,1071057.1600000001,4,0
320,107,739,9/3/2023,USD,106.47,Released,163917.19,4,0
321,55,725,9/28/2023,BDT,1,Released,2017877.8200000003,1,0
322,24,1056,10/7/2022,BDT,1,Released,4140748.13,4,0
323,103,0,10/5/2020,USD,85.39,Released,1115109.94,4,0
324,127,261,9/23/2021,BDT,1,Released,5524604,6,0
325,83,517,11/4/2023,BDT,1,Released,5218251,3,0
326,131,484,9/4/2023,BDT,1,Released,9015757.47,5,0
327,117,0,7/19/2023,BDT,1,Released,1182656.0899999999,3,0
328,124,610,9/14/2023,USD,107.93,Released,292190.95,5,0
329,124,1393,8/21/2023,USD,108.66,Released,12037.02,5,0
330,25,261,2/4/2023,BDT,1,Released,1458454.79,3,0
331,139,1131,11/3/2022,USD,109.66,Released,583619.45,6,0
332,87,783,1/23/2023,BDT,1,Released,1244112.96,1,0
333,95,380,7/30/2020,BDT,1,Released,510788,4,0
334,12,0,10/2/2023,USD,107.28,Released,94002.91,2,0
335,127,2208,11/30/2021,BDT,1,Released,621190,6,0
336,11,114,5/2/2022,BDT,1,Released,3315703.94,5,0
337,92,221,7/22/2022,BDT,1,Released,3642414.4299999997,2,0
338,138,1171,11/30/2021,CNY,86,Released,974400.78,1,0
339,78,2063,5/2/2021,BDT,1,Released,3538358,2,0
340,22,84,10/30/2023,BDT,1,Released,7081671.97,3,0
341,18,92,12/29/2022,BDT,1,Released,217723.78,3,0
342,110,1389,10/29/2023,BDT,1,Released,440664.32,3,0
343,93,209,6/30/2022,BDT,1,Released,2114320.56,2,0
344,104,2440,2/18/2023,BDT,1,Released,3263942.27,3,0
345,131,1961,9/19/2022,BDT,1,Released,1306450.89,5,0
346,98,182,10/15/2022,USD,107.94,Released,309970.83999999997,3,0
347,31,316,6/11/2023,BDT,1,Released,11912.35,1,0
348,84,1161,8/16/2023,BDT,1,Released,940282.87,2,0
349,36,1970,1/9/2021,USD,84.97,Released,23044.66,2,0
350,126,2173,7/28/2022,BDT,1,Released,1085884.97,5,0
351,9,958,9/9/2022,BDT,1,Released,910956.71,3,0
352,73,858,8/19/2023,CNY,109.3,Released,106271.57,6,0
353,87,856,2/13/2021,BDT,1,Released,2991360,1,0
354,39,350,1/19/2023,BDT,1,Released,2878482.62,1,0
355,55,178,10/21/2023,BDT,1,Released,2240690.7199999997,1,0
356,81,730,7/4/2023,BDT,1,Released,4458878.88,3,0
357,136,1785,11/8/2023,BDT,1,Released,4698772.23,1,0
358,62,2133,3/23/2023,USD,111.43,Released,711180.9600000001,3,0
359,84,703,9/20/2022,BDT,1,Released,1253195,2,0
360,109,2076,9/24/2022,BDT,1,Released,2650383.64,2,0
361,37,0,12/4/2023,BDT,1,Released,2015580.1700000002,2,1
362,9,0,4/21/2020,BDT,1,Released,2288884,3,0
363,60,353,6/21/2023,CNY,106.3,Released,246136.55,1,0
364,127,0,11/18/2022,BDT,1,Released,2307909.72,6,0
365,58,0,8/18/2021,BDT,1,Released,2524396,1,0
366,38,1779,5/1/2023,BDT,1,Released,3914606.0700000003,6,0
367,91,1437,7/16/2023,BDT,1,Released,4985858.78,6,0
368,16,576,10/28/2022,BDT,1,Released,1377754.65,2,0
369,39,1802,2/24/2022,BDT,1,Released,2807063.67,1,0
370,64,427,5/19/2023,BDT,1,Released,3671800.27,1,0
371,79,964,5/1/2021,BDT,1,Released,89999,1,0
372,35,1402,12/2/2020,BDT,1,Released,1442244,4,0
373,62,1519,11/5/2022,USD,109.56,Released,513142.48,3,0
374,142,1844,12/15/2021,BDT,1,Released,3309962,6,0
375,39,1512,9/8/2023,BDT,1,Released,2860951.4699999997,1,0
376,135,2228,4/17/2022,USD,87.03,Released,805586.9700000001,3,0
377,91,0,10/26/2023,BDT,1,Released,3185600.31,6,0
378,11,1276,11/30/2023,BDT,1,Released,4046090.35,5,0
379,11,214,9/2/2023,BDT,1,Released,1855906.58,5,0
380,35,1896,8/15/2023,BDT,1,Released,3467495.5100000002,4,0
381,88,0,1/19/2022,BDT,1,Released,4580979.44,2,0
382,51,0,7/2/2021,BDT,1,Released,587120,6,0
383,31,0,11/12/2021,BDT,1,Released,5423967,1,1
384,21,2126,6/3/2021,BDT,1,Released,3885790,2,0
385,110,964,4/18/2022,BDT,1,Released,5585122.98,3,0
386,62,1008,9/7/2021,USD,85.54,Released,2969.19,3,0
387,99,1974,2/5/2023,BDT,1,Released,4620375.7,6,0
388,107,0,3/23/2021,USD,85.43,Released,31642.149999999998,4,0
389,27,1326,9/12/2021,BDT,1,Released,292820,1,0
390,48,1334,5/21/2020,USD,84.86,Released,29011.42,6,0
391,85,0,2/20/2022,CNY,86.82,Released,81832.53,1,0
392,69,737,7/16/2022,BDT,1,Released,3669723.6799999997,3,0
393,104,2400,9/15/2022,BDT,1,Released,6514075.05,3,0
394,148,921,6/26/2021,BDT,1,Released,6158766,1,0
395,94,1154,3/25/2022,BDT,1,Released,4183282.56,1,0
396,48,2178,8/16/2022,USD,102.7,Released,41382.07,6,0
397,91,2473,10/2/2023,BDT,1,Released,3459228,6,0
398,19,1351,2/2/2023,USD,110.09,Released,1216149.0899999999,1,0
399,47,1829,11/9/2023,CNY,106.76,Released,49204.35,2,0
400,77,2298,12/28/2021,BDT,1,Released,5990754,2,0
401,39,2397,6/17/2022,BDT,1,Released,434698.7,1,0
402,16,1201,12/26/2023,BDT,1,Released,995428.75,2,0
403,105,784,11/7/2023,BDT,1,Released,3848562.08,5,0
404,115,0,4/3/2021,USD,85.46,Released,720405.61,5,0
405,113,0,3/18/2023,BDT,1,Released,3584068.13,6,0
406,16,0,10/28/2021,BDT,1,Released,3737257,2,0
407,7,0,4/21/2022,BDT,1,Released,5226641.890000001,1,0
408,76,1620,6/25/2023,BDT,1,Released,1855025.34,1,0
409,79,0,1/18/2021,BDT,1,Released,6751351,1,1
410,53,708,12/10/2023,BDT,1,Released,4067854.92,2,0
411,10,1663,12/5/2023,CNY,107.97,Released,397861.89,1,0
412,48,2128,3/30/2023,USD,107.2,Released,770745.15,6,0
413,80,2322,7/10/2022,BDT,1,Released,2520808.94,2,0
414,61,1963,5/24/2022,USD,94.53,Released,9448.43,1,0
415,73,0,8/10/2023,CNY,108.58,Released,293313.43,6,0
416,137,961,10/28/2021,USD,84.83,Released,23817.51,2,0
417,145,692,10/7/2022,BDT,1,Released,2058485.99,3,0
418,53,799,10/27/2020,BDT,1,Released,3048178,2,0
419,65,134,12/13/2022,BDT,1,Released,2560420.23,6,0
420,132,2072,6/19/2023,USD,106.59,Released,851717.09,6,0
421,3,440,2/5/2021,BDT,1,Released,1140606,1,0
422,150,1604,6/17/2022,BDT,1,Released,2756995.55,6,0
423,49,1373,1/8/2023,BDT,1,Released,335382.47,4,0
424,106,527,3/9/2021,USD,84.85,Released,173410.93999999997,2,0
425,30,2189,12/31/2023,BDT,1,Released,1246729.68,5,0
426,32,863,12/18/2022,USD,112.96,Released,21602.9,5,0
427,93,701,6/6/2022,BDT,1,Released,3183047.87,2,0
428,112,664,10/6/2021,BDT,1,Released,1462880,6,0
429,109,0,11/8/2021,BDT,1,Released,374935,2,1
430,24,1411,9/4/2021,BDT,1,Released,2336293,4,0
431,89,682,12/28/2023,CNY,106.51,Released,194108.94999999998,1,0
432,63,1329,11/22/2023,BDT,1,Released,1353796.45,3,0
433,102,2126,11/14/2023,BDT,1,Released,4903700.27,4,0
434,6,139,9/9/2023,USD,106.64,Released,587282.19,6,0
435,141,0,1/18/2021,USD,85.53,Released,70940.45,4,0
436,115,0,3/26/2021,USD,85.8,Released,416464.09,5,0
437,141,820,11/26/2023,USD,108.93,Released,313488.85,4,0
438,146,0,11/17/2022,BDT,1,Released,5178370.4,2,1
439,44,0,8/10/2021,BDT,1,Released,4121388,3,0
440,63,0,7/5/2022,BDT,1,Released,254126.6,3,0
441,74,2129,4/28/2022,BDT,1,Released,2525971.66,4,0
442,10,1798,9/27/2021,CNY,84.83,Released,721006.1599999999,1,0
443,89,1037,7/27/2023,CNY,110.65,Released,20809.15,1,0
444,122,124,1/26/2022,BDT,1,Released,4402403.8100000005,5,0
445,3,0,2/13/2021,BDT,1,Released,1054684,1,0
446,85,1538,6/22/2022,CNY,97.34,Released,757435.52,1,0
447,33,1981,7/7/2023,USD,108.93,Released,338857.61,6,0
448,4,2292,2/3/2023,BDT,1,Released,1813463.95,3,0
449,62,0,5/7/2023,USD,108.86,Released,25166.49,3,0
450,74,388,2/20/2023,BDT,1,Released,3752232.98,4,0
451,56,88,8/7/2021,BDT,1,Released,4559794,5,0
452,94,2445,1/22/2023,BDT,1,Released,1795760.49,1,0
453,35,0,4/26/2023,BDT,1,Released,523420.7899999999,4,0
454,137,0,9/29/2022,USD,105.27,Released,195711.84,2,0
455,21,1331,12/11/2022,BDT,1,Released,6817286.99,2,0
456,71,1565,6/28/2023,CNY,110.09,Released,233872.76,3,0
457,45,442,5/23/2023,BDT,1,Released,1985280.08,3,0
458,5,218,2/27/2023,BDT,1,Released,1356141.5,2,0
459,10,479,3/16/2023,CNY,109.41,Released,1216064.99,1,0
460,96,1817,7/5/2023,BDT,1,Released,1139403.28,3,0
461,100,465,6/24/2021,USD,86.32,Released,16917.91,5,0
462,18,861,5/31/2023,BDT,1,Released,5395361.26,3,0
463,59,1832,5/22/2023,BDT,1,Released,3041350.7600000002,5,0
464,146,371,11/30/2023,BDT,1,Released,3591132.8899999997,2,0
465,1,418,11/10/2023,USD,107.36,Released,58508.75,6,0
466,76,1100,12/18/2020,BDT,1,Released,2713826,1,0
467,20,887,3/13/2022,BDT,1,Released,1352675.87,4,0
468,138,1866,10/4/2022,CNY,107.02,Released,578740.37,1,0
469,127,2075,12/27/2022,BDT,1,Released,5028012.81,6,0
470,10,0,2/14/2020,CNY,85.45,Released,897650.51,1,1
471,91,1204,12/13/2023,BDT,1,Released,4939128.76,6,0
472,38,1248,5/26/2023,BDT,1,Released,3706207.27,6,0
473,54,1424,3/23/2021,CNY,85.25,Released,387683.81,5,0
474,140,0,6/23/2022,CNY,97.75,Released,8835.86,6,0
475,2,1915,12/25/2020,BDT,1,Released,5372827,1,0
476,1,2387,10/27/2021,USD,85.4,Released,51932.08,6,0
477,22,1921,8/1/2022,BDT,1,Released,6940290.26,3,0
478,116,0,2/25/2021,BDT,1,Released,5260984,1,0
479,110,1800,12/18/2022,BDT,1,Released,3365712.64,3,0
480,32,0,5/9/2020,USD,85.46,Released,7037.36,5,1
481,44,214,9/2/2023,BDT,1,Released,5067816.24,3,0
482,47,629,10/29/2022,CNY,107.35,Released,22947.199999999997,2,0
483,34,0,2/28/2020,BDT,1,Released,2947336,2,0
484,22,485,10/27/2021,BDT,1,Released,3377778,3,0
485,96,2352,6/1/2023,BDT,1,Released,2715295.48,3,0
486,77,687,10/21/2021,BDT,1,Released,8125347,2,0
487,140,87,9/25/2022,CNY,105.09,Released,125634.97,6,0
488,41,1826,11/6/2021,CNY,85.37,Released,184238.73,3,0
489,17,1381,9/17/2021,USD,85.35,Released,10460.3,4,0
490,150,939,12/15/2022,BDT,1,Released,755388.06,6,0
491,119,10,5/18/2022,BDT,1,Released,1976864.81,1,0
492,7,616,3/1/2023,BDT,1,Released,2570269.6100000003,1,0
493,13,0,10/4/2020,USD,85.21,Released,314167.11,3,1
494,137,526,10/22/2022,USD,107.71,Released,34286.73,2,0
495,38,418,9/11/2022,BDT,1,Released,5321960.83,6,0
496,110,794,7/13/2023,BDT,1,Released,3036082.5300000003,3,0
497,94,1873,4/8/2023,BDT,1,Released,4369333.6899999995,1,0
498,75,1517,6/16/2023,BDT,1,Released,808878.64,3,0
499,10,2259,10/31/2023,CNY,106.46,Released,265460.14,1,0
500,106,1141,5/15/2023,USD,107.27,Released,140490.12999999998,2,0
501,58,1021,11/1/2023,BDT,1,Released,3909285.17,1,0
502,50,206,10/22/2021,USD,85.43,Released,508329.08,3,0
503,119,1855,5/16/2022,BDT,1,Released,3716086.3,1,0
504,67,389,4/20/2023,BDT,1,Released,824549.57,4,0
505,2,222,11/30/2023,BDT,1,Released,3554717.41,1,0
506,33,0,8/14/2020,USD,85.03,Released,27296.31,6,0
507,6,653,8/31/2023,USD,107.27,Released,85929.29999999999,6,0
508,1,524,7/20/2021,USD,85.35,Released,21881.44,6,0
509,94,0,10/7/2022,BDT,1,Released,4898530.140000001,1,0
510,130,0,12/5/2023,BDT,1,Released,3349502.4400000004,1,0
511,1,2366,2/13/2022,USD,86.23,Released,52995.89,6,0
512,110,1107,5/28/2023,BDT,1,Released,1717103.33,3,0
513,124,1446,7/11/2022,USD,99.99,Released,86043.83,5,0
514,84,1056,10/7/2022,BDT,1,Released,7085053.58,2,0
515,62,0,1/18/2020,USD,85.21,Released,13311.16,3,0
516,48,0,2/20/2021,USD,85.43,Released,808772.6199999999,6,0
517,117,399,5/2/2021,BDT,1,Released,4145578,3,0
518,17,2079,10/3/2022,USD,107.62,Released,4047.17,4,0
519,134,1348,11/22/2021,BDT,1,Released,617757,1,0
520,110,0,10/19/2020,BDT,1,Released,5809766,3,0
521,96,848,10/6/2023,BDT,1,Released,1702602.06,3,0
522,70,0,12/17/2023,BDT,1,Released,6052800.21,6,1
523,80,0,11/23/2023,BDT,1,Released,143217.01,2,0
524,97,2070,7/20/2020,USD,85.25,Released,40079.18,4,0
525,33,2031,1/28/2022,USD,85.93,Released,83483.52,6,0
526,100,1273,12/26/2023,USD,110.12,Released,57995.51,5,0
527,24,1214,10/6/2023,BDT,1,Released,845036.16,4,0
528,109,834,9/8/2023,BDT,1,Released,4964748.81,2,0
529,115,0,7/2/2020,USD,85.34,Released,5321.73,5,0
530,88,2020,10/29/2023,BDT,1,Released,1101768.19,2,0
531,55,1500,11/1/2022,BDT,1,Released,3984047.41,1,0
532,60,1122,12/28/2021,CNY,85.3,Released,216897.5,1,0
533,46,1071,6/14/2023,USD,107.78,Released,50805.479999999996,2,0
534,7,1809,2/23/2022,BDT,1,Released,3030060.56,1,0
535,88,1336,9/21/2022,BDT,1,Released,4557824.96,2,0
536,121,1769,5/19/2021,USD,84.92,Released,9652.279999999999,4,0
537,27,1700,7/24/2021,BDT,1,Released,759798,1,0
538,27,1109,3/25/2023,BDT,1,Released,4506849.64,1,0
539,127,2370,9/9/2022,BDT,1,Released,4384865.2,6,0
540,27,0,4/10/2023,BDT,1,Released,3816240.7100000004,1,1
541,66,806,5/8/2021,BDT,1,Released,5790346,5,0
542,33,14,10/26/2023,USD,107.72,Released,347732,6,0
543,28,861,6/26/2023,BDT,1,Released,1548781.53,2,0
544,144,1908,12/2/2022,USD,112.93,Released,77693.88,6,0
545,127,1711,10/9/2023,BDT,1,Released,4557517.55,6,0
546,10,2124,11/2/2021,CNY,85.31,Released,620394.74,1,0
547,9,292,5/19/2022,BDT,1,Released,1122437.92,3,0
548,55,1747,7/31/2021,BDT,1,Released,66822,1,0
549,33,74,4/12/2022,USD,86.57,Released,56198.91,6,0
550,63,0,8/12/2022,BDT,1,Released,751460.5700000001,3,0
551,146,2437,9/15/2021,BDT,1,Released,3189510,2,0
552,78,778,4/10/2023,BDT,1,Released,63757.98,2,0
553,60,525,2/13/2023,CNY,108.46,Released,221376.7,1,0
554,123,0,2/8/2022,USD,86.11,Released,747037.57,2,0
555,19,1117,1/13/2021,USD,85.36,Released,254953.63999999998,1,0
556,145,0,12/16/2023,BDT,1,Released,7004098.32,3,0
557,36,358,4/23/2021,USD,85.62,Released,34630.84,2,0
558,139,0,10/13/2022,USD,107.61,Released,22762.68,6,0
559,110,624,3/8/2022,BDT,1,Released,2363635.15,3,0
560,123,0,2/24/2020,USD,85.07,Released,16913.46,2,0
561,65,1800,2/22/2023,BDT,1,Released,4086091.6100000003,6,0
562,35,0,8/13/2022,BDT,1,Released,1654584.44,4,0
563,54,39,7/25/2023,CNY,109.62,Released,422495.89,5,0
564,109,0,2/24/2020,BDT,1,Released,3298331,2,1
565,58,1265,5/29/2022,BDT,1,Released,5475165.77,1,0
566,108,0,1/9/2021,CNY,85.91,Released,15672.15,3,0
567,143,964,12/24/2021,USD,85.78,Released,218530.62,6,0
568,143,1894,4/10/2022,USD,86.09,Released,56951.72,6,0
569,109,893,8/10/2021,BDT,1,Released,1365126,2,0
570,108,705,3/26/2022,CNY,87.37,Released,364373.54000000004,3,0
571,48,2238,1/5/2022,USD,87.47,Released,23312.59,6,0
572,91,1046,8/30/2023,BDT,1,Released,3560744.3099999996,6,0
573,27,2459,10/24/2020,BDT,1,Released,5405851,1,0
574,142,1666,7/5/2023,BDT,1,Released,2421144.66,6,0
575,88,1185,12/26/2021,BDT,1,Released,192932,2,0
576,47,619,7/1/2023,CNY,106.51,Released,105009.99,2,0
577,59,2291,5/6/2022,BDT,1,Released,5520947.83,5,0
578,120,1418,5/9/2022,BDT,1,Released,935057.78,3,0
579,41,0,7/21/2020,CNY,85.42,Released,214397.55000000002,3,0
580,112,628,7/10/2022,BDT,1,Released,5128334.9,6,0
581,57,717,11/25/2022,BDT,1,Released,491201.30000000005,1,0
582,9,197,10/9/2022,BDT,1,Released,625201.73,3,0
583,112,1694,1/23/2022,BDT,1,Released,6690770.970000001,6,0
584,20,456,5/20/2023,BDT,1,Released,3395797.59,4,0
585,76,70,8/5/2023,BDT,1,Released,3999623.2399999998,1,0
586,74,0,4/7/2022,BDT,1,Released,831711.77,4,1
587,58,0,1/10/2020,BDT,1,Released,961330,1,0
588,90,1586,4/2/2023,BDT,1,Released,3949711.92,1,0
589,146,2075,12/27/2022,BDT,1,Released,6483961.24,2,0
590,52,2200,12/18/2021,USD,84.96,Released,169563.53999999998,3,0
591,142,2099,4/30/2021,BDT,1,Released,1289312,6,0
592,53,1883,11/1/2023,BDT,1,Released,1351154.66,2,0
593,139,1790,12/9/2021,USD,85.22,Released,135080.07,6,0
594,96,2202,10/25/2020,BDT,1,Released,2334758,3,0
595,93,1514,5/23/2023,BDT,1,Released,721933.16,2,0
596,5,2295,12/11/2022,BDT,1,Released,3441226.06,2,0
597,75,0,11/18/2021,BDT,1,Released,1056896,3,0
598,122,0,6/27/2021,BDT,1,Released,1569601,5,0
599,145,1922,1/9/2021,BDT,1,Released,3053186,3,0
600,31,2437,11/12/2022,BDT,1,Released,4744887.82,1,0
601,129,1965,10/2/2023,USD,107.33,Released,17250.72,2,0
602,66,420,10/27/2022,BDT,1,Released,240848.96,5,0
603,77,687,9/30/2020,BDT,1,Released,2632295,2,0
604,100,0,5/14/2023,USD,107.66,Released,6103.209999999999,5,0
605,112,2437,9/15/2021,BDT,1,Released,5344118,6,0
606,149,88,8/7/2021,CNY,86.23,Released,203222.49,4,0
607,10,611,3/9/2023,CNY,108.28,Released,20209.33,1,0
608,86,1863,9/18/2022,BDT,1,Released,640708.26,5,0
609,73,1315,7/23/2023,CNY,111.04,Released,41063.75,6,0
610,105,366,5/14/2022,BDT,1,Released,3392231.16,5,0
611,142,2331,12/29/2022,BDT,1,Released,1850769.29,6,0
612,47,1874,3/31/2021,CNY,85.06,Released,94793.06999999999,2,0
613,10,285,11/21/2021,CNY,85.77,Released,69340.29000000001,1,0
614,1,2371,9/1/2023,USD,109.12,Released,24589.989999999998,6,0
615,64,0,1/1/2023,BDT,1,Released,427283.36,1,0
616,58,1664,5/11/2023,BDT,1,Released,153640.53,1,0
617,106,718,4/28/2021,USD,84.93,Released,15883.42,2,0
618,104,2366,8/17/2022,BDT,1,Released,3210497.82,3,0
619,72,0,2/9/2021,BDT,1,Released,1615554,1,0
620,23,350,6/11/2020,BDT,1,Released,919421,2,0
621,70,342,3/11/2023,BDT,1,Released,7196148.29,6,0
622,75,1273,12/26/2023,BDT,1,Released,500716.94000000006,3,0
623,112,1584,7/15/2022,BDT,1,Released,331389.3,6,0
624,21,1644,8/25/2023,BDT,1,Released,3445330.7600000002,2,0
625,24,2297,5/14/2022,BDT,1,Released,1283778.7799999998,4,0
626,48,701,6/6/2022,USD,97.1,Released,17157.48,6,0
627,78,1483,4/18/2023,BDT,1,Released,5598852.399999999,2,0
628,131,2015,11/4/2023,BDT,1,Released,3884320.64,5,0
629,133,1457,10/11/2022,BDT,1,Released,5536734.9799999995,3,0
630,89,0,9/11/2021,CNY,85.21,Released,12714.31,1,0
631,129,1367,9/15/2023,USD,110.62,Released,228965.13999999998,2,0
632,60,656,7/26/2020,CNY,85.05,Released,420.24,1,0
633,78,506,8/21/2023,BDT,1,Released,3576766.08,2,0
634,56,0,5/29/2023,BDT,1,Released,2686116.69,5,1
635,78,546,9/6/2022,BDT,1,Released,2773541.37,2,0
636,60,372,3/7/2022,CNY,86.03,Released,115206.01999999999,1,0
637,134,2196,10/7/2023,BDT,1,Released,3242831.33,1,0
638,12,1357,11/29/2023,USD,110.34,Released,24055.61,2,0
639,138,1600,4/30/2023,CNY,108.14,Released,948.2,1,0
640,134,1835,7/29/2022,BDT,1,Released,1567388.85,1,0
641,13,0,12/12/2020,USD,84.96,Released,236266.16,3,1
642,29,332,5/28/2022,BDT,1,Released,1639889.2899999998,6,0
643,53,1876,9/11/2023,BDT,1,Released,3926915.24,2,0
644,18,2011,5/9/2022,BDT,1,Released,4170353.5,3,0
645,103,1812,8/8/2023,USD,107.11,Released,173797.13,4,0
646,28,693,11/27/2023,BDT,1,Released,1079079.15,2,0
647,18,2153,5/19/2022,BDT,1,Released,1292552.99,3,0
648,118,1097,5/24/2023,BDT,1,Released,1070075.96,2,0
649,127,2125,5/13/2022,BDT,1,Released,5020692.45,6,0
650,38,1417,5/5/2022,BDT,1,Released,992935.1699999999,6,0
651,14,0,12/26/2022,USD,112.15,Released,87595.27,5,0
652,143,0,1/13/2023,USD,109,Released,30907.11,6,0
653,66,1400,5/2/2022,BDT,1,Released,3708155.92,5,0
654,3,795,12/4/2021,BDT,1,Released,2299160,1,0
655,143,263,6/28/2021,USD,85.01,Released,58796.01,6,0
656,81,0,1/4/2022,BDT,1,Released,3199422.0300000003,3,0
657,35,2275,10/26/2023,BDT,1,Released,1415892.97,4,0
658,85,1724,2/27/2023,CNY,107.33,Released,406041.35,1,0
659,109,249,10/12/2022,BDT,1,Released,6527018.92,2,0
660,1,0,3/27/2022,USD,86.74,Released,92005.48999999999,6,0
661,57,0,11/11/2021,BDT,1,Released,153600,1,1
662,119,2099,12/15/2022,BDT,1,Released,1383812.76,1,0
663,115,1132,11/24/2023,USD,109.54,Released,513586.68,5,0
664,117,625,3/31/2022,BDT,1,Released,3969829.4299999997,3,0
665,48,1312,7/2/2022,USD,100.12,Released,725.48,6,0
666,122,256,2/15/2023,BDT,1,Released,1754581.8800000001,5,0
667,49,1196,9/4/2023,BDT,1,Released,2831828.88,4,0
668,120,1801,8/27/2023,BDT,1,Released,4174825.44,3,0
669,74,0,10/28/2021,BDT,1,Released,1765374,4,1
670,87,2223,7/21/2021,BDT,1,Released,1806688,1,0
671,41,576,10/12/2021,CNY,86.33,Released,252695.76,3,0
672,90,560,8/26/2023,BDT,1,Released,1799985.59,1,0
673,118,2108,10/29/2023,BDT,1,Released,3240120.47,2,0
674,148,1916,11/10/2023,BDT,1,Released,5640641.380000001,1,0
675,125,1182,12/3/2023,BDT,1,Released,6791975.89,6,0
676,25,2081,9/13/2023,BDT,1,Released,2579085.12,3,0
677,41,1057,7/23/2023,CNY,109.66,Released,876181.4,3,0
678,2,0,10/19/2023,BDT,1,Released,1510678.27,1,0
679,27,655,1/22/2022,BDT,1,Released,4110825.57,1,0
680,54,186,3/9/2020,CNY,85.42,Released,64672.12,5,0
681,111,156,7/30/2023,BDT,1,Released,3614199.73,5,0
682,61,776,6/11/2022,USD,97.84,Released,167364.5,1,0
683,19,501,4/26/2021,USD,85.21,Released,349895.4,1,0
684,49,1215,8/18/2023,BDT,1,Released,7883459.49,4,0
685,9,383,2/11/2023,BDT,1,Released,3240529.3600000003,3,0
686,57,0,1/30/2023,BDT,1,Released,4983617.88,1,1
687,32,17,5/4/2021,USD,85.79,Released,2707.2,5,0
688,25,2452,11/19/2023,BDT,1,Released,3253773.89,3,0
689,67,0,4/29/2020,BDT,1,Released,6177335,4,0
690,12,1982,12/13/2022,USD,112.86,Released,37915,2,0
691,80,154,3/18/2023,BDT,1,Released,4924259.42,2,0
692,46,1252,11/20/2023,USD,110.95,Released,111889.13,2,0
693,40,0,4/23/2023,USD,108.96,Released,401557.79000000004,5,0
694,128,277,1/23/2021,USD,85.54,Released,166449.13,2,0
695,40,547,8/16/2021,USD,85.33,Released,8811.66,5,0
696,81,392,7/6/2023,BDT,1,Released,4869101.1,3,0
697,33,1018,7/5/2023,USD,110.65,Released,411351.22000000003,6,0
698,79,0,10/25/2020,BDT,1,Released,1526155,1,1
699,139,2085,12/24/2023,USD,109.47,Released,593349.0499999999,6,0
700,30,951,9/18/2023,BDT,1,Released,3428984.13,5,0
701,48,1782,5/23/2021,USD,85.26,Released,211850.05000000002,6,0
702,110,0,10/11/2021,BDT,1,Released,5685346,3,0
703,62,0,2/13/2022,USD,88.18,Released,977147.71,3,0
704,13,2427,6/24/2023,USD,110.42,Released,6746.14,3,0
705,70,185,8/6/2023,BDT,1,Released,1925777.25,6,0
706,11,2217,11/21/2020,BDT,1,Released,4349966,5,0
707,109,1426,11/25/2022,BDT,1,Released,3756367.23,2,0
708,107,2224,8/26/2023,USD,110.52,Released,101171.38,4,0
709,120,97,8/6/2023,BDT,1,Released,5332085.35,3,0
710,98,543,6/6/2020,USD,85.08,Released,775577.38,3,0
711,122,0,1/7/2020,BDT,1,Released,3173063,5,0
712,28,1082,2/12/2022,BDT,1,Released,3466436.68,2,0
713,31,1980,5/10/2022,BDT,1,Released,437446.24,1,0
714,17,2353,3/18/2022,USD,87.2,Released,6021.68,4,0
715,145,190,11/11/2023,BDT,1,Released,3854404.85,3,0
716,82,1109,3/25/2023,CNY,106.65,Released,143169.98,6,0
717,26,1834,1/31/2023,BDT,1,Released,3489752.46,1,0
718,141,1765,12/29/2023,USD,106.34,Released,941640.32,4,0
719,73,0,6/28/2020,CNY,85.41,Released,7921.78,6,0
720,101,2328,8/28/2021,BDT,1,Released,5177821,3,0
721,58,1962,4/22/2023,BDT,1,Released,1166225.58,1,0
722,50,313,4/3/2022,USD,87.78,Released,79115.06,3,0
723,98,439,8/24/2022,USD,102.26,Released,938874.56,3,0
724,110,0,9/5/2020,BDT,1,Released,2341405,3,0
725,83,870,9/11/2021,BDT,1,Released,5343165,3,0
726,28,408,5/23/2023,BDT,1,Released,528398.13,2,0
727,22,863,11/27/2023,BDT,1,Released,5938651.12,3,0
728,103,738,10/19/2023,USD,107.54,Released,20910.620000000003,4,0
729,104,1946,10/26/2022,BDT,1,Released,5043269.82,3,0
730,12,2430,4/29/2022,USD,86.97,Released,1287.62,2,0
731,5,1846,6/19/2022,BDT,1,Released,4478297.899999999,2,0
732,54,994,4/26/2022,CNY,87.64,Released,526215.37,5,0
733,29,0,9/23/2022,BDT,1,Released,4171796.42,6,0
734,93,2234,3/3/2023,BDT,1,Released,5709504.09,2,0
735,99,1034,10/9/2022,BDT,1,Released,887368.73,6,0
736,67,0,12/22/2022,BDT,1,Released,5836599.6,4,0
737,123,1211,12/29/2022,USD,112.47,Released,20746,2,0
738,44,2007,9/5/2022,BDT,1,Released,3641966.95,3,0
739,56,1495,9/20/2023,BDT,1,Released,7113305.2700000005,5,0
740,69,19,12/27/2021,BDT,1,Released,5658974,3,0
741,38,0,8/21/2022,BDT,1,Released,2594343.85,6,0
742,77,2,8/19/2023,BDT,1,Released,4603915.46,2,0
743,124,690,8/19/2023,USD,108.55,Released,350230.43,5,0
744,65,355,12/26/2022,BDT,1,Released,1041101.83,6,0
745,51,2129,11/27/2021,BDT,1,Released,4741367,6,0
746,100,313,12/31/2022,USD,112.45,Released,29490.57,5,0
747,64,0,8/5/2023,BDT,1,Released,2136462.91,1,0
748,6,930,6/25/2023,USD,106.5,Released,659180.76,6,0
749,150,0,7/17/2021,BDT,1,Released,2143881,6,0
750,4,800,7/15/2023,BDT,1,Released,5993512.2,3,0
751,44,0,12/31/2020,BDT,1,Released,2559281,3,0
752,83,1901,12/23/2022,BDT,1,Released,6182594.97,3,0
753,47,1012,12/9/2022,CNY,112.47,Released,200990.52,2,0
754,90,204,11/29/2023,BDT,1,Released,4726722.76,1,0
755,17,2056,2/17/2022,USD,86.06,Released,25156,4,0
756,32,178,2/13/2023,USD,106.05,Released,7232.55,5,0
757,82,0,12/9/2022,CNY,112.65,Released,109413.29000000001,6,0
758,73,2156,2/15/2023,CNY,108.43,Released,26518.29,6,0
759,133,379,9/6/2021,BDT,1,Released,2845040,3,0
760,52,1489,3/13/2022,USD,86.91,Released,120097.08,3,0
761,47,1352,3/20/2023,CNY,109.57,Released,19061.11,2,0
762,19,1388,12/7/2023,USD,109.05,Released,815776.38,1,0
763,31,1299,4/3/2023,BDT,1,Released,438657.84,1,0
764,18,1453,7/26/2023,BDT,1,Released,2360164.21,3,0
765,42,994,3/6/2023,USD,107.55,Released,245095.28999999998,3,0
766,130,623,8/14/2023,BDT,1,Released,5007579.88,1,0
767,125,1557,3/9/2022,BDT,1,Released,2374296.62,6,0
768,117,707,6/2/2021,BDT,1,Released,777794,3,0
769,144,146,8/6/2023,USD,111.07,Released,661881,6,0
770,62,1251,3/20/2022,USD,86.59,Released,465944.23,3,0
771,77,0,12/2/2023,BDT,1,Released,3839732.1,2,1
772,111,2405,6/29/2023,BDT,1,Released,3271341.69,5,0
773,92,1257,10/16/2023,BDT,1,Released,397271.69,2,0
774,24,1544,2/28/2023,BDT,1,Released,32235.23,4,0
775,68,1539,2/13/2022,BDT,1,Released,4991100.24,1,0
776,116,261,6/3/2022,BDT,1,Released,2996446.8200000003,1,0
777,27,0,9/19/2020,BDT,1,Released,1047546,1,1
778,89,1568,8/28/2022,CNY,102.31,Released,17705.440000000002,1,0
779,60,211,8/4/2023,CNY,110.63,Released,377239.01,1,0
780,142,849,7/22/2023,BDT,1,Released,1130167.95,6,0
781,114,0,12/8/2023,BDT,1,Released,7382857.26,3,0
782,69,2389,7/8/2021,BDT,1,Released,2717228,3,0
783,46,929,8/13/2023,USD,106.43,Released,23816.710000000003,2,0
784,27,1240,9/13/2021,BDT,1,Released,3340654,1,0
785,58,279,8/4/2022,BDT,1,Released,3499329.19,1,0
786,126,806,5/9/2023,BDT,1,Released,1324949.88,5,0
787,20,500,10/19/2023,BDT,1,Released,2559533.1100000003,4,0
788,12,68,12/26/2023,USD,107.73,Released,516171.16,2,0
789,134,1074,1/20/2023,BDT,1,Released,3887045.6500000004,1,0
790,124,0,10/31/2021,USD,85.37,Released,557049.39,5,0
791,133,2142,7/31/2021,BDT,1,Released,6527474,3,0
792,111,401,10/23/2021,BDT,1,Released,3918042,5,0
793,81,2081,9/13/2023,BDT,1,Released,3461673.2800000003,3,0
794,19,787,3/26/2022,USD,87.74,Released,672702.96,1,0
795,39,1723,12/28/2023,BDT,1,Released,2275901.02,1,0
796,72,2295,1/5/2023,BDT,1,Released,1749027.71,1,0
797,123,2477,10/18/2022,USD,107.97,Released,73242.24,2,0
798,42,1264,7/29/2023,USD,109.01,Released,244014.09,3,0
799,131,2328,8/28/2021,BDT,1,Released,1008785,5,0
800,58,788,10/13/2022,BDT,1,Released,3873643.23,1,0
801,132,1586,12/14/2020,USD,85.37,Released,8839.98,6,0
802,43,824,7/7/2022,BDT,1,Released,3777923.6399999997,4,0
803,14,568,9/13/2023,USD,109.71,Released,48713.130000000005,5,0
804,72,195,5/1/2022,BDT,1,Released,1323144.8199999998,1,0
805,91,0,5/8/2022,BDT,1,Released,4286427.61,6,0
806,1,221,7/22/2022,USD,100.39,Released,37934.79,6,0
807,97,2056,12/28/2022,USD,112.94,Released,63517.1,4,0
808,120,192,12/24/2021,BDT,1,Released,365770,3,0
809,75,1663,12/5/2023,BDT,1,Released,3674581.73,3,0
810,7,485,10/24/2022,BDT,1,Released,6686637.140000001,1,0
811,108,140,9/5/2023,CNY,108.16,Released,457048.31,3,0
812,57,1111,6/27/2023,BDT,1,Released,10630643.76,1,0
813,28,0,3/7/2021,BDT,1,Released,1999447,2,0
814,136,1843,1/22/2022,BDT,1,Released,4507747.98,1,0
815,88,1172,9/18/2022,BDT,1,Released,76413.82,2,0
816,112,855,12/11/2023,BDT,1,Released,3917117.88,6,0
817,128,270,8/21/2023,USD,109.8,Released,167444.00999999998,2,0
818,102,325,5/18/2020,BDT,1,Released,2360160,4,0
819,35,1665,7/17/2023,BDT,1,Released,3866175.33,4,0
820,142,2309,3/31/2022,BDT,1,Released,4070967.44,6,0
821,54,907,5/10/2021,CNY,85.46,Released,123446.43999999999,5,0
822,127,1916,11/10/2023,BDT,1,Released,4407147.9,6,0
823,13,836,5/10/2023,USD,109,Released,329011.01,3,0
824,73,1261,10/24/2023,CNY,108.88,Released,72108.93,6,0
825,46,1822,12/21/2022,USD,112.1,Released,41250.600000000006,2,0
826,100,166,12/22/2022,USD,112.24,Released,19654.629999999997,5,0
827,40,2043,1/29/2023,USD,108.57,Released,316153.26,5,0
828,120,0,4/5/2023,BDT,1,Released,259827.2,3,0
829,123,0,3/3/2023,USD,109.47,Released,35935.19,2,0
830,24,0,6/26/2020,BDT,1,Released,1335209,4,0
831,13,0,2/1/2020,USD,84.66,Released,7715.4,3,1
832,122,2310,12/20/2022,BDT,1,Released,5627075.7,5,0
833,13,2056,11/26/2020,USD,85.17,Released,35216.49,3,0
834,125,2366,4/17/2021,BDT,1,Released,1886755,6,0
835,108,2440,2/18/2023,CNY,108.23,Released,222425.84000000003,3,0
836,135,787,2/6/2023,USD,106.71,Released,66521.2,3,0
837,7,0,11/20/2023,BDT,1,Released,2471555.46,1,0
838,46,0,5/9/2020,USD,84.93,Released,7882.4,2,1
839,58,981,12/17/2023,BDT,1,Released,2972846.64,1,0
840,23,0,3/8/2020,BDT,1,Released,1584023,2,0
841,45,2377,7/6/2020,BDT,1,Released,74760,3,0
842,40,389,4/20/2023,USD,106.73,Released,210981.82,5,0
843,22,752,12/13/2023,BDT,1,Released,5251156.73,3,0
844,91,0,11/26/2022,BDT,1,Released,3001611.5900000003,6,0
845,61,144,7/30/2023,USD,111.36,Released,12848.52,1,0
846,66,2149,1/28/2023,BDT,1,Released,1330490.63,5,0
847,125,2282,3/5/2021,BDT,1,Released,887008,6,0
848,79,2035,5/20/2023,BDT,1,Released,781782.96,1,0
849,12,0,10/25/2021,USD,85.89,Released,815574.11,2,0
850,129,1233,10/14/2023,USD,107.38,Released,41974.79,2,0
851,136,439,5/30/2023,BDT,1,Released,1543190.04,1,0
852,150,0,9/12/2023,BDT,1,Released,4785918.22,6,0
853,23,648,12/25/2021,BDT,1,Released,752500,2,0
854,131,1737,3/7/2021,BDT,1,Released,9000157,5,0
855,86,2388,12/17/2023,BDT,1,Released,2034333.3,5,0
856,88,2158,6/6/2021,BDT,1,Released,1839959,2,0
857,62,0,12/26/2023,USD,109.06,Released,646854.26,3,0
858,90,823,9/22/2023,BDT,1,Released,2607216.91,1,0
859,62,2076,7/28/2022,USD,100.36,Released,11179.57,3,0
860,109,1498,9/27/2022,BDT,1,Released,5148259.18,2,0
861,140,15,11/14/2022,CNY,110.26,Released,4129.71,6,0
862,59,651,9/18/2022,BDT,1,Released,1050154.74,5,0
863,90,476,4/5/2023,BDT,1,Released,4597766.15,1,0
864,10,496,12/10/2023,CNY,106.48,Released,44982.32,1,0
865,14,402,4/16/2022,USD,86.69,Released,246129.55,5,0
866,18,742,1/19/2021,BDT,1,Released,2212940,3,0
867,70,0,7/10/2023,BDT,1,Released,4632238.43,6,1
868,90,2110,12/5/2022,BDT,1,Released,1185636.28,1,0
869,109,1415,8/15/2021,BDT,1,Released,5361313,2,0
870,91,988,3/1/2023,BDT,1,Released,3211555.65,6,0
871,13,2014,11/12/2023,USD,110.16,Released,378737.77999999997,3,0
872,115,1600,4/30/2023,USD,107.24,Released,579823.29,5,0
873,86,585,5/29/2022,BDT,1,Released,2987646.55,5,0
874,66,1535,11/9/2023,BDT,1,Released,4965851.21,5,0
875,113,0,10/31/2023,BDT,1,Released,4337910.45,6,0
876,112,2004,3/19/2023,BDT,1,Released,5857175.09,6,0
877,92,0,8/10/2021,BDT,1,Released,3487012,2,0
878,145,0,7/17/2020,BDT,1,Released,6613756,3,0
879,65,1056,10/7/2022,BDT,1,Released,1916794.01,6,0
880,101,554,12/25/2022,BDT,1,Released,8994658.03,3,0
881,25,672,4/25/2022,BDT,1,Released,4485382.619999999,3,0
882,88,431,12/28/2023,BDT,1,Released,2304266.95,2,0
883,46,0,8/26/2021,USD,85.63,Released,46151.439999999995,2,1
884,49,0,3/1/2021,BDT,1,Released,1188916,4,0
885,106,1038,1/29/2023,USD,109.07,Released,406296.86,2,0
886,142,0,6/10/2022,BDT,1,Released,1224643.6900000002,6,1
887,120,2111,2/28/2023,BDT,1,Released,1029124,3,0
888,97,1105,5/2/2023,USD,107,Released,35828.13,4,0
889,101,0,4/15/2020,BDT,1,Released,3193862,3,0
890,88,2394,7/28/2022,BDT,1,Released,1355320.27,2,0
891,70,402,4/5/2023,BDT,1,Released,363236.74,6,0
892,100,0,6/7/2021,USD,84.96,Released,12277.36,5,0
893,145,1563,8/7/2023,BDT,1,Released,2694809.5,3,0
894,19,1184,9/27/2023,USD,108.04,Released,249354.67,1,0
895,14,1933,12/23/2023,USD,110.6,Released,254152.59,5,0
896,114,1343,12/1/2023,BDT,1,Released,2354966.96,3,0
897,87,114,5/2/2022,BDT,1,Released,5167882.17,1,0
898,23,0,5/6/2022,BDT,1,Released,91240.5,2,0
899,68,1466,11/16/2023,BDT,1,Released,2079694.8199999998,1,0
900,21,999,9/18/2020,BDT,1,Released,310632,2,0
901,54,0,11/29/2020,CNY,84.91,Released,440699.43000000005,5,0
902,36,1404,6/6/2022,USD,97.33,Released,9581.17,2,0
903,83,559,12/7/2023,BDT,1,Released,4469150.23,3,0
904,75,75,3/3/2023,BDT,1,Released,1070031.37,3,0
905,150,1573,11/7/2022,BDT,1,Released,4284751.21,6,0
906,75,92,6/19/2022,BDT,1,Released,6460460.62,3,0
907,10,74,3/8/2022,CNY,87.49,Released,3523.9300000000003,1,0
908,19,1008,9/1/2023,USD,107.78,Released,233342.31,1,0
909,92,1139,8/16/2022,BDT,1,Released,5265256.67,2,0
910,105,1187,6/24/2023,BDT,1,Released,5175893.28,5,0
911,2,0,3/4/2021,BDT,1,Released,5524858,1,0
912,36,153,9/27/2023,USD,110.64,Released,165525.07,2,0
913,68,2424,11/19/2022,BDT,1,Released,3112513.73,1,0
914,44,379,12/12/2020,BDT,1,Released,4266242,3,0
915,87,906,8/13/2022,BDT,1,Released,281639.78,1,0
916,5,0,5/4/2020,BDT,1,Released,4022787,2,0
917,19,1123,8/23/2023,USD,107.42,Released,222974.52,1,0
918,85,1597,8/13/2023,CNY,107.14,Released,1388459.22,1,0
919,49,1515,9/10/2023,BDT,1,Released,1558182.98,4,0
920,72,1207,6/26/2023,BDT,1,Released,3167446.99,1,0
921,40,551,11/21/2020,USD,85.12,Released,24222.96,5,0
922,74,481,10/5/2021,BDT,1,Released,4379334,4,0
923,22,85,7/28/2023,BDT,1,Released,1880344.78,3,0
924,26,395,6/21/2023,BDT,1,Released,1486179.24,1,0
925,88,0,12/12/2020,BDT,1,Released,5674475,2,0
926,43,0,6/6/2021,BDT,1,Released,4000952,4,0
927,100,461,3/26/2020,USD,84.6,Released,25338.27,5,0
928,144,548,8/19/2021,USD,85.62,Released,338164.86,6,0
929,26,50,7/12/2023,BDT,1,Released,2991873.69,1,0
930,140,201,11/18/2021,CNY,85.6,Released,36894.9,6,0
931,10,556,3/27/2023,CNY,110.08,Released,44665.54,1,0
932,2,889,7/15/2021,BDT,1,Released,3806298,1,0
933,72,621,2/18/2022,BDT,1,Released,1494529.8599999999,1,0
934,112,2375,11/29/2023,BDT,1,Released,399727.49,6,0
935,45,0,5/11/2021,BDT,1,Released,4044232,3,0
936,112,842,10/17/2021,BDT,1,Released,4938144,6,0
937,2,791,7/21/2021,BDT,1,Released,2998037,1,0
938,30,1665,7/17/2023,BDT,1,Released,4052643.6900000004,5,0
939,92,816,5/14/2022,BDT,1,Released,3821745.93,2,0
940,71,73,4/22/2021,CNY,85.6,Released,750365.55,3,0
941,24,927,6/23/2022,BDT,1,Released,314738.29,4,0
942,59,0,3/17/2022,BDT,1,Released,4133611.77,5,0
943,126,0,9/9/2022,BDT,1,Released,8401801.76,5,0
944,108,2449,8/15/2020,CNY,85.47,Released,445070.16,3,0
945,89,1740,8/1/2023,CNY,109.63,Released,146185.78,1,0
946,141,32,7/4/2021,USD,85.34,Released,22981.08,4,0
947,3,0,8/8/2023,BDT,1,Released,1471571.1,1,0
948,103,0,9/17/2020,USD,85.05,Released,178981.32,4,0
949,107,84,6/17/2021,USD,86.19,Released,105362.3,4,0
950,100,704,8/22/2021,USD,85.93,Released,11837.47,5,0
951,18,486,10/30/2021,BDT,1,Released,4919101,3,0
952,37,2208,11/30/2021,BDT,1,Released,3061114,2,0
953,79,948,7/31/2023,BDT,1,Released,6068345.760000001,1,0
954,115,1181,6/8/2022,USD,97.34,Released,512661.47000000003,5,0
955,119,1718,6/26/2022,BDT,1,Released,4535158.3100000005,1,0
956,53,0,4/24/2021,BDT,1,Released,3608384,2,0
957,19,2163,5/24/2023,USD,109.24,Released,517263.16000000003,1,0
958,22,1543,6/18/2023,BDT,1,Released,1815763.35,3,0
959,5,581,12/16/2022,BDT,1,Released,4179693.92,2,0
960,129,1158,6/23/2020,USD,85.48,Released,107.52,2,0
961,139,0,4/17/2021,USD,85.5,Released,123312.25,6,0
962,82,433,11/24/2023,CNY,108.25,Released,597287,6,0
963,4,0,7/13/2021,BDT,1,Released,38798,3,0
964,92,0,7/2/2023,BDT,1,Released,6742897.26,2,0
965,45,0,10/7/2022,BDT,1,Released,3335693.8,3,0
966,81,1303,11/17/2022,BDT,1,Released,3102970.7,3,0
967,82,967,7/13/2022,CNY,99.73,Released,6625.9400000000005,6,0
968,93,139,6/11/2023,BDT,1,Released,628715.3400000001,2,0
969,64,1283,3/26/2021,BDT,1,Released,2680206,1,0
970,84,990,5/14/2021,BDT,1,Released,957954,2,0
971,137,123,5/16/2022,USD,94.83,Released,353783.85000000003,2,0
972,37,357,5/5/2022,BDT,1,Released,804385.3200000001,2,0
973,49,1838,10/29/2022,BDT,1,Released,1262501.44,4,0
974,30,276,2/25/2023,BDT,1,Released,3897541.68,5,0
975,45,1787,8/22/2022,BDT,1,Released,814948.02,3,0
976,131,1938,11/12/2023,BDT,1,Released,4143544.42,5,0
977,51,1819,1/31/2023,BDT,1,Released,2184871.94,6,0
978,61,983,4/3/2023,USD,109.9,Released,18295.3,1,0
979,74,157,12/4/2021,BDT,1,Released,3943222,4,0
980,66,1348,11/22/2021,BDT,1,Released,1817241,5,0
981,92,1172,9/22/2021,BDT,1,Released,5403242,2,0
982,117,0,10/20/2021,BDT,1,Released,859993,3,0
983,72,0,4/16/2020,BDT,1,Released,529156,1,0
984,70,0,12/3/2023,BDT,1,Released,1287102.26,6,1
985,4,2102,12/1/2022,BDT,1,Released,5692497.92,3,0
986,45,1791,11/7/2021,BDT,1,Released,4093122,3,0
987,127,1722,12/20/2022,BDT,1,Released,358834.6,6,0
988,7,1820,2/17/2022,BDT,1,Released,3054025.96,1,0
989,14,78,5/29/2022,USD,94.51,Released,144.67,5,0
990,37,436,7/9/2023,BDT,1,Released,2000359.12,2,0
991,111,1090,3/9/2023,BDT,1,Released,1708078.33,5,0
992,7,1202,4/25/2023,BDT,1,Released,5333231.71,1,0
993,86,0,7/9/2023,BDT,1,Released,201289.45,5,0
994,58,148,11/16/2022,BDT,1,Released,3068116.03,1,0
995,106,1731,2/25/2023,USD,106.77,Released,323047.91,2,0
996,12,415,1/12/2023,USD,108.94,Released,398625.16,2,0
997,133,1022,3/8/2021,BDT,1,Released,3189909,3,0
998,35,2310,12/20/2022,BDT,1,Released,2135445.88,4,0
999,148,1460,10/23/2022,BDT,1,Released,4848459.88,1,0
1000,115,2416,7/11/2023,USD,110.7,Released,43034.43,5,0
1001,131,1722,7/24/2021,BDT,1,Released,450186,5,0
1002,136,1857,5/27/2023,BDT,1,Released,2842428.9699999997,1,0
1003,19,619,9/11/2023,USD,108.81,Released,87117.69,1,0
1004,85,2010,7/29/2023,CNY,106.9,Released,1636556.19,1,0
1005,116,1508,6/9/2023,BDT,1,Released,4542361.0200000005,1,0
1006,27,1746,5/9/2023,BDT,1,Released,1755633.78,1,0
1007,126,619,7/1/2023,BDT,1,Released,1897843.55,5,0
1008,108,2311,6/22/2021,CNY,85.35,Released,332062.33,3,0
1009,113,897,7/15/2020,BDT,1,Released,3847337,6,0
1010,77,623,8/14/2023,BDT,1,Released,1444729.76,2,0
1011,131,964,3/21/2022,BDT,1,Released,6231580.73,5,0
1012,3,2317,3/3/2022,BDT,1,Released,386922.98,1,0
1013,2,1061,12/21/2023,BDT,1,Released,4535606.5,1,0
1014,36,108,11/3/2020,USD,84.65,Released,212570.65999999997,2,0
1015,7,1438,3/15/2023,BDT,1,Released,665586.52,1,0
1016,36,388,12/22/2021,USD,85.28,Released,57286.2,2,0
1017,5,867,4/27/2022,BDT,1,Released,2595951.86,2,0
1018,73,1334,8/2/2022,CNY,102.85,Released,207531.22,6,0
1019,98,2330,1/13/2022,USD,86.81,Released,1225115.79,3,0
1020,33,238,10/9/2022,USD,107.75,Released,712731.87,6,0
1021,105,975,4/12/2021,BDT,1,Released,5586666,5,0
1022,75,0,9/1/2023,BDT,1,Released,4539739.17,3,0
1023,46,1186,10/21/2021,USD,84.82,Released,189188.00000000003,2,0
1024,135,686,2/8/2023,USD,107.14,Released,866504.84,3,0
1025,64,1371,10/6/2022,BDT,1,Released,1909679.43,1,0
1026,99,0,7/19/2022,BDT,1,Released,4319065.52,6,0
1027,104,1978,8/6/2022,BDT,1,Released,7179690.07,3,0
1028,90,0,12/30/2020,BDT,1,Released,1947882,1,0
1029,117,1845,7/30/2022,BDT,1,Released,4992588.22,3,0
1030,84,2388,10/4/2021,BDT,1,Released,6253954,2,0
1031,27,834,9/8/2023,BDT,1,Released,4994032.54,1,0
1032,113,850,8/30/2021,BDT,1,Released,1952000,6,0
1033,19,2166,10/24/2023,USD,111,Released,414465.38999999996,1,0
1034,128,2074,10/27/2022,USD,107.23,Released,79122.45,2,0
1035,87,0,6/4/2020,BDT,1,Released,3040987,1,0
1036,11,1568,8/28/2022,BDT,1,Released,1125290.75,5,0
1037,55,0,11/6/2023,BDT,1,Released,4781970.1,1,0
1038,84,1258,8/23/2021,BDT,1,Released,2492299,2,0
1039,37,837,7/12/2020,BDT,1,Released,1209014,2,0
1040,138,1785,11/8/2023,CNY,109.18,Released,603920.77,1,0
1041,48,1931,8/28/2022,USD,102.59,Released,17790.52,6,0
1042,91,1481,11/26/2023,BDT,1,Released,3604510.42,6,0
1043,62,1991,1/8/2021,USD,84.8,Released,27497.91,3,0
1044,83,415,7/12/2023,BDT,1,Released,3334956.12,3,0
1045,111,387,5/14/2023,BDT,1,Released,2177996.99,5,0
1046,117,2388,10/18/2020,BDT,1,Released,182770,3,0
1047,57,0,9/12/2023,BDT,1,Released,4345111.35,1,1
1048,11,824,5/11/2022,BDT,1,Released,2090527.6,5,0
1049,136,0,5/17/2021,BDT,1,Released,4043336,1,0
1050,43,0,8/6/2020,BDT,1,Released,4448502,4,0
1051,133,0,10/22/2020,BDT,1,Released,5644311,3,1
1052,117,61,2/21/2021,BDT,1,Released,2500502,3,0
1053,42,2208,11/30/2021,USD,84.82,Released,93019.74,3,0
1054,85,386,5/23/2021,CNY,85.04,Released,1232335.85,1,0
1055,22,0,11/1/2021,BDT,1,Released,4243256,3,0
1056,68,1213,2/11/2022,BDT,1,Released,4683859.12,1,0
1057,77,706,7/26/2023,BDT,1,Released,3243683.96,2,0
1058,6,161,6/22/2022,USD,97.32,Released,750328.02,6,0
1059,19,0,2/17/2021,USD,85.55,Released,777438.62,1,1
1060,94,2200,12/8/2023,BDT,1,Released,2812531.66,1,0
1061,96,1412,2/23/2023,BDT,1,Released,4933283.109999999,3,0
1062,142,0,4/6/2023,BDT,1,Released,2783913.05,6,1
1063,92,882,2/15/2023,BDT,1,Released,850220.09,2,0
1064,30,309,12/14/2023,BDT,1,Released,1156192.5,5,0
1065,35,0,8/2/2021,BDT,1,Released,1354371,4,0
1066,86,2185,12/30/2023,BDT,1,Released,6908751.399999999,5,0
1067,142,1442,10/22/2021,BDT,1,Released,1339792,6,0
1068,138,1945,8/29/2023,CNY,110.19,Released,449130.43,1,0
1069,34,2077,12/24/2022,BDT,1,Released,2370735.1,2,0
1070,44,418,9/11/2022,BDT,1,Released,6887128.37,3,0
1071,72,195,4/26/2023,BDT,1,Released,2273368.24,1,0
1072,6,754,10/18/2021,USD,85.48,Released,196900.95,6,0
1073,25,1855,5/16/2022,BDT,1,Released,2489259.12,3,0
1074,47,1285,9/10/2020,CNY,85.06,Released,326636.86000000004,2,0
1075,58,1466,11/16/2023,BDT,1,Released,3621738.1100000003,1,0
1076,39,813,8/30/2023,BDT,1,Released,4261996.65,1,0
1077,45,12,12/21/2023,BDT,1,Released,1237095.94,3,0
1078,99,1684,12/25/2021,BDT,1,Released,2566833,6,0
1079,96,432,6/3/2023,BDT,1,Released,1269505.9100000001,3,0
1080,45,1529,4/6/2023,BDT,1,Released,5093999.32,3,0
1081,61,0,1/17/2022,USD,87.6,Released,12917.009999999998,1,0
1082,80,2168,8/2/2023,BDT,1,Released,2484074.54,2,0
1083,54,0,10/2/2022,CNY,107.85,Released,38699.53,5,0
1084,92,0,3/29/2020,BDT,1,Released,2855358,2,0
1085,35,974,4/6/2023,BDT,1,Released,3684532.9699999997,4,0
1086,55,2433,5/5/2023,BDT,1,Released,1660791.02,1,0
1087,10,163,12/5/2023,CNY,108.88,Released,67916.66,1,0
1088,75,343,9/28/2023,BDT,1,Released,6188335.12,3,0
1089,67,0,1/16/2023,BDT,1,Released,6512143.8,4,0
1090,144,0,4/3/2021,USD,85.12,Released,85681.95,6,1
1091,65,2164,9/20/2020,BDT,1,Released,4153575,6,0
1092,116,1618,9/5/2022,BDT,1,Released,1487608.3499999999,1,0
1093,105,842,5/5/2022,BDT,1,Released,5288255.33,5,0
1094,88,685,7/19/2023,BDT,1,Released,2840299.07,2,0
1095,45,193,3/9/2023,BDT,1,Released,3260493.61,3,0
1096,6,1745,1/5/2023,USD,107.98,Released,3397.55,6,0
1097,36,0,6/23/2021,USD,85.37,Released,162998.28999999998,2,0
1098,74,2273,12/21/2023,BDT,1,Released,1009090.44,4,0
1099,43,2163,5/24/2023,BDT,1,Released,4868016.83,4,0
1100,60,2198,4/16/2021,CNY,86.12,Released,140238.96,1,0
1101,121,103,3/23/2022,USD,86.68,Released,14287.269999999999,4,0
1102,64,819,4/6/2021,BDT,1,Released,836503,1,0
1103,19,0,8/19/2022,USD,102.38,Released,299069.12,1,1
1104,102,826,1/27/2022,BDT,1,Released,1547729.59,4,0
1105,20,405,11/26/2021,BDT,1,Released,1548395,4,0
1106,99,864,6/28/2023,BDT,1,Released,4801335.71,6,0
1107,8,1839,8/27/2021,BDT,1,Released,1225054,3,0
1108,97,1320,3/14/2020,USD,84.88,Released,20019.37,4,0
1109,120,991,10/26/2023,BDT,1,Released,4481283.42,3,0
1110,106,1029,7/4/2021,USD,84.96,Released,750969.25,2,0
1111,141,0,3/1/2022,USD,86.73,Released,118703.96,4,0
1112,35,1963,4/9/2020,BDT,1,Released,2540122,4,0
1113,9,2322,7/10/2022,BDT,1,Released,521719.58999999997,3,0
1114,41,1100,5/8/2023,CNY,109.51,Released,608155.34,3,0
1115,116,1602,11/29/2023,BDT,1,Released,4439785.19,1,0
1116,109,441,10/6/2022,BDT,1,Released,2205113.2,2,0
1117,32,227,9/8/2021,USD,85.02,Released,3726.4300000000003,5,0
1118,117,496,3/3/2023,BDT,1,Released,5148107.42,3,0
1119,84,2481,3/19/2021,BDT,1,Released,567754,2,0
1120,74,1176,7/1/2020,BDT,1,Released,3061012,4,0
1121,13,2026,12/12/2023,USD,105.57,Released,64912.04,3,0
1122,4,2172,12/16/2021,BDT,1,Released,640840,3,0
1123,39,0,7/24/2023,BDT,1,Released,868829.24,1,0
1124,103,2494,11/1/2023,USD,109.93,Released,148681.43,4,0
1125,89,1922,12/21/2022,CNY,112.4,Released,444232.75999999995,1,0
1126,112,495,9/18/2021,BDT,1,Released,42080,6,0
1127,9,2273,11/25/2022,BDT,1,Released,2841675.29,3,0
1128,143,1806,1/21/2023,USD,110.08,Released,262046.93999999997,6,0
1129,13,149,2/13/2022,USD,86.63,Released,655101.29,3,0
1130,22,1039,2/19/2023,BDT,1,Released,3033742.07,3,0
1131,123,722,12/1/2023,USD,106.12,Released,358917.75,2,0
1132,16,157,8/26/2021,BDT,1,Released,2558221,2,0
1133,16,20,8/12/2022,BDT,1,Released,7394388.659999999,2,0
1134,57,0,4/21/2022,BDT,1,Released,5107552.36,1,1
1135,107,0,10/7/2023,USD,110.76,Released,5594.27,4,0
1136,55,1272,6/26/2022,BDT,1,Released,3019466.48,1,0
1137,70,2414,10/12/2023,BDT,1,Released,3082615.54,6,0
1138,41,812,9/25/2021,CNY,84.61,Released,250301.16,3,0
1139,144,0,1/22/2022,USD,86.23,Released,28777.559999999998,6,1
1140,12,753,3/7/2023,USD,106.26,Released,24411.95,2,0
1141,76,0,11/25/2020,BDT,1,Released,1897210,1,0
1142,74,1551,1/5/2022,BDT,1,Released,2429544.73,4,0
1143,63,1721,6/18/2021,BDT,1,Released,579124,3,0
1144,107,1520,4/29/2023,USD,107.71,Released,12718.939999999999,4,0
1145,116,0,10/3/2023,BDT,1,Released,1418886.2,1,0
1146,4,1830,11/19/2021,BDT,1,Released,3194048,3,0
1147,113,944,10/11/2021,BDT,1,Released,4906947,6,0
1148,34,0,8/23/2023,BDT,1,Released,1081792.3,2,0
1149,21,878,4/20/2022,BDT,1,Released,1330187.1800000002,2,0
1150,105,2050,11/15/2023,BDT,1,Released,3639682.99,5,0
1151,150,2420,5/6/2021,BDT,1,Released,228755,6,0
1152,94,0,9/24/2021,BDT,1,Released,6607985,1,0
1153,10,2403,8/25/2023,CNY,107.99,Released,2486.95,1,0
1154,62,821,4/28/2023,USD,107.33,Released,464510.77,3,0
1155,76,15,11/14/2022,BDT,1,Released,702542.9,1,0
1156,28,273,4/6/2023,BDT,1,Released,3029978.69,2,0
1157,113,0,9/8/2023,BDT,1,Released,5330281.59,6,0
1158,141,52,9/30/2023,USD,110.49,Released,54828.76,4,0
1159,54,2086,4/17/2022,CNY,86.49,Released,120718.42,5,0
1160,13,1796,3/9/2023,USD,108.05,Released,185169.38,3,0
1161,28,146,8/6/2023,BDT,1,Released,3360873.77,2,0
1162,20,1006,1/6/2023,BDT,1,Released,1933480.96,4,0
1163,102,0,3/3/2021,BDT,1,Released,698616,4,0
1164,47,0,4/26/2021,CNY,84.87,Released,36.9,2,0
1165,50,31,7/24/2022,USD,99.68,Released,418246.5800000001,3,0
1166,133,1300,1/26/2023,BDT,1,Released,4547311.78,3,0
1167,116,473,6/23/2022,BDT,1,Released,3838236.5,1,0
1168,122,200,11/2/2023,BDT,1,Released,2656833.7600000002,5,0
1169,37,180,3/29/2023,BDT,1,Released,2648945.55,2,0
1170,150,1341,9/15/2021,BDT,1,Released,390960,6,0
1171,75,416,1/18/2022,BDT,1,Released,1380205.14,3,0
1172,108,2469,8/11/2021,CNY,85.5,Released,296691.14,3,0
1173,45,494,5/5/2023,BDT,1,Released,1550558.17,3,0
1174,25,500,10/19/2023,BDT,1,Released,2682157.3200000003,3,0
1175,49,2070,3/2/2020,BDT,1,Released,3307464,4,0
1176,81,2128,3/30/2023,BDT,1,Released,6298947.23,3,0
1177,119,3,3/18/2023,BDT,1,Released,2054058.4900000002,1,0
1178,90,483,5/8/2022,BDT,1,Released,4517259.09,1,0
1179,101,760,6/26/2022,BDT,1,Released,51545.08,3,0
1180,97,2336,6/2/2021,USD,85.38,Released,111635.83,4,0
1181,2,1530,4/6/2023,BDT,1,Released,3303710.0300000003,1,0
1182,86,536,11/21/2021,BDT,1,Released,35734,5,0
1183,67,0,11/21/2022,BDT,1,Released,2301127.49,4,0
1184,72,2179,3/1/2023,BDT,1,Released,1625107.19,1,0
1185,43,244,10/31/2021,BDT,1,Released,3110139,4,0
1186,60,1602,11/29/2023,CNY,106.38,Released,17295.52,1,0
1187,127,892,12/9/2021,BDT,1,Released,501832,6,0
1188,26,1920,5/24/2021,BDT,1,Released,3168291,1,0
1189,19,0,6/21/2020,USD,84.9,Released,152876.11000000002,1,1
1190,69,2019,8/10/2022,BDT,1,Released,1954016.43,3,0
1191,77,1413,1/22/2023,BDT,1,Released,5362647.5,2,0
1192,107,0,8/12/2023,USD,106.53,Released,110356.04,4,0
1193,100,2089,11/21/2022,USD,110.04,Released,40765.35,5,0
1194,55,1277,9/27/2023,BDT,1,Released,3295380.54,1,0
1195,13,229,7/27/2023,USD,108.6,Released,57048.78,3,0
1196,126,0,5/13/2020,BDT,1,Released,1441531,5,0
1197,65,1904,4/13/2021,BDT,1,Released,3451918,6,0
1198,126,749,6/15/2023,BDT,1,Released,165236.88,5,0
1199,73,1777,2/3/2022,CNY,86.71,Released,35594.74,6,0
1200,133,1437,12/1/2023,BDT,1,Released,3049634.63,3,0
1201,26,107,10/31/2023,BDT,1,Released,5747146.92,1,0
1202,19,1082,2/12/2022,USD,86.65,Released,69975.81999999999,1,0
1203,91,354,4/6/2021,BDT,1,Released,2036974,6,0
1204,65,2023,9/1/2022,BDT,1,Released,1095097.06,6,0
1205,10,877,9/11/2023,CNY,109.53,Released,39794.729999999996,1,0
1206,42,2470,9/17/2023,USD,109.99,Released,385122.66,3,0
1207,44,2339,9/10/2023,BDT,1,Released,2858303.54,3,0
1208,87,2098,4/29/2021,BDT,1,Released,4676166,1,0
1209,29,0,9/11/2022,BDT,1,Released,1875153.89,6,0
1210,55,1055,6/3/2022,BDT,1,Released,1839706.8599999999,1,0
1211,121,904,8/20/2020,USD,84.97,Released,17800.22,4,0
1212,84,0,2/25/2023,BDT,1,Released,3479475.3099999996,2,0
1213,46,2423,3/30/2021,USD,85.06,Released,989.1,2,0
1214,67,359,9/3/2023,BDT,1,Released,6959400.68,4,0
1215,91,553,1/3/2021,BDT,1,Released,3611856,6,0
1216,64,1897,3/24/2023,BDT,1,Released,193165.44,1,0
1217,71,2319,8/13/2021,CNY,85.99,Released,25102.2,3,0
1218,90,2011,5/9/2022,BDT,1,Released,6336509.1,1,0
1219,135,2327,7/7/2023,USD,108.23,Released,225610.77,3,0
1220,70,2384,2/10/2022,BDT,1,Released,1381686.7,6,0
1221,86,2095,10/19/2022,BDT,1,Released,5817379.67,5,0
1222,68,29,10/15/2022,BDT,1,Released,747495.61,1,0
1223,23,1945,8/29/2023,BDT,1,Released,3259462.68,2,0
1224,23,0,7/7/2021,BDT,1,Released,3251901,2,0
1225,135,851,7/9/2020,USD,85.24,Released,906650.55,3,0
1226,47,1616,10/31/2023,CNY,110.26,Released,8388.88,2,0
1227,20,2469,10/2/2021,BDT,1,Released,2865582,4,0
1228,64,498,12/31/2023,BDT,1,Released,2156675.87,1,0
1229,132,436,3/3/2023,USD,108.33,Released,434395.25,6,0
1230,111,0,9/22/2023,BDT,1,Released,4112329.25,5,1
1231,105,0,5/15/2022,BDT,1,Released,2150468.69,5,1
1232,27,1311,10/11/2023,BDT,1,Released,7844905.29,1,0
1233,28,341,6/18/2021,BDT,1,Released,2765128,2,0
1234,54,642,10/25/2022,CNY,107.98,Released,108356.31,5,0
1235,43,1126,5/27/2023,BDT,1,Released,6822444.289999999,4,0
1236,72,0,8/4/2021,BDT,1,Released,417680,1,0
1237,72,1344,12/14/2023,BDT,1,Released,2477222.58,1,0
1238,96,1549,10/26/2023,BDT,1,Released,4078467.26,3,0
1239,51,0,11/13/2021,BDT,1,Released,330848,6,0
1240,118,458,8/8/2022,BDT,1,Released,3469209.78,2,0
1241,25,316,8/9/2021,BDT,1,Released,1346665,3,0
1242,52,1943,4/1/2023,USD,109.45,Released,46133.26,3,0
1243,40,1002,11/26/2021,USD,85.67,Released,927503.23,5,0
1244,17,0,9/12/2021,USD,85.78,Released,266084.78,4,0
1245,95,2277,9/21/2023,BDT,1,Released,547895.22,4,0
1246,136,777,9/2/2023,BDT,1,Released,4536284.81,1,0
1247,44,1856,4/9/2022,BDT,1,Released,2190665.56,3,0
1248,69,786,2/19/2022,BDT,1,Released,1369546.33,3,0
1249,52,1046,10/28/2023,USD,106.97,Released,195053.88,3,0
1250,1,1297,11/28/2022,USD,109.61,Released,56867.229999999996,6,0
1251,103,2111,6/21/2023,USD,108.38,Released,15943.539999999999,4,0
1252,124,2363,12/7/2023,USD,109.66,Released,53388.57,5,0
1253,52,589,5/22/2022,USD,95.1,Released,117890.36,3,0
1254,21,456,5/20/2023,BDT,1,Released,669837.08,2,0
1255,110,229,7/27/2023,BDT,1,Released,7825484.45,3,0
1256,96,1239,11/22/2023,BDT,1,Released,7237357.15,3,0
1257,18,236,4/1/2022,BDT,1,Released,1687017.25,3,0
1258,140,57,5/27/2022,CNY,94.7,Released,12192.640000000001,6,0
1259,120,906,8/13/2022,BDT,1,Released,1448525.0100000002,3,0
1260,79,1785,11/8/2023,BDT,1,Released,5160527.66,1,0
1261,41,0,10/18/2020,CNY,85.07,Released,145561.95,3,0
1262,106,2366,7/1/2022,USD,99.89,Released,14308.93,2,0
1263,115,2102,8/18/2021,USD,85.63,Released,198531.48,5,0
1264,6,754,7/3/2023,USD,107.76,Released,410205.25999999995,6,0
1265,60,436,3/3/2023,CNY,108.67,Released,251108.53000000003,1,0
1266,78,386,3/21/2021,BDT,1,Released,470646,2,0
1267,17,2111,3/2/2023,USD,109.97,Released,7292.45,4,0
1268,123,0,5/17/2021,USD,85.51,Released,672.98,2,0
1269,95,2121,12/16/2022,BDT,1,Released,2743313.4,4,0
1270,97,344,1/6/2023,USD,110.38,Released,316475.52999999997,4,0
1271,49,1892,12/27/2023,BDT,1,Released,6730484.720000001,4,0
1272,9,1359,10/23/2023,BDT,1,Released,3102219.74,3,0
1273,146,31,4/23/2023,BDT,1,Released,4800430.92,2,0
1274,23,0,10/10/2020,BDT,1,Released,2159701,2,0
1275,82,1117,9/13/2021,CNY,85.75,Released,215373.44,6,0
1276,72,1906,11/22/2023,BDT,1,Released,2668165.57,1,0
1277,146,1179,6/26/2021,BDT,1,Released,1151422,2,0
1278,33,893,5/19/2023,USD,106.85,Released,677229.3400000001,6,0
1279,66,1844,10/17/2021,BDT,1,Released,4449672,5,0
1280,37,2392,10/23/2021,BDT,1,Released,3538809,2,0
1281,104,424,3/25/2022,BDT,1,Released,5021325.32,3,0
1282,120,1800,12/18/2022,BDT,1,Released,1482273.3800000001,3,0
1283,78,0,1/20/2022,BDT,1,Released,2181470.87,2,0
1284,10,964,2/1/2021,CNY,85.23,Released,64791.2,1,0
1285,103,1443,6/1/2022,USD,97.47,Released,985677.52,4,0
1286,86,0,9/30/2023,BDT,1,Released,1013857.65,5,0
1287,41,2432,11/24/2023,CNY,106.93,Released,43302.91,3,0
1288,6,0,4/7/2023,USD,108.64,Released,841322.78,6,0
1289,86,492,9/4/2022,BDT,1,Released,1422552.37,5,0
1290,145,2019,8/10/2022,BDT,1,Released,5148537.130000001,3,0
1291,39,1461,5/21/2022,BDT,1,Released,5514638.3,1,0
1292,32,499,2/11/2021,USD,85.4,Released,267977.36,5,0
1293,131,80,10/24/2020,BDT,1,Released,2880113,5,0
1294,10,255,5/11/2023,CNY,107.61,Released,68633.26999999999,1,0
1295,31,514,1/11/2023,BDT,1,Released,5489770.48,1,0
1296,22,62,9/27/2023,BDT,1,Released,3960453.1100000003,3,0
1297,148,829,8/17/2023,BDT,1,Released,2964778.21,1,0
1298,43,895,9/9/2022,BDT,1,Released,1132500.93,4,0
1299,74,1472,11/16/2022,BDT,1,Released,3547742.38,4,0
1300,117,0,7/15/2022,BDT,1,Released,6983859.74,3,0
1301,73,0,11/30/2021,CNY,84.83,Released,44681.7,6,0
1302,2,1505,8/7/2021,BDT,1,Released,3114323,1,0
1303,49,1863,9/18/2022,BDT,1,Released,2072404.54,4,0
1304,61,79,11/15/2023,USD,108.92,Released,47382.25,1,0
1305,117,1402,6/28/2021,BDT,1,Released,637602,3,0
1306,143,970,3/1/2021,USD,85.97,Released,27609.61,6,0
1307,127,2080,7/1/2022,BDT,1,Released,8165077.15,6,0
1308,121,0,10/9/2023,USD,108.32,Released,30305.92,4,0
1309,38,2478,9/24/2021,BDT,1,Released,2047863,6,0
1310,146,2115,6/25/2021,BDT,1,Released,2137048,2,0
1311,28,0,12/8/2023,BDT,1,Released,635645.71,2,0
1312,81,2170,11/3/2023,BDT,1,Released,3259764.51,3,0
1313,49,1558,6/18/2023,BDT,1,Released,1030205.49,4,0
1314,102,1006,1/6/2023,BDT,1,Released,3650972.49,4,0
1315,63,827,12/11/2021,BDT,1,Released,368583,3,0
1316,50,1165,2/5/2022,USD,85.77,Released,678546.39,3,0
1317,55,0,2/27/2021,BDT,1,Released,4906042,1,0
1318,14,1148,4/13/2020,USD,84.72,Released,486403.28,5,0
1319,139,1311,10/11/2023,USD,109.56,Released,544778.02,6,0
1320,107,1802,2/28/2022,USD,87.64,Released,395535.5,4,0
1321,113,2339,9/10/2023,BDT,1,Released,2413974.31,6,0
1322,145,1157,12/23/2022,BDT,1,Released,4968473.8100000005,3,0
1323,104,121,10/22/2023,BDT,1,Released,1273995.3499999999,3,0
1324,148,1254,10/10/2023,BDT,1,Released,1871070.26,1,0
1325,148,0,10/13/2021,BDT,1,Released,3517444,1,0
1326,58,1701,7/18/2023,BDT,1,Released,1949929.5799999998,1,0
1327,114,0,5/10/2020,BDT,1,Released,4146601,3,0
1328,137,2435,3/15/2023,USD,108.43,Released,27938.190000000002,2,0
1329,66,1970,12/5/2023,BDT,1,Released,4578808.3,5,0
1330,135,1078,11/10/2023,USD,110.23,Released,1218529.87,3,0
1331,45,0,8/28/2023,BDT,1,Released,5951201.4,3,0
1332,24,1499,6/24/2022,BDT,1,Released,2688101.57,4,0
1333,78,666,8/4/2020,BDT,1,Released,191992,2,0
1334,50,1737,8/11/2021,USD,85.38,Released,408420.62,3,0
1335,22,459,10/12/2022,BDT,1,Released,8376977.51,3,0
1336,19,0,7/16/2022,USD,100.43,Released,501330.06,1,1
1337,11,1473,4/11/2022,BDT,1,Released,1189109.8800000001,5,0
1338,107,1474,8/7/2023,USD,108.53,Released,55421.71,4,0
1339,54,1815,12/19/2020,CNY,84.55,Released,4962.92,5,0
1340,65,38,8/11/2021,BDT,1,Released,630510,6,0
1341,51,1165,2/5/2022,BDT,1,Released,2114455.21,6,0
1342,14,1599,2/5/2023,USD,109.82,Released,252119.56,5,0
1343,132,1777,5/13/2023,USD,108.38,Released,33056.39,6,0
1344,37,801,2/1/2021,BDT,1,Released,3280673,2,0
1345,22,221,7/22/2022,BDT,1,Released,7144232.91,3,0
1346,12,0,7/20/2021,USD,85.96,Released,137095.91,2,0
1347,30,0,10/17/2023,BDT,1,Released,1665161.41,5,1
1348,3,1107,7/11/2023,BDT,1,Released,228500.96,1,0
1349,146,1191,2/22/2022,BDT,1,Released,4679195.81,2,0
1350,21,1948,1/18/2023,BDT,1,Released,4586068.0600000005,2,0
1351,125,799,4/12/2022,BDT,1,Released,4753730.25,6,0
1352,21,2317,3/3/2022,BDT,1,Released,5039895.91,2,0
1353,75,529,11/5/2023,BDT,1,Released,2609538.21,3,0
1354,24,0,6/2/2021,BDT,1,Released,3556304,4,0
1355,26,48,3/9/2021,BDT,1,Released,4607981,1,0
1356,22,0,3/18/2022,BDT,1,Released,10448581.68,3,0
1357,67,234,7/30/2023,BDT,1,Released,4979522.359999999,4,0
1358,9,1618,9/5/2022,BDT,1,Released,241682.38,3,0
1359,46,0,9/3/2021,USD,84.98,Released,27164.28,2,1
1360,63,869,2/23/2023,BDT,1,Released,1112457.22,3,0
1361,60,1891,3/23/2023,CNY,110.04,Released,16407.23,1,0
1362,107,1924,8/22/2022,USD,102.37,Released,437564.81999999995,4,0
1363,115,0,5/27/2022,USD,95.47,Released,434718.52,5,0
1364,36,402,2/5/2022,USD,86.63,Released,507708.56,2,0
1365,134,778,5/8/2023,BDT,1,Released,4717463.140000001,1,0
1366,150,2040,5/28/2021,BDT,1,Released,404964,6,0
1367,34,2293,5/2/2022,BDT,1,Released,3827025.77,2,0
1368,122,815,9/24/2021,BDT,1,Released,2194598,5,0
1369,73,577,5/18/2023,CNY,110.16,Released,69409.51,6,0
1370,130,1746,5/9/2023,BDT,1,Released,1603334.33,1,0
1371,3,2018,6/7/2022,BDT,1,Released,1075464.49,1,0
1372,147,2221,6/19/2023,BDT,1,Released,845824.41,1,0
1373,135,844,4/24/2022,USD,88.02,Released,1162332.12,3,0
1374,73,1371,5/8/2022,CNY,94.57,Released,91147.23999999999,6,0
1375,75,0,7/30/2023,BDT,1,Released,5042628.93,3,0
1376,142,1407,8/15/2023,BDT,1,Released,3117932.71,6,0
1377,49,1504,5/28/2023,BDT,1,Released,4956658.51,4,0
1378,79,0,12/10/2023,BDT,1,Released,4278893.53,1,1
1379,48,1053,2/8/2023,USD,109.16,Released,440016.80999999994,6,0
1380,14,1098,11/21/2022,USD,109.59,Released,263100.85000000003,5,0
1381,18,0,6/19/2022,BDT,1,Released,4822748.01,3,0
1382,101,809,3/18/2023,BDT,1,Released,3090524.7,3,0
1383,20,811,1/1/2021,BDT,1,Released,2291310,4,0
1384,140,465,4/20/2022,CNY,86.23,Released,21147.559999999998,6,0
1385,128,188,11/16/2021,USD,84.97,Released,42519.18,2,0
1386,93,26,10/21/2022,BDT,1,Released,2303868.37,2,0
1387,130,0,10/22/2023,BDT,1,Released,1883300.51,1,0
1388,37,0,10/9/2021,BDT,1,Released,1862593,2,1
1389,131,0,4/30/2023,BDT,1,Released,4175422.17,5,0
1390,93,558,11/16/2022,BDT,1,Released,11015.5,2,0
1391,51,0,3/3/2023,BDT,1,Released,137985.22,6,0
1392,66,1445,6/18/2020,BDT,1,Released,2757478,5,0
1393,147,637,10/6/2023,BDT,1,Released,402198.73,1,0
1394,53,2466,10/10/2023,BDT,1,Released,3217372.7,2,0
1395,37,0,7/24/2023,BDT,1,Released,1278543.53,2,1
1396,16,0,7/28/2020,BDT,1,Released,5916873,2,0
1397,148,0,1/30/2021,BDT,1,Released,956534,1,0
1398,29,296,2/13/2022,BDT,1,Released,6405888.4,6,0
1399,83,771,11/10/2023,BDT,1,Released,5250139.1,3,0
1400,147,1139,10/25/2021,BDT,1,Released,1383932,1,0
1401,10,576,7/7/2022,CNY,100.31,Released,845561.4199999999,1,0
1402,110,2245,10/19/2021,BDT,1,Released,5106411,3,0
1403,88,372,6/17/2022,BDT,1,Released,1051822.34,2,0
1404,15,1109,3/25/2023,BDT,1,Released,1670534.5299999998,5,0
1405,95,726,7/17/2023,BDT,1,Released,7312221.4,4,0
1406,30,879,7/29/2023,BDT,1,Released,1114776.33,5,0
1407,1,2159,6/5/2023,USD,110.69,Released,26960.42,6,0
1408,94,2464,3/6/2021,BDT,1,Released,2216341,1,0
1409,103,520,10/28/2023,USD,105.98,Released,76920.3,4,0
1410,43,0,3/29/2021,BDT,1,Released,2050146,4,0
1411,82,1211,12/29/2022,CNY,112.23,Released,410061.42000000004,6,0
1412,86,1352,9/14/2023,BDT,1,Released,3301061.08,5,0
1413,142,1928,2/7/2022,BDT,1,Released,559307.38,6,0
1414,33,257,11/15/2021,USD,85.58,Released,264150.5,6,0
1415,18,1363,11/3/2022,BDT,1,Released,740031.04,3,0
1416,137,2500,11/21/2021,USD,85.26,Released,134805.24,2,0
1417,146,1323,1/20/2023,BDT,1,Released,1028641.87,2,0
1418,86,0,2/7/2022,BDT,1,Released,3594256.5300000003,5,0
1419,116,0,2/14/2020,BDT,1,Released,3228671,1,0
1420,39,2075,12/27/2022,BDT,1,Released,2322541.78,1,0
1421,137,107,7/24/2023,USD,106.39,Released,34006.89,2,0
1422,28,1925,1/19/2023,BDT,1,Released,2832072.73,2,0
1423,16,66,11/21/2021,BDT,1,Released,7065135,2,0
1424,20,112,12/21/2020,BDT,1,Released,3065097,4,0
1425,63,2426,8/9/2023,BDT,1,Released,690149.11,3,0
1426,79,841,8/11/2021,BDT,1,Released,2200631,1,0
1427,88,1758,9/14/2022,BDT,1,Released,975898.1,2,0
1428,148,166,10/21/2022,BDT,1,Released,3589935,1,0
1429,60,2269,10/11/2023,CNY,110.02,Released,678580.3300000001,1,0
1430,8,652,2/16/2023,BDT,1,Released,2500593.84,3,0
1431,112,1790,12/10/2023,BDT,1,Released,2085947.72,6,0
1432,137,0,1/20/2023,USD,108.39,Released,405873.7,2,0
1433,46,718,12/26/2021,USD,85.13,Released,34239.13,2,0
1434,146,0,5/7/2022,BDT,1,Released,174069.6,2,1
1435,35,1898,10/10/2023,BDT,1,Released,1042856.25,4,0
1436,141,1031,5/29/2022,USD,95.17,Released,52306.72,4,0
1437,97,1051,11/4/2023,USD,110.31,Released,17855.19,4,0
1438,121,1344,7/16/2023,USD,109.14,Released,38581.93,4,0
1439,85,997,8/19/2021,CNY,86.01,Released,215315.51,1,0
1440,47,0,9/14/2022,CNY,104.92,Released,1938.79,2,0
1441,35,0,4/19/2023,BDT,1,Released,3163019.27,4,0
1442,69,1680,1/22/2023,BDT,1,Released,2802240.37,3,0
1443,124,527,11/18/2020,USD,85.3,Released,281751.45999999996,5,0
1444,112,0,4/11/2023,BDT,1,Released,4620372.74,6,0
1445,2,1008,9/6/2021,BDT,1,Released,3570905,1,0
1446,144,1033,9/11/2022,USD,104.57,Released,512618.76,6,0
1447,21,1796,3/19/2022,BDT,1,Released,304056.22,2,0
1448,46,0,8/12/2021,USD,85.48,Released,85502.18,2,1
1449,37,2237,10/14/2021,BDT,1,Released,527255,2,0
1450,129,2380,11/7/2023,USD,110.59,Released,60133,2,0
1451,45,786,2/21/2021,BDT,1,Released,1881558,3,0
1452,87,2428,9/17/2022,BDT,1,Released,3234986,1,0
1453,44,1898,6/19/2023,BDT,1,Released,3831077.5999999996,3,0
1454,13,1441,10/11/2022,USD,107.33,Released,19039.59,3,0
1455,38,849,3/28/2023,BDT,1,Released,1867226.0999999999,6,0
1456,30,0,5/28/2020,BDT,1,Released,371000,5,1
1457,148,52,7/16/2023,BDT,1,Released,3448082.41,1,0
1458,58,1271,8/20/2023,BDT,1,Released,4804660.73,1,0
1459,33,1549,7/10/2022,USD,99.9,Released,87827.81999999999,6,0
1460,10,0,12/19/2023,CNY,109.15,Released,172137.67,1,1
1461,2,0,8/24/2022,BDT,1,Released,4555876.640000001,1,0
1462,129,1187,6/24/2023,USD,107.71,Released,7637.26,2,0
1463,38,0,3/17/2020,BDT,1,Released,129210,6,0
1464,41,0,1/11/2022,CNY,87.23,Released,74177.9,3,0
1465,4,1641,9/22/2023,BDT,1,Released,3897543.39,3,0
1466,99,515,7/16/2023,BDT,1,Released,4265395.23,6,0
1467,105,2230,4/28/2021,BDT,1,Released,1651129,5,0
1468,94,2355,5/29/2021,BDT,1,Released,1394103,1,0
1469,109,750,5/23/2022,BDT,1,Released,3458957.4499999997,2,0
1470,4,1863,1/28/2023,BDT,1,Released,4840398.890000001,3,0
1471,105,110,4/10/2022,BDT,1,Released,2634494.1599999997,5,0
1472,20,2154,10/16/2023,BDT,1,Released,1038378.9700000001,4,0
1473,8,1599,11/14/2021,BDT,1,Released,1609566,3,0
1474,6,1015,9/1/2023,USD,110.12,Released,225871.34999999998,6,0
1475,124,0,12/15/2023,USD,110.93,Released,159988.56,5,0
1476,28,1152,5/7/2021,BDT,1,Released,2293487,2,0
1477,105,2114,3/17/2023,BDT,1,Released,8564244.71,5,0
1478,141,0,4/3/2020,USD,85.26,Released,947672.76,4,0
1479,45,1784,8/22/2022,BDT,1,Released,1357666.66,3,0
1480,77,1549,7/6/2022,BDT,1,Released,3545666.12,2,0
1481,1,2426,8/24/2022,USD,102.88,Released,52011.18,6,0
1482,128,2118,6/30/2023,USD,108.17,Released,116298.02,2,0
1483,110,1596,1/19/2023,BDT,1,Released,3065930.91,3,0
1484,112,0,1/22/2022,BDT,1,Released,5699018.92,6,0
1485,89,893,2/4/2022,CNY,87.07,Released,254924.53,1,0
1486,115,1864,8/6/2021,USD,85.5,Released,15439.380000000001,5,0
1487,97,623,8/14/2023,USD,108.53,Released,83368.26,4,0
1488,75,704,3/12/2022,BDT,1,Released,8570879.52,3,0
1489,2,2190,10/29/2023,BDT,1,Released,4185601.92,1,0
1490,76,441,11/20/2023,BDT,1,Released,419862,1,0
1491,30,662,7/5/2022,BDT,1,Released,5787230.17,5,0
1492,42,1519,11/5/2022,USD,109.68,Released,13394,3,0
1493,20,1855,5/16/2022,BDT,1,Released,1366800.67,4,0
1494,120,527,8/31/2023,BDT,1,Released,998493.0700000001,3,0
1495,75,0,6/21/2020,BDT,1,Released,2084413,3,0
1496,79,1866,7/2/2022,BDT,1,Released,283898.82,1,0
1497,74,500,10/19/2023,BDT,1,Released,3210349.57,4,0
1498,46,1310,10/29/2023,USD,109.91,Released,28006.61,2,0
1499,40,906,12/20/2022,USD,112.31,Released,452364.88,5,0
1500,44,1802,9/28/2022,BDT,1,Released,4842874.46,3,0
1501,83,1426,9/26/2021,BDT,1,Released,3721481,3,0
1502,20,12,12/21/2023,BDT,1,Released,2008054.1099999999,4,0
1503,51,2218,9/11/2020,BDT,1,Released,5396951,6,0
1504,44,2154,10/16/2023,BDT,1,Released,7638325.75,3,0
1505,73,0,11/12/2022,CNY,110.06,Released,243048.12,6,0
1506,127,0,6/25/2020,BDT,1,Released,185832,6,0
1507,104,960,6/13/2022,BDT,1,Released,4822142.64,3,0
1508,85,462,12/11/2023,CNY,106.48,Released,705533.52,1,0
1509,122,945,12/7/2022,BDT,1,Released,3659687.41,5,0
1510,1,0,9/24/2023,USD,106.41,Released,31365.11,6,0
1511,17,2135,10/26/2023,USD,110.27,Released,221455.69,4,0
1512,46,2105,3/17/2023,USD,110.36,Released,54629.31,2,0
1513,100,1200,5/11/2023,USD,107.91,Released,42328.03,5,0
1514,101,420,10/27/2022,BDT,1,Released,5127645.6899999995,3,0
1515,47,575,11/30/2022,CNY,110.25,Released,118082.91,2,0
1516,13,0,1/22/2020,USD,84.59,Released,54275.06,3,1
1517,68,2202,8/29/2023,BDT,1,Released,5371338.04,1,0
1518,1,1098,9/15/2020,USD,84.59,Released,11434.619999999999,6,0
1519,59,2496,1/8/2023,BDT,1,Released,910023.4199999999,5,0
1520,11,0,1/21/2020,BDT,1,Released,4709939,5,0
1521,27,2231,3/23/2022,BDT,1,Released,3900513.37,1,0
1522,124,1811,12/23/2021,USD,85.84,Released,31800.06,5,0
1523,85,810,6/8/2023,CNY,106.84,Released,778198,1,0
1524,130,0,11/17/2020,BDT,1,Released,1965395,1,0
1525,65,0,12/1/2021,BDT,1,Released,1185578,6,1
1526,83,408,5/23/2023,BDT,1,Released,1313339.04,3,0
1527,14,1477,8/22/2023,USD,107.84,Released,187906.52,5,0
1528,140,1669,5/2/2023,CNY,109.35,Released,55957.56,6,0
1529,18,174,12/5/2022,BDT,1,Released,4510623.1899999995,3,0
1530,147,0,3/2/2022,BDT,1,Released,1210310.48,1,0
1531,43,2010,7/14/2022,BDT,1,Released,8127727.61,4,0
1532,33,1855,9/19/2023,USD,106.81,Released,450100,6,0
1533,47,949,5/10/2023,CNY,110.44,Released,15600.81,2,0
1534,103,0,7/16/2021,USD,85.32,Released,611202.5,4,0
1535,60,0,5/2/2021,CNY,85.74,Released,102963.89,1,0
1536,52,1393,8/21/2023,USD,106.63,Released,105652.77,3,0
1537,148,2460,10/28/2021,BDT,1,Released,2438473,1,0
1538,12,885,9/5/2021,USD,85.44,Released,7115.34,2,0
1539,110,1210,6/1/2021,BDT,1,Released,350465,3,0
1540,100,1651,12/26/2022,USD,112.76,Released,39744.86,5,0
1541,98,254,4/8/2023,USD,108.38,Released,1110935.26,3,0
1542,125,2167,3/3/2021,BDT,1,Released,468384,6,0
1543,61,1226,12/29/2023,USD,106.37,Released,177592.1,1,0
1544,107,0,4/27/2022,USD,88.12,Released,709752.48,4,0
1545,66,0,3/17/2020,BDT,1,Released,3611550,5,0
1546,41,81,10/17/2023,CNY,109.38,Released,889064.8200000001,3,0
1547,54,0,10/22/2021,CNY,85.45,Released,386594.94,5,0
1548,34,0,5/25/2022,BDT,1,Released,4731802.28,2,0
1549,58,1682,7/22/2021,BDT,1,Released,4000863,1,0
1550,86,762,12/19/2022,BDT,1,Released,1775463.66,5,0
1551,102,537,3/1/2022,BDT,1,Released,3560871.63,4,0
1552,11,2271,7/16/2023,BDT,1,Released,3465288.51,5,0
1553,46,0,11/12/2022,USD,110.18,Released,19775.21,2,1
1554,141,0,7/5/2023,USD,107.73,Released,402278.52,4,0
1555,6,0,7/31/2021,USD,86.05,Released,248548.74,6,0
1556,93,1861,11/23/2021,BDT,1,Released,816756,2,0
1557,80,2182,5/21/2023,BDT,1,Released,5146420.27,2,0
1558,36,383,8/25/2022,USD,102.31,Released,31295.21,2,0
1559,146,2074,8/3/2022,BDT,1,Released,4668340.859999999,2,0
1560,69,303,8/15/2023,BDT,1,Released,3725591.05,3,0
1561,107,1458,10/19/2022,USD,107.13,Released,410659.29000000004,4,0
1562,54,1274,8/5/2023,CNY,109.79,Released,676548.87,5,0
1563,18,0,2/9/2020,BDT,1,Released,3743906,3,0
1564,79,99,12/16/2022,BDT,1,Released,4860515.96,1,0
1565,43,219,3/26/2023,BDT,1,Released,3082295.9,4,0
1566,61,362,8/10/2023,USD,108.08,Released,27526.21,1,0
1567,75,1472,4/1/2022,BDT,1,Released,1203008.49,3,0
1568,13,1629,11/16/2021,USD,85.21,Released,5921.639999999999,3,0
1569,145,835,12/7/2022,BDT,1,Released,7069442.47,3,0
1570,85,281,12/21/2023,CNY,109.87,Released,311083.94,1,0
1571,41,1264,7/29/2023,CNY,109.17,Released,657179.42,3,0
1572,136,0,3/3/2020,BDT,1,Released,1420308,1,0
1573,91,6,11/16/2022,BDT,1,Released,3687915.05,6,0
1574,4,0,2/7/2020,BDT,1,Released,3443065,3,0
1575,10,1410,7/22/2022,CNY,100.4,Released,590092.51,1,0
1576,95,2456,10/30/2021,BDT,1,Released,2548224,4,0
1577,24,1014,1/21/2021,BDT,1,Released,1938001,4,0
1578,133,206,6/6/2022,BDT,1,Released,4689476.45,3,0
1579,25,847,8/11/2020,BDT,1,Released,3821541,3,0
1580,124,2048,11/25/2023,USD,108.23,Released,421445.98000000004,5,0
1581,132,1477,8/22/2023,USD,108.84,Released,154717.61999999997,6,0
1582,22,0,3/24/2023,BDT,1,Released,2575087.04,3,0
1583,102,561,4/24/2020,BDT,1,Released,3670603,4,0
1584,53,1375,9/18/2021,BDT,1,Released,1354044,2,0
1585,56,139,6/11/2023,BDT,1,Released,7160296.8,5,0
1586,45,2340,6/29/2022,BDT,1,Released,2284711.18,3,0
1587,134,25,8/22/2023,BDT,1,Released,2822963.92,1,0
1588,89,561,4/2/2020,CNY,85.24,Released,2916.01,1,0
1589,1,2147,10/19/2023,USD,110.53,Released,42610.85,6,0
1590,23,0,9/7/2020,BDT,1,Released,178523,2,0
1591,137,2423,3/30/2021,USD,84.82,Released,422003.48,2,0
1592,24,2413,7/16/2022,BDT,1,Released,3686982.7800000003,4,0
1593,24,990,5/14/2021,BDT,1,Released,1565033,4,0
1594,57,797,7/6/2022,BDT,1,Released,3714539.06,1,0
1595,42,0,6/19/2022,USD,97.64,Released,293612.16,3,0
1596,121,1308,11/19/2022,USD,109.52,Released,31639.18,4,0
1597,72,438,1/22/2023,BDT,1,Released,36403.49,1,0
1598,66,564,11/30/2023,BDT,1,Released,6133014.25,5,0
1599,83,944,9/14/2021,BDT,1,Released,7609816,3,0
1600,94,719,12/2/2022,BDT,1,Released,4440839.81,1,0
1601,148,2125,5/13/2022,BDT,1,Released,1310070.13,1,0
1602,39,0,9/4/2021,BDT,1,Released,1921857,1,0
1603,72,0,6/15/2021,BDT,1,Released,670010,1,0
1604,46,1784,8/22/2022,USD,102.91,Released,76802.03,2,0
1605,96,1482,3/15/2023,BDT,1,Released,2739232.14,3,0
1606,91,998,12/26/2021,BDT,1,Released,1292676,6,0
1607,114,185,3/19/2021,BDT,1,Released,3507402,3,0
1608,99,1798,9/26/2021,BDT,1,Released,1414100,6,0
1609,27,1974,12/24/2021,BDT,1,Released,1535600,1,0
1610,71,1811,7/4/2023,CNY,106.2,Released,395157.19,3,0
1611,8,1372,9/30/2023,BDT,1,Released,1884938.01,3,0
1612,136,0,8/25/2022,BDT,1,Released,3425733.3,1,0
1613,42,1624,7/1/2022,USD,100.49,Released,506768.98,3,0
1614,6,1855,5/9/2023,USD,107.47,Released,9169.17,6,0
1615,28,2366,6/1/2022,BDT,1,Released,2029319.3399999999,2,0
1616,102,1130,4/12/2021,BDT,1,Released,2218892,4,0
1617,47,1322,11/13/2023,CNY,107.39,Released,330609.35,2,0
1618,135,525,2/13/2023,USD,106.17,Released,67212.22,3,0
1619,20,945,12/15/2023,BDT,1,Released,2479311.62,4,0
1620,127,1703,10/11/2022,BDT,1,Released,6233870.630000001,6,0
1621,7,299,9/17/2023,BDT,1,Released,4196372.71,1,0
1622,139,716,11/1/2022,USD,109.74,Released,115833.32,6,0
1623,58,779,7/22/2021,BDT,1,Released,1878269,1,0
1624,92,441,10/6/2022,BDT,1,Released,4858185.44,2,0
1625,92,2058,6/11/2023,BDT,1,Released,4212179.02,2,0
1626,37,1703,3/3/2020,BDT,1,Released,3489004,2,0
1627,4,1008,1/30/2022,BDT,1,Released,2888732.7800000003,3,0
1628,131,272,10/2/2022,BDT,1,Released,5459481.89,5,0
1629,98,2265,9/4/2022,USD,104.99,Released,843881.6799999999,3,0
1630,10,1442,7/23/2022,CNY,99.8,Released,52720.75,1,0
1631,146,1696,9/2/2021,BDT,1,Released,1424956,2,0
1632,81,729,9/28/2022,BDT,1,Released,2790107.2199999997,3,0
1633,51,1960,11/15/2023,BDT,1,Released,5742184.54,6,0
1634,113,648,8/22/2020,BDT,1,Released,614384,6,0
1635,31,2163,5/24/2023,BDT,1,Released,6339189.100000001,1,0
1636,54,563,4/25/2023,CNY,109.99,Released,806662.99,5,0
1637,137,515,7/16/2023,USD,110.39,Released,26550.53,2,0
1638,79,54,7/17/2021,BDT,1,Released,2559799,1,0
1639,149,0,7/3/2023,CNY,107.39,Released,4675.139999999999,4,0
1640,57,2273,12/24/2020,BDT,1,Released,2760604,1,0
1641,102,2174,6/12/2022,BDT,1,Released,3656007.0500000003,4,0
1642,131,344,1/6/2023,BDT,1,Released,4403934.49,5,0
1643,13,531,6/11/2023,USD,106.46,Released,107365.50000000001,3,0
1644,92,143,12/20/2022,BDT,1,Released,2135981.86,2,0
1645,95,1011,4/15/2023,BDT,1,Released,3401785.0300000003,4,0
1646,52,1506,2/6/2022,USD,88.11,Released,198501.05000000002,3,0
1647,35,0,12/10/2023,BDT,1,Released,3112241.15,4,0
1648,124,0,10/16/2023,USD,105.78,Released,318034.12,5,0
1649,78,125,6/7/2023,BDT,1,Released,1177622.8,2,0
1650,73,0,9/12/2020,CNY,85.4,Released,206161.27,6,0
1651,26,0,9/9/2021,BDT,1,Released,7612836,1,0
1652,52,679,1/6/2023,USD,108.15,Released,19451.23,3,0
1653,45,1393,8/21/2023,BDT,1,Released,5021264.75,3,0
1654,126,553,2/19/2021,BDT,1,Released,1804068,5,0
1655,122,1117,9/25/2020,BDT,1,Released,3119940,5,0
1656,127,1711,8/11/2020,BDT,1,Released,3108030,6,0
1657,67,1678,9/2/2023,BDT,1,Released,3100201.0700000003,4,0
1658,6,1125,1/29/2022,USD,85.8,Released,29102.989999999998,6,0
1659,118,2132,1/10/2022,BDT,1,Released,2057761.08,2,0
1660,31,708,12/10/2023,BDT,1,Released,5533548.8,1,0
1661,14,1444,11/22/2023,USD,108.62,Released,7139.98,5,0
1662,37,554,9/17/2023,BDT,1,Released,2068225.6099999999,2,0
1663,89,658,3/19/2023,CNY,106.61,Released,40861.63,1,0
1664,140,823,9/22/2023,CNY,107.34,Released,172279.23,6,0
1665,50,862,3/23/2023,USD,108.07,Released,1059346.39,3,0
1666,104,0,1/26/2021,BDT,1,Released,3913060,3,0
1667,130,426,4/11/2023,BDT,1,Released,612386.69,1,0
1668,10,1852,7/18/2023,CNY,110.33,Released,57039.56,1,0
1669,96,1822,5/5/2023,BDT,1,Released,2314943.94,3,0
1670,105,0,9/10/2020,BDT,1,Released,1336484,5,1
1671,3,424,6/12/2021,BDT,1,Released,2340872,1,0
1672,25,1420,6/3/2022,BDT,1,Released,7034650.53,3,0
1673,119,0,7/17/2023,BDT,1,Released,3019130.0700000003,1,1
1674,102,532,8/10/2022,BDT,1,Released,2085851.79,4,0
1675,99,662,12/28/2022,BDT,1,Released,1773083.1400000001,6,0
1676,124,987,11/8/2023,USD,109.23,Released,1490.66,5,0
1677,109,0,4/23/2021,BDT,1,Released,4109383,2,1
1678,31,0,1/17/2023,BDT,1,Released,5382402.82,1,1
1679,97,0,4/11/2023,USD,109.19,Released,37426.47,4,0
1680,108,1874,8/27/2020,CNY,85.26,Released,656027.1299999999,3,0
1681,47,1944,1/14/2022,CNY,87.68,Released,51690.770000000004,2,0
1682,51,1106,6/13/2022,BDT,1,Released,4996439.17,6,0
1683,30,1104,5/12/2023,BDT,1,Released,4931600.34,5,0
1684,107,0,8/30/2023,USD,109.42,Released,24541.11,4,0
1685,134,385,10/17/2022,BDT,1,Released,5651870.46,1,0
1686,36,176,9/10/2022,USD,104.78,Released,564603.55,2,0
1687,56,799,8/30/2023,BDT,1,Released,3841332.17,5,0
1688,128,822,10/8/2022,USD,107.11,Released,109017.42,2,0
1689,141,2334,8/17/2023,USD,106.1,Released,346704.19000000006,4,0
1690,135,0,11/23/2022,USD,110.02,Released,51393.06,3,0
1691,105,0,3/27/2022,BDT,1,Released,186446.27,5,1
1692,127,550,12/1/2022,BDT,1,Released,278787.57,6,0
1693,140,0,3/3/2021,CNY,84.79,Released,13605.62,6,0
1694,31,0,1/29/2021,BDT,1,Released,790709,1,1
1695,8,865,12/10/2021,BDT,1,Released,2596235,3,0
1696,118,1058,1/20/2022,BDT,1,Released,171889.67,2,0
1697,146,2301,3/30/2022,BDT,1,Released,4568474.069999999,2,0
1698,91,1355,11/6/2023,BDT,1,Released,2266189.15,6,0
1699,74,2399,11/2/2022,BDT,1,Released,4530547.49,4,0
1700,45,1505,8/7/2021,BDT,1,Released,2127885,3,0
1701,42,26,8/1/2022,USD,102.31,Released,3836.06,3,0
1702,146,95,5/6/2023,BDT,1,Released,4911847.63,2,0
1703,134,2435,10/19/2022,BDT,1,Released,342859.16000000003,1,0
1704,74,2263,4/8/2022,BDT,1,Released,1174336.6300000001,4,0
1705,87,648,1/8/2023,BDT,1,Released,5686822.72,1,0
1706,36,1512,12/6/2021,USD,85.52,Released,61653.54,2,0
1707,96,266,7/10/2022,BDT,1,Released,1771757.3900000001,3,0
1708,26,1777,9/8/2021,BDT,1,Released,2586378,1,0
1709,129,1025,12/26/2023,USD,107.82,Released,79867.57,2,0
1710,111,1116,11/25/2021,BDT,1,Released,2686648,5,0
1711,96,1400,9/22/2022,BDT,1,Released,5206400.359999999,3,0
1712,1,444,6/10/2023,USD,109.15,Released,42584.73,6,0
1713,32,973,10/9/2021,USD,85.4,Released,24821.489999999998,5,0
1714,127,0,8/3/2023,BDT,1,Released,6792154.45,6,0
1715,126,2194,8/23/2022,BDT,1,Released,3784556.55,5,0
1716,24,1240,6/20/2023,BDT,1,Released,4539604.090000001,4,0
1717,23,1810,3/30/2023,BDT,1,Released,1862501.4300000002,2,0
1718,41,1810,4/3/2023,CNY,109.66,Released,310368.22,3,0
1719,126,122,5/1/2021,BDT,1,Released,5320352,5,0
1720,22,870,5/30/2021,BDT,1,Released,476784,3,0
1721,85,1021,11/1/2023,CNY,107.42,Released,335651.63000000006,1,0
1722,138,2348,1/21/2023,CNY,110.43,Released,766828.49,1,0
1723,9,1317,11/25/2023,BDT,1,Released,2235175.32,3,0
1724,79,560,10/21/2023,BDT,1,Released,3174939.62,1,0
1725,55,0,3/10/2021,BDT,1,Released,2898827,1,0
1726,30,2260,6/25/2022,BDT,1,Released,1747430.01,5,0
1727,7,1586,6/20/2023,BDT,1,Released,853137.98,1,0
1728,148,508,5/21/2023,BDT,1,Released,4897733.2,1,0
1729,66,1921,6/6/2020,BDT,1,Released,4282329,5,0
1730,62,318,5/6/2023,USD,106.8,Released,311259.44,3,0
1731,118,203,3/21/2021,BDT,1,Released,2465260,2,0
1732,38,0,9/15/2022,BDT,1,Released,2988319.9699999997,6,0
1733,22,472,2/11/2023,BDT,1,Released,1493862.83,3,0
1734,138,1221,7/8/2023,CNY,106.19,Released,306714.25,1,0
1735,99,28,2/15/2021,BDT,1,Released,4690024,6,0
1736,10,1826,11/6/2021,CNY,85.55,Released,238572.88999999998,1,0
1737,123,0,9/19/2023,USD,108.83,Released,542942.7100000001,2,0
1738,34,924,12/4/2022,BDT,1,Released,7188686.76,2,0
1739,9,2094,11/25/2020,BDT,1,Released,71675,3,0
1740,85,2322,7/10/2022,CNY,100.07,Released,538852.65,1,0
1741,95,1810,3/30/2023,BDT,1,Released,5676139.88,4,0
1742,1,1057,12/21/2021,USD,85.36,Released,40210.72,6,0
1743,38,1977,6/7/2023,BDT,1,Released,1385745.77,6,0
1744,93,1390,5/22/2021,BDT,1,Released,3945778,2,0
1745,14,2205,2/19/2023,USD,107.27,Released,41971.35,5,0
1746,104,0,5/23/2023,BDT,1,Released,734750.68,3,0
1747,63,1394,12/14/2023,BDT,1,Released,1075153.11,3,0
1748,125,1628,9/21/2023,BDT,1,Released,1524306.81,6,0
1749,130,979,6/18/2021,BDT,1,Released,893720,1,0
1750,82,1092,3/4/2023,CNY,107.45,Released,69525,6,0
1751,67,0,11/20/2021,BDT,1,Released,64296,4,0
1752,45,955,3/18/2021,BDT,1,Released,2453597,3,0
1753,111,1850,7/17/2023,BDT,1,Released,4631367.1,5,0
1754,25,0,2/8/2022,BDT,1,Released,6104472.1,3,0
1755,90,2479,8/13/2022,BDT,1,Released,8875746.879999999,1,0
1756,69,724,4/28/2022,BDT,1,Released,4209496.1899999995,3,0
1757,10,1534,4/2/2023,CNY,107.89,Released,8683.22,1,0
1758,137,1667,3/2/2023,USD,109.47,Released,327165.08,2,0
1759,89,1725,4/28/2023,CNY,110.88,Released,236095.83000000002,1,0
1760,56,616,7/23/2023,BDT,1,Released,7044832.56,5,0
1761,17,1034,10/16/2022,USD,107.31,Released,746894.48,4,0
1762,36,1831,11/10/2020,USD,85.34,Released,283707.52,2,0
1763,47,0,7/24/2022,CNY,100.05,Released,8355.52,2,0
1764,67,2320,4/26/2021,BDT,1,Released,5986276,4,0
1765,26,788,9/12/2023,BDT,1,Released,5577295.720000001,1,0
1766,70,886,10/18/2020,BDT,1,Released,1670029,6,0
1767,116,2465,2/26/2023,BDT,1,Released,6832835.86,1,0
1768,91,1053,10/9/2022,BDT,1,Released,309610.07,6,0
1769,35,855,12/11/2023,BDT,1,Released,569325.95,4,0
1770,76,0,10/29/2023,BDT,1,Released,1553011.1,1,0
1771,118,1722,7/24/2021,BDT,1,Released,2639198,2,0
1772,99,424,6/12/2021,BDT,1,Released,183780,6,0
1773,115,1137,10/14/2021,USD,84.9,Released,16943.3,5,0
1774,40,1266,8/2/2022,USD,102.89,Released,237021.36,5,0
1775,17,1322,11/13/2023,USD,106.61,Released,17055.34,4,0
1776,98,108,11/7/2020,USD,85.42,Released,8265.6,3,0
1777,30,0,9/20/2022,BDT,1,Released,5284644.399999999,5,1
1778,128,144,3/23/2022,USD,86.55,Released,134940.22999999998,2,0
1779,61,0,10/1/2022,USD,107.79,Released,8166.63,1,0
1780,150,2065,1/7/2021,BDT,1,Released,2327733,6,0
1781,114,2252,12/23/2022,BDT,1,Released,1854169.8299999998,3,0
1782,135,1714,1/28/2022,USD,86.82,Released,1359422.3599999999,3,0
1783,25,1479,11/4/2020,BDT,1,Released,4273580,3,0
1784,149,812,9/5/2021,CNY,85.85,Released,251249.80000000002,4,0
1785,78,2107,3/25/2023,BDT,1,Released,4469048.32,2,0
1786,90,2158,3/9/2021,BDT,1,Released,1962629,1,0
1787,95,1084,9/10/2022,BDT,1,Released,3679641.72,4,0
1788,81,1532,10/1/2020,BDT,1,Released,3564081,3,0
1789,43,1062,8/4/2022,BDT,1,Released,568258.64,4,0
1790,64,1667,8/30/2023,BDT,1,Released,2646752.3,1,0
1791,8,2107,5/5/2021,BDT,1,Released,920284,3,0
1792,141,2139,3/5/2022,USD,86,Released,140849.86,4,0
1793,59,1333,4/12/2023,BDT,1,Released,3165991.68,5,0
1794,43,2014,11/12/2023,BDT,1,Released,2517536.1999999997,4,0
1795,75,570,3/18/2023,BDT,1,Released,3452523.3200000003,3,0
1796,64,2075,12/27/2022,BDT,1,Released,2303379.07,1,0
1797,72,2024,11/9/2022,BDT,1,Released,3102634.63,1,0
1798,87,31,12/24/2022,BDT,1,Released,3696057.13,1,0
1799,53,0,5/5/2022,BDT,1,Released,642485.73,2,0
1800,111,0,12/27/2022,BDT,1,Released,4235684.38,5,1
1801,123,273,3/20/2023,USD,108.31,Released,11387.16,2,0
1802,143,271,8/14/2023,USD,109.51,Released,3285.26,6,0
1803,126,0,12/7/2022,BDT,1,Released,8576779.959999999,5,0
1804,97,1824,6/12/2023,USD,107.73,Released,31960.79,4,0
1805,79,2428,7/24/2023,BDT,1,Released,382946.5,1,0
1806,45,0,5/18/2021,BDT,1,Released,4377175,3,0
1807,53,213,8/10/2022,BDT,1,Released,4073088.2199999997,2,0
1808,2,1741,4/12/2021,BDT,1,Released,2770413,1,0
1809,135,1054,12/5/2023,USD,106.88,Released,523071.60000000003,3,0
1810,143,926,5/11/2022,USD,95.05,Released,3169.44,6,0
1811,24,0,9/2/2020,BDT,1,Released,3087437,4,0
1812,147,2234,6/29/2022,BDT,1,Released,933675.52,1,0
1813,98,280,8/6/2022,USD,102.1,Released,532801.36,3,0
1814,141,1849,2/25/2023,USD,107.86,Released,225317.32,4,0
1815,25,1666,7/5/2023,BDT,1,Released,1959507.5799999998,3,0
1816,41,0,12/3/2022,CNY,112.38,Released,348745.06,3,0
1817,106,0,3/21/2020,USD,85.27,Released,1245.28,2,0
1818,99,836,1/23/2023,BDT,1,Released,2504192.63,6,0
1819,23,641,8/1/2023,BDT,1,Released,1566169.4,2,0
1820,128,1500,5/9/2023,USD,108.19,Released,103018.76,2,0
1821,135,0,12/23/2023,USD,107.63,Released,782084.34,3,0
1822,21,916,10/17/2020,BDT,1,Released,2553892,2,0
1823,147,0,4/20/2021,BDT,1,Released,380064,1,0
1824,13,1905,4/12/2023,USD,106.73,Released,132132.37,3,0
1825,80,0,12/3/2020,BDT,1,Released,1096144,2,0
1826,33,1306,3/31/2023,USD,109.3,Released,9041.41,6,0
1827,126,1284,1/15/2022,BDT,1,Released,587927.99,5,0
1828,28,270,8/21/2023,BDT,1,Released,3252968.65,2,0
1829,78,542,1/19/2022,BDT,1,Released,2472844.94,2,0
1830,125,0,11/22/2022,BDT,1,Released,6262498.430000001,6,0
1831,66,1289,6/19/2023,BDT,1,Released,3903987.7199999997,5,0
1832,80,0,11/10/2023,BDT,1,Released,4228705.92,2,0
1833,105,1387,10/17/2022,BDT,1,Released,3752212.81,5,0
1834,74,2352,6/1/2023,BDT,1,Released,4394022.74,4,0
1835,127,0,8/9/2021,BDT,1,Released,1839145,6,0
1836,21,913,1/3/2023,BDT,1,Released,3633706.74,2,0
1837,147,2305,10/26/2023,BDT,1,Released,1177979.34,1,0
1838,94,1636,12/17/2021,BDT,1,Released,3328434,1,0
1839,150,0,8/30/2023,BDT,1,Released,2826334.96,6,0
1840,47,846,10/2/2023,CNY,110.25,Released,75491.25,2,0
1841,131,1790,5/7/2022,BDT,1,Released,3037872.89,5,0
1842,31,279,6/29/2022,BDT,1,Released,2529478.12,1,0
1843,89,647,7/19/2021,CNY,85.77,Released,165465.30000000002,1,0
1844,112,0,8/10/2022,BDT,1,Released,226515.56,6,0
1845,12,204,11/29/2023,USD,107.01,Released,357655.23,2,0
1846,55,530,6/19/2023,BDT,1,Released,4534673.5600000005,1,0
1847,133,0,2/20/2023,BDT,1,Released,2537131.67,3,1
1848,111,1268,5/5/2022,BDT,1,Released,3437706.83,5,0
1849,89,180,3/29/2023,CNY,108.37,Released,56608.7,1,0
1850,83,7,11/12/2021,BDT,1,Released,955618,3,0
1851,111,1141,6/2/2023,BDT,1,Released,3249697.73,5,0
1852,41,786,7/20/2023,CNY,106.23,Released,94216.99,3,0
1853,94,0,8/11/2022,BDT,1,Released,7281516.18,1,0
1854,21,1922,5/26/2022,BDT,1,Released,3560422.84,2,0
1855,55,857,1/10/2023,BDT,1,Released,2707840.95,1,0
1856,76,1626,10/18/2023,BDT,1,Released,2718650.3,1,0
1857,119,445,10/16/2023,BDT,1,Released,4415728.62,1,0
1858,116,428,7/15/2023,BDT,1,Released,4014471.4800000004,1,0
1859,49,797,11/14/2023,BDT,1,Released,4385771.12,4,0
1860,100,0,5/16/2022,USD,94.67,Released,25793.54,5,0
1861,117,1074,5/5/2021,BDT,1,Released,4151524,3,0
1862,84,0,5/21/2021,BDT,1,Released,1242483,2,0
1863,13,0,8/1/2020,USD,85.18,Released,117397.51,3,1
1864,140,0,9/5/2023,CNY,106.32,Released,125343.48000000001,6,0
1865,86,1931,12/16/2022,BDT,1,Released,2441192,5,0
1866,105,2259,10/31/2023,BDT,1,Released,4335343.5,5,0
1867,139,985,3/7/2023,USD,108.51,Released,3835.11,6,0
1868,75,1863,9/18/2022,BDT,1,Released,3881645.24,3,0
1869,89,0,3/2/2021,CNY,84.89,Released,7452.87,1,0
1870,132,227,5/2/2021,USD,86.14,Released,14587.4,6,0
1871,75,0,9/25/2021,BDT,1,Released,2917670,3,0
1872,55,1270,7/1/2023,BDT,1,Released,2840163.29,1,0
1873,116,2044,8/15/2023,BDT,1,Released,2980890.71,1,0
1874,59,935,7/17/2023,BDT,1,Released,3840468.74,5,0
1875,27,544,9/16/2020,BDT,1,Released,2587097,1,0
1876,82,234,6/10/2023,CNY,109.05,Released,418730.97000000003,6,0
1877,122,88,8/7/2021,BDT,1,Released,3137244,5,0
1878,149,436,3/3/2023,CNY,108.14,Released,2825.43,4,0
1879,67,1567,12/30/2023,BDT,1,Released,113105.53,4,0
1880,75,73,3/3/2023,BDT,1,Released,2551654.33,3,0
1881,50,1422,7/5/2021,USD,85.88,Released,190780.6,3,0
1882,87,1478,1/19/2023,BDT,1,Released,8248519.78,1,0
1883,143,1602,11/29/2023,USD,106.33,Released,7391.09,6,0
1884,4,305,7/30/2022,BDT,1,Released,2498294.4299999997,3,0
1885,41,0,2/2/2020,CNY,85.21,Released,72270.76,3,0
1886,90,847,6/12/2021,BDT,1,Released,3262900,1,0
1887,67,2263,4/8/2022,BDT,1,Released,5910004.6899999995,4,0
1888,5,444,8/10/2020,BDT,1,Released,3078005,2,0
1889,67,838,12/16/2022,BDT,1,Released,3783067.3499999996,4,0
1890,122,0,12/9/2020,BDT,1,Released,3671900,5,0
1891,91,0,5/31/2023,BDT,1,Released,7116063.4,6,0
1892,99,361,10/26/2021,BDT,1,Released,5658896,6,0
1893,50,1125,5/6/2021,USD,85.07,Released,5583.48,3,0
1894,130,279,6/29/2022,BDT,1,Released,844616.94,1,0
1895,144,444,3/29/2023,USD,110.23,Released,413356.8,6,0
1896,16,1581,8/14/2023,BDT,1,Released,4725369.52,2,0
1897,79,0,5/20/2022,BDT,1,Released,2652486.6999999997,1,1
1898,94,0,6/4/2022,BDT,1,Released,3141466.38,1,0
1899,135,1354,5/29/2023,USD,107.89,Released,152516.35,3,0
1900,20,0,10/27/2021,BDT,1,Released,1032099,4,1
1901,39,1258,11/27/2023,BDT,1,Released,3465946.17,1,0
1902,118,548,2/15/2021,BDT,1,Released,1723245,2,0
1903,41,188,8/19/2021,CNY,86.37,Released,490099.51,3,0
1904,15,1843,6/22/2023,BDT,1,Released,5469080.04,5,0
1905,41,925,2/14/2022,CNY,87.38,Released,58540.89,3,0
1906,38,0,2/15/2021,BDT,1,Released,1373766,6,0
1907,9,454,1/21/2023,BDT,1,Released,820822.35,3,0
1908,24,0,5/18/2022,BDT,1,Released,1811713.72,4,0
1909,40,611,3/9/2023,USD,107.19,Released,64798.74,5,0
1910,90,1256,4/30/2023,BDT,1,Released,4970265.38,1,0
1911,79,21,3/2/2022,BDT,1,Released,930197.92,1,0
1912,49,578,9/15/2023,BDT,1,Released,1416070.84,4,0
1913,58,1502,8/22/2023,BDT,1,Released,450839.25,1,0
1914,103,1492,10/6/2023,USD,106.87,Released,24854.64,4,0
1915,87,1729,6/1/2022,BDT,1,Released,784903.4,1,0
1916,115,994,10/23/2022,USD,107.08,Released,375686.58,5,0
1917,46,311,4/15/2023,USD,107.33,Released,64526.22,2,0
1918,124,1003,11/19/2021,USD,84.89,Released,121590.12,5,0
1919,145,0,12/9/2020,BDT,1,Released,2281373,3,0
1920,11,1274,8/5/2023,BDT,1,Released,2810945.96,5,0
1921,117,61,12/14/2022,BDT,1,Released,6288803.94,3,0
1922,98,1293,9/26/2020,USD,85.3,Released,23176.03,3,0
1923,53,1279,11/1/2020,BDT,1,Released,1539029,2,0
1924,125,2160,9/26/2023,BDT,1,Released,4401216.57,6,0
1925,86,0,12/2/2023,BDT,1,Released,1834375.2999999998,5,0
1926,115,1464,3/28/2023,USD,105.78,Released,29645.989999999998,5,0
1927,56,0,3/1/2021,BDT,1,Released,2364667,5,1
1928,75,2205,2/19/2023,BDT,1,Released,8044509.19,3,0
1929,141,2107,2/7/2021,USD,85.43,Released,274241.36,4,0
1930,120,780,2/8/2022,BDT,1,Released,6438606.52,3,0
1931,81,1012,6/13/2022,BDT,1,Released,3962072.14,3,0
1932,38,742,8/18/2021,BDT,1,Released,619047,6,0
1933,97,190,11/11/2023,USD,110.65,Released,915747.22,4,0
1934,122,375,7/13/2022,BDT,1,Released,3769547.5700000003,5,0
1935,134,0,10/31/2021,BDT,1,Released,4663059,1,0
1936,50,2218,2/1/2021,USD,86.12,Released,379354.63,3,0
1937,132,774,12/29/2023,USD,108.67,Released,454021.48,6,0
1938,8,675,3/18/2023,BDT,1,Released,4555014.06,3,0
1939,82,832,12/31/2023,CNY,109.14,Released,352708.38,6,0
1940,55,1090,3/9/2023,BDT,1,Released,586218.08,1,0
1941,15,275,3/11/2023,BDT,1,Released,5147039.649999999,5,0
1942,8,1156,2/20/2021,BDT,1,Released,1725038,3,0
1943,86,1604,6/17/2022,BDT,1,Released,6664334.41,5,0
1944,68,677,9/7/2023,BDT,1,Released,423713.09,1,0
1945,91,1645,9/3/2021,BDT,1,Released,1150540,6,0
1946,48,396,9/29/2022,USD,105.05,Released,1607.32,6,0
1947,70,1322,11/27/2023,BDT,1,Released,2520732.79,6,0
1948,19,1525,11/12/2021,USD,86.07,Released,32496.15,1,0
1949,26,849,3/28/2023,BDT,1,Released,4732471.95,1,0
1950,15,503,2/16/2022,BDT,1,Released,2256067.81,5,0
1951,55,505,11/22/2020,BDT,1,Released,1382980,1,0
1952,97,969,11/3/2022,USD,110.34,Released,80760.68,4,0
1953,40,1135,7/14/2022,USD,99.53,Released,628753.49,5,0
1954,86,994,9/21/2022,BDT,1,Released,4317269.55,5,0
1955,81,157,6/7/2023,BDT,1,Released,4271046.84,3,0
1956,109,551,11/2/2021,BDT,1,Released,3836631,2,0
1957,1,2186,1/5/2023,USD,106.77,Released,69332.39,6,0
1958,15,0,10/31/2022,BDT,1,Released,775788.15,5,0
1959,85,0,10/25/2022,CNY,107.98,Released,222897.63,1,0
1960,17,1630,8/22/2022,USD,102.74,Released,41960.21,4,0
1961,30,0,1/18/2021,BDT,1,Released,60500,5,1
1962,68,0,12/21/2020,BDT,1,Released,50895,1,0
1963,27,162,5/29/2020,BDT,1,Released,1208514,1,0
1964,89,1060,3/16/2022,CNY,86.98,Released,229589.59999999998,1,0
1965,10,654,12/3/2022,CNY,112.15,Released,30763.28,1,0
1966,143,0,7/6/2020,USD,85.02,Released,28202.72,6,0
1967,107,1577,1/25/2023,USD,107.34,Released,105900.66,4,0
1968,19,384,11/27/2023,USD,108.33,Released,101051.63,1,0
1969,109,1743,1/1/2023,BDT,1,Released,2795266.47,2,0
1970,75,2218,9/4/2022,BDT,1,Released,2916511.96,3,0
1971,5,0,1/1/2022,BDT,1,Released,1483673.52,2,0
1972,96,1484,12/26/2021,BDT,1,Released,4938122,3,0
1973,6,0,2/5/2020,USD,84.54,Released,58457.490000000005,6,0
1974,90,2470,9/17/2023,BDT,1,Released,3480175.2800000003,1,0
1975,75,188,8/19/2021,BDT,1,Released,2652789,3,0
1976,38,1542,12/21/2023,BDT,1,Released,2589442.12,6,0
1977,58,1780,7/24/2022,BDT,1,Released,6423195.28,1,0
1978,26,2300,10/4/2022,BDT,1,Released,2790705.36,1,0
1979,13,575,5/7/2023,USD,110.54,Released,80487.54,3,0
1980,52,2296,9/12/2023,USD,107.2,Released,57125.18,3,0
1981,50,207,6/14/2023,USD,109.02,Released,414911.52,3,0
1982,82,444,10/28/2021,CNY,85.42,Released,265748.42,6,0
1983,90,2147,10/19/2023,BDT,1,Released,2354930.4,1,0
1984,145,886,2/28/2023,BDT,1,Released,3289349.43,3,0
1985,144,1800,7/3/2023,USD,107.99,Released,29218.629999999997,6,0
1986,48,1805,9/3/2023,USD,110.9,Released,433242.98,6,0
1987,17,501,4/26/2021,USD,85.91,Released,582838.2200000001,4,0
1988,108,285,11/21/2021,CNY,85.89,Released,86502.75,3,0
1989,45,1565,10/7/2022,BDT,1,Released,4313373.24,3,0
1990,20,1631,5/18/2023,BDT,1,Released,1924176.9500000002,4,0
1991,36,1689,9/14/2021,USD,85.53,Released,39452.71,2,0
1992,44,2413,7/16/2022,BDT,1,Released,2555993.55,3,0
1993,106,1578,7/23/2022,USD,99.9,Released,586783.73,2,0
1994,8,0,11/20/2023,BDT,1,Released,1310634.83,3,0
1995,57,0,6/2/2020,BDT,1,Released,187110,1,1
1996,103,1760,3/19/2023,USD,108.27,Released,158136.06,4,0
1997,42,1106,1/18/2023,USD,108.18,Released,13733.91,3,0
1998,35,2071,3/1/2022,BDT,1,Released,3744490.05,4,0
1999,24,658,3/19/2023,BDT,1,Released,2371376,4,0
2000,74,527,1/31/2021,BDT,1,Released,2070602,4,0
2001,137,1144,2/26/2021,USD,84.9,Released,355139,2,0
2002,150,0,7/13/2023,BDT,1,Released,98320.32,6,0
2003,72,1414,4/10/2022,BDT,1,Released,2367414.3,1,0
2004,122,2036,1/16/2022,BDT,1,Released,1868458.52,5,0
2005,115,1886,5/5/2021,USD,84.99,Released,616147.1599999999,5,0
2006,68,865,12/10/2021,BDT,1,Released,2516141,1,0
2007,113,751,8/4/2022,BDT,1,Released,3182534.81,6,0
2008,137,0,12/12/2021,USD,85.62,Released,385337.55999999994,2,0
2009,36,2102,12/22/2023,USD,108.85,Released,22794.02,2,0
2010,88,43,1/23/2023,BDT,1,Released,1274225.72,2,0
2011,121,2053,6/23/2022,USD,97.99,Released,35836.01,4,0
2012,16,1610,3/19/2022,BDT,1,Released,1961615.36,2,0
2013,15,1970,1/26/2022,BDT,1,Released,701504.4400000001,5,0
2014,134,2449,8/15/2020,BDT,1,Released,3047229,1,0
2015,132,2217,5/23/2022,USD,95.21,Released,199363.96,6,0
2016,56,1018,7/5/2023,BDT,1,Released,4608067.09,5,0
2017,6,2392,10/23/2021,USD,85.74,Released,55682.009999999995,6,0
2018,8,0,8/7/2023,BDT,1,Released,1989563.1,3,0
2019,54,274,5/28/2022,CNY,95.17,Released,163184.63,5,0
2020,78,0,4/3/2023,BDT,1,Released,811507.57,2,0
2021,37,2116,12/11/2023,BDT,1,Released,5578524.13,2,0
2022,14,1218,11/29/2023,USD,107.28,Released,47947.26,5,0
2023,148,820,11/26/2023,BDT,1,Released,4317461.35,1,0
2024,148,598,8/30/2022,BDT,1,Released,3649864.1,1,0
2025,128,2074,8/3/2022,USD,102.74,Released,9262.86,2,0
2026,125,0,4/3/2020,BDT,1,Released,35062,6,0
2027,135,2197,12/12/2023,USD,106.69,Released,1978605.2499999998,3,0
2028,80,2010,11/6/2021,BDT,1,Released,3852046,2,0
2029,51,2364,2/4/2022,BDT,1,Released,2971014.65,6,0
2030,47,356,1/27/2021,CNY,84.67,Released,10925.64,2,0
2031,56,0,2/14/2021,BDT,1,Released,3121544,5,1
2032,142,858,1/11/2023,BDT,1,Released,4040507.63,6,0
2033,111,0,8/7/2022,BDT,1,Released,2510366.66,5,1
2034,112,370,10/25/2021,BDT,1,Released,2160898,6,0
2035,83,388,10/5/2021,BDT,1,Released,88812,3,0
2036,144,0,8/4/2023,USD,110.64,Released,481169.27999999997,6,1
2037,43,1276,11/30/2023,BDT,1,Released,2067225.3199999998,4,0
2038,119,122,11/19/2023,BDT,1,Released,5871239.11,1,0
2039,20,0,12/16/2020,BDT,1,Released,1655859,4,1
2040,118,1304,8/14/2023,BDT,1,Released,3430748.62,2,0
2041,25,0,12/2/2020,BDT,1,Released,3983020,3,0
2042,118,473,12/23/2021,BDT,1,Released,4312040,2,0
2043,67,648,7/11/2021,BDT,1,Released,9927417,4,0
2044,18,51,12/10/2021,BDT,1,Released,765176,3,0
2045,133,856,2/1/2023,BDT,1,Released,3388254.57,3,0
2046,83,1944,6/10/2023,BDT,1,Released,2925377.81,3,0
2047,53,508,4/13/2022,BDT,1,Released,3082880.7800000003,2,0
2048,97,0,7/15/2021,USD,85.57,Released,270727.82999999996,4,0
2049,87,0,5/1/2023,BDT,1,Released,2134938.76,1,0
2050,14,837,6/4/2021,USD,85.72,Released,330866.95999999996,5,0
2051,37,507,9/27/2020,BDT,1,Released,2366985,2,0
2052,92,2077,12/2/2021,BDT,1,Released,62495,2,0
2053,5,1285,11/12/2022,BDT,1,Released,5870116.89,2,0
2054,115,1114,6/7/2021,USD,85.61,Released,234948.24,5,0
2055,89,2172,10/31/2023,CNY,108.59,Released,81689.1,1,0
2056,49,673,9/17/2023,BDT,1,Released,359285.45,4,0
2057,116,2001,7/29/2020,BDT,1,Released,2372580,1,0
2058,29,0,8/22/2021,BDT,1,Released,2160018,6,0
2059,143,1243,12/16/2023,USD,108.25,Released,42618.99,6,0
2060,23,2359,10/5/2022,BDT,1,Released,2303258.91,2,0
2061,132,924,12/4/2022,USD,112.59,Released,74500.58,6,0
2062,40,2102,4/11/2023,USD,109.89,Released,1017060.0300000001,5,0
2063,101,70,3/10/2022,BDT,1,Released,4989649.15,3,0
2064,40,1635,7/10/2022,USD,99.93,Released,23962.39,5,0
2065,10,1967,12/27/2022,CNY,112.63,Released,9374.77,1,0
2066,134,1454,10/14/2023,BDT,1,Released,535845.38,1,0
2067,75,1034,11/12/2022,BDT,1,Released,857448.3400000001,3,0
2068,110,0,6/11/2022,BDT,1,Released,5060858.53,3,0
2069,22,944,12/23/2023,BDT,1,Released,4557197.69,3,0
2070,100,2092,12/24/2022,USD,112.96,Released,6843.75,5,0
2071,5,0,4/28/2023,BDT,1,Released,5387333.91,2,0
2072,88,1933,8/7/2021,BDT,1,Released,2045060,2,0
2073,31,1547,2/6/2023,BDT,1,Released,3997207.74,1,0
2074,69,936,12/25/2021,BDT,1,Released,5008000,3,0
2075,40,1960,11/15/2023,USD,106.6,Released,995432.5900000001,5,0
2076,50,1962,4/22/2023,USD,109.36,Released,84272.91,3,0
2077,128,1022,4/12/2023,USD,107.11,Released,150590.56,2,0
2078,61,2346,12/9/2021,USD,85.71,Released,119681.84,1,0
2079,93,34,12/26/2022,BDT,1,Released,4001518.45,2,0
2080,63,1997,1/8/2022,BDT,1,Released,970802.6000000001,3,0
2081,103,313,4/11/2022,USD,86.91,Released,26100.31,4,0
2082,105,385,1/27/2021,BDT,1,Released,2779583,5,0
2083,71,985,2/12/2021,CNY,85.37,Released,540635.53,3,0
2084,60,1549,8/16/2020,CNY,85.16,Released,12504.65,1,0
2085,148,78,5/29/2022,BDT,1,Released,1270095.06,1,0
2086,83,338,2/26/2023,BDT,1,Released,827284.97,3,0
2087,30,1508,6/9/2023,BDT,1,Released,2355854.93,5,0
2088,149,189,9/14/2021,CNY,86.31,Released,2312.56,4,0
2089,149,0,12/13/2020,CNY,84.79,Released,35712.81,4,0
2090,77,604,10/17/2020,BDT,1,Released,5607341,2,0
2091,6,1518,12/16/2022,USD,112.28,Released,628553.59,6,0
2092,40,1930,7/4/2023,USD,107.58,Released,22112.37,5,0
2093,53,450,5/1/2022,BDT,1,Released,1896129.3900000001,2,0
2094,39,0,5/14/2021,BDT,1,Released,2896075,1,0
2095,16,193,1/13/2022,BDT,1,Released,5636646.01,2,0
2096,126,2237,12/13/2022,BDT,1,Released,6563985.6899999995,5,0
2097,96,911,5/13/2022,BDT,1,Released,5750281.56,3,0
2098,64,0,9/11/2020,BDT,1,Released,44982,1,0
2099,66,0,9/19/2022,BDT,1,Released,539447.23,5,0
2100,78,74,3/8/2022,BDT,1,Released,2496057.55,2,0
2101,35,1628,3/10/2023,BDT,1,Released,2256330.26,4,0
2102,56,2462,8/15/2022,BDT,1,Released,2219257.8,5,0
2103,52,265,9/11/2022,USD,104.65,Released,11650.779999999999,3,0
2104,120,606,1/15/2023,BDT,1,Released,4333324.21,3,0
2105,132,0,10/19/2020,USD,84.81,Released,765188.6300000001,6,1
2106,23,326,9/7/2023,BDT,1,Released,3293159.7399999998,2,0
2107,112,1587,4/6/2022,BDT,1,Released,3548353.44,6,0
2108,73,2399,1/9/2023,CNY,110.04,Released,262566.31,6,0
2109,64,128,8/24/2021,BDT,1,Released,1982640,1,0
2110,118,832,12/31/2023,BDT,1,Released,4548893.41,2,0
2111,31,1619,7/11/2023,BDT,1,Released,1127200.8800000001,1,0
2112,119,1000,7/29/2022,BDT,1,Released,947938.02,1,0
2113,46,2082,9/29/2023,USD,109.97,Released,35362.78,2,0
2114,108,2282,4/25/2023,CNY,108.89,Released,11045.9,3,0
2115,49,1859,11/3/2023,BDT,1,Released,498821.57,4,0
2116,95,850,6/9/2023,BDT,1,Released,3672802.84,4,0
2117,3,75,2/13/2021,BDT,1,Released,3338494,1,0
2118,143,1709,1/18/2023,USD,106.53,Released,8993.23,6,0
2119,35,1387,10/17/2022,BDT,1,Released,3928912.5,4,0
2120,8,1073,12/6/2023,BDT,1,Released,3742671.7,3,0
2121,56,0,7/24/2021,BDT,1,Released,4347786,5,1
2122,86,2088,7/7/2021,BDT,1,Released,2474624,5,0
2123,44,1172,5/24/2023,BDT,1,Released,5438819.95,3,0
2124,52,54,1/3/2021,USD,85.74,Released,16668.63,3,0
2125,77,692,10/7/2022,BDT,1,Released,2544089.98,2,0
2126,145,2046,7/28/2023,BDT,1,Released,3125867.8200000003,3,0
2127,126,1866,1/9/2023,BDT,1,Released,4288245.64,5,0
2128,42,148,9/5/2021,USD,85.73,Released,13640.93,3,0
2129,127,1375,1/22/2020,BDT,1,Released,585752,6,0
2130,76,1856,1/12/2023,BDT,1,Released,6349104.17,1,0
2131,22,1488,11/30/2023,BDT,1,Released,771503.26,3,0
2132,17,7,10/8/2020,USD,84.54,Released,38633.45,4,0
2133,61,953,2/11/2022,USD,87.84,Released,208.57,1,0
2134,43,1393,11/17/2023,BDT,1,Released,1920076.5899999999,4,0
2135,75,0,2/19/2023,BDT,1,Released,3343465.04,3,0
2136,36,0,2/22/2023,USD,110.21,Released,202091.59000000003,2,0
2137,61,0,9/11/2021,USD,85.05,Released,12943.16,1,0
2138,111,2208,11/30/2021,BDT,1,Released,4067216,5,0
2139,24,2294,4/10/2023,BDT,1,Released,1099072.08,4,0
2140,13,0,3/5/2020,USD,85.2,Released,164585.88,3,1
2141,102,0,4/23/2021,BDT,1,Released,2003480,4,0
2142,104,1922,5/17/2021,BDT,1,Released,1537431,3,0
2143,91,0,9/25/2020,BDT,1,Released,1242660,6,0
2144,1,289,10/23/2021,USD,86.12,Released,19089.41,6,0
2145,108,1867,2/5/2023,CNY,107.06,Released,675497.27,3,0
2146,140,642,6/23/2021,CNY,86.16,Released,5130.12,6,0
2147,24,2367,12/19/2022,BDT,1,Released,2023721.85,4,0
2148,45,821,11/1/2022,BDT,1,Released,5195178.36,3,0
2149,149,0,12/5/2023,CNY,109.99,Released,22740.32,4,0
2150,5,0,12/12/2021,BDT,1,Released,4542758,2,0
2151,72,1765,12/26/2021,BDT,1,Released,722606,1,0
2152,30,1532,11/28/2020,BDT,1,Released,6181021,5,0
2153,19,932,10/14/2023,USD,108.6,Released,496288.93999999994,1,0
2154,31,2198,2/23/2023,BDT,1,Released,7453099.11,1,0
2155,115,0,9/23/2022,USD,105.24,Released,299701.22000000003,5,0
2156,90,813,8/30/2023,BDT,1,Released,2041177.7000000002,1,0
2157,101,927,6/23/2022,BDT,1,Released,4361969.55,3,0
2158,113,1236,8/19/2022,BDT,1,Released,2117059.99,6,0
2159,56,2223,7/5/2022,BDT,1,Released,2553407.0300000003,5,0
2160,124,768,10/20/2020,USD,85.46,Released,37303.96,5,0
2161,132,0,8/2/2023,USD,110.24,Released,359063.79,6,1
2162,85,77,3/29/2022,CNY,87.8,Released,434879.96,1,0
2163,127,578,6/10/2023,BDT,1,Released,2078628.71,6,0
2164,16,1462,3/29/2021,BDT,1,Released,1890448,2,0
2165,80,1532,2/4/2022,BDT,1,Released,2095990.82,2,0
2166,147,685,1/9/2023,BDT,1,Released,193903.36,1,0
2167,108,0,5/21/2021,CNY,85.22,Released,267.96,3,0
2168,21,1233,9/12/2023,BDT,1,Released,3180440.99,2,0
2169,102,442,7/22/2020,BDT,1,Released,3979693,4,0
2170,95,2032,6/23/2023,BDT,1,Released,4560657.02,4,0
2171,64,514,1/11/2023,BDT,1,Released,3563554.65,1,0
2172,57,0,12/2/2023,BDT,1,Released,7840389.1899999995,1,1
2173,95,0,3/18/2023,BDT,1,Released,3361080.19,4,0
2174,111,2026,12/12/2023,BDT,1,Released,1826007.7200000002,5,0
2175,19,2182,1/15/2023,USD,110.69,Released,1083885.51,1,0
2176,91,2433,11/11/2022,BDT,1,Released,1714399.29,6,0
2177,7,0,9/3/2022,BDT,1,Released,6959274.33,1,0
2178,60,2040,7/11/2021,CNY,86.28,Released,246339.63,1,0
2179,107,1155,4/5/2022,USD,85.68,Released,150108.43000000002,4,0
2180,126,2086,4/17/2022,BDT,1,Released,6327201.640000001,5,0
2181,47,522,11/5/2022,CNY,110.49,Released,395661.97000000003,2,0
2182,119,2162,10/12/2021,BDT,1,Released,3176176,1,0
2183,45,1239,11/22/2023,BDT,1,Released,2380181.16,3,0
2184,50,1965,10/2/2023,USD,106.04,Released,198877.59,3,0
2185,108,1197,8/9/2023,CNY,110.21,Released,19636.239999999998,3,0
2186,25,645,8/9/2022,BDT,1,Released,3553796.13,3,0
2187,53,1749,8/30/2021,BDT,1,Released,53320,2,0
2188,4,94,10/11/2021,BDT,1,Released,2288175,3,0
2189,149,998,10/2/2023,CNY,108.71,Released,1801.17,4,0
2190,113,1486,7/18/2023,BDT,1,Released,4875095.11,6,0
2191,150,778,3/10/2022,BDT,1,Released,3723182.31,6,0
2192,118,2125,5/13/2022,BDT,1,Released,3967935.1100000003,2,0
2193,120,0,5/6/2022,BDT,1,Released,3744487.19,3,0
2194,40,1270,7/1/2023,USD,105.87,Released,521579.88,5,0
2195,92,368,3/3/2021,BDT,1,Released,3242979,2,0
2196,28,0,1/12/2021,BDT,1,Released,1799095,2,0
2197,10,1342,8/22/2023,CNY,106.72,Released,53660.740000000005,1,0
2198,35,0,1/27/2020,BDT,1,Released,3572381,4,0
2199,51,836,1/23/2023,BDT,1,Released,3384306.7600000002,6,0
2200,112,0,1/29/2021,BDT,1,Released,2315430,6,0
2201,141,0,1/27/2022,USD,86.54,Released,141058.95,4,0
2202,52,1311,10/11/2023,USD,106.31,Released,12976.18,3,0
2203,41,1852,1/2/2022,CNY,86.64,Released,353608.19,3,0
2204,37,1775,9/6/2023,BDT,1,Released,1613505.04,2,0
2205,24,1054,11/1/2022,BDT,1,Released,5958141.07,4,0
2206,28,0,1/23/2020,BDT,1,Released,1171968,2,0
2207,134,1534,11/24/2022,BDT,1,Released,507908.19,1,0
2208,84,746,4/12/2023,BDT,1,Released,2883952.09,2,0
2209,118,0,7/4/2022,BDT,1,Released,3615730.88,2,0
2210,44,541,11/26/2023,BDT,1,Released,2535779.63,3,0
2211,36,163,12/5/2023,USD,108.93,Released,216339.31,2,0
2212,40,1062,1/15/2022,USD,86.35,Released,31326.37,5,0
2213,131,231,8/16/2023,BDT,1,Released,245220.43,5,0
2214,45,1732,3/4/2023,BDT,1,Released,5567751.11,3,0
2215,77,0,12/15/2020,BDT,1,Released,1868196,2,1
2216,144,305,7/27/2022,USD,100.37,Released,27636.72,6,0
2217,76,512,12/23/2023,BDT,1,Released,3518564.39,1,0
2218,96,0,8/17/2021,BDT,1,Released,2026018,3,0
2219,108,520,9/12/2022,CNY,105.21,Released,25002.079999999998,3,0
2220,90,0,8/27/2023,BDT,1,Released,3749279.13,1,0
2221,125,1886,5/5/2021,BDT,1,Released,581005,6,0
2222,40,1099,7/25/2022,USD,99.57,Released,369185.08,5,0
2223,11,427,5/19/2023,BDT,1,Released,5421677.74,5,0
2224,103,1634,9/1/2023,USD,108.58,Released,889418.1,4,0
2225,22,2101,8/11/2023,BDT,1,Released,7086260.86,3,0
2226,33,2214,1/4/2022,USD,87.57,Released,19445.15,6,0
2227,19,736,1/7/2021,USD,85.22,Released,578520.45,1,0
2228,47,561,9/16/2022,CNY,105.32,Released,46328.64,2,0
2229,150,2387,8/1/2023,BDT,1,Released,5361050.0600000005,6,0
2230,83,2052,5/8/2021,BDT,1,Released,1361670,3,0
2231,116,0,11/6/2022,BDT,1,Released,3412871.2800000003,1,0
2232,149,0,4/24/2021,CNY,85.45,Released,10443.21,4,0
2233,127,2174,3/7/2023,BDT,1,Released,1946188.16,6,0
2234,27,0,1/8/2020,BDT,1,Released,4266072,1,1
2235,55,2071,2/20/2023,BDT,1,Released,1209577.98,1,0
2236,16,1288,1/10/2022,BDT,1,Released,3548338.5599999996,2,0
2237,12,368,5/16/2020,USD,84.63,Released,393623.8,2,0
2238,36,1337,4/26/2021,USD,85.92,Released,351982.07999999996,2,0
2239,89,1324,10/3/2022,CNY,107.79,Released,253697.32,1,0
2240,20,1093,4/9/2023,BDT,1,Released,4122614.45,4,0
2241,101,968,7/20/2023,BDT,1,Released,1031663.89,3,0
2242,121,370,9/17/2021,USD,85.3,Released,5764.95,4,0
2243,72,114,12/22/2022,BDT,1,Released,157829.29,1,0
2244,135,0,10/30/2022,USD,107.15,Released,700723.52,3,0
2245,12,0,3/20/2023,USD,109.08,Released,529939.4299999999,2,0
2246,41,1896,11/25/2023,CNY,106.67,Released,411244.61,3,0
2247,63,1090,3/9/2023,BDT,1,Released,1157833.69,3,0
2248,1,1641,9/22/2023,USD,106.27,Released,28775.29,6,0
2249,50,0,8/14/2021,USD,85.11,Released,284815.08999999997,3,0
2250,138,0,1/8/2021,CNY,85.64,Released,95173.44,1,0
2251,31,864,7/19/2023,BDT,1,Released,3433059.96,1,0
2252,123,1424,12/8/2023,USD,107.02,Released,68591.93000000001,2,0
2253,9,2312,9/18/2021,BDT,1,Released,1501352,3,0
2254,119,816,12/30/2021,BDT,1,Released,2746878,1,0
2255,139,2246,8/18/2023,USD,105.76,Released,20659.85,6,0
2256,27,581,9/25/2020,BDT,1,Released,193029,1,0
2257,9,1064,7/13/2023,BDT,1,Released,1526300.98,3,0
2258,74,1047,7/13/2023,BDT,1,Released,2274843.81,4,0
2259,26,2493,1/20/2022,BDT,1,Released,4627488.0200000005,1,0
2260,76,0,11/9/2021,BDT,1,Released,1449850,1,0
2261,120,489,7/9/2022,BDT,1,Released,3029358.7800000003,3,0
2262,123,432,6/3/2023,USD,106.38,Released,333480.72,2,0
2263,127,167,3/6/2023,BDT,1,Released,4663463.4,6,0
2264,123,12,12/21/2023,USD,110.3,Released,25405.72,2,0
2265,37,1137,3/22/2021,BDT,1,Released,2361995,2,0
2266,51,0,11/25/2022,BDT,1,Released,7051091.87,6,0
2267,130,472,1/1/2022,BDT,1,Released,2498158.7800000003,1,0
2268,111,1812,8/8/2023,BDT,1,Released,2674801.17,5,0
2269,118,1014,6/2/2023,BDT,1,Released,5122196.67,2,0
2270,72,197,10/9/2022,BDT,1,Released,1333718.08,1,0
2271,46,0,3/22/2021,USD,85.12,Released,264755.53,2,1
2272,84,2154,10/16/2023,BDT,1,Released,2908559.6799999997,2,0
2273,23,114,5/2/2022,BDT,1,Released,3475222.39,2,0
2274,127,1866,4/11/2023,BDT,1,Released,2891918.55,6,0
2275,108,1537,6/6/2021,CNY,85.78,Released,204965.69,3,0
2276,52,2250,11/29/2022,USD,110.43,Released,4859.11,3,0
2277,121,386,9/24/2020,USD,85.02,Released,36305.22,4,0
2278,74,2067,3/14/2022,BDT,1,Released,2804559.82,4,0
2279,64,326,9/7/2023,BDT,1,Released,897510.54,1,0
2280,23,2348,1/21/2023,BDT,1,Released,1959368.44,2,0
2281,77,1076,9/29/2023,BDT,1,Released,1040768.24,2,0
2282,112,0,12/18/2020,BDT,1,Released,2643268,6,0
2283,4,1152,10/2/2022,BDT,1,Released,981183.03,3,0
2284,5,843,9/18/2023,BDT,1,Released,2004830.09,2,0
2285,64,2348,12/21/2023,BDT,1,Released,2529290.46,1,0
2286,138,2264,12/29/2023,CNY,107.41,Released,284665.43000000005,1,0
2287,6,0,1/13/2022,USD,87.86,Released,184299.64,6,0
2288,8,0,7/20/2021,BDT,1,Released,1116168,3,0
2289,76,2032,8/17/2023,BDT,1,Released,2081968.46,1,0
2290,2,1454,10/14/2023,BDT,1,Released,1566017.73,1,0
2291,64,1510,11/21/2022,BDT,1,Released,142930.7,1,0
2292,49,2179,3/1/2023,BDT,1,Released,820597.97,4,0
2293,134,82,9/9/2021,BDT,1,Released,1751027,1,0
2294,74,1311,10/11/2023,BDT,1,Released,628986.8500000001,4,0
2295,53,0,9/10/2023,BDT,1,Released,2209218.35,2,0
2296,57,1211,12/29/2022,BDT,1,Released,3947678.5,1,0
2297,121,1995,2/11/2023,USD,107.59,Released,17073.53,4,0
2298,43,1694,1/23/2022,BDT,1,Released,3895651.39,4,0
2299,1,2194,5/31/2021,USD,85.44,Released,39816.06,6,0
2300,3,783,1/23/2023,BDT,1,Released,3667102.8,1,0
2301,39,2483,12/31/2023,BDT,1,Released,142193.81,1,0
2302,89,0,7/24/2022,CNY,100.13,Released,4169.77,1,0
2303,14,980,6/19/2022,USD,97.54,Released,162867.32,5,0
2304,75,1631,5/18/2023,BDT,1,Released,1666654.1,3,0
2305,54,974,4/6/2023,CNY,107.6,Released,7020.77,5,0
2306,86,1337,4/25/2023,BDT,1,Released,3176419.91,5,0
2307,3,0,10/29/2022,BDT,1,Released,5434791.68,1,0
2308,76,456,5/20/2023,BDT,1,Released,3157224.88,1,0
2309,141,1685,6/20/2021,USD,85.39,Released,480751,4,0
2310,37,1541,6/13/2023,BDT,1,Released,1020834.68,2,0
2311,54,2173,4/26/2021,CNY,85.23,Released,10563.85,5,0
2312,72,1996,6/2/2020,BDT,1,Released,1178178,1,0
2313,130,418,9/11/2022,BDT,1,Released,565503.81,1,0
2314,31,0,11/20/2020,BDT,1,Released,6173013,1,1
2315,89,281,12/21/2023,CNY,108.7,Released,351159.79,1,0
2316,135,50,5/10/2021,USD,85.57,Released,990.6,3,0
2317,129,1161,4/27/2023,USD,107.18,Released,15840.170000000002,2,0
2318,113,0,11/22/2023,BDT,1,Released,5963549.59,6,0
2319,91,872,5/23/2021,BDT,1,Released,2738433,6,0
2320,85,596,8/23/2023,CNY,109.23,Released,888187.1699999999,1,0
2321,88,887,3/13/2022,BDT,1,Released,2188771.6799999997,2,0
2322,112,1161,10/12/2023,BDT,1,Released,6215972.38,6,0
2323,29,1134,10/1/2021,BDT,1,Released,4771322,6,0
2324,41,1804,9/21/2022,CNY,105.19,Released,785.32,3,0
2325,115,0,4/17/2021,USD,84.68,Released,312.3,5,0
2326,131,1410,7/22/2022,BDT,1,Released,3029775.9499999997,5,0
2327,64,0,4/27/2022,BDT,1,Released,1131865.01,1,0
2328,34,1676,9/13/2023,BDT,1,Released,2413135.03,2,0
2329,7,0,2/18/2021,BDT,1,Released,2177764,1,0
2330,46,2377,11/13/2022,USD,109.97,Released,413196.97,2,0
2331,142,1038,2/21/2022,BDT,1,Released,2818842.61,6,0
2332,31,291,1/8/2023,BDT,1,Released,4854943.09,1,0
2333,150,191,2/1/2021,BDT,1,Released,403639,6,0
2334,29,537,3/1/2022,BDT,1,Released,1162208.26,6,0
2335,94,930,1/18/2022,BDT,1,Released,5539686.47,1,0
2336,56,1299,3/24/2022,BDT,1,Released,1824045.4,5,0
2337,3,855,12/11/2023,BDT,1,Released,3818559.38,1,0
2338,52,1950,8/4/2023,USD,107.89,Released,15605.449999999999,3,0
2339,139,1416,5/20/2023,USD,107.39,Released,27084.13,6,0
2340,95,25,8/22/2023,BDT,1,Released,3852153.1,4,0
2341,90,938,1/16/2023,BDT,1,Released,3068851.1599999997,1,0
2342,140,1498,11/4/2022,CNY,109.63,Released,7353.38,6,0
2343,114,0,8/3/2021,BDT,1,Released,2575032,3,0
2344,143,0,11/14/2020,USD,85.31,Released,33643.28,6,0
2345,38,118,10/20/2021,BDT,1,Released,4995786,6,0
2346,18,888,3/7/2023,BDT,1,Released,3336146.99,3,0
2347,101,2202,5/28/2023,BDT,1,Released,6162346.01,3,0
2348,87,2037,3/9/2022,BDT,1,Released,1158277.49,1,0
2349,33,1700,11/5/2021,USD,86.27,Released,373449.24000000005,6,0
2350,10,1998,12/10/2021,CNY,86.18,Released,574764.74,1,0
2351,60,110,4/10/2022,CNY,87.34,Released,67562.5,1,0
2352,105,1390,5/22/2021,BDT,1,Released,1832003,5,0
2353,122,66,8/22/2022,BDT,1,Released,2752305.64,5,0
2354,129,1248,5/26/2023,USD,108.66,Released,8158.1,2,0
2355,34,742,11/12/2020,BDT,1,Released,4922029,2,0
2356,5,2299,8/16/2020,BDT,1,Released,678975,2,0
2357,140,1429,11/10/2022,CNY,109.57,Released,19871.46,6,0
2358,122,796,8/24/2022,BDT,1,Released,2285893.06,5,0
2359,13,0,1/17/2022,USD,85.8,Released,36625.51,3,1
2360,66,2044,4/10/2022,BDT,1,Released,956512.45,5,0
2361,93,0,11/2/2021,BDT,1,Released,1836149,2,0
2362,76,2418,2/21/2021,BDT,1,Released,1032637,1,0
2363,64,0,11/4/2023,BDT,1,Released,2885652.69,1,0
2364,44,677,10/2/2021,BDT,1,Released,511687,3,0
2365,119,213,9/23/2021,BDT,1,Released,2068842,1,0
2366,13,0,1/26/2020,USD,85.43,Released,27768.21,3,1
2367,3,1693,4/16/2023,BDT,1,Released,2095972.46,1,0
2368,94,0,8/21/2023,BDT,1,Released,18669.57,1,0
2369,125,862,3/23/2023,BDT,1,Released,1898607.42,6,0
2370,91,0,8/13/2023,BDT,1,Released,3190748.78,6,0
2371,121,610,9/14/2023,USD,111.09,Released,20771.54,4,0
2372,49,324,7/12/2021,BDT,1,Released,4432266,4,0
2373,19,445,1/4/2023,USD,107.34,Released,266163.93000000005,1,0
2374,71,1135,7/14/2022,CNY,100.23,Released,762053.5499999999,3,0
2375,124,0,6/23/2021,USD,85.06,Released,313119.68000000005,5,0
2376,116,0,1/17/2021,BDT,1,Released,1166724,1,0
2377,40,275,12/2/2021,USD,85.16,Released,985.92,5,0
2378,35,1668,10/8/2022,BDT,1,Released,1008036.5900000001,4,0
2379,95,157,3/7/2022,BDT,1,Released,625005.96,4,0
2380,107,1070,2/4/2023,USD,110.3,Released,96336.95,4,0
2381,47,0,5/16/2022,CNY,94.54,Released,1841.71,2,0
2382,140,948,7/31/2023,CNY,110.24,Released,51052.64,6,0
2383,148,2201,8/31/2023,BDT,1,Released,2389221.2199999997,1,0
2384,115,0,4/29/2021,USD,85.81,Released,290571.76999999996,5,0
2385,53,433,11/24/2023,BDT,1,Released,1444877.27,2,0
2386,5,1377,11/4/2022,BDT,1,Released,1310735.49,2,0
2387,86,1388,6/8/2022,BDT,1,Released,2998859.02,5,0
2388,28,0,8/10/2023,BDT,1,Released,1210674.75,2,0
2389,111,52,2/6/2023,BDT,1,Released,4086220.35,5,0
2390,142,2304,11/18/2021,BDT,1,Released,1266002,6,0
2391,26,1308,12/28/2020,BDT,1,Released,2440696,1,0
2392,56,994,12/24/2023,BDT,1,Released,3323960.25,5,0
2393,134,943,2/27/2023,BDT,1,Released,1231789.06,1,0
2394,49,0,2/25/2021,BDT,1,Released,1977335,4,0
2395,37,1682,12/13/2023,BDT,1,Released,4969273.24,2,0
2396,52,172,8/24/2020,USD,85.45,Released,23077.45,3,0
2397,54,1322,11/13/2023,CNY,110.13,Released,179400.12,5,0
2398,35,1934,11/18/2023,BDT,1,Released,2264456.2600000002,4,0
2399,115,945,7/21/2021,USD,85.42,Released,34309.24,5,0
2400,114,1967,12/27/2022,BDT,1,Released,4411764.51,3,0
2401,59,921,9/23/2023,BDT,1,Released,5284280.78,5,0
2402,53,167,3/6/2023,BDT,1,Released,5547658.36,2,0
2403,99,2376,7/15/2023,BDT,1,Released,2513267.22,6,0
2404,83,266,7/10/2022,BDT,1,Released,4983426.78,3,0
2405,126,406,11/25/2023,BDT,1,Released,2163251.74,5,0
2406,32,277,1/23/2021,USD,85.11,Released,5354.34,5,0
2407,99,0,3/23/2022,BDT,1,Released,5925130.15,6,0
2408,30,1746,5/9/2023,BDT,1,Released,2160192.4699999997,5,0
2409,25,2420,5/6/2021,BDT,1,Released,128772,3,0
2410,112,795,12/4/2021,BDT,1,Released,3348484,6,0
2411,104,258,7/7/2022,BDT,1,Released,2180556.46,3,0
2412,93,1416,9/1/2022,BDT,1,Released,558796.94,2,0
2413,43,560,10/30/2022,BDT,1,Released,5075127.77,4,0
2414,62,1103,5/31/2022,USD,95.15,Released,945097.47,3,0
2415,143,1325,9/11/2022,USD,105.08,Released,24125.43,6,0
2416,106,1681,6/19/2021,USD,85.71,Released,35195.62,2,0
2417,109,2499,11/17/2022,BDT,1,Released,6022781.380000001,2,0
2418,42,1477,8/22/2023,USD,107.78,Released,25716.94,3,0
2419,79,58,3/12/2023,BDT,1,Released,5443316.9,1,0
2420,54,481,6/19/2021,CNY,86.29,Released,6832.82,5,0
2421,102,0,6/30/2022,BDT,1,Released,1544627.85,4,0
2422,77,916,6/12/2021,BDT,1,Released,915201,2,0
2423,46,1388,9/24/2023,USD,106.6,Released,28803.78,2,0
2424,132,1055,9/11/2021,USD,85.16,Released,284849.2,6,0
2425,83,1185,3/27/2023,BDT,1,Released,3162152.3499999996,3,0
2426,29,440,2/5/2021,BDT,1,Released,3691725,6,0
2427,122,191,10/14/2020,BDT,1,Released,2989100,5,0
2428,139,992,1/9/2023,USD,106.42,Released,281337.14,6,0
2429,69,1499,7/15/2023,BDT,1,Released,3100207.36,3,0
2430,106,706,7/26/2023,USD,108.7,Released,211446,2,0
2431,49,1754,3/15/2023,BDT,1,Released,7238278.29,4,0
2432,79,339,12/3/2022,BDT,1,Released,2313243.23,1,0
2433,104,1248,5/26/2023,BDT,1,Released,3644306.57,3,0
2434,100,1729,6/1/2022,USD,97.21,Released,343.08,5,0
2435,110,339,1/12/2023,BDT,1,Released,6484440.75,3,0
2436,113,1975,11/2/2023,BDT,1,Released,657110.53,6,0
2437,30,0,9/21/2022,BDT,1,Released,4966055.59,5,1
2438,43,0,12/2/2023,BDT,1,Released,2324256.9299999997,4,0
2439,8,2142,4/14/2023,BDT,1,Released,1810782.24,3,0
2440,111,1834,10/9/2022,BDT,1,Released,1740419.4000000001,5,0
2441,42,2043,1/29/2023,USD,110.32,Released,130436.98000000001,3,0
2442,123,2080,8/2/2022,USD,102.43,Released,137408.58000000002,2,0
2443,24,2309,3/31/2022,BDT,1,Released,2667675.9000000004,4,0
2444,6,2334,4/26/2023,USD,107.28,Released,400463.17000000004,6,0
2445,147,0,4/23/2020,BDT,1,Released,1273824,1,0
2446,40,0,5/10/2021,USD,85.4,Released,1129.7,5,0
2447,137,0,7/17/2021,USD,85.64,Released,233654.37,2,0
2448,84,859,2/19/2022,BDT,1,Released,2651126.94,2,0
2449,27,1137,11/6/2023,BDT,1,Released,408934.19,1,0
2450,120,1384,7/9/2023,BDT,1,Released,3777323.39,3,0
2451,39,1983,12/11/2023,BDT,1,Released,2838798.34,1,0
2452,143,304,4/18/2021,USD,85.06,Released,25711.04,6,0
2453,43,372,2/20/2023,BDT,1,Released,3859015.3,4,0
2454,124,1176,9/22/2023,USD,108.63,Released,217810.09,5,0
2455,33,836,1/23/2023,USD,109.8,Released,53555.96,6,0
2456,88,2438,9/15/2023,BDT,1,Released,3427407.33,2,0
2457,99,1417,9/17/2021,BDT,1,Released,3131382,6,0
2458,51,1873,4/8/2023,BDT,1,Released,7430863.91,6,0
2459,106,1136,7/27/2023,USD,109.81,Released,782468.14,2,0
2460,85,2354,5/17/2021,CNY,85.53,Released,701.43,1,0
2461,78,1402,10/21/2023,BDT,1,Released,4218559.72,2,0
2462,146,1969,12/5/2021,BDT,1,Released,4496281,2,0
2463,78,2166,12/23/2023,BDT,1,Released,3022467.45,2,0
2464,36,0,7/31/2021,USD,85.26,Released,85210.02,2,0
2465,145,2,4/13/2023,BDT,1,Released,3799453.1,3,0
2466,2,504,9/7/2021,BDT,1,Released,3517950,1,0
2467,87,0,9/29/2023,BDT,1,Released,1763173.76,1,0
2468,110,1271,3/3/2023,BDT,1,Released,3264057.52,3,0
2469,102,0,1/28/2022,BDT,1,Released,5581149.5,4,0
2470,19,1629,2/17/2022,USD,88.05,Released,1075368.7,1,0
2471,54,0,4/4/2021,CNY,85.86,Released,89745.36,5,0
2472,39,1147,7/28/2023,BDT,1,Released,8685088.31,1,0
2473,54,0,8/20/2023,CNY,105.72,Released,140586.55,5,0
2474,15,1194,11/10/2021,BDT,1,Released,4487868,5,0
2475,52,2028,7/5/2021,USD,85.37,Released,23710.739999999998,3,0
2476,116,0,8/21/2020,BDT,1,Released,5643411,1,0
2477,112,2413,7/16/2022,BDT,1,Released,3472533.21,6,0
2478,135,2418,5/11/2021,USD,85.51,Released,262586.76,3,0
2479,105,0,5/2/2022,BDT,1,Released,9770875.059999999,5,1
2480,124,871,9/11/2023,USD,107.73,Released,348768.12,5,0
2481,107,2447,1/15/2023,USD,106.91,Released,28445.52,4,0
2482,146,71,3/20/2023,BDT,1,Released,5144864.65,2,0
2483,52,519,11/18/2021,USD,85.84,Released,15880.43,3,0
2484,67,1195,4/7/2021,BDT,1,Released,5231133,4,0
2485,35,109,9/30/2021,BDT,1,Released,3040350,4,0
2486,135,2470,9/17/2023,USD,108.21,Released,450279.86,3,0
2487,144,2329,10/25/2022,USD,107.1,Released,73258.74,6,0
2488,10,718,2/1/2023,CNY,109.1,Released,243019.78999999998,1,0
2489,82,423,12/31/2023,CNY,107.14,Released,241.03,6,0
2490,129,1098,2/17/2022,USD,87.36,Released,11398.07,2,0
2491,81,1012,3/2/2021,BDT,1,Released,5312132,3,0
2492,105,1006,1/6/2023,BDT,1,Released,3253363.3,5,0
2493,35,2135,8/29/2023,BDT,1,Released,3349800.26,4,0
2494,59,1454,11/22/2023,BDT,1,Released,2438129.82,5,0
2495,8,0,3/22/2021,BDT,1,Released,2208680,3,0
2496,30,1714,2/10/2023,BDT,1,Released,5136274.390000001,5,0
2497,82,225,5/16/2022,CNY,95.15,Released,522134.14999999997,6,0
2498,94,249,10/17/2022,BDT,1,Released,2445733.31,1,0
2499,28,0,3/7/2020,BDT,1,Released,743499,2,0
2500,100,0,2/5/2021,USD,85.58,Released,3278.32,5,0
2501,121,1539,2/13/2022,USD,87.84,Released,32540.339999999997,4,0
2502,65,1803,9/21/2023,BDT,1,Released,909737.31,6,0
2503,54,1296,12/15/2023,CNY,109.32,Released,720532.53,5,0
2504,25,0,12/28/2020,BDT,1,Released,2117027,3,0
2505,5,380,5/30/2021,BDT,1,Released,3421610,2,0
2506,128,0,11/13/2020,USD,85.09,Released,178101.4,2,1
2507,121,1348,12/2/2023,USD,106.77,Released,37416.72,4,0
2508,147,1505,8/12/2021,BDT,1,Released,2399560,1,0
2509,140,1093,4/9/2023,CNY,109.6,Released,28902.940000000002,6,0
2510,117,2207,10/7/2020,BDT,1,Released,3723132,3,0
2511,49,241,6/16/2023,BDT,1,Released,2129131.08,4,0
2512,9,1356,5/3/2023,BDT,1,Released,2274531.5,3,0
2513,109,2372,1/30/2023,BDT,1,Released,5207669.26,2,0
2514,135,1146,2/5/2023,USD,106.11,Released,472533.41,3,0
2515,110,1538,6/22/2022,BDT,1,Released,9931849.629999999,3,0
2516,80,198,6/30/2023,BDT,1,Released,5542254.41,2,0
2517,140,856,4/11/2021,CNY,85.81,Released,4886.28,6,0
2518,69,1312,5/5/2022,BDT,1,Released,1495334.78,3,0
2519,149,1252,5/30/2023,CNY,106.65,Released,271576.66,4,0
2520,1,876,12/24/2022,USD,112.89,Released,22677.89,6,0
2521,29,96,12/26/2023,BDT,1,Released,2124582.12,6,0
2522,115,1854,11/11/2020,USD,84.52,Released,18212.78,5,0
2523,23,1919,11/5/2023,BDT,1,Released,178808.24,2,0
2524,22,978,6/17/2021,BDT,1,Released,7033217,3,0
2525,49,0,8/15/2023,BDT,1,Released,2467232.78,4,0
2526,97,1864,9/3/2021,USD,85.55,Released,50614.44,4,0
2527,73,2174,7/15/2023,CNY,107.5,Released,47885.94,6,0
2528,6,1017,1/17/2022,USD,86.73,Released,17919.96,6,0
2529,81,2283,6/25/2020,BDT,1,Released,3085038,3,0
2530,26,857,1/10/2023,BDT,1,Released,1108497.34,1,0
2531,107,2316,12/22/2022,USD,112.2,Released,1521.83,4,0
2532,25,774,12/21/2022,BDT,1,Released,6047018.9799999995,3,0
2533,77,1137,12/15/2021,BDT,1,Released,5494327,2,0
2534,19,0,8/24/2020,USD,84.89,Released,294438.77,1,1
2535,144,468,1/26/2023,USD,107.54,Released,169000.34,6,0
2536,100,1139,9/8/2023,USD,106.67,Released,53866.59,5,0
2537,66,71,8/23/2023,BDT,1,Released,3849570.78,5,0
2538,109,95,5/9/2020,BDT,1,Released,5445097,2,0
2539,122,1544,10/9/2020,BDT,1,Released,1115443,5,0
2540,148,1801,8/27/2023,BDT,1,Released,1727373.55,1,0
2541,23,0,5/15/2020,BDT,1,Released,307872,2,0
2542,25,2026,12/12/2023,BDT,1,Released,4328787.38,3,0
2543,23,1083,8/31/2023,BDT,1,Released,2619947.57,2,0
2544,21,0,3/31/2023,BDT,1,Released,595379.9299999999,2,0
2545,8,2440,2/18/2023,BDT,1,Released,6080641.78,3,0
2546,40,2217,10/13/2020,USD,85.39,Released,484769.34,5,0
2547,81,1483,4/18/2023,BDT,1,Released,5301508.850000001,3,0
2548,123,0,4/13/2020,USD,85.08,Released,585702.23,2,0
2549,86,1783,4/25/2023,BDT,1,Released,1883512.65,5,0
2550,81,0,6/22/2023,BDT,1,Released,4488123.38,3,0
2551,80,1772,5/11/2023,BDT,1,Released,537931.5,2,0
2552,54,0,7/22/2021,CNY,85.45,Released,298331.93,5,0
2553,19,0,8/12/2020,USD,85.04,Released,1132429.19,1,1
2554,131,193,3/7/2023,BDT,1,Released,4500011.35,5,0
2555,44,2291,1/26/2022,BDT,1,Released,5129001.86,3,0
2556,120,2147,10/19/2023,BDT,1,Released,3048060.01,3,0
2557,38,1944,9/18/2022,BDT,1,Released,2806466.3,6,0
2558,51,2271,9/13/2023,BDT,1,Released,2282921.05,6,0
2559,55,1066,10/8/2023,BDT,1,Released,2775242,1,0
2560,131,0,6/23/2021,BDT,1,Released,1665130,5,0
2561,28,0,5/31/2023,BDT,1,Released,605833.64,2,0
2562,107,0,5/25/2023,USD,110.59,Released,38153.7,4,0
2563,3,2036,3/19/2022,BDT,1,Released,1762091.13,1,0
2564,107,988,3/1/2023,USD,107.88,Released,94368.27,4,0
2565,11,1934,6/29/2023,BDT,1,Released,2225566.9099999997,5,0
2566,43,2374,7/8/2023,BDT,1,Released,4124407.62,4,0
2567,150,1652,5/27/2021,BDT,1,Released,762009,6,0
2568,35,153,9/27/2023,BDT,1,Released,3621208.19,4,0
2569,123,0,6/21/2020,USD,84.83,Released,4651.6,2,0
2570,61,0,11/26/2023,USD,107.14,Released,15252.6,1,0
2571,103,184,9/18/2022,USD,105.05,Released,733.95,4,0
2572,7,0,6/16/2023,BDT,1,Released,3943393.66,1,0
2573,147,482,11/25/2023,BDT,1,Released,1455471.7900000003,1,0
2574,84,0,1/1/2021,BDT,1,Released,3818404,2,0
2575,113,527,4/23/2021,BDT,1,Released,4505596,6,0
2576,27,863,9/4/2023,BDT,1,Released,7953551.62,1,0
2577,85,1216,6/12/2022,CNY,97.14,Released,88420.26,1,0
2578,112,2356,5/7/2023,BDT,1,Released,7963284.75,6,0
2579,34,636,6/19/2022,BDT,1,Released,4997263.3,2,0
2580,78,1811,12/20/2023,BDT,1,Released,5139348.3,2,0
2581,140,0,5/6/2020,CNY,85.38,Released,7803.32,6,0
2582,15,2372,9/28/2020,BDT,1,Released,4621709,5,0
2583,144,2336,8/18/2022,USD,102.43,Released,101614.7,6,0
2584,108,212,3/24/2023,CNY,106.01,Released,1141200.6099999999,3,0
2585,96,2209,5/5/2023,BDT,1,Released,2977278.16,3,0
2586,60,0,11/3/2023,CNY,110.22,Released,108129.04000000001,1,0
2587,59,1281,11/30/2022,BDT,1,Released,1674104.57,5,0
2588,32,1277,9/27/2023,USD,110.28,Released,15372.869999999999,5,0
2589,37,0,1/18/2020,BDT,1,Released,1013187,2,1
2590,4,149,3/6/2020,BDT,1,Released,4518004,3,0
2591,140,0,6/11/2021,CNY,85.51,Released,33985.75,6,0
2592,110,0,8/22/2021,BDT,1,Released,2463300,3,0
2593,71,423,12/31/2023,CNY,109.91,Released,44806.93,3,0
2594,7,870,8/17/2020,BDT,1,Released,5035173,1,0
2595,92,1133,7/24/2022,BDT,1,Released,3393564.63,2,0
2596,76,2362,9/21/2022,BDT,1,Released,3688555.5500000003,1,0
2597,79,1775,10/18/2020,BDT,1,Released,6103469,1,0
2598,54,0,6/15/2020,CNY,85.37,Released,94541.46,5,0
2599,67,953,10/5/2021,BDT,1,Released,5864750,4,0
2600,26,381,12/18/2022,BDT,1,Released,5581052.34,1,0
2601,72,1805,10/14/2023,BDT,1,Released,1528937.79,1,0
2602,1,2312,9/18/2021,USD,85.55,Released,35126.99,6,0
2603,16,0,5/9/2022,BDT,1,Released,3686204.95,2,0
2604,78,1592,11/26/2020,BDT,1,Released,227058,2,0
2605,23,0,10/28/2021,BDT,1,Released,509280,2,0
2606,102,994,3/3/2022,BDT,1,Released,3164563.9299999997,4,0
2607,125,0,4/26/2023,BDT,1,Released,853189.29,6,0
2608,131,578,6/10/2023,BDT,1,Released,1877906.9500000002,5,0
2609,143,1317,11/25/2023,USD,110.43,Released,354158.26,6,0
2610,29,979,11/21/2022,BDT,1,Released,4255254.359999999,6,0
2611,149,1647,11/28/2022,CNY,109.6,Released,20074.54,4,0
2612,114,180,3/29/2023,BDT,1,Released,8074194.55,3,0
2613,57,70,7/24/2023,BDT,1,Released,1086434.42,1,0
2614,135,1935,10/11/2023,USD,108.27,Released,839987.62,3,0
2615,107,167,3/6/2023,USD,107.82,Released,58177.71,4,0
2616,141,1361,9/5/2023,USD,106,Released,404593.50999999995,4,0
2617,90,54,9/16/2021,BDT,1,Released,368080,1,0
2618,55,0,4/16/2023,BDT,1,Released,562862.92,1,0
2619,63,0,12/4/2023,BDT,1,Released,532289.4,3,0
2620,73,1319,12/13/2023,CNY,106.99,Released,9134.02,6,0
2621,136,1888,8/31/2020,BDT,1,Released,1561932,1,0
2622,71,244,10/31/2021,CNY,85.31,Released,165224.97,3,0
2623,128,182,10/15/2022,USD,107.22,Released,6527.48,2,0
2624,54,1788,3/22/2023,CNY,109.22,Released,42755.21,5,0
2625,114,2197,8/6/2022,BDT,1,Released,3740209.81,3,0
2626,145,1120,3/3/2023,BDT,1,Released,1535741.0499999998,3,0
2627,77,78,5/29/2022,BDT,1,Released,3386085.08,2,0
2628,146,2098,2/2/2021,BDT,1,Released,3193318,2,0
2629,90,1810,3/30/2023,BDT,1,Released,6178690.51,1,0
2630,14,2076,6/10/2022,USD,97.63,Released,234412.36,5,0
2631,125,2430,6/18/2022,BDT,1,Released,5696754.99,6,0
2632,3,1978,11/7/2022,BDT,1,Released,4942358.99,1,0
2633,83,292,4/19/2023,BDT,1,Released,2272225.56,3,0
2634,96,0,1/23/2021,BDT,1,Released,2257958,3,0
2635,82,1972,7/5/2023,CNY,107.23,Released,33314.34,6,0
2636,108,698,3/24/2023,CNY,110.76,Released,215633.53,3,0
2637,98,0,10/19/2022,USD,107.25,Released,849017.9299999999,3,0
2638,72,1822,12/21/2022,BDT,1,Released,1177563.96,1,0
2639,29,1395,9/3/2022,BDT,1,Released,7762591.6,6,0
2640,98,1977,3/6/2021,USD,85.86,Released,16539.99,3,0
2641,73,499,8/16/2023,CNY,107.91,Released,158195.86000000002,6,0
2642,71,0,9/6/2020,CNY,84.92,Released,622987.65,3,0
2643,109,1589,10/3/2023,BDT,1,Released,4974419.99,2,0
2644,125,1438,3/15/2023,BDT,1,Released,4653615.12,6,0
2645,83,0,1/20/2020,BDT,1,Released,1333539,3,1
2646,149,614,12/2/2023,CNY,107.48,Released,20245.8,4,0
2647,21,698,2/17/2023,BDT,1,Released,153038.92,2,0
2648,142,1556,9/20/2023,BDT,1,Released,1645553.23,6,0
2649,111,1597,11/16/2022,BDT,1,Released,3504112.39,5,0
2650,38,0,5/10/2023,BDT,1,Released,2111870.52,6,0
2651,113,0,5/26/2022,BDT,1,Released,5265259.41,6,0
2652,53,1372,9/30/2023,BDT,1,Released,5376638.95,2,0
2653,117,73,1/3/2022,BDT,1,Released,5784834.6,3,0
2654,75,64,9/2/2022,BDT,1,Released,6489583.18,3,0
2655,149,1724,2/27/2023,CNY,108.31,Released,439610.68,4,0
2656,75,2250,2/4/2023,BDT,1,Released,2494689.58,3,0
2657,84,1910,6/12/2022,BDT,1,Released,4144957.78,2,0
2658,53,1628,3/10/2023,BDT,1,Released,1963966.65,2,0
2659,87,1821,9/3/2022,BDT,1,Released,4927287.65,1,0
2660,48,0,2/18/2020,USD,85.37,Released,23723.65,6,0
2661,147,0,8/24/2021,BDT,1,Released,1988635,1,0
2662,39,2061,6/19/2020,BDT,1,Released,1231955,1,0
2663,74,497,1/30/2021,BDT,1,Released,2783761,4,0
2664,112,1145,8/29/2022,BDT,1,Released,3279720.17,6,0
2665,124,2015,7/25/2023,USD,105.85,Released,227761.11,5,0
2666,32,2220,10/24/2023,USD,107.32,Released,301721.70999999996,5,0
2667,75,681,1/6/2022,BDT,1,Released,6082702.47,3,0
2668,68,1806,3/17/2023,BDT,1,Released,4023772.06,1,0
2669,121,846,11/22/2023,USD,108.19,Released,32327.35,4,0
2670,78,1084,4/21/2023,BDT,1,Released,3875598.98,2,0
2671,1,0,11/1/2020,USD,85.02,Released,59303.51,6,0
2672,45,782,7/12/2022,BDT,1,Released,3500494.21,3,0
2673,72,382,12/16/2022,BDT,1,Released,1831506.06,1,0
2674,54,368,11/20/2021,CNY,85.82,Released,386027.12,5,0
2675,12,0,9/19/2022,USD,104.97,Released,17471.53,2,0
2676,144,0,2/10/2022,USD,86.43,Released,389041.25,6,1
2677,41,1999,2/16/2022,CNY,87.87,Released,216570.69,3,0
2678,76,2319,3/28/2023,BDT,1,Released,4216229.85,1,0
2679,37,140,9/5/2023,BDT,1,Released,2909743.49,2,0
2680,71,2381,2/20/2023,CNY,109.07,Released,296199.43,3,0
2681,66,568,9/13/2023,BDT,1,Released,5077702.93,5,0
2682,24,1369,10/13/2023,BDT,1,Released,1097674.71,4,0
2683,55,692,10/7/2022,BDT,1,Released,3129169.6399999997,1,0
2684,63,2135,12/28/2022,BDT,1,Released,990798.56,3,0
2685,87,365,12/24/2020,BDT,1,Released,471724,1,0
2686,133,2155,12/10/2022,BDT,1,Released,3582526.8000000003,3,0
2687,131,2135,9/16/2023,BDT,1,Released,2563479.74,5,0
2688,142,0,7/7/2023,BDT,1,Released,3262325.4,6,1
2689,2,2279,10/27/2021,BDT,1,Released,3944850,1,0
2690,127,1367,7/5/2022,BDT,1,Released,532945.55,6,0
2691,124,1305,7/9/2023,USD,110.79,Released,25196.26,5,0
2692,27,0,6/11/2022,BDT,1,Released,4261739.83,1,1
2693,95,827,2/17/2022,BDT,1,Released,5225200.41,4,0
2694,81,514,7/18/2023,BDT,1,Released,4555741.6,3,0
2695,73,1619,7/11/2023,CNY,106.51,Released,80263.6,6,0
2696,10,1103,8/22/2023,CNY,109.25,Released,21358.129999999997,1,0
2697,24,371,4/30/2022,BDT,1,Released,720530.44,4,0
2698,138,674,8/27/2023,CNY,107.08,Released,1452330.05,1,0
2699,132,1004,3/1/2022,USD,88.11,Released,19407.67,6,0
2700,31,987,11/8/2023,BDT,1,Released,7449549.37,1,0
2701,50,1850,11/7/2022,USD,110.07,Released,64329.77,3,0
2702,48,674,9/16/2023,USD,110.28,Released,24122.55,6,0
2703,99,1180,10/22/2023,BDT,1,Released,1997918.49,6,0
2704,149,0,4/3/2022,CNY,87.04,Released,638412.36,4,0
2705,127,2259,10/31/2023,BDT,1,Released,6469636.16,6,0
2706,139,558,6/22/2023,USD,107.57,Released,65570.27,6,0
2707,72,464,12/23/2022,BDT,1,Released,3056150.11,1,0
2708,52,749,6/15/2023,USD,109.78,Released,33329.51,3,0
2709,61,958,6/30/2020,USD,85.41,Released,172358.3,1,0
2710,107,1952,10/16/2021,USD,84.96,Released,76319.09999999999,4,0
2711,89,554,10/19/2023,CNY,110.28,Released,14108.689999999999,1,0
2712,39,1946,11/23/2022,BDT,1,Released,4196469.1,1,0
2713,94,0,6/6/2022,BDT,1,Released,3807868.42,1,0
2714,125,0,11/16/2023,BDT,1,Released,4920016.27,6,0
2715,126,1122,6/27/2023,BDT,1,Released,5477256.1899999995,5,0
2716,86,1535,8/14/2023,BDT,1,Released,3434403.8099999996,5,0
2717,138,1786,6/8/2023,CNY,110.38,Released,426685.07,1,0
2718,43,995,9/24/2023,BDT,1,Released,6936015.09,4,0
2719,2,2076,6/10/2022,BDT,1,Released,6933855.68,1,0
2720,95,250,12/30/2023,BDT,1,Released,1541828.22,4,0
2721,40,73,1/7/2021,USD,85.33,Released,404260.89999999997,5,0
2722,122,1069,11/21/2023,BDT,1,Released,1878064.7899999998,5,0
2723,127,679,1/6/2023,BDT,1,Released,3205427.44,6,0
2724,41,834,9/8/2023,CNY,111.15,Released,700188.89,3,0
2725,37,0,8/29/2020,BDT,1,Released,2097319,2,1
2726,47,2344,5/17/2023,CNY,109.12,Released,34734.619999999995,2,0
2727,18,113,5/7/2021,BDT,1,Released,888293,3,0
2728,77,1999,2/16/2022,BDT,1,Released,5705047.72,2,0
2729,34,1097,5/18/2021,BDT,1,Released,868923,2,0
2730,135,1977,3/19/2023,USD,108.78,Released,715034.87,3,0
2731,9,437,1/5/2022,BDT,1,Released,322348.83999999997,3,0
2732,128,1320,6/28/2022,USD,97.16,Released,114090.86,2,0
2733,112,2420,7/10/2023,BDT,1,Released,3935931.06,6,0
2734,86,669,2/18/2023,BDT,1,Released,2036263.04,5,0
2735,121,2325,10/5/2023,USD,107.79,Released,58622.05,4,0
2736,64,1112,9/16/2023,BDT,1,Released,2161107.8600000003,1,0
2737,98,2329,10/25/2022,USD,107.42,Released,559152.16,3,0
2738,43,2475,6/21/2022,BDT,1,Released,4008504.5500000003,4,0
2739,62,117,11/23/2023,USD,110.94,Released,56598.630000000005,3,0
2740,89,1942,4/18/2021,CNY,85.2,Released,167368.7,1,0
2741,60,879,7/29/2023,CNY,105.97,Released,786513.45,1,0
2742,146,2081,9/13/2023,BDT,1,Released,2647783.08,2,0
2743,62,322,12/8/2022,USD,112.08,Released,1170682.6,3,0
2744,53,321,11/2/2023,BDT,1,Released,2080390.4,2,0
2745,73,0,9/8/2023,CNY,108.52,Released,400504.27,6,0
2746,106,2040,4/17/2023,USD,107.22,Released,474337.55,2,0
2747,27,1047,7/13/2023,BDT,1,Released,2223167.18,1,0
2748,80,0,2/24/2022,BDT,1,Released,2517979.3899999997,2,0
2749,100,0,9/7/2023,USD,106.03,Released,1027.05,5,0
2750,11,2496,1/8/2023,BDT,1,Released,914103.23,5,0
2751,126,0,6/1/2023,BDT,1,Released,3286231.83,5,0
2752,140,1683,1/26/2023,CNY,107.69,Released,17909.699999999997,6,0
2753,98,2288,5/22/2023,USD,109.06,Released,1134759.47,3,0
2754,44,679,1/6/2023,BDT,1,Released,5152541.85,3,0
2755,43,564,10/6/2022,BDT,1,Released,5889569.1,4,0
2756,88,1439,1/25/2022,BDT,1,Released,2649538.46,2,0
2757,45,1122,8/20/2022,BDT,1,Released,3495378.42,3,0
2758,145,1280,2/16/2023,BDT,1,Released,4270976.14,3,0
2759,4,2412,1/29/2023,BDT,1,Released,4905362.59,3,0
2760,135,900,11/13/2021,USD,85.95,Released,272806.04,3,0
2761,52,868,1/7/2023,USD,107.6,Released,121873.06999999999,3,0
2762,50,0,12/20/2022,USD,112.59,Released,467589.80000000005,3,0
2763,108,914,3/18/2022,CNY,88.21,Released,1180094.95,3,0
2764,86,1500,2/25/2022,BDT,1,Released,3677887.55,5,0
2765,104,220,2/2/2023,BDT,1,Released,3770934.16,3,0
2766,123,339,5/31/2022,USD,94.99,Released,39655.62,2,0
2767,129,134,11/1/2023,USD,106.57,Released,9846.07,2,0
2768,25,1258,4/20/2023,BDT,1,Released,2697457.5,3,0
2769,31,39,7/25/2023,BDT,1,Released,2503352.4899999998,1,0
2770,1,1045,1/14/2023,USD,108.5,Released,7475.99,6,0
2771,104,463,7/1/2023,BDT,1,Released,665808.32,3,0
2772,31,1355,4/25/2020,BDT,1,Released,3343465,1,0
2773,1,0,4/16/2021,USD,85.72,Released,51719.82,6,0
2774,37,1475,7/7/2020,BDT,1,Released,3272770,2,0
2775,59,1509,3/16/2022,BDT,1,Released,4118926.91,5,0
2776,27,1375,10/8/2023,BDT,1,Released,2691069.21,1,0
2777,2,2426,8/24/2022,BDT,1,Released,1825180.44,1,0
2778,35,0,3/22/2020,BDT,1,Released,2480992,4,0
2779,141,1893,5/25/2023,USD,110.39,Released,17805.33,4,0
2780,143,900,8/1/2022,USD,102.99,Released,28149,6,0
2781,84,1486,7/18/2023,BDT,1,Released,4111665.0599999996,2,0
2782,121,2381,2/16/2022,USD,87.6,Released,48028.95,4,0
2783,42,0,8/28/2023,USD,110.18,Released,411805.36999999994,3,0
2784,1,1050,8/6/2023,USD,110.03,Released,19994.57,6,0
2785,9,0,12/6/2020,BDT,1,Released,1398551,3,0
2786,47,1952,8/5/2021,CNY,85.66,Released,71655.38,2,0
2787,89,1447,2/28/2023,CNY,109.25,Released,452336.37,1,0
2788,141,2362,8/8/2022,USD,102.17,Released,350355.14,4,0
2789,25,0,8/9/2023,BDT,1,Released,347629.46,3,0
2790,97,195,5/23/2022,USD,94.64,Released,2515.89,4,0
2791,10,554,10/20/2022,CNY,107.6,Released,19018.129999999997,1,0
2792,38,0,8/7/2022,BDT,1,Released,6907942.08,6,0
2793,41,0,2/28/2023,CNY,108.24,Released,263388.31,3,0
2794,23,0,1/1/2020,BDT,1,Released,894147,2,0
2795,94,0,8/7/2020,BDT,1,Released,1647200,1,0
2796,38,194,6/3/2021,BDT,1,Released,2385415,6,0
2797,136,2294,3/25/2023,BDT,1,Released,5747874.51,1,0
2798,57,10,5/18/2022,BDT,1,Released,4651317.890000001,1,0
2799,150,59,7/20/2023,BDT,1,Released,2051392.3499999999,6,0
2800,90,2055,10/14/2023,BDT,1,Released,4065686.15,1,0
2801,146,1022,3/8/2021,BDT,1,Released,677908,2,0
2802,31,1781,10/22/2021,BDT,1,Released,3892918,1,0
2803,99,1093,4/9/2023,BDT,1,Released,6119447.03,6,0
2804,122,0,8/14/2021,BDT,1,Released,2709160,5,0
2805,16,897,9/17/2020,BDT,1,Released,5742435,2,0
2806,8,1161,4/27/2023,BDT,1,Released,1701479.6400000001,3,0
2807,79,0,2/26/2023,BDT,1,Released,1861270.46,1,1
2808,111,2480,5/27/2022,BDT,1,Released,3077594.7199999997,5,0
2809,50,154,3/18/2023,USD,110.49,Released,143487.51,3,0
2810,46,264,9/6/2022,USD,105.42,Released,212518.29,2,0
2811,59,1663,12/5/2023,BDT,1,Released,5077572.26,5,0
2812,124,970,9/2/2020,USD,85.47,Released,432300.42000000004,5,0
2813,79,1703,11/22/2023,BDT,1,Released,7164342.96,1,0
2814,3,0,5/6/2021,BDT,1,Released,1852928,1,0
2815,7,2050,1/9/2022,BDT,1,Released,4980460,1,0
2816,144,1575,2/18/2022,USD,87.27,Released,696173.73,6,0
2817,84,949,6/17/2023,BDT,1,Released,3819789.0399999996,2,0
2818,81,2380,11/7/2023,BDT,1,Released,5030565.26,3,0
2819,112,947,5/22/2022,BDT,1,Released,5552820.36,6,0
2820,76,1514,4/5/2022,BDT,1,Released,4221082.41,1,0
2821,136,399,5/2/2021,BDT,1,Released,1444016,1,0
2822,56,73,9/17/2022,BDT,1,Released,3976746.5,5,0
2823,80,43,12/4/2023,BDT,1,Released,6868476.04,2,0
2824,127,677,5/3/2021,BDT,1,Released,3778217,6,0
2825,8,1253,1/13/2023,BDT,1,Released,960325.3,3,0
2826,72,1346,8/5/2023,BDT,1,Released,2108156,1,0
2827,16,223,9/4/2021,BDT,1,Released,1558291,2,0
2828,72,209,8/19/2023,BDT,1,Released,2344899.16,1,0
2829,129,913,1/23/2021,USD,85.48,Released,7538.379999999999,2,0
2830,44,375,9/23/2021,BDT,1,Released,6366982,3,0
2831,108,1450,11/22/2021,CNY,86.16,Released,39512.84,3,0
2832,89,1489,3/13/2022,CNY,87.68,Released,350647.64,1,0
2833,112,1291,11/15/2023,BDT,1,Released,2315054.2699999996,6,0
2834,123,1951,8/1/2022,USD,102.05,Released,617432.98,2,0
2835,130,0,4/23/2020,BDT,1,Released,471476,1,0
2836,90,986,11/30/2023,BDT,1,Released,4939094.33,1,0
2837,68,0,5/23/2021,BDT,1,Released,1610310,1,0
2838,106,1531,9/8/2023,USD,109.97,Released,25148.839999999997,2,0
2839,114,1275,8/24/2021,BDT,1,Released,4524675,3,0
2840,31,814,9/23/2020,BDT,1,Released,3588045,1,0
2841,101,325,2/7/2023,BDT,1,Released,135854.06,3,0
2842,60,911,3/21/2021,CNY,85.78,Released,3750.0299999999997,1,0
2843,120,484,9/1/2022,BDT,1,Released,3542952.0300000003,3,0
2844,16,294,12/3/2022,BDT,1,Released,4362223.9399999995,2,0
2845,35,906,2/27/2023,BDT,1,Released,1210758.79,4,0
2846,72,0,1/2/2021,BDT,1,Released,56762,1,0
2847,108,1530,4/6/2023,CNY,107.63,Released,181067.59,3,0
2848,134,518,5/19/2021,BDT,1,Released,3051667,1,0
2849,124,2156,5/27/2023,USD,107.52,Released,5154.59,5,0
2850,99,562,7/8/2023,BDT,1,Released,131570.56,6,0
2851,98,0,4/12/2022,USD,86.58,Released,335924.62999999995,3,0
2852,106,553,1/22/2023,USD,109.04,Released,513091.49,2,0
2853,132,1079,10/18/2023,USD,110.66,Released,6135.68,6,0
2854,103,1469,5/27/2022,USD,94.9,Released,241618.81,4,0
2855,19,964,5/7/2021,USD,85.89,Released,298701.04,1,0
2856,115,414,11/4/2022,USD,110.27,Released,375337.11,5,0
2857,26,0,5/19/2020,BDT,1,Released,4184974,1,0
2858,106,412,4/27/2022,USD,87.48,Released,453037.98,2,0
2859,139,1157,10/29/2022,USD,107.93,Released,19029.239999999998,6,0
2860,66,0,8/31/2021,BDT,1,Released,4615683,5,0
2861,112,729,9/6/2020,BDT,1,Released,3527920,6,0
2862,115,0,1/23/2022,USD,87.29,Released,629605.93,5,0
2863,80,2376,10/8/2022,BDT,1,Released,3094739.41,2,0
2864,50,299,9/17/2023,USD,106.58,Released,389049.08,3,0
2865,31,190,11/11/2023,BDT,1,Released,3495617.58,1,0
2866,69,781,11/12/2023,BDT,1,Released,3979959.09,3,0
2867,25,876,4/30/2022,BDT,1,Released,5486033.25,3,0
2868,88,877,6/26/2023,BDT,1,Released,3098336.9699999997,2,0
2869,21,149,4/16/2021,BDT,1,Released,5619498,2,0
2870,79,0,2/14/2022,BDT,1,Released,5927310.9399999995,1,1
2871,54,0,4/20/2023,CNY,109.59,Released,823477.71,5,0
2872,65,822,3/8/2023,BDT,1,Released,30829.09,6,0
2873,39,0,9/16/2020,BDT,1,Released,1187100,1,0
2874,137,0,7/14/2020,USD,85.12,Released,226241.35,2,0
2875,102,1270,12/6/2023,BDT,1,Released,3303230.99,4,0
2876,46,0,3/18/2022,USD,86.58,Released,23341.879999999997,2,1
2877,41,493,7/28/2023,CNY,107.31,Released,2508.63,3,0
2878,112,2272,8/10/2023,BDT,1,Released,4932753.75,6,0
2879,123,0,12/4/2021,USD,86.32,Released,41287.78,2,0
2880,111,2482,8/15/2020,BDT,1,Released,340942,5,0
2881,38,828,5/14/2022,BDT,1,Released,724559.8,6,0
2882,28,367,7/12/2023,BDT,1,Released,910888.29,2,0
2883,3,1329,4/29/2023,BDT,1,Released,5164923.640000001,1,0
2884,5,1142,11/4/2022,BDT,1,Released,3788633.87,2,0
2885,54,0,12/15/2021,CNY,85.58,Released,41415.96,5,0
2886,4,2114,3/17/2023,BDT,1,Released,4768424.84,3,0
2887,116,1078,6/13/2022,BDT,1,Released,1723479.84,1,0
2888,138,201,11/21/2023,CNY,106.02,Released,358213.41000000003,1,0
2889,78,2451,12/24/2023,BDT,1,Released,3180944.88,2,0
2890,54,2309,3/31/2022,CNY,85.84,Released,2480.48,5,0
2891,61,1759,11/15/2022,USD,109.81,Released,19535.57,1,0
2892,99,247,9/26/2022,BDT,1,Released,1858780.93,6,0
2893,61,2355,9/21/2021,USD,86.23,Released,28130.72,1,0
2894,23,0,3/10/2020,BDT,1,Released,3254568,2,0
2895,10,1779,7/12/2023,CNY,107.29,Released,953188.71,1,0
2896,129,0,10/22/2020,USD,85.16,Released,5970.5599999999995,2,1
2897,131,1599,3/12/2022,BDT,1,Released,2886182.98,5,0
2898,76,519,11/18/2021,BDT,1,Released,3372735,1,0
2899,36,0,4/27/2022,USD,86.78,Released,41292.21,2,0
2900,22,2438,9/15/2023,BDT,1,Released,3863578.88,3,0
2901,8,1188,11/6/2023,BDT,1,Released,4611158.08,3,0
2902,74,1917,1/30/2020,BDT,1,Released,2681071,4,0
2903,132,1014,3/28/2023,USD,109.71,Released,13566.23,6,0
2904,84,0,11/16/2021,BDT,1,Released,8537864,2,0
2905,3,8,10/12/2023,BDT,1,Released,2355771.24,1,0
2906,80,227,5/29/2023,BDT,1,Released,1688574.73,2,0
2907,89,1363,6/11/2020,CNY,84.59,Released,109472.86,1,0
2908,120,0,3/18/2022,BDT,1,Released,5320017.58,3,0
2909,11,3,3/18/2023,BDT,1,Released,569430.66,5,0
2910,88,623,8/14/2023,BDT,1,Released,3686337.63,2,0
2911,92,765,6/21/2022,BDT,1,Released,2439843.2800000003,2,0
2912,31,1107,11/1/2023,BDT,1,Released,3125079.17,1,0
2913,67,1098,11/25/2022,BDT,1,Released,3731175.32,4,0
2914,89,0,3/11/2023,CNY,106.15,Released,6852.62,1,0
2915,5,807,8/6/2022,BDT,1,Released,5269024,2,0
2916,148,2396,10/9/2020,BDT,1,Released,3791102,1,0
2917,58,2405,3/15/2021,BDT,1,Released,4991573,1,0
2918,45,1109,3/25/2023,BDT,1,Released,6019738.41,3,0
2919,20,610,9/14/2023,BDT,1,Released,742534.15,4,0
2920,78,765,6/21/2022,BDT,1,Released,5435213.53,2,0
2921,87,869,3/28/2022,BDT,1,Released,891920.73,1,0
2922,111,154,3/18/2023,BDT,1,Released,2724743.14,5,0
2923,119,1682,5/13/2022,BDT,1,Released,1570429.88,1,0
2924,68,1775,5/2/2023,BDT,1,Released,657218.09,1,0
2925,124,414,4/9/2023,USD,110.15,Released,43625.130000000005,5,0
2926,129,2217,6/7/2020,USD,85.49,Released,27545.6,2,0
2927,12,1698,8/1/2023,USD,106.7,Released,39301.47,2,0
2928,147,0,2/23/2020,BDT,1,Released,29880,1,0
2929,119,0,2/21/2020,BDT,1,Released,3417122,1,1
2930,58,1696,1/17/2022,BDT,1,Released,4311694.4399999995,1,0
2931,123,1667,3/2/2023,USD,109.89,Released,25160.9,2,0
2932,5,2313,2/9/2023,BDT,1,Released,5358122.84,2,0
2933,147,0,5/22/2021,BDT,1,Released,663156,1,0
2934,98,1980,5/10/2022,USD,94.82,Released,1142272.52,3,0
2935,95,1756,1/3/2023,BDT,1,Released,5258994.51,4,0
2936,120,0,12/24/2023,BDT,1,Released,6886967.31,3,0
2937,129,2404,10/27/2022,USD,107.1,Released,66345.72,2,0
2938,128,1028,3/1/2023,USD,106.32,Released,37159.36,2,0
2939,27,938,6/4/2023,BDT,1,Released,5882948.25,1,0
2940,17,0,7/15/2023,USD,109.67,Released,327264.06999999995,4,0
2941,22,1065,3/7/2021,BDT,1,Released,2112398,3,0
2942,31,0,3/22/2022,BDT,1,Released,5965078.09,1,1
2943,114,805,11/7/2021,BDT,1,Released,1600030,3,0
2944,90,70,3/10/2022,BDT,1,Released,1382382.12,1,0
2945,34,0,10/15/2021,BDT,1,Released,1480395,2,0
2946,127,1180,3/15/2022,BDT,1,Released,1163801,6,0
2947,70,0,12/18/2021,BDT,1,Released,5983505,6,1
2948,107,1808,9/28/2020,USD,85.26,Released,386759.27999999997,4,0
2949,48,413,9/3/2022,USD,104.58,Released,328.92,6,0
2950,125,0,10/22/2022,BDT,1,Released,9308409.030000001,6,0
2951,83,2319,8/13/2021,BDT,1,Released,2790840,3,0
2952,16,246,9/3/2022,BDT,1,Released,3140279.17,2,0
2953,114,883,11/5/2021,BDT,1,Released,3369059,3,0
2954,97,0,10/31/2020,USD,85.02,Released,42068.07,4,0
2955,42,166,9/20/2022,USD,105.37,Released,529710.01,3,0
2956,54,994,3/3/2022,CNY,87.48,Released,662097.08,5,0
2957,137,116,5/18/2023,USD,107.75,Released,51971.33,2,0
2958,92,1188,12/19/2021,BDT,1,Released,2840185,2,0
2959,93,1663,12/5/2023,BDT,1,Released,3295325.5300000003,2,0
2960,49,1912,11/2/2023,BDT,1,Released,4707149.51,4,0
2961,16,2499,12/20/2021,BDT,1,Released,3171254,2,0
2962,115,0,9/24/2022,USD,104.62,Released,808755.72,5,0
2963,30,279,7/21/2023,BDT,1,Released,3140387.2800000003,5,0
2964,18,0,11/21/2020,BDT,1,Released,804354,3,0
2965,73,0,11/1/2022,CNY,109.85,Released,396293.95,6,0
2966,7,1681,6/15/2022,BDT,1,Released,7056779.4,1,0
2967,31,1668,11/20/2021,BDT,1,Released,1983063,1,0
2968,142,0,6/17/2022,BDT,1,Released,3446957.57,6,1
2969,102,0,6/5/2021,BDT,1,Released,3285500,4,0
2970,149,0,7/14/2021,CNY,85.94,Released,244561.91999999998,4,0
2971,41,2185,3/21/2023,CNY,105.82,Released,466167.74,3,0
2972,117,550,12/1/2022,BDT,1,Released,586369.05,3,0
2973,79,900,9/25/2023,BDT,1,Released,6940704.03,1,0
2974,122,0,4/15/2023,BDT,1,Released,1089318.6400000001,5,0
2975,145,0,4/1/2022,BDT,1,Released,3641587.8,3,0
2976,103,2242,4/15/2022,USD,87.23,Released,349994.29,4,0
2977,9,2067,5/6/2022,BDT,1,Released,2156658.67,3,0
2978,101,2356,12/8/2023,BDT,1,Released,6966295.149999999,3,0
2979,26,1597,6/13/2022,BDT,1,Released,2750932.0999999996,1,0
2980,111,2014,11/12/2023,BDT,1,Released,1358145.64,5,0
2981,121,729,2/8/2022,USD,85.98,Released,50726.28,4,0
2982,86,2158,12/24/2023,BDT,1,Released,3941683.38,5,0
2983,72,973,11/26/2021,BDT,1,Released,2339660,1,0
2984,75,262,1/6/2022,BDT,1,Released,3836590.77,3,0
2985,24,0,4/15/2020,BDT,1,Released,3885589,4,0
2986,107,801,12/21/2020,USD,85.35,Released,830211.64,4,0
2987,126,2328,10/22/2021,BDT,1,Released,6322094,5,0
2988,99,1512,12/6/2021,BDT,1,Released,3583422,6,0
2989,34,123,1/26/2022,BDT,1,Released,1119134.47,2,0
2990,138,2269,4/16/2021,CNY,85.24,Released,918722.61,1,0
2991,48,1094,6/20/2023,USD,108.57,Released,21038.79,6,0
2992,47,645,1/12/2022,CNY,87.04,Released,69361.96,2,0
2993,123,2259,10/31/2023,USD,110.86,Released,75453.03,2,0
2994,135,1618,9/5/2022,USD,105.41,Released,1557.68,3,0
2995,83,1302,7/22/2021,BDT,1,Released,1481393,3,0
2996,38,1520,4/3/2022,BDT,1,Released,5717215.64,6,0
2997,137,2201,8/18/2021,USD,86.09,Released,213149.05,2,0
2998,61,1018,7/5/2023,USD,109.08,Released,51714.14,1,0
2999,14,1316,12/30/2023,USD,107.89,Released,414769.62000000005,5,0
3000,145,1073,12/6/2023,BDT,1,Released,7415306.09,3,0
3001,5,1651,12/26/2022,BDT,1,Released,930856.91,2,0
3002,36,1990,1/30/2023,USD,109.15,Released,39907.36,2,0
3003,81,2049,7/11/2021,BDT,1,Released,3481776,3,0
3004,75,799,10/28/2023,BDT,1,Released,3349269.86,3,0
3005,42,0,1/8/2021,USD,86.43,Released,25254.88,3,0
3006,3,309,9/17/2023,BDT,1,Released,3503995.52,1,0
3007,83,1928,2/7/2022,BDT,1,Released,3517551.7,3,0
3008,12,1773,11/15/2023,USD,110.86,Released,219602.53,2,0
3009,23,492,9/23/2022,BDT,1,Released,4186687.05,2,0
3010,55,0,4/4/2021,BDT,1,Released,2348715,1,0
3011,87,2266,8/16/2022,BDT,1,Released,1695218.51,1,0
3012,143,2433,11/11/2022,USD,110.17,Released,34012.770000000004,6,0
3013,3,600,12/18/2023,BDT,1,Released,614080.8300000001,1,0
3014,71,0,12/11/2022,CNY,112.81,Released,1237847.9,3,0
3015,103,2470,9/17/2023,USD,106.72,Released,715543.13,4,0
3016,34,572,4/8/2023,BDT,1,Released,2386779.88,2,0
3017,37,0,2/13/2021,BDT,1,Released,2310720,2,1
3018,48,1058,9/17/2022,USD,104.74,Released,10238.53,6,0
3019,52,0,11/20/2022,USD,110.05,Released,207942.41999999998,3,0
3020,50,1437,7/16/2023,USD,108.1,Released,408327.89,3,0
3021,1,0,1/15/2022,USD,87.86,Released,102114.26999999999,6,0
3022,137,1678,9/2/2023,USD,109.2,Released,187942.75999999998,2,0
3023,24,178,9/30/2022,BDT,1,Released,701196.1699999999,4,0
3024,133,557,2/8/2023,BDT,1,Released,1472136.3099999998,3,0
3025,23,2374,11/26/2023,BDT,1,Released,1818436.46,2,0
3026,49,0,9/24/2022,BDT,1,Released,3669995.84,4,0
3027,76,1306,3/31/2023,BDT,1,Released,2844005.58,1,0
3028,29,462,12/11/2023,BDT,1,Released,5407062.87,6,0
3029,1,0,8/20/2023,USD,106.98,Released,35385.33,6,0
3030,120,312,6/7/2022,BDT,1,Released,7740078.87,3,0
3031,145,704,12/5/2022,BDT,1,Released,1833727.04,3,0
3032,127,1343,7/14/2023,BDT,1,Released,5369569.53,6,0
3033,3,0,12/2/2022,BDT,1,Released,1864806.55,1,0
3034,116,1318,12/24/2022,BDT,1,Released,11208.79,1,0
3035,60,107,7/24/2023,CNY,108.57,Released,47882.02,1,0
3036,66,0,7/8/2020,BDT,1,Released,4623531,5,0
3037,92,0,4/28/2021,BDT,1,Released,824892,2,0
3038,93,2202,9/7/2020,BDT,1,Released,186883,2,0
3039,103,0,12/9/2022,USD,112.66,Released,751393.21,4,0
3040,37,183,5/28/2022,BDT,1,Released,5619937.2,2,0
3041,29,740,8/22/2020,BDT,1,Released,2139852,6,0
3042,94,2129,9/2/2023,BDT,1,Released,5202793.989999999,1,0
3043,76,629,10/29/2022,BDT,1,Released,5080494.35,1,0
3044,54,1982,4/11/2023,CNY,108.03,Released,14630.81,5,0
3045,122,1363,12/19/2022,BDT,1,Released,5109756.4399999995,5,0
3046,147,1699,2/6/2021,BDT,1,Released,157716,1,0
3047,116,756,1/5/2021,BDT,1,Released,5385451,1,0
3048,114,702,5/27/2022,BDT,1,Released,6839729.959999999,3,0
3049,136,2154,10/16/2023,BDT,1,Released,1765725.75,1,0
3050,49,27,4/16/2023,BDT,1,Released,7237038.04,4,0
3051,86,1487,10/22/2023,BDT,1,Released,1609278.33,5,0
3052,60,2207,3/15/2023,CNY,110.42,Released,84213.75,1,0
3053,95,2280,6/27/2023,BDT,1,Released,742984.76,4,0
3054,90,1111,6/27/2023,BDT,1,Released,3985134,1,0
3055,58,0,4/7/2021,BDT,1,Released,2690795,1,0
3056,41,2144,10/20/2022,CNY,107.03,Released,1196.78,3,0
3057,89,2395,12/26/2022,CNY,112.78,Released,320051.22,1,0
3058,49,1091,10/19/2023,BDT,1,Released,4249327.96,4,0
3059,99,399,7/18/2021,BDT,1,Released,3434186,6,0
3060,130,1525,12/2/2022,BDT,1,Released,1825136.42,1,0
3061,12,703,7/2/2023,USD,108.58,Released,442369.88,2,0
3062,145,649,12/8/2020,BDT,1,Released,1790020,3,0
3063,23,1711,2/29/2020,BDT,1,Released,3138308,2,0
3064,100,535,3/18/2023,USD,107.55,Released,17046.710000000003,5,0
3065,12,356,12/31/2022,USD,112.84,Released,97593.05,2,0
3066,141,616,3/1/2023,USD,108.66,Released,213446.12000000002,4,0
3067,111,929,1/1/2023,BDT,1,Released,1175127.21,5,0
3068,127,2199,11/16/2023,BDT,1,Released,2381430.4,6,0
3069,68,451,12/31/2023,BDT,1,Released,2375620.3,1,0
3070,50,920,9/23/2021,USD,86.19,Released,44923.2,3,0
3071,112,1549,1/12/2022,BDT,1,Released,2085252.6,6,0
3072,98,2278,10/21/2023,USD,110.69,Released,1079305.6099999999,3,0
3073,72,2361,9/28/2022,BDT,1,Released,1432067.72,1,0
3074,69,2253,8/9/2021,BDT,1,Released,4698554,3,0
3075,82,0,1/14/2021,CNY,85.56,Released,11343.21,6,0
3076,30,1668,4/28/2020,BDT,1,Released,4220551,5,0
3077,98,0,9/9/2023,USD,105.76,Released,1213546.77,3,0
3078,125,339,5/30/2023,BDT,1,Released,7154656.74,6,0
3079,70,1289,11/6/2021,BDT,1,Released,2122712,6,0
3080,78,1882,1/30/2022,BDT,1,Released,2577156.83,2,0
3081,60,581,1/8/2023,CNY,109.49,Released,95528.16,1,0
3082,125,737,7/16/2022,BDT,1,Released,5780386.800000001,6,0
3083,22,1593,5/18/2021,BDT,1,Released,8378140,3,0
3084,69,2053,4/14/2023,BDT,1,Released,3838913.88,3,0
3085,125,1611,8/27/2022,BDT,1,Released,965995.2899999999,6,0
3086,95,0,7/1/2022,BDT,1,Released,1246460.56,4,0
3087,99,800,7/15/2023,BDT,1,Released,4802286.3100000005,6,0
3088,124,820,11/26/2023,USD,109.88,Released,445538.3,5,0
3089,60,1604,8/7/2023,CNY,105.96,Released,152902.2,1,0
3090,104,2487,6/22/2023,BDT,1,Released,1156673.27,3,0
3091,66,2326,6/1/2023,BDT,1,Released,6829194.68,5,0
3092,150,662,5/22/2022,BDT,1,Released,2696194.95,6,0
3093,121,1550,9/19/2022,USD,105.16,Released,48695.770000000004,4,0
3094,113,1239,11/22/2023,BDT,1,Released,315353.01,6,0
3095,46,96,12/26/2023,USD,109.48,Released,163384.23,2,0
3096,95,2303,5/3/2023,BDT,1,Released,1168802.83,4,0
3097,74,0,5/26/2023,BDT,1,Released,2596041.7,4,1
3098,112,833,6/18/2023,BDT,1,Released,4869361.09,6,0
3099,102,2047,9/17/2020,BDT,1,Released,2087632,4,0
3100,111,1358,4/27/2023,BDT,1,Released,3778150.02,5,0
3101,50,1980,5/10/2022,USD,95.03,Released,77651.71,3,0
3102,67,1243,11/16/2023,BDT,1,Released,3053457.6,4,0
3103,97,547,11/1/2022,USD,110.49,Released,54358.62,4,0
3104,85,2041,9/8/2022,CNY,104.94,Released,406490.4,1,0
3105,56,1680,1/22/2023,BDT,1,Released,6226330.91,5,0
3106,120,0,9/7/2023,BDT,1,Released,2989982.77,3,0
3107,102,0,12/31/2020,BDT,1,Released,4298731,4,0
3108,25,1491,12/4/2022,BDT,1,Released,3455670.73,3,0
3109,135,2334,4/8/2023,USD,107.84,Released,735878.38,3,0
3110,23,1798,9/26/2021,BDT,1,Released,755585,2,0
3111,122,225,6/2/2022,BDT,1,Released,2648450.96,5,0
3112,110,0,4/22/2023,BDT,1,Released,6028423.76,3,0
3113,34,1257,10/16/2023,BDT,1,Released,3334950.01,2,0
3114,50,162,11/10/2021,USD,85.42,Released,133721.51,3,0
3115,104,552,9/30/2022,BDT,1,Released,3178199.17,3,0
3116,145,427,5/19/2023,BDT,1,Released,3923116.6399999997,3,0
3117,129,471,10/3/2023,USD,105.77,Released,5565.03,2,0
3118,30,64,9/2/2022,BDT,1,Released,4288947.5200000005,5,0
3119,85,0,5/29/2020,CNY,85.22,Released,245436.94,1,0
3120,33,874,3/27/2023,USD,110.08,Released,664010.94,6,0
3121,93,108,12/22/2020,BDT,1,Released,196718,2,0
3122,72,0,1/18/2023,BDT,1,Released,2285246.0100000002,1,0
3123,31,938,6/28/2021,BDT,1,Released,3414996,1,0
3124,86,621,7/10/2023,BDT,1,Released,1805835.23,5,0
3125,121,163,12/5/2023,USD,106.19,Released,23852.67,4,0
3126,87,479,3/16/2023,BDT,1,Released,5257033.05,1,0
3127,27,0,11/12/2020,BDT,1,Released,248472,1,1
3128,66,698,5/1/2023,BDT,1,Released,4735447.13,5,0
3129,112,1702,11/27/2020,BDT,1,Released,3735642,6,0
3130,87,1776,1/5/2022,BDT,1,Released,4658607.77,1,0
3131,75,0,1/20/2023,BDT,1,Released,4027997.88,3,0
3132,18,305,7/27/2022,BDT,1,Released,5175844.92,3,0
3133,101,0,12/28/2021,BDT,1,Released,2361172,3,0
3134,149,1637,6/2/2023,CNY,106.43,Released,23130.45,4,0
3135,85,1284,1/15/2022,CNY,87.96,Released,688475.98,1,0
3136,104,1258,10/9/2021,BDT,1,Released,47487,3,0
3137,120,2196,10/7/2023,BDT,1,Released,5881588.33,3,0
3138,129,2074,8/3/2022,USD,102.99,Released,77184.87,2,0
3139,137,707,10/17/2022,USD,107.25,Released,270383.01,2,0
3140,94,0,12/1/2022,BDT,1,Released,4941168.01,1,0
3141,125,0,7/11/2021,BDT,1,Released,715225,6,0
3142,136,0,10/31/2023,BDT,1,Released,3739889.27,1,0
3143,19,527,3/28/2022,USD,86.16,Released,1038534.1799999999,1,0
3144,121,1131,2/27/2023,USD,108.5,Released,13731.9,4,0
3145,61,1484,12/26/2021,USD,85.44,Released,33866.96,1,0
3146,71,1917,12/26/2021,CNY,85.91,Released,718079.4199999999,3,0
3147,36,1378,9/21/2021,USD,85.62,Released,8300.15,2,0
3148,23,410,8/7/2022,BDT,1,Released,3939638.08,2,0
3149,121,0,6/15/2021,USD,85.67,Released,30495.18,4,0
3150,141,52,10/15/2022,USD,107.23,Released,326034.59,4,0
3151,57,2408,10/7/2023,BDT,1,Released,9595912.09,1,0
3152,79,722,11/30/2021,BDT,1,Released,3104554,1,0
3153,149,2184,5/2/2022,CNY,95.41,Released,892044.49,4,0
3154,67,2292,2/3/2023,BDT,1,Released,4393516.48,4,0
3155,140,90,4/9/2022,CNY,87.75,Released,135885.16,6,0
3156,28,178,9/30/2022,BDT,1,Released,2803149.19,2,0
3157,107,1035,8/28/2021,USD,85.82,Released,84032.66,4,0
3158,109,1439,2/8/2022,BDT,1,Released,1103820.09,2,0
3159,6,148,12/10/2021,USD,84.94,Released,103942.17000000001,6,0
3160,1,786,4/11/2021,USD,85.17,Released,24400.24,6,0
3161,56,345,7/20/2022,BDT,1,Released,2347926.9,5,0
3162,60,2308,4/25/2022,CNY,87.07,Released,482325.41,1,0
3163,114,0,5/7/2022,BDT,1,Released,2087043.44,3,0
3164,59,1254,1/27/2023,BDT,1,Released,5244529.9,5,0
3165,26,1841,6/10/2023,BDT,1,Released,1144022.69,1,0
3166,102,2282,8/10/2020,BDT,1,Released,2404859,4,0
3167,122,951,9/18/2023,BDT,1,Released,4399209.18,5,0
3168,110,2430,4/29/2022,BDT,1,Released,275680.38,3,0
3169,31,667,6/20/2022,BDT,1,Released,2501075.55,1,0
3170,77,1150,1/17/2021,BDT,1,Released,4289004,2,0
3171,50,2441,4/15/2022,USD,86.97,Released,17992.489999999998,3,0
3172,105,679,1/6/2023,BDT,1,Released,2530742.93,5,0
3173,110,70,5/29/2022,BDT,1,Released,4468729.12,3,0
3174,121,1290,3/1/2023,USD,107.42,Released,28795.06,4,0
3175,55,1430,4/14/2023,BDT,1,Released,2798289.59,1,0
3176,39,0,3/12/2021,BDT,1,Released,4687506,1,0
3177,111,382,1/27/2021,BDT,1,Released,266770,5,0
3178,126,601,5/20/2023,BDT,1,Released,717174.78,5,0
3179,148,864,6/28/2023,BDT,1,Released,1489143.3900000001,1,0
3180,117,2494,11/1/2023,BDT,1,Released,2359178.81,3,0
3181,127,1679,6/7/2022,BDT,1,Released,2916424.17,6,0
3182,88,384,3/13/2021,BDT,1,Released,3678559,2,0
3183,103,0,8/4/2023,USD,109.17,Released,152865.47999999998,4,0
3184,50,779,10/22/2021,USD,85.78,Released,812492.5399999999,3,0
3185,68,1812,8/8/2023,BDT,1,Released,1302720.49,1,0
3186,142,186,7/4/2021,BDT,1,Released,2224044,6,0
3187,126,2275,10/26/2023,BDT,1,Released,6206465.78,5,0
3188,115,274,12/29/2020,USD,84.99,Released,888103.2,5,0
3189,76,1608,8/24/2023,BDT,1,Released,3321509.75,1,0
3190,142,920,6/27/2023,BDT,1,Released,1718043.6199999999,6,0
3191,112,454,1/21/2023,BDT,1,Released,2570938.56,6,0
3192,50,1294,4/25/2022,USD,86.95,Released,14914.29,3,0
3193,82,1519,11/5/2022,CNY,109.97,Released,191792.56,6,0
3194,70,0,10/19/2023,BDT,1,Released,5465259.73,6,1
3195,136,2300,10/4/2022,BDT,1,Released,2318592.05,1,0
3196,39,54,3/21/2023,BDT,1,Released,2236914.4499999997,1,0
3197,103,1266,8/2/2022,USD,102.5,Released,117594.26,4,0
3198,144,0,4/13/2022,USD,86.58,Released,600327.73,6,1
3199,23,0,4/2/2023,BDT,1,Released,327199.95,2,0
3200,73,1557,11/12/2023,CNY,109.77,Released,35831.98,6,0
3201,124,963,1/15/2022,USD,86.49,Released,7103.49,5,0
3202,111,0,4/22/2020,BDT,1,Released,2735598,5,1
3203,149,0,7/26/2021,CNY,84.95,Released,598920.26,4,0
3204,90,1799,6/8/2021,BDT,1,Released,2820531,1,0
3205,60,0,11/22/2023,CNY,107.05,Released,112442.6,1,0
3206,7,0,3/2/2023,BDT,1,Released,3901167.66,1,0
3207,129,0,12/5/2023,USD,107.68,Released,30069.559999999998,2,1
3208,83,0,10/23/2022,BDT,1,Released,5693498.600000001,3,1
3209,4,1124,7/22/2022,BDT,1,Released,2506110.3,3,0
3210,42,1196,6/11/2023,USD,107.99,Released,118189.44,3,0
3211,50,0,9/18/2023,USD,110.13,Released,430671.52,3,0
3212,80,42,8/13/2021,BDT,1,Released,339779,2,0
3213,146,513,5/3/2023,BDT,1,Released,1245576.11,2,0
3214,72,2338,9/16/2021,BDT,1,Released,1498968,1,0
3215,74,0,10/27/2021,BDT,1,Released,1079894,4,1
3216,103,1494,10/18/2021,USD,85.77,Released,953633.7000000001,4,0
3217,22,2199,11/18/2023,BDT,1,Released,296313.3,3,0
3218,58,108,7/8/2022,BDT,1,Released,2339899.79,1,0
3219,21,2048,7/28/2021,BDT,1,Released,1448024,2,0
3220,103,1273,12/26/2023,USD,106.41,Released,383572.09,4,0
3221,30,1131,11/3/2022,BDT,1,Released,2677653.07,5,0
3222,9,2215,9/7/2021,BDT,1,Released,1298086,3,0
3223,121,1231,12/23/2020,USD,85.08,Released,9413.3,4,0
3224,99,1679,6/7/2022,BDT,1,Released,1755825.6400000001,6,0
3225,73,2367,12/18/2022,CNY,112.57,Released,85457.45,6,0
3226,63,239,10/3/2022,BDT,1,Released,871648.37,3,0
3227,105,2042,7/23/2023,BDT,1,Released,1189847.71,5,0
3228,89,2292,2/3/2023,CNY,107.85,Released,29835.870000000003,1,0
3229,13,1298,12/17/2022,USD,112.12,Released,162872.47,3,0
3230,17,2453,11/22/2021,USD,84.88,Released,395558.1,4,0
3231,7,743,11/4/2022,BDT,1,Released,3377417.65,1,0
3232,147,1543,6/18/2023,BDT,1,Released,2303888.7199999997,1,0
3233,41,1058,1/20/2022,CNY,85.54,Released,5244.61,3,0
3234,126,2380,11/7/2023,BDT,1,Released,2745138.07,5,0
3235,127,1061,12/21/2023,BDT,1,Released,968757.8,6,0
3236,135,2494,11/1/2023,USD,107.9,Released,188481.94000000003,3,0
3237,9,2029,6/26/2021,BDT,1,Released,1515318,3,0
3238,105,1948,4/16/2023,BDT,1,Released,1468754.14,5,0
3239,86,1694,8/11/2023,BDT,1,Released,7113504.45,5,0
3240,86,1946,11/26/2022,BDT,1,Released,1947154.12,5,0
3241,2,896,1/23/2023,BDT,1,Released,4028680.51,1,0
3242,131,235,4/6/2022,BDT,1,Released,280984.56,5,0
3243,39,713,2/3/2021,BDT,1,Released,1943258,1,0
3244,124,767,10/28/2023,USD,106.19,Released,92035.6,5,0
3245,55,0,7/2/2020,BDT,1,Released,4420427,1,0
3246,94,0,5/11/2021,BDT,1,Released,1658258,1,0
3247,30,1612,12/4/2022,BDT,1,Released,6856702.470000001,5,0
3248,42,1173,2/26/2021,USD,85.15,Released,44179.38,3,0
3249,55,0,11/18/2021,BDT,1,Released,3727881,1,0
3250,87,1072,4/5/2023,BDT,1,Released,2677381.94,1,0
3251,93,0,6/25/2020,BDT,1,Released,1675204,2,0
3252,24,0,2/26/2023,BDT,1,Released,2043725.3499999999,4,0
3253,32,1733,10/11/2020,USD,84.9,Released,3771.3,5,0
3254,81,2191,12/22/2023,BDT,1,Released,3916183.1100000003,3,0
3255,104,2029,6/26/2022,BDT,1,Released,3247577.38,3,0
3256,35,519,12/25/2021,BDT,1,Released,1051573,4,0
3257,129,0,3/6/2023,USD,107.57,Released,138343.58000000002,2,1
3258,124,2125,11/25/2023,USD,106.09,Released,363437.23000000004,5,0
3259,27,1768,5/25/2023,BDT,1,Released,3718897.71,1,0
3260,26,1056,10/7/2022,BDT,1,Released,6678131.8100000005,1,0
3261,148,408,5/23/2023,BDT,1,Released,3706507.9499999997,1,0
3262,120,2117,8/14/2022,BDT,1,Released,3504439.33,3,0
3263,150,2391,11/26/2022,BDT,1,Released,3138802.83,6,0
3264,108,1769,12/27/2021,CNY,85.62,Released,615941.22,3,0
3265,85,0,11/27/2022,CNY,110.22,Released,252196.12,1,0
3266,40,2154,10/16/2023,USD,110.44,Released,29600.59,5,0
3267,121,685,12/5/2023,USD,109.01,Released,43985.3,4,0
3268,145,1768,7/23/2023,BDT,1,Released,4012686.48,3,0
3269,5,1194,9/13/2023,BDT,1,Released,9193786.57,2,0
3270,111,0,4/16/2021,BDT,1,Released,3926136,5,1
3271,141,1943,6/13/2022,USD,97.17,Released,488085.12,4,0
3272,104,0,3/13/2021,BDT,1,Released,4096430,3,0
3273,11,2465,3/31/2023,BDT,1,Released,775612.23,5,0
3274,125,0,10/30/2022,BDT,1,Released,8910045.82,6,0
3275,62,0,10/29/2021,USD,85.74,Released,968966.6,3,0
3276,1,965,11/26/2023,USD,110.03,Released,11423.04,6,0
3277,2,2012,12/5/2022,BDT,1,Released,1122804.67,1,0
3278,146,2305,10/22/2023,BDT,1,Released,1750484.17,2,0
3279,47,0,10/1/2020,CNY,84.98,Released,930.7,2,0
3280,48,464,3/22/2021,USD,85.64,Released,2175,6,0
3281,11,649,8/9/2020,BDT,1,Released,2325460,5,0
3282,76,1448,7/9/2023,BDT,1,Released,2094772.88,1,0
3283,111,224,5/19/2023,BDT,1,Released,2376638.34,5,0
3284,9,2179,3/1/2023,BDT,1,Released,1104132.2,3,0
3285,41,849,3/28/2023,CNY,110.11,Released,32062.09,3,0
3286,41,980,7/8/2023,CNY,107.2,Released,369381.16,3,0
3287,51,1572,12/23/2021,BDT,1,Released,717906,6,0
3288,13,61,2/21/2021,USD,86.1,Released,348080.2,3,0
3289,31,504,12/10/2022,BDT,1,Released,1190102.92,1,0
3290,11,0,9/24/2020,BDT,1,Released,5357254,5,0
3291,41,886,1/8/2022,CNY,87.45,Released,393937.19,3,0
3292,138,185,2/6/2023,CNY,109.62,Released,490036.94,1,0
3293,147,767,5/22/2023,BDT,1,Released,1615367.27,1,0
3294,56,1226,3/14/2022,BDT,1,Released,51388.14,5,0
3295,80,878,4/20/2022,BDT,1,Released,1553964.07,2,0
3296,44,1921,10/25/2022,BDT,1,Released,6827296.63,3,0
3297,93,0,12/24/2022,BDT,1,Released,3084047.78,2,0
3298,93,1928,11/26/2023,BDT,1,Released,2789334.3600000003,2,0
3299,97,375,4/27/2022,USD,88.05,Released,65315.72,4,0
3300,103,0,10/16/2023,USD,107.2,Released,9061.25,4,0
3301,5,823,9/22/2023,BDT,1,Released,6980245.98,2,0
3302,31,2299,3/3/2021,BDT,1,Released,486927,1,0
3303,131,2356,5/7/2023,BDT,1,Released,2227923.71,5,0
3304,142,2161,11/21/2021,BDT,1,Released,296286,6,0
3305,100,1413,12/20/2022,USD,112.16,Released,29468.97,5,0
3306,108,1496,1/3/2023,CNY,110.47,Released,33240.93,3,0
3307,46,669,7/1/2022,USD,100.17,Released,29661.96,2,0
3308,4,1679,6/7/2022,BDT,1,Released,2964925.5999999996,3,0
3309,105,1553,10/2/2023,BDT,1,Released,2080000.48,5,0
3310,82,1906,5/17/2022,CNY,95.16,Released,455018.07999999996,6,0
3311,54,529,12/30/2023,CNY,109.1,Released,82322.71,5,0
3312,24,1317,11/25/2023,BDT,1,Released,3344936.9099999997,4,0
3313,54,1166,10/5/2023,CNY,109.94,Released,655.63,5,0
3314,34,1340,9/11/2023,BDT,1,Released,3432241,2,0
3315,125,1050,8/6/2023,BDT,1,Released,7065458.53,6,0
3316,64,1800,12/18/2022,BDT,1,Released,2881807.29,1,0
3317,140,0,12/11/2022,CNY,112.85,Released,184271.09,6,0
3318,71,1430,2/5/2023,CNY,108.49,Released,42658.4,3,0
3319,112,915,6/13/2020,BDT,1,Released,2567116,6,0
3320,87,2462,6/21/2023,BDT,1,Released,7817187.55,1,0
3321,55,2496,1/8/2023,BDT,1,Released,2299167.21,1,0
3322,64,2133,3/23/2023,BDT,1,Released,455856.09,1,0
3323,133,0,6/17/2021,BDT,1,Released,5652588,3,1
3324,31,52,7/25/2023,BDT,1,Released,8819404.65,1,0
3325,62,1525,11/12/2021,USD,85.78,Released,73317.31,3,0
3326,45,2298,12/1/2023,BDT,1,Released,4932638.2,3,0
3327,21,0,3/22/2021,BDT,1,Released,382785,2,0
3328,56,1839,8/25/2021,BDT,1,Released,4577207,5,0
3329,115,1570,4/4/2022,USD,87.68,Released,732002.13,5,0
3330,133,1624,6/19/2022,BDT,1,Released,1956440.76,3,0
3331,83,2115,10/18/2021,BDT,1,Released,246987,3,0
3332,37,1962,4/22/2023,BDT,1,Released,1461335.71,2,0
3333,68,1156,2/20/2021,BDT,1,Released,3846573,1,0
3334,111,304,4/18/2021,BDT,1,Released,2378144,5,0
3335,101,0,8/23/2020,BDT,1,Released,3968063,3,0
3336,67,0,3/4/2023,BDT,1,Released,4894524.76,4,0
3337,23,353,6/21/2023,BDT,1,Released,1676696.37,2,0
3338,31,2310,12/20/2022,BDT,1,Released,7431855.21,1,0
3339,11,1281,12/15/2023,BDT,1,Released,5819515.46,5,0
3340,139,468,9/21/2023,USD,110.49,Released,595810.03,6,0
3341,66,2458,3/18/2023,BDT,1,Released,3476489.84,5,0
3342,80,1423,2/13/2023,BDT,1,Released,2628293,2,0
3343,47,0,7/25/2023,CNY,108.73,Released,123548.88,2,0
3344,9,844,12/24/2023,BDT,1,Released,2861467.4899999998,3,0
3345,37,383,8/25/2022,BDT,1,Released,3956170.6399999997,2,0
3346,102,168,8/11/2023,BDT,1,Released,2488148.6799999997,4,0
3347,73,1757,12/29/2022,CNY,112.52,Released,980.0999999999999,6,0
3348,111,1483,4/18/2023,BDT,1,Released,1388650.48,5,0
3349,70,2291,8/26/2020,BDT,1,Released,528728,6,0
3350,145,450,6/25/2022,BDT,1,Released,5043957.140000001,3,0
3351,31,189,7/11/2021,BDT,1,Released,4497703,1,0
3352,96,820,11/26/2023,BDT,1,Released,6004434.94,3,0
3353,133,0,9/2/2023,BDT,1,Released,3714133.87,3,1
3354,49,2453,12/24/2023,BDT,1,Released,104488.48,4,0
3355,142,555,1/24/2023,BDT,1,Released,3680146.06,6,0
3356,47,515,7/16/2023,CNY,107.69,Released,220084.59,2,0
3357,8,1874,2/13/2022,BDT,1,Released,3300911.07,3,0
3358,68,2495,8/11/2022,BDT,1,Released,593019.98,1,0
3359,30,0,7/5/2020,BDT,1,Released,2712904,5,1
3360,8,996,12/9/2021,BDT,1,Released,2925200,3,0
3361,34,19,6/28/2022,BDT,1,Released,2484371.33,2,0
3362,9,264,6/28/2021,BDT,1,Released,893991,3,0
3363,97,265,6/6/2021,USD,85.08,Released,13758.11,4,0
3364,90,1440,8/30/2022,BDT,1,Released,976163.45,1,0
3365,18,0,5/11/2020,BDT,1,Released,2644978,3,0
3366,126,0,8/22/2020,BDT,1,Released,2711458,5,0
3367,60,128,12/28/2021,CNY,85.71,Released,3321.6,1,0
3368,129,2445,6/25/2022,USD,97.81,Released,207993.39,2,0
3369,72,64,9/2/2022,BDT,1,Released,927603.12,1,0
3370,130,1489,3/4/2023,BDT,1,Released,922501.4199999999,1,0
3371,127,2457,7/15/2021,BDT,1,Released,3111888,6,0
3372,58,1092,3/4/2023,BDT,1,Released,2359648.16,1,0
3373,38,0,4/16/2022,BDT,1,Released,2463563.6799999997,6,0
3374,32,151,6/16/2023,USD,107.81,Released,339627.84,5,0
3375,75,1930,7/4/2023,BDT,1,Released,5979438.03,3,0
3376,107,2124,11/5/2022,USD,109.91,Released,46629.6,4,0
3377,45,20,5/6/2021,BDT,1,Released,2202035,3,0
3378,22,0,4/6/2021,BDT,1,Released,2819082,3,0
3379,72,0,11/17/2022,BDT,1,Released,1611615.88,1,0
3380,12,1173,8/7/2020,USD,85.15,Released,943317.13,2,0
3381,70,1572,12/23/2021,BDT,1,Released,4516783,6,0
3382,66,946,2/23/2022,BDT,1,Released,6301586.7,5,0
3383,84,0,5/26/2021,BDT,1,Released,3862758,2,0
3384,87,2016,10/26/2023,BDT,1,Released,3963941.41,1,0
3385,57,40,12/18/2022,BDT,1,Released,4161328.13,1,0
3386,31,800,7/15/2023,BDT,1,Released,6185594.88,1,0
3387,4,927,6/23/2022,BDT,1,Released,525717.39,3,0
3388,3,2013,12/3/2021,BDT,1,Released,3565729,1,0
3389,27,1642,11/10/2020,BDT,1,Released,104804,1,0
3390,64,0,5/25/2021,BDT,1,Released,1704761,1,0
3391,73,1796,4/11/2022,CNY,86.01,Released,35506.18,6,0
3392,97,0,5/16/2021,USD,85.49,Released,70866.95,4,0
3393,102,0,10/16/2023,BDT,1,Released,39459.28,4,0
3394,24,1078,12/3/2022,BDT,1,Released,1102823.72,4,0
3395,11,1549,10/8/2021,BDT,1,Released,3016396,5,0
3396,33,0,7/23/2023,USD,108.41,Released,606055.27,6,0
3397,52,0,7/31/2022,USD,99.7,Released,53281.36,3,0
3398,150,1312,12/13/2023,BDT,1,Released,1655785.6,6,0
3399,41,0,5/5/2022,CNY,94.63,Released,587245.97,3,0
3400,4,0,9/18/2020,BDT,1,Released,1439176,3,0
3401,148,871,5/4/2022,BDT,1,Released,1567743.43,1,0
3402,24,2408,7/29/2022,BDT,1,Released,2810944.5500000003,4,0
3403,145,0,3/19/2020,BDT,1,Released,1111663,3,0
3404,124,2037,7/21/2021,USD,86.46,Released,335895.31999999995,5,0
3405,42,1683,2/26/2020,USD,84.7,Released,18744.48,3,0
3406,149,0,5/8/2021,CNY,86.02,Released,14054.04,4,0
3407,26,2238,3/28/2021,BDT,1,Released,5057836,1,0
3408,62,268,1/9/2021,USD,84.96,Released,5523,3,0
3409,92,2360,9/19/2023,BDT,1,Released,5271072.819999999,2,0
3410,63,868,1/7/2023,BDT,1,Released,899514.77,3,0
3411,65,2260,7/1/2021,BDT,1,Released,1654657,6,0
3412,129,0,6/20/2022,USD,97.38,Released,17351.469999999998,2,1
3413,107,0,3/16/2020,USD,84.56,Released,14393.46,4,0
3414,110,1728,10/21/2022,BDT,1,Released,1844727.8599999999,3,0
3415,33,1215,7/29/2023,USD,105.84,Released,13340.32,6,0
3416,99,273,3/20/2023,BDT,1,Released,4169356.58,6,0
3417,21,1746,5/9/2023,BDT,1,Released,2705305.17,2,0
3418,103,2321,10/27/2023,USD,106.37,Released,69415.62,4,0
3419,107,827,11/22/2022,USD,110.2,Released,159262.6,4,0
3420,24,461,5/9/2022,BDT,1,Released,5297607.93,4,0
3421,138,0,2/15/2020,CNY,84.53,Released,821257.13,1,0
3422,47,2190,10/16/2021,CNY,85.6,Released,25187.379999999997,2,0
3423,6,1471,5/11/2023,USD,109.02,Released,556874.68,6,0
3424,67,265,3/1/2023,BDT,1,Released,2476373.4699999997,4,0
3425,60,2215,8/31/2021,CNY,85.6,Released,261305.50999999998,1,0
3426,101,904,10/8/2022,BDT,1,Released,5678850.14,3,0
3427,77,1796,3/19/2022,BDT,1,Released,3208770.07,2,0
3428,48,2217,9/14/2021,USD,85.49,Released,112286.87999999999,6,0
3429,110,1634,10/31/2023,BDT,1,Released,3515557.99,3,0
3430,110,2186,9/6/2022,BDT,1,Released,1950190.79,3,0
3431,46,5,5/5/2022,USD,95.35,Released,208580.24,2,0
3432,113,0,9/3/2021,BDT,1,Released,5503081,6,0
3433,9,1970,12/4/2020,BDT,1,Released,2355474,3,0
3434,7,1058,2/5/2023,BDT,1,Released,6891432.58,1,0
3435,27,1047,7/13/2023,BDT,1,Released,323588.91000000003,1,0
3436,84,325,6/20/2020,BDT,1,Released,580929,2,0
3437,63,237,7/18/2023,BDT,1,Released,405960,3,0
3438,24,2284,12/16/2023,BDT,1,Released,1668187.36,4,0
3439,128,1289,11/6/2021,USD,84.56,Released,103089.42,2,0
3440,61,0,3/23/2022,USD,86.26,Released,32321.67,1,0
3441,9,1120,3/3/2023,BDT,1,Released,3666134.92,3,0
3442,114,0,5/4/2020,BDT,1,Released,241920,3,0
3443,38,0,3/6/2023,BDT,1,Released,3394595.96,6,0
3444,23,343,9/28/2023,BDT,1,Released,2331089.08,2,0
3445,135,1744,6/9/2022,USD,97.42,Released,3800.5499999999997,3,0
3446,20,1686,4/4/2022,BDT,1,Released,1217362.68,4,0
3447,149,1859,3/12/2022,CNY,86.07,Released,10385.539999999999,4,0
3448,34,2105,9/30/2022,BDT,1,Released,2745415.71,2,0
3449,134,0,10/28/2020,BDT,1,Released,4409277,1,0
3450,82,602,3/22/2023,CNY,109.3,Released,862.28,6,0
3451,75,1112,9/16/2023,BDT,1,Released,2100654.44,3,0
3452,92,1316,3/22/2022,BDT,1,Released,2250163.84,2,0
3453,26,524,10/21/2021,BDT,1,Released,5225262,1,0
3454,116,798,12/22/2022,BDT,1,Released,60142.47,1,0
3455,35,2157,9/10/2022,BDT,1,Released,1980008.3599999999,4,0
3456,116,1430,2/5/2023,BDT,1,Released,3507485.37,1,0
3457,2,0,4/20/2023,BDT,1,Released,2617707.37,1,0
3458,74,1970,11/5/2023,BDT,1,Released,3722294.48,4,0
3459,121,202,7/12/2020,USD,85.31,Released,12205.29,4,0
3460,123,2459,7/16/2023,USD,108.37,Released,71193.16,2,0
3461,126,1182,4/21/2022,BDT,1,Released,2864246.02,5,0
3462,82,1831,7/24/2020,CNY,84.71,Released,190268.36,6,0
3463,32,2307,7/21/2021,USD,85.64,Released,354751.57,5,0
3464,34,603,5/16/2023,BDT,1,Released,2156228.58,2,0
3465,19,1842,9/11/2023,USD,107.83,Released,568058.96,1,0
3466,82,1226,2/15/2021,CNY,86.12,Released,428112.75999999995,6,0
3467,87,60,9/18/2021,BDT,1,Released,4688722,1,0
3468,66,1428,3/4/2022,BDT,1,Released,2694148.65,5,0
3469,1,1586,3/2/2022,USD,86.1,Released,7543.619999999999,6,0
3470,146,357,11/23/2021,BDT,1,Released,323792,2,0
3471,11,1491,3/7/2023,BDT,1,Released,4838073.85,5,0
3472,63,0,1/29/2022,BDT,1,Released,1018199.5899999999,3,0
3473,137,0,8/3/2022,USD,102.5,Released,114958.5,2,0
3474,1,699,11/22/2022,USD,110.34,Released,61184.11,6,0
3475,146,202,7/12/2020,BDT,1,Released,4108479,2,0
3476,52,0,1/3/2021,USD,86.15,Released,44091.88,3,0
3477,96,1972,7/5/2023,BDT,1,Released,1948069.2,3,0
3478,92,1931,5/8/2023,BDT,1,Released,1664812.63,2,0
3479,53,530,7/10/2022,BDT,1,Released,852197.75,2,0
3480,42,1188,11/18/2020,USD,84.75,Released,13278.54,3,0
3481,5,877,6/24/2022,BDT,1,Released,6175741.07,2,0
3482,123,1669,3/20/2023,USD,108.5,Released,20701.94,2,0
3483,84,628,4/7/2022,BDT,1,Released,1063678.0999999999,2,0
3484,70,647,7/19/2021,BDT,1,Released,1908585,6,0
3485,108,396,8/28/2023,CNY,107.9,Released,978492.2699999999,3,0
3486,20,1901,8/19/2023,BDT,1,Released,3433010.24,4,0
3487,138,571,8/12/2023,CNY,110.97,Released,534972.95,1,0
3488,20,2352,6/1/2023,BDT,1,Released,667655.89,4,0
3489,43,1504,12/8/2022,BDT,1,Released,5443167.72,4,0
3490,93,450,12/4/2021,BDT,1,Released,230826,2,0
3491,6,0,11/24/2022,USD,110.34,Released,839618.33,6,0
3492,94,849,3/28/2023,BDT,1,Released,2031934.25,1,0
3493,73,2412,4/3/2021,CNY,85.2,Released,90525.51,6,0
3494,107,1791,7/27/2023,USD,107.71,Released,29767.29,4,0
3495,99,2217,7/31/2021,BDT,1,Released,1200045,6,0
3496,77,260,4/5/2022,BDT,1,Released,4376334.67,2,0
3497,150,0,4/28/2023,BDT,1,Released,5019603.61,6,0
3498,59,2120,9/17/2021,BDT,1,Released,394956,5,0
3499,144,1071,4/24/2023,USD,108.92,Released,393185.57,6,0
3500,139,137,3/12/2023,USD,110.57,Released,9581.75,6,0
3501,111,1497,2/6/2022,BDT,1,Released,4144114.47,5,0
3502,25,584,4/29/2023,BDT,1,Released,2645975.74,3,0
3503,42,10,5/18/2022,USD,95.3,Released,438817.11,3,0
3504,104,2101,11/20/2023,BDT,1,Released,703490.81,3,0
3505,108,556,8/23/2023,CNY,105.64,Released,494794.16000000003,3,0
3506,144,345,10/16/2023,USD,107.85,Released,855646.55,6,0
3507,7,0,11/8/2020,BDT,1,Released,6705683,1,0
3508,136,1471,5/11/2023,BDT,1,Released,1710434.95,1,0
3509,77,777,4/27/2021,BDT,1,Released,83912,2,0
3510,109,2014,11/12/2023,BDT,1,Released,6374301.3,2,0
3511,80,706,7/26/2023,BDT,1,Released,4446268.15,2,0
3512,9,1305,9/6/2023,BDT,1,Released,2568556.83,3,0
3513,48,1355,9/2/2021,USD,85.66,Released,8213.29,6,0
3514,50,721,10/13/2023,USD,109.57,Released,615923.27,3,0
3515,36,0,6/19/2021,USD,85.77,Released,18392.58,2,0
3516,37,542,1/19/2022,BDT,1,Released,4244966.92,2,0
3517,91,585,5/29/2022,BDT,1,Released,3684626.46,6,0
3518,143,195,5/1/2022,USD,95,Released,512301.25,6,0
3519,102,2222,3/5/2021,BDT,1,Released,3763205,4,0
3520,2,727,8/26/2020,BDT,1,Released,2461203,1,0
3521,149,1867,2/5/2023,CNY,108.62,Released,579506.06,4,0
3522,138,2166,10/24/2023,CNY,106.04,Released,145952.8,1,0
3523,7,783,1/23/2023,BDT,1,Released,1861159,1,0
3524,58,1318,12/24/2022,BDT,1,Released,3310696.14,1,0
3525,142,0,10/8/2023,BDT,1,Released,5668408.31,6,1
3526,125,1769,1/14/2023,BDT,1,Released,5394967.63,6,0
3527,14,2199,11/16/2023,USD,109.24,Released,199198.62,5,0
3528,65,806,4/18/2022,BDT,1,Released,585708.11,6,0
3529,26,2120,8/29/2021,BDT,1,Released,675040,1,0
3530,106,0,4/21/2020,USD,84.59,Released,105803.88,2,0
3531,78,824,2/25/2022,BDT,1,Released,4296288.83,2,0
3532,89,1238,4/28/2022,CNY,86.57,Released,15533.81,1,0
3533,110,864,6/28/2023,BDT,1,Released,3322963.62,3,0
3534,45,596,6/30/2023,BDT,1,Released,3263789.88,3,0
3535,27,1284,1/15/2022,BDT,1,Released,1028332.2799999999,1,0
3536,106,1780,9/28/2020,USD,84.79,Released,491595.68000000005,2,0
3537,83,922,12/16/2022,BDT,1,Released,3955156.51,3,0
3538,136,2024,5/21/2021,BDT,1,Released,3075240,1,0
3539,50,209,6/30/2022,USD,97.64,Released,27033.2,3,0
3540,53,87,9/25/2022,BDT,1,Released,6442922.49,2,0
3541,145,0,10/1/2022,BDT,1,Released,2368803.37,3,0
3542,74,0,9/23/2020,BDT,1,Released,1555533,4,1
3543,149,0,11/17/2021,CNY,85.16,Released,1512930.8800000001,4,0
3544,63,1427,1/27/2022,BDT,1,Released,411862.85,3,0
3545,37,1243,11/16/2023,BDT,1,Released,4052144.5700000003,2,0
3546,76,1178,8/19/2022,BDT,1,Released,2404942.42,1,0
3547,15,476,4/5/2023,BDT,1,Released,2388438.04,5,0
3548,104,106,9/6/2023,BDT,1,Released,85564.83,3,0
3549,150,2101,7/24/2021,BDT,1,Released,2654455,6,0
3550,4,1841,1/11/2022,BDT,1,Released,5577715.98,3,0
3551,75,1471,5/11/2023,BDT,1,Released,6143467.89,3,0
3552,126,472,1/1/2022,BDT,1,Released,5958868.069999999,5,0
3553,53,1954,5/17/2020,BDT,1,Released,2661610,2,0
3554,134,1592,3/18/2022,BDT,1,Released,1563447.55,1,0
3555,123,505,10/8/2022,USD,107.3,Released,47664.29,2,0
3556,14,2350,4/14/2021,USD,85.82,Released,289505.94,5,0
3557,72,0,7/20/2023,BDT,1,Released,709425.8200000001,1,0
3558,71,275,5/12/2022,CNY,94.63,Released,871967.11,3,0
3559,122,988,3/1/2023,BDT,1,Released,673029.93,5,0
3560,2,2479,9/19/2023,BDT,1,Released,2789927.01,1,0
3561,31,985,5/24/2021,BDT,1,Released,4736201,1,0
3562,122,2067,3/14/2022,BDT,1,Released,397124.15,5,0
3563,54,0,3/9/2022,CNY,88.24,Released,258140.09000000003,5,0
3564,110,2077,11/28/2020,BDT,1,Released,1406814,3,0
3565,34,2323,11/13/2023,BDT,1,Released,58516.71,2,0
3566,150,1556,6/17/2022,BDT,1,Released,2750678.81,6,0
3567,126,2119,11/25/2021,BDT,1,Released,2750785,5,0
3568,85,1156,1/18/2023,CNY,107.59,Released,323078.47000000003,1,0
3569,134,2328,11/24/2023,BDT,1,Released,1081944.47,1,0
3570,47,0,5/17/2022,CNY,94.71,Released,27580.02,2,0
3571,7,957,4/9/2023,BDT,1,Released,1123332.22,1,0
3572,111,1841,12/25/2022,BDT,1,Released,4240476.33,5,0
3573,105,824,2/25/2022,BDT,1,Released,5390354.73,5,0
3574,117,756,2/1/2021,BDT,1,Released,1606401,3,0
3575,46,1867,2/5/2023,USD,108.24,Released,2095.77,2,0
3576,57,91,7/8/2022,BDT,1,Released,4765676.47,1,0
3577,14,1494,7/25/2022,USD,99.93,Released,150144.03,5,0
3578,70,725,9/28/2023,BDT,1,Released,7056844.66,6,0
3579,134,154,3/18/2023,BDT,1,Released,3303565.1399999997,1,0
3580,26,0,3/9/2023,BDT,1,Released,7064856.62,1,0
3581,35,214,9/2/2023,BDT,1,Released,1341275.68,4,0
3582,17,0,1/27/2021,USD,85.16,Released,276720.42000000004,4,0
3583,143,471,5/8/2022,USD,95.1,Released,183288.37,6,0
3584,96,0,10/11/2021,BDT,1,Released,3739676,3,0
3585,113,1592,8/12/2021,BDT,1,Released,6089493,6,0
3586,68,913,12/22/2022,BDT,1,Released,3293807.49,1,0
3587,52,1910,6/12/2022,USD,97.1,Released,235510.19000000003,3,0
3588,118,2021,12/2/2021,BDT,1,Released,4269066,2,0
3589,56,160,3/18/2021,BDT,1,Released,2408537,5,0
3590,86,680,11/4/2021,BDT,1,Released,1773570,5,0
3591,47,0,12/18/2022,CNY,112.08,Released,77018.25,2,0
3592,63,1,10/23/2022,BDT,1,Released,364802.15,3,0
3593,139,458,8/22/2022,USD,102.97,Released,549135.11,6,0
3594,103,2161,8/25/2021,USD,85.95,Released,486244.23,4,0
3595,121,843,9/18/2023,USD,110.35,Released,29325.510000000002,4,0
3596,118,699,10/26/2023,BDT,1,Released,690540.77,2,0
3597,138,1723,12/28/2023,CNY,107.25,Released,495183.74,1,0
3598,149,0,7/12/2021,CNY,85.09,Released,452422.78,4,0
3599,114,533,4/1/2022,BDT,1,Released,6245072.949999999,3,0
3600,110,425,8/16/2023,BDT,1,Released,365067.05,3,0
3601,120,0,3/22/2023,BDT,1,Released,4899676.05,3,0
3602,129,2085,12/24/2023,USD,106.62,Released,18239.44,2,0
3603,82,2194,6/6/2022,CNY,97.28,Released,151191.6,6,0
3604,140,0,4/2/2021,CNY,86.15,Released,28462.5,6,0
3605,80,1218,8/5/2023,BDT,1,Released,2682357.93,2,0
3606,71,680,11/4/2021,CNY,85.57,Released,206388.72,3,0
3607,96,139,6/11/2023,BDT,1,Released,6258441.41,3,0
3608,38,2068,3/16/2023,BDT,1,Released,121861.23,6,0
3609,20,1986,11/3/2021,BDT,1,Released,1798512,4,0
3610,3,0,1/2/2022,BDT,1,Released,1052481.46,1,0
3611,48,971,11/5/2023,USD,106.55,Released,798728.06,6,0
3612,18,841,5/12/2020,BDT,1,Released,1413062,3,0
3613,11,0,10/22/2020,BDT,1,Released,2585685,5,0
3614,22,0,10/17/2023,BDT,1,Released,197402.95,3,0
3615,32,0,10/4/2021,USD,85.81,Released,12111.08,5,1
3616,111,704,9/23/2022,BDT,1,Released,369682.12,5,0
3617,1,0,5/17/2021,USD,85.71,Released,35996.119999999995,6,0
3618,49,1838,10/4/2021,BDT,1,Released,5606080,4,0
3619,3,0,12/29/2023,BDT,1,Released,11761.02,1,0
3620,28,0,3/15/2021,BDT,1,Released,61438,2,0
3621,39,1025,11/6/2022,BDT,1,Released,144412.94,1,0
3622,21,140,9/5/2023,BDT,1,Released,4652522.859999999,2,0
3623,145,1325,12/28/2022,BDT,1,Released,3595047.99,3,0
3624,93,866,10/14/2023,BDT,1,Released,1431296.56,2,0
3625,69,2425,12/19/2023,BDT,1,Released,2782801.33,3,0
3626,117,870,12/28/2023,BDT,1,Released,1926698.6400000001,3,0
3627,148,311,4/14/2022,BDT,1,Released,2459541.84,1,0
3628,76,2435,10/19/2022,BDT,1,Released,411361.81,1,0
3629,103,461,11/30/2020,USD,84.79,Released,3048.8,4,0
3630,4,2469,8/11/2021,BDT,1,Released,4105708,3,0
3631,37,1564,6/15/2022,BDT,1,Released,2510137.92,2,0
3632,16,905,9/29/2021,BDT,1,Released,757726,2,0
3633,31,736,3/12/2023,BDT,1,Released,1876439.1,1,0
3634,2,363,2/2/2021,BDT,1,Released,1501633,1,0
3635,97,1270,7/1/2023,USD,108.7,Released,3696.54,4,0
3636,141,294,11/21/2023,USD,110.96,Released,288930.45,4,0
3637,58,910,12/5/2023,BDT,1,Released,2999019.83,1,0
3638,75,1995,4/10/2022,BDT,1,Released,1986264.3800000001,3,0
3639,116,2401,8/16/2022,BDT,1,Released,8777914.77,1,0
3640,4,1396,12/3/2022,BDT,1,Released,2086053.48,3,0
3641,112,2160,4/14/2023,BDT,1,Released,3796638.15,6,0
3642,64,332,6/27/2023,BDT,1,Released,2300423.39,1,0
3643,17,105,8/25/2022,USD,102.53,Released,49225.38,4,0
3644,145,1638,2/10/2022,BDT,1,Released,6151693.48,3,0
3645,6,2482,4/26/2022,USD,87.85,Released,153370.75,6,0
3646,78,2411,11/17/2020,BDT,1,Released,483795,2,0
3647,134,937,10/18/2023,BDT,1,Released,2119160.97,1,0
3648,23,0,1/22/2021,BDT,1,Released,1249989,2,0
3649,41,0,11/26/2023,CNY,107.81,Released,394761.35000000003,3,0
3650,6,2466,10/10/2023,USD,108,Released,63217.03,6,0
3651,46,1115,11/5/2023,USD,105.98,Released,11328.98,2,0
3652,96,1556,7/29/2022,BDT,1,Released,3390535.51,3,0
3653,42,2104,10/4/2022,USD,107.6,Released,115032.44,3,0
3654,135,2092,9/25/2023,USD,107.15,Released,505853.36000000004,3,0
3655,107,2076,5/16/2023,USD,110.09,Released,740037.71,4,0
3656,109,2404,7/30/2021,BDT,1,Released,1255847,2,0
3657,95,0,10/15/2020,BDT,1,Released,5618163,4,0
3658,53,2078,4/15/2023,BDT,1,Released,1848553.15,2,0
3659,106,2247,2/9/2023,USD,106.4,Released,15158.99,2,0
3660,11,1879,11/8/2023,BDT,1,Released,3944903.6999999997,5,0
3661,26,2070,3/18/2020,BDT,1,Released,4638792,1,0
3662,132,985,5/15/2023,USD,110.23,Released,367979.71,6,0
3663,132,791,7/21/2021,USD,85.33,Released,306070.97,6,0
3664,92,0,2/28/2021,BDT,1,Released,3541094,2,0
3665,57,414,11/4/2022,BDT,1,Released,7468837.77,1,0
3666,91,2037,10/10/2021,BDT,1,Released,2159581,6,0
3667,42,239,10/21/2020,USD,85.29,Released,380198.62999999995,3,0
3668,146,0,6/22/2021,BDT,1,Released,4189343,2,1
3669,98,1224,5/16/2023,USD,108.4,Released,1295787.6800000002,3,0
3670,137,1712,7/21/2022,USD,99.98,Released,150678.42,2,0
3671,150,1743,10/28/2022,BDT,1,Released,3337634.49,6,0
3672,48,2014,11/12/2023,USD,108.44,Released,52936.22,6,0
3673,87,1686,8/15/2022,BDT,1,Released,1689363.03,1,0
3674,73,0,5/25/2020,CNY,84.66,Released,49265.19,6,0
3675,107,0,3/13/2020,USD,84.78,Released,34384.02,4,0
3676,107,734,4/8/2020,USD,84.56,Released,507944.96,4,0
3677,7,0,5/4/2023,BDT,1,Released,5579639.69,1,0
3678,119,2247,8/8/2022,BDT,1,Released,4933893.49,1,0
3679,44,444,8/12/2023,BDT,1,Released,2227584.08,3,0
3680,111,815,9/24/2021,BDT,1,Released,842995,5,0
3681,147,1311,10/14/2023,BDT,1,Released,1355052.51,1,0
3682,5,1558,6/18/2023,BDT,1,Released,3324606.6500000004,2,0
3683,116,2320,3/6/2023,BDT,1,Released,6256855.399999999,1,0
3684,128,985,9/26/2021,USD,85.19,Released,187782.87,2,0
3685,75,2436,9/4/2023,BDT,1,Released,483571.78,3,0
3686,113,472,3/31/2023,BDT,1,Released,1297367.46,6,0
3687,50,1807,9/17/2020,USD,85.4,Released,598280.22,3,0
3688,113,406,2/6/2023,BDT,1,Released,6886486.71,6,0
3689,117,1338,7/12/2023,BDT,1,Released,5384472.26,3,0
3690,58,1326,3/25/2022,BDT,1,Released,3573309.5,1,0
3691,148,0,8/22/2023,BDT,1,Released,1835592.1099999999,1,0
3692,73,2237,4/18/2023,CNY,107.14,Released,165876.58,6,0
3693,102,2041,9/8/2022,BDT,1,Released,7694519.24,4,0
3694,42,284,9/15/2021,USD,85.23,Released,264407.16,3,0
3695,116,1630,8/22/2022,BDT,1,Released,787231.8300000001,1,0
3696,142,0,5/25/2021,BDT,1,Released,401235,6,1
3697,26,765,6/21/2022,BDT,1,Released,3348016.69,1,0
3698,45,1283,12/1/2021,BDT,1,Released,2202771,3,0
3699,5,1703,6/28/2023,BDT,1,Released,4691856.41,2,0
3700,73,1611,10/7/2023,CNY,108.28,Released,78576.76,6,0
3701,120,0,4/5/2021,BDT,1,Released,2648654,3,0
3702,57,1458,3/15/2023,BDT,1,Released,2113815.27,1,0
3703,8,95,9/6/2023,BDT,1,Released,4134564.16,3,0
3704,60,2040,1/16/2022,CNY,87.33,Released,201660.28,1,0
3705,57,814,5/25/2023,BDT,1,Released,838446.0900000001,1,0
3706,147,2452,9/11/2022,BDT,1,Released,1198697.44,1,0
3707,28,2304,6/17/2023,BDT,1,Released,3719905.32,2,0
3708,22,2205,2/19/2023,BDT,1,Released,5818585.63,3,0
3709,82,628,7/27/2022,CNY,99.6,Released,110488.95,6,0
3710,116,1357,11/29/2023,BDT,1,Released,2464298.6100000003,1,0
3711,30,2383,10/26/2023,BDT,1,Released,5293244.22,5,0
3712,132,0,3/17/2022,USD,87.74,Released,98516.31999999999,6,1
3713,118,1842,3/22/2021,BDT,1,Released,3919043,2,0
3714,80,2483,12/31/2023,BDT,1,Released,2569018.02,2,0
3715,131,408,5/23/2023,BDT,1,Released,1957091.65,5,0
3716,65,284,12/28/2023,BDT,1,Released,2379301.5300000003,6,0
3717,92,249,1/31/2022,BDT,1,Released,4019426.63,2,0
3718,86,0,12/11/2020,BDT,1,Released,1143430,5,0
3719,100,1675,1/1/2023,USD,106.57,Released,15279.390000000001,5,0
3720,51,1752,1/25/2021,BDT,1,Released,3463426,6,0
3721,74,979,6/15/2021,BDT,1,Released,132286,4,0
3722,108,0,9/20/2023,CNY,110.56,Released,225479.16999999998,3,0
3723,122,1098,11/1/2022,BDT,1,Released,2492585.33,5,0
3724,28,792,11/14/2023,BDT,1,Released,995864.08,2,0
3725,54,1964,4/11/2023,CNY,110.32,Released,273752.4,5,0
3726,126,1996,1/26/2022,BDT,1,Released,1199355.58,5,0
3727,24,0,7/21/2022,BDT,1,Released,1507393.3900000001,4,0
3728,55,0,12/17/2020,BDT,1,Released,28635,1,0
3729,53,1185,12/26/2021,BDT,1,Released,2695534,2,0
3730,36,373,10/29/2023,USD,108.26,Released,163008.86,2,0
3731,122,1284,1/15/2022,BDT,1,Released,792765.15,5,0
3732,60,594,5/5/2021,CNY,85.03,Released,182538.64,1,0
3733,105,1993,5/17/2022,BDT,1,Released,4703951.13,5,0
3734,131,413,9/3/2022,BDT,1,Released,858507.92,5,0
3735,13,1463,8/18/2023,USD,107.17,Released,385888.29,3,0
3736,28,0,8/24/2021,BDT,1,Released,4233816,2,0
3737,126,981,12/17/2023,BDT,1,Released,3289044.8,5,0
3738,73,124,8/30/2023,CNY,108.55,Released,24776.29,6,0
3739,71,718,4/28/2021,CNY,84.84,Released,376914.12,3,0
3740,36,1537,12/30/2023,USD,107.78,Released,49059.66,2,0
3741,24,583,11/13/2023,BDT,1,Released,3839657.21,4,0
3742,68,2473,10/2/2023,BDT,1,Released,5907498.4799999995,1,0
3743,6,2171,8/8/2021,USD,85.96,Released,459746.55,6,0
3744,89,692,10/7/2022,CNY,107.44,Released,25355.510000000002,1,0
3745,143,1178,12/1/2022,USD,112.68,Released,274280.01,6,0
3746,56,2408,2/20/2022,BDT,1,Released,1207811.4,5,0
3747,93,1612,12/4/2022,BDT,1,Released,1485041.2,2,0
3748,83,1116,11/25/2021,BDT,1,Released,471197,3,0
3749,26,1152,5/7/2021,BDT,1,Released,3519976,1,0
3750,108,2475,6/21/2022,CNY,97.64,Released,17810.76,3,0
3751,106,441,10/6/2022,USD,107.89,Released,93773.98,2,0
3752,19,2020,6/12/2023,USD,108.84,Released,1072598.54,1,0
3753,2,84,3/14/2021,BDT,1,Released,3595903,1,0
3754,141,2445,6/1/2021,USD,85.21,Released,24077.36,4,0
3755,148,462,12/11/2023,BDT,1,Released,1053022.15,1,0
3756,71,123,4/13/2023,CNY,108.83,Released,1051770.53,3,0
3757,55,2352,6/1/2023,BDT,1,Released,3199222.0700000003,1,0
3758,39,29,10/15/2022,BDT,1,Released,4238801.91,1,0
3759,18,0,1/20/2020,BDT,1,Released,763728,3,0
3760,68,428,12/7/2022,BDT,1,Released,1669897.17,1,0
3761,69,1797,12/6/2021,BDT,1,Released,3799154,3,0
3762,105,2229,7/5/2020,BDT,1,Released,7315805,5,0
3763,130,815,11/22/2021,BDT,1,Released,35856,1,0
3764,128,2061,10/15/2021,USD,85.06,Released,72448.46,2,0
3765,34,1638,12/9/2022,BDT,1,Released,3419932.09,2,0
3766,91,347,6/23/2023,BDT,1,Released,3611673.3,6,0
3767,84,0,8/22/2020,BDT,1,Released,554852,2,0
3768,43,0,4/17/2021,BDT,1,Released,3248832,4,0
3769,75,1797,9/23/2023,BDT,1,Released,353692.61,3,0
3770,34,89,2/19/2023,BDT,1,Released,262485.53,2,0
3771,127,1653,11/16/2023,BDT,1,Released,6331052.24,6,0
3772,55,484,4/18/2023,BDT,1,Released,1709108.29,1,0
3773,149,1257,10/16/2023,CNY,105.8,Released,142453,4,0
3774,3,909,2/14/2021,BDT,1,Released,4039445,1,0
3775,19,1424,11/15/2020,USD,84.76,Released,1351125.27,1,0
3776,112,2141,6/21/2023,BDT,1,Released,1131397.62,6,0
3777,114,0,7/8/2023,BDT,1,Released,5200917.48,3,0
3778,73,1686,5/3/2022,CNY,94.54,Released,100931.81,6,0
3779,101,0,3/30/2023,BDT,1,Released,3439162.0500000003,3,0
3780,69,8,8/28/2023,BDT,1,Released,3592565.09,3,0
3781,110,771,12/4/2020,BDT,1,Released,3155511,3,0
3782,138,215,9/2/2021,CNY,86.06,Released,121797.54000000001,1,0
3783,118,1368,2/12/2023,BDT,1,Released,89300.17,2,0
3784,106,524,1/3/2023,USD,109.23,Released,47301.59,2,0
3785,80,563,4/25/2023,BDT,1,Released,5151981.94,2,0
3786,134,1502,8/22/2023,BDT,1,Released,3025589.69,1,0
3787,1,907,5/10/2021,USD,85.65,Released,13547.890000000001,6,0
3788,79,0,10/31/2022,BDT,1,Released,2063255.19,1,1
3789,13,2052,6/21/2022,USD,97.08,Released,26475.1,3,0
3790,64,683,5/18/2023,BDT,1,Released,3150730.56,1,0
3791,58,1190,2/9/2022,BDT,1,Released,3192085.42,1,0
3792,5,0,6/7/2021,BDT,1,Released,5486186,2,0
3793,125,1940,3/31/2022,BDT,1,Released,5335594.63,6,0
3794,126,2253,8/9/2021,BDT,1,Released,3403733,5,0
3795,104,668,8/3/2021,BDT,1,Released,4789954,3,0
3796,46,294,12/3/2022,USD,112.2,Released,175072.86,2,0
3797,137,0,9/25/2022,USD,105.36,Released,120178.64,2,0
3798,105,0,8/31/2020,BDT,1,Released,2983002,5,1
3799,1,1683,10/11/2020,USD,84.62,Released,55172.34,6,0
3800,20,1489,3/13/2022,BDT,1,Released,1177245.35,4,0
3801,2,1805,2/27/2022,BDT,1,Released,3715919.06,1,0
3802,64,743,11/4/2022,BDT,1,Released,2427563.7,1,0
3803,86,0,3/12/2023,BDT,1,Released,4194254.92,5,0
3804,76,2032,10/2/2022,BDT,1,Released,4024893.15,1,0
3805,65,534,7/1/2022,BDT,1,Released,4407487.83,6,0
3806,39,776,5/8/2023,BDT,1,Released,1117381.27,1,0
3807,17,0,3/1/2023,USD,108.89,Released,114254.45,4,0
3808,123,1764,12/13/2022,USD,112.71,Released,727690.4,2,0
3809,112,485,2/6/2022,BDT,1,Released,3056699.92,6,0
3810,10,563,4/25/2023,CNY,107.96,Released,12918.7,1,0
3811,107,917,5/15/2020,USD,84.71,Released,71788.43,4,0
3812,6,0,4/1/2022,USD,86.43,Released,59719.72,6,0
3813,41,1811,4/25/2023,CNY,111.12,Released,477862.41000000003,3,0
3814,50,2079,6/11/2023,USD,106.45,Released,21619.72,3,0
3815,45,2464,10/22/2022,BDT,1,Released,3242610.42,3,0
3816,71,0,10/22/2022,CNY,107.71,Released,122275.98999999999,3,0
3817,23,1995,10/2/2021,BDT,1,Released,2853802,2,0
3818,3,0,10/21/2023,BDT,1,Released,1948125.5,1,0
3819,96,0,2/10/2020,BDT,1,Released,2127975,3,0
3820,42,480,8/4/2021,USD,85.26,Released,24772.440000000002,3,0
3821,47,1464,7/11/2023,CNY,108.25,Released,46814.74,2,0
3822,146,2354,12/23/2023,BDT,1,Released,2285838.92,2,0
3823,88,1589,10/3/2023,BDT,1,Released,1369761.31,2,0
3824,126,0,11/10/2020,BDT,1,Released,4006949,5,0
3825,66,0,1/8/2022,BDT,1,Released,1847639.18,5,0
3826,57,450,2/15/2021,BDT,1,Released,3565931,1,0
3827,50,2452,6/17/2023,USD,106.82,Released,79315.27,3,0
3828,87,1331,5/11/2023,BDT,1,Released,2351980.68,1,0
3829,23,0,12/21/2023,BDT,1,Released,1385236.46,2,0
3830,7,0,7/9/2020,BDT,1,Released,6432382,1,0
3831,103,1891,11/22/2022,USD,109.84,Released,761506.91,4,0
3832,131,468,6/11/2023,BDT,1,Released,739138.62,5,0
3833,55,2417,3/26/2023,BDT,1,Released,2060966.13,1,0
3834,150,0,11/7/2020,BDT,1,Released,1902279,6,0
3835,59,1286,8/25/2023,BDT,1,Released,6589005.88,5,0
3836,94,1282,10/25/2023,BDT,1,Released,398675.11,1,0
3837,29,451,12/31/2023,BDT,1,Released,4721416.02,6,0
3838,50,1416,7/18/2020,USD,85.14,Released,619029.44,3,0
3839,38,2159,1/21/2022,BDT,1,Released,3123039.59,6,0
3840,129,2346,12/9/2021,USD,85.06,Released,155179.97999999998,2,0
3841,130,1915,8/27/2023,BDT,1,Released,1356201.0799999998,1,0
3842,140,664,9/5/2023,CNY,110.85,Released,122440.9,6,0
3843,44,2331,12/29/2022,BDT,1,Released,7539232.59,3,0
3844,131,1289,1/10/2022,BDT,1,Released,3962233.83,5,0
3845,30,658,3/19/2023,BDT,1,Released,1213146.97,5,0
3846,93,629,10/29/2022,BDT,1,Released,1145588.94,2,0
3847,111,0,11/27/2022,BDT,1,Released,1587614.15,5,1
3848,113,944,8/11/2022,BDT,1,Released,168963.52,6,0
3849,98,820,11/26/2023,USD,109.37,Released,16100.220000000001,3,0
3850,90,753,6/28/2022,BDT,1,Released,7520449.29,1,0
3851,137,867,7/14/2023,USD,108.79,Released,33999.97,2,0
3852,57,2104,6/14/2023,BDT,1,Released,8781842.5,1,0
3853,57,996,10/27/2022,BDT,1,Released,2892254.76,1,0
3854,88,2297,9/24/2023,BDT,1,Released,6305334.02,2,0
3855,12,699,3/8/2023,USD,106.97,Released,27017.55,2,0
3856,94,803,9/24/2022,BDT,1,Released,112117.47,1,0
3857,121,95,5/19/2020,USD,85.03,Released,21949.35,4,0
3858,136,0,2/25/2020,BDT,1,Released,823554,1,0
3859,122,1477,8/22/2023,BDT,1,Released,2065999.9100000001,5,0
3860,45,1795,2/10/2022,BDT,1,Released,4554507.12,3,0
3861,107,883,10/6/2023,USD,109.26,Released,81796.52,4,0
3862,97,1413,12/20/2022,USD,112.51,Released,36677.81,4,0
3863,74,825,6/30/2022,BDT,1,Released,1448320.94,4,0
3864,73,377,8/26/2021,CNY,85.71,Released,257527.4,6,0
3865,6,2281,5/10/2021,USD,84.96,Released,240304.95,6,0
3866,77,1548,11/5/2020,BDT,1,Released,1125811,2,0
3867,25,2071,3/1/2022,BDT,1,Released,1016269.31,3,0
3868,126,182,10/15/2022,BDT,1,Released,786066.5599999999,5,0
3869,107,1865,3/12/2022,USD,86.35,Released,282874.02,4,0
3870,58,0,11/11/2020,BDT,1,Released,206900,1,0
3871,128,311,4/14/2022,USD,86.48,Released,157774.57,2,0
3872,35,57,8/7/2021,BDT,1,Released,667537,4,0
3873,100,328,6/23/2021,USD,85.71,Released,10179.14,5,0
3874,25,1878,3/8/2022,BDT,1,Released,4909148.83,3,0
3875,27,0,6/13/2022,BDT,1,Released,489742.07999999996,1,1
3876,110,995,8/17/2021,BDT,1,Released,1243663,3,0
3877,65,1040,11/21/2022,BDT,1,Released,1346715.2,6,0
3878,34,342,3/11/2023,BDT,1,Released,8379041.859999999,2,0
3879,52,1548,2/7/2022,USD,86.33,Released,75579.35,3,0
3880,44,18,7/11/2023,BDT,1,Released,7380752.4799999995,3,0
3881,126,2274,7/5/2021,BDT,1,Released,1841123,5,0
3882,56,1732,9/30/2020,BDT,1,Released,7027802,5,0
3883,36,1846,6/19/2022,USD,97.97,Released,99801.11,2,0
3884,116,2401,8/16/2022,BDT,1,Released,4656475.2299999995,1,0
3885,49,1044,11/15/2020,BDT,1,Released,1652842,4,0
3886,130,1726,5/22/2023,BDT,1,Released,1377275.28,1,0
3887,120,598,7/10/2023,BDT,1,Released,4893210.58,3,0
3888,76,796,1/26/2023,BDT,1,Released,714341.9,1,0
3889,5,0,12/18/2020,BDT,1,Released,2738025,2,0
3890,63,850,9/26/2023,BDT,1,Released,915241.55,3,0
3891,28,1422,11/13/2022,BDT,1,Released,3094252.19,2,0
3892,69,2199,11/16/2023,BDT,1,Released,2743484.9000000004,3,0
3893,33,2384,1/19/2023,USD,109.64,Released,29588.489999999998,6,0
3894,98,199,3/18/2023,USD,108.21,Released,5423.58,3,0
3895,32,2041,9/8/2022,USD,104.73,Released,308328.95,5,0
3896,14,2063,4/12/2023,USD,107.42,Released,150038,5,0
3897,53,2479,8/13/2022,BDT,1,Released,1600297.92,2,0
3898,2,58,3/12/2023,BDT,1,Released,2063728.12,1,0
3899,118,1428,6/14/2023,BDT,1,Released,4580437.88,2,0
3900,12,0,12/24/2022,USD,112.15,Released,317289.52999999997,2,0
3901,142,0,7/30/2021,BDT,1,Released,1568941,6,1
3902,128,2343,8/3/2023,USD,106.89,Released,97950.20999999999,2,0
3903,77,2467,5/31/2022,BDT,1,Released,5231614.19,2,0
3904,145,1163,1/12/2023,BDT,1,Released,4811762.83,3,0
3905,76,519,12/14/2023,BDT,1,Released,6270865.76,1,0
3906,139,2287,4/27/2021,USD,86.14,Released,84625.17,6,0
3907,107,0,10/3/2021,USD,85.98,Released,69693.43,4,0
3908,141,1561,10/4/2021,USD,85.51,Released,513409.99000000005,4,0
3909,47,1639,8/20/2022,CNY,102.23,Released,213132.84,2,0
3910,28,1305,7/8/2023,BDT,1,Released,1859286.0799999998,2,0
3911,54,2403,8/25/2023,CNY,109.72,Released,123822.15000000001,5,0
3912,42,68,12/26/2023,USD,109.26,Released,1419.81,3,0
3913,4,1165,9/17/2023,BDT,1,Released,394447.2,3,0
3914,56,143,6/27/2021,BDT,1,Released,4750980,5,0
3915,111,482,7/10/2023,BDT,1,Released,3031242.58,5,0
3916,89,2388,6/11/2022,CNY,97.82,Released,348069.07,1,0
3917,72,888,11/5/2023,BDT,1,Released,549232.99,1,0
3918,17,2125,5/27/2022,USD,94.79,Released,13779.09,4,0
3919,131,1238,4/28/2022,BDT,1,Released,3898210.8,5,0
3920,129,674,8/27/2023,USD,107.49,Released,201225.14,2,0
3921,118,2468,11/25/2023,BDT,1,Released,928516.12,2,0
3922,111,1226,12/17/2021,BDT,1,Released,3734398,5,0
3923,102,727,8/26/2020,BDT,1,Released,3624490,4,0
3924,83,1786,3/4/2023,BDT,1,Released,268623.13,3,0
3925,64,1511,7/11/2022,BDT,1,Released,619326.48,1,0
3926,25,0,7/12/2023,BDT,1,Released,4450924.98,3,0
3927,123,617,2/25/2023,USD,109.43,Released,247058.67,2,0
3928,145,1103,5/31/2022,BDT,1,Released,5543847.16,3,0
3929,113,2423,4/24/2022,BDT,1,Released,3370011.88,6,0
3930,100,1073,12/6/2023,USD,108.87,Released,16979.84,5,0
3931,117,1489,1/30/2023,BDT,1,Released,6746369.34,3,0
3932,29,2350,5/12/2020,BDT,1,Released,2777016,6,0
3933,101,1141,5/31/2022,BDT,1,Released,4365509.92,3,0
3934,96,0,3/12/2021,BDT,1,Released,5298989,3,0
3935,31,950,4/18/2023,BDT,1,Released,3393526.5,1,0
3936,33,0,8/19/2022,USD,102.25,Released,137933.2,6,0
3937,85,0,12/11/2022,CNY,112.23,Released,698266.74,1,0
3938,90,0,1/22/2021,BDT,1,Released,6780113,1,0
3939,62,0,2/18/2023,USD,107.72,Released,30127.199999999997,3,0
3940,124,1001,7/26/2022,USD,99.58,Released,392541.47000000003,5,0
3941,76,168,8/11/2023,BDT,1,Released,5667149.66,1,0
3942,89,1658,8/23/2022,CNY,102.03,Released,34633.41,1,0
3943,40,1310,1/5/2022,USD,86.63,Released,627390.48,5,0
3944,59,2479,8/13/2022,BDT,1,Released,1701187.65,5,0
3945,53,0,6/20/2022,BDT,1,Released,1074720.46,2,0
3946,37,1341,11/16/2022,BDT,1,Released,5781108.19,2,0
3947,67,510,3/19/2022,BDT,1,Released,6869835,4,0
3948,1,1439,8/23/2021,USD,85.59,Released,51835.159999999996,6,0
3949,123,1810,3/30/2023,USD,108.75,Released,713136.2400000001,2,0
3950,138,1332,7/29/2021,CNY,85.97,Released,1213235.46,1,0
3951,6,2233,12/3/2021,USD,84.77,Released,34652.97,6,0
3952,100,409,2/20/2021,USD,85.69,Released,18321.12,5,0
3953,115,372,8/23/2021,USD,85.71,Released,517410.95,5,0
3954,8,1832,5/17/2022,BDT,1,Released,4864496.13,3,0
3955,104,496,3/3/2023,BDT,1,Released,3865385.26,3,0
3956,69,392,6/7/2023,BDT,1,Released,6684820.08,3,0
3957,37,2046,4/25/2022,BDT,1,Released,279954.92,2,0
3958,136,1245,11/13/2022,BDT,1,Released,5013280.36,1,0
3959,135,1751,4/23/2023,USD,108.11,Released,1219196.8199999998,3,0
3960,143,2067,3/14/2022,USD,86.28,Released,41585.509999999995,6,0
3961,82,1909,6/6/2022,CNY,97.29,Released,655451.14,6,0
3962,8,0,3/5/2020,BDT,1,Released,116150,3,0
3963,13,479,3/16/2023,USD,106.39,Released,4612.34,3,0
3964,25,2235,12/22/2023,BDT,1,Released,4416487.17,3,0
3965,129,0,11/17/2020,USD,84.96,Released,14660.529999999999,2,1
3966,68,114,5/2/2022,BDT,1,Released,3334211.2399999998,1,0
3967,117,2243,5/17/2022,BDT,1,Released,7604035.29,3,0
3968,30,1667,3/2/2023,BDT,1,Released,1753799.18,5,0
3969,39,2354,4/19/2020,BDT,1,Released,3212743,1,0
3970,62,91,11/4/2020,USD,84.8,Released,578361.3,3,0
3971,145,2200,10/2/2021,BDT,1,Released,2776007,3,0
3972,17,1586,12/14/2020,USD,84.52,Released,13768.699999999999,4,0
3973,125,497,1/19/2022,BDT,1,Released,618743.39,6,0
3974,5,0,9/27/2023,BDT,1,Released,2076538.01,2,0
3975,145,598,8/30/2022,BDT,1,Released,2687124.35,3,0
3976,100,255,5/11/2023,USD,106.84,Released,29547.809999999998,5,0
3977,114,1621,9/30/2022,BDT,1,Released,4537745.59,3,0
3978,108,1655,9/29/2022,CNY,104.77,Released,11043.24,3,0
3979,80,0,11/28/2023,BDT,1,Released,4337800.56,2,0
3980,109,1020,2/18/2022,BDT,1,Released,4476906.35,2,0
3981,117,1915,9/7/2021,BDT,1,Released,7887216,3,0
3982,12,2047,3/18/2023,USD,110.5,Released,488334.57,2,0
3983,144,0,7/5/2022,USD,99.77,Released,740767.41,6,1
3984,39,2432,2/10/2022,BDT,1,Released,5304457.74,1,0
3985,10,546,7/15/2022,CNY,99.93,Released,24547.449999999997,1,0
3986,127,965,11/26/2023,BDT,1,Released,1832311.96,6,0
3987,127,0,2/11/2021,BDT,1,Released,3876966,6,0
3988,13,2234,5/25/2023,USD,107.48,Released,93733.50999999998,3,0
3989,22,1506,5/15/2021,BDT,1,Released,4260856,3,0
3990,115,194,2/14/2021,USD,85.4,Released,336210.28,5,0
3991,84,1653,11/16/2023,BDT,1,Released,3805625.52,2,0
3992,34,0,12/24/2020,BDT,1,Released,4678613,2,0
3993,141,2481,3/27/2023,USD,108.98,Released,139997.58,4,0
3994,112,0,11/19/2020,BDT,1,Released,4455284,6,0
3995,75,0,1/7/2023,BDT,1,Released,6284258.72,3,0
3996,71,472,1/1/2022,CNY,88.26,Released,318144,3,0
3997,44,475,11/14/2023,BDT,1,Released,1504789.8,3,0
3998,91,2198,9/24/2023,BDT,1,Released,5047573.17,6,0
3999,74,335,3/4/2023,BDT,1,Released,1811968.6400000001,4,0
4000,67,0,4/18/2021,BDT,1,Released,5193699,4,0
