po_line_id,po_id,item_id,quantity,unit_price,line_amount
1,1,352.0,340,1790.5,608768.31
2,1,579.0,288,2431.49,700270.39
3,1,308.0,129,1352.74,174503.75
4,1,62.0,48,3194.44,153332.96
5,1,444.0,286,4958.49,1418128.09
6,1,202.0,348,5885.89,2048290.97
7,1,424.0,240,2500.49,600118.32
8,1,368.0,460,3512.05,1615540.81
9,2,94.0,98,2532.84,248218.05
10,2,437.0,72,5393.1,388303.19
11,2,342.0,344,3815.88,1312662.22
12,2,199.0,60,272.9,16373.87
13,2,37.0,456,1288.49,587553.06
14,2,351.0,398,3693.69,1470090.01
15,2,135.0,95,3701.21,351614.63
16,2,68.0,492,4575.31,2251050.44
17,3,352.0,191,1748.25,333916.04
18,3,593.0,20,2714.23,54284.67
19,3,548.0,43,5527.46,237680.81
20,4,43.0,276,2880.0,794880.0
21,4,249.0,493,3282.0,1618026.0
22,4,359.0,495,202.0,99990.0
23,5,574.0,499,5318.74,2654053.49
24,5,160.0,422,2573.66,1086086.35
25,5,243.0,174,145.6,25334.94
26,5,217.0,203,3546.49,719938.12
27,5,249.0,305,3931.62,1199144.86
28,6,334.0,137,176.61,24195.97
29,6,574.0,462,61.99,28637.71
30,6,543.0,261,31.28,8163.37
31,6,166.0,144,1413.54,203550.4
32,7,577.0,264,5838.43,1541344.56
33,7,399.0,452,3722.65,1682636.87
34,7,550.0,161,2029.01,326670.72
35,8,354.0,161,752.51,121153.42
36,8,81.0,142,855.17,121434.73
37,8,42.0,234,5629.53,1317310.93
38,8,541.0,102,2814.39,287067.83
39,9,455.0,384,45.88,17617.92
40,9,306.0,456,4.71,2147.76
41,9,203.0,194,56.14,10891.16
42,9,524.0,191,34.64,6616.24
43,9,493.0,60,57.78,3466.8
44,10,490.0,241,44.78,10791.98
45,10,514.0,219,33.47,7329.93
46,10,372.0,430,8.51,3659.3
47,11,535.0,421,2829.51,1191222.76
48,11,318.0,284,4174.24,1185485.35
49,11,293.0,439,3419.27,1501058.16
50,11,513.0,430,3963.48,1704296.15
51,11,23.0,232,3414.87,792249.42
52,12,391.0,123,17.21,2116.91
53,12,550.0,113,25.32,2861.29
54,12,424.0,369,29.58,10915.77
55,12,510.0,211,61.88,13056.02
56,12,125.0,274,63.07,17282.05
57,12,157.0,152,1842.24,280019.74
58,13,77.0,399,827.84,330308.16
59,13,462.0,392,46.76,18329.92
60,13,360.0,155,1252.56,194146.8
61,13,488.0,191,191.0,36481.0
62,13,570.0,367,53.48,19627.16
63,14,211.0,53,2264.1,119997.46
64,14,30.0,115,3171.98,364777.78
65,14,192.0,214,1686.99,361015.63
66,15,456.0,497,3373.77,1676763.37
67,15,290.0,168,1433.71,240862.97
68,15,210.0,472,5398.2,2547949.03
69,15,422.0,418,3196.92,1336312.3
70,15,462.0,115,4477.03,514858.51
71,15,111.0,457,1521.67,695401.12
72,16,342.0,313,3929.91,1230060.57
73,16,95.0,488,2055.48,1003075.62
74,16,37.0,455,1367.99,622436.31
75,17,178.0,375,63.14,23678.15
76,17,8.0,395,15.4,6082.54
77,17,391.0,146,17.26,2520.12
78,17,370.0,180,16.63,2993.0
79,17,438.0,57,17.31,986.86
80,17,49.0,461,588.45,271275.11
81,18,123.0,399,853.97,340733.29
82,18,444.0,232,4990.38,1157769.09
83,18,147.0,272,1557.03,423511.78
84,18,175.0,77,2163.37,166579.8
85,18,117.0,420,367.65,154412.62
86,18,102.0,73,3237.57,236342.82
87,19,163.0,220,1904.82,419061.27
88,19,333.0,173,3700.23,640139.0
89,19,193.0,34,589.29,20035.84
90,19,587.0,79,438.33,34628.2
91,19,401.0,362,2899.37,1049571.91
92,19,98.0,217,2458.55,533505.19
93,20,38.0,495,1504.95,744949.8
94,20,568.0,245,16.38,4013.07
95,20,345.0,462,53.42,24679.52
96,21,49.0,318,497.36,158160.48
97,22,540.0,27,2474.87,66821.42
98,23,370.0,434,1355.18,588148.45
99,23,562.0,77,3481.92,268107.95
100,24,300.0,122,51.87,6327.66
101,24,570.0,88,61.37,5400.3
102,24,335.0,119,61.36,7301.44
103,24,462.0,129,50.35,6495.66
104,24,158.0,195,5.94,1158.04
105,24,235.0,471,7.73,3640.77
106,24,317.0,276,64.78,17879.16
107,24,456.0,302,40.73,12300.23
108,25,481.0,466,1722.02,802461.76
109,25,306.0,444,423.61,188084.62
110,26,446.0,499,50.89,25394.58
111,26,462.0,201,55.25,11104.52
112,26,488.0,354,221.98,78579.94
113,26,111.0,167,18.06,3015.3
114,26,410.0,487,8.3,4040.15
115,26,115.0,386,196.84,75980.84
116,27,481.0,101,1479.0,149379.0
117,27,598.0,357,1413.0,504441.0
118,27,111.0,32,1402.0,44864.0
119,28,87.0,365,831.6,303535.39
120,28,446.0,442,4160.88,1839107.17
121,29,324.0,30,40.8,1224.0
122,29,117.0,339,3.79,1284.81
123,29,538.0,227,1.62,367.74
124,29,197.0,79,53.62,4235.98
125,30,283.0,118,11.42,1346.99
126,30,570.0,87,62.45,5432.78
127,31,455.0,425,3900.0,1657500.0
128,31,103.0,134,2367.0,317178.0
129,31,290.0,85,1315.0,111775.0
130,31,147.0,42,1369.0,57498.0
131,31,110.0,254,4946.0,1256284.0
132,32,354.0,42,716.32,30085.48
133,33,194.0,354,1927.0,682158.0
134,33,577.0,422,4973.0,2098606.0
135,33,273.0,327,2350.0,768450.0
136,33,442.0,335,596.0,199660.0
137,34,182.0,109,484.0,52756.0
138,34,25.0,208,1892.0,393536.0
139,34,53.0,248,3217.0,797816.0
140,34,30.0,201,2727.0,548127.0
141,34,392.0,493,3698.0,1823114.0
142,34,69.0,226,4407.0,995982.0
143,35,187.0,360,3816.3,1373868.45
144,35,547.0,150,4114.22,617132.69
145,36,532.0,140,1795.91,251427.98
146,37,341.0,342,4817.58,1647612.48
147,37,561.0,149,3225.79,480642.91
148,38,285.0,486,12.4,6026.4
149,38,232.0,189,42.62,8055.18
150,38,54.0,46,55.82,2567.72
151,39,529.0,114,1990.33,226897.96
152,39,138.0,357,1769.34,631654.7
153,39,342.0,134,3999.08,535876.94
154,39,351.0,48,3513.52,168648.8
155,39,132.0,463,2617.64,1211968.99
156,39,364.0,214,2967.72,635092.45
157,40,450.0,361,1189.1,429266.0
158,40,441.0,33,2706.51,89314.96
159,40,471.0,348,680.68,236878.06
160,40,273.0,439,2695.61,1183374.61
161,40,469.0,310,1307.17,405222.2
162,41,70.0,328,2412.0,791136.0
163,41,81.0,422,810.0,341820.0
164,41,582.0,360,3570.0,1285200.0
165,41,418.0,202,4157.0,839714.0
166,41,562.0,104,3011.0,313144.0
167,42,558.0,195,3183.0,620685.0
168,42,391.0,66,1335.0,88110.0
169,42,262.0,222,2393.0,531246.0
170,43,207.0,154,2275.52,350430.81
171,43,83.0,188,3874.1,728330.34
172,43,313.0,133,5045.77,671087.13
173,43,261.0,471,4421.85,2082689.24
174,43,536.0,46,3764.78,173180.07
175,43,561.0,180,3438.46,618923.01
176,44,87.0,396,10.56,4180.45
177,44,345.0,280,47.41,13275.43
178,44,456.0,187,39.2,7330.91
179,45,249.0,331,3645.78,1206751.92
180,45,359.0,343,233.06,79938.71
181,45,43.0,407,3186.36,1296849.69
182,46,203.0,368,67.05,24675.53
183,46,345.0,278,53.66,14916.43
184,46,568.0,293,16.27,4766.78
185,46,393.0,284,20.34,5777.19
186,46,524.0,427,41.29,17631.14
187,46,455.0,135,54.74,7389.65
188,46,538.0,152,1.72,260.75
189,47,408.0,406,2142.0,869652.0
190,47,541.0,327,2560.0,837120.0
191,47,80.0,266,2462.0,654892.0
192,47,70.0,342,2412.0,824904.0
193,47,50.0,380,2622.0,996360.0
194,47,445.0,132,4023.0,531036.0
195,48,202.0,312,5554.48,1732998.71
196,48,481.0,454,1585.62,719871.62
197,48,553.0,130,1102.51,143326.26
198,48,235.0,288,633.31,182392.37
199,49,181.0,278,3143.67,873940.73
200,50,205.0,354,2586.0,915444.0
201,50,194.0,203,1927.0,391181.0
202,51,293.0,402,3604.18,1448881.63
203,51,462.0,230,4616.51,1061797.04
204,51,15.0,89,1728.5,153836.4
205,51,301.0,478,289.32,138294.78
206,51,445.0,264,4491.89,1185858.88
207,51,319.0,463,756.27,350152.1
208,52,392.0,78,3989.61,311189.64
209,52,30.0,423,3225.75,1364492.5
210,52,182.0,200,579.62,115923.39
211,53,549.0,318,991.97,315445.78
212,53,431.0,131,2135.29,279723.32
213,54,153.0,131,2442.0,319902.0
214,54,493.0,336,4911.0,1650096.0
215,54,129.0,25,746.0,18650.0
216,54,243.0,156,131.0,20436.0
217,54,562.0,244,3011.0,734684.0
218,55,70.0,52,32.75,1702.9
219,55,309.0,274,1562.79,428205.48
220,55,42.0,199,61.57,12251.63
221,55,368.0,82,40.65,3332.99
222,55,203.0,78,61.76,4816.99
223,56,291.0,394,5598.34,2205745.49
224,56,391.0,132,1558.6,205734.56
225,56,597.0,297,1509.47,448312.43
226,56,165.0,471,1432.05,674497.42
227,56,175.0,415,1970.38,817708.78
228,56,293.0,382,3374.12,1288912.87
229,57,489.0,174,490.0,85260.0
230,57,239.0,237,1092.0,258804.0
231,57,165.0,425,1325.0,563125.0
232,58,56.0,281,1621.44,455623.31
233,58,188.0,409,4613.5,1886920.66
234,58,433.0,439,5023.01,2205100.6
235,58,275.0,406,4158.01,1688153.97
236,58,566.0,230,327.45,75313.38
237,59,319.0,444,647.0,287268.0
238,59,28.0,26,4343.0,112918.0
239,59,577.0,393,4973.0,1954389.0
240,59,548.0,312,4721.0,1472952.0
241,59,469.0,166,1101.0,182766.0
242,59,391.0,180,1335.0,240300.0
243,60,275.0,175,4372.35,765160.47
244,60,433.0,129,4605.17,594067.16
245,60,566.0,216,351.48,75920.06
246,60,375.0,132,3874.92,511489.92
247,60,188.0,155,4455.92,690667.11
248,60,56.0,105,1560.7,163873.28
249,61,473.0,407,2674.0,1088318.0
250,61,39.0,360,4154.0,1495440.0
251,61,361.0,248,3388.0,840224.0
252,61,156.0,38,2815.0,106970.0
253,62,381.0,203,2587.63,525289.58
254,62,498.0,445,5743.83,2556005.04
255,62,281.0,73,338.09,24680.25
256,62,430.0,422,1162.39,490526.78
257,62,457.0,266,591.09,157230.5
258,62,348.0,354,1278.4,452552.99
259,62,296.0,51,4223.17,215381.87
260,63,70.0,35,2412.0,84420.0
261,63,205.0,319,2586.0,824934.0
262,63,312.0,48,4537.0,217776.0
263,63,494.0,285,3471.0,989235.0
264,64,150.0,473,161.44,76359.09
265,64,462.0,60,54.8,3288.25
266,64,242.0,47,38.47,1807.98
267,64,205.0,78,32.22,2512.88
268,65,220.0,447,3051.7,1364108.78
269,65,289.0,174,5011.66,872028.55
270,65,498.0,330,5180.7,1709632.46
271,65,241.0,160,1754.48,280717.27
272,66,42.0,39,4870.0,189930.0
273,67,372.0,453,9.42,4265.01
274,67,273.0,27,32.63,881.06
275,67,75.0,265,661.43,175279.11
276,68,349.0,315,315.37,99342.99
277,68,103.0,59,33.25,1961.75
278,68,126.0,48,7.21,345.99
279,68,146.0,343,63.88,21910.5
280,69,577.0,391,58.51,22877.41
281,69,375.0,431,39.69,17106.39
282,69,60.0,210,36.79,7725.9
283,69,157.0,255,1707.11,435313.05
284,70,480.0,229,2927.73,670450.43
285,70,23.0,430,3714.85,1597383.68
286,70,217.0,315,3799.43,1196819.27
287,70,318.0,377,4402.73,1659827.56
288,70,543.0,223,2725.03,607681.39
289,71,300.0,160,4072.98,651677.15
290,71,265.0,413,4713.97,1946869.62
291,71,553.0,103,1210.23,124653.91
292,71,483.0,351,3724.49,1307295.61
293,71,129.0,146,794.47,115993.32
294,72,276.0,91,1979.0,180089.0
295,72,467.0,128,3167.0,405376.0
296,72,241.0,132,1614.0,213048.0
297,72,220.0,389,2633.0,1024237.0
298,73,321.0,435,135.12,58777.2
299,73,372.0,411,8.51,3497.61
300,73,47.0,99,670.56,66385.44
301,73,481.0,425,17.4,7395.0
302,73,407.0,464,10.73,4978.72
303,73,505.0,310,26.22,8128.2
304,74,70.0,286,2412.0,689832.0
305,74,312.0,270,4537.0,1224990.0
306,74,192.0,475,1433.0,680675.0
307,75,580.0,467,365.53,170701.08
308,75,570.0,311,58.46,18180.41
309,75,319.0,205,8.4,1721.3
310,75,519.0,376,4.25,1597.26
311,75,426.0,319,129.7,41372.92
312,75,578.0,233,22.36,5210.82
313,76,318.0,210,4476.99,940168.7
314,76,217.0,348,3478.97,1210681.69
315,76,530.0,179,3249.58,581675.18
316,76,543.0,234,2719.31,636318.32
317,77,364.0,482,2623.0,1264286.0
318,77,279.0,301,4200.0,1264200.0
319,77,434.0,484,2551.0,1234684.0
320,77,173.0,36,2246.0,80856.0
321,77,348.0,204,1214.0,247656.0
322,77,289.0,429,4338.0,1861002.0
323,77,258.0,422,4034.0,1702348.0
324,77,347.0,422,2885.0,1217470.0
325,78,196.0,37,3149.0,116513.0
326,79,187.0,363,39.09,14189.67
327,79,392.0,244,43.51,10616.44
328,79,25.0,49,22.26,1090.74
329,80,550.0,149,2173.25,323813.67
330,80,481.0,409,1587.25,649187.16
331,80,175.0,426,2067.75,880859.44
332,80,409.0,243,2045.0,496933.87
333,80,317.0,30,5345.25,160357.58
334,80,210.0,97,5317.08,515756.93
335,80,255.0,26,3226.22,83881.59
336,81,272.0,73,1690.74,123423.78
337,81,591.0,210,65.17,13685.42
338,81,119.0,203,35.65,7237.77
339,81,16.0,348,467.08,162543.54
340,81,446.0,350,49.91,17467.28
341,81,91.0,482,1070.36,515914.9
342,81,368.0,415,43.04,17863.53
343,82,513.0,17,49.72,845.16
344,82,560.0,493,6.2,3057.06
345,82,21.0,377,8.01,3020.98
346,82,237.0,110,33.89,3727.46
347,82,390.0,118,30.75,3629.0
348,82,243.0,263,1.69,443.43
349,82,360.0,332,1367.51,454013.54
350,82,488.0,64,215.68,13803.8
351,83,315.0,459,5289.78,2428009.94
352,83,120.0,179,5217.73,933972.98
353,83,387.0,295,4711.43,1389871.04
354,83,429.0,111,3511.89,389819.78
355,83,437.0,153,5272.41,806679.43
356,83,7.0,278,404.8,112533.08
357,83,364.0,226,2913.27,658399.5
358,83,245.0,394,4067.17,1602466.78
359,83,270.0,454,951.56,432008.54
360,84,499.0,384,4784.0,1837056.0
361,84,194.0,447,1927.0,861369.0
362,84,244.0,132,4522.0,596904.0
363,84,591.0,86,4978.0,428108.0
364,85,192.0,65,18.79,1221.53
365,85,525.0,39,1617.67,63088.97
366,85,57.0,83,649.69,53924.13
367,85,38.0,324,1562.95,506396.77
368,86,259.0,406,5160.69,2095239.44
369,86,565.0,136,2625.12,357016.37
370,87,535.0,335,2376.0,795960.0
371,87,165.0,363,1325.0,480975.0
372,87,255.0,124,2763.0,342612.0
373,87,15.0,168,1541.0,258888.0
374,87,28.0,416,4343.0,1806688.0
375,87,570.0,54,4546.0,245484.0
376,88,286.0,112,4474.22,501112.78
377,88,500.0,153,3838.61,587306.97
378,88,106.0,418,3788.41,1583556.36
379,88,35.0,368,1990.67,732565.38
380,88,344.0,278,1035.54,287881.19
381,88,549.0,203,1037.91,210695.32
382,89,324.0,154,3924.71,604405.77
383,89,441.0,263,2588.18,680690.55
384,89,62.0,481,3067.66,1475545.62
385,89,541.0,262,2690.78,704985.36
386,90,308.0,285,1324.09,377364.29
387,90,597.0,346,1520.76,526183.97
388,91,251.0,427,2838.86,1212192.23
389,91,239.0,24,1152.94,27670.5
390,91,108.0,340,4783.15,1626271.67
391,91,359.0,53,235.9,12502.73
392,91,235.0,463,722.1,334332.09
393,92,382.0,255,647.26,165051.45
394,92,181.0,338,3073.94,1038993.19
395,93,123.0,75,886.51,66488.54
396,93,117.0,417,367.72,153341.18
397,93,147.0,274,1492.59,408968.7
398,94,29.0,361,63.89,23066.01
399,94,172.0,216,6.38,1377.18
400,94,366.0,426,18.77,7997.36
401,95,366.0,87,1440.38,125312.65
402,95,123.0,408,828.22,337914.35
403,95,102.0,467,2974.0,1388859.44
404,95,308.0,158,1327.17,209693.51
405,95,147.0,141,1467.88,206971.66
406,95,444.0,53,4724.06,250375.25
407,95,285.0,280,1153.38,322947.32
408,96,462.0,71,49.87,3540.64
409,96,230.0,194,619.25,120134.16
410,96,255.0,398,38.67,15390.57
411,96,157.0,152,1946.3,295838.11
412,96,10.0,194,1445.35,280398.42
413,97,103.0,468,27.85,13033.8
414,97,205.0,209,30.42,6357.78
415,97,571.0,476,1424.0,677824.0
416,97,335.0,199,54.13,10771.87
417,97,324.0,430,40.8,17544.0
418,98,251.0,282,3045.63,858868.59
419,98,359.0,45,240.33,10814.78
420,99,519.0,231,379.23,87601.74
421,99,582.0,472,4065.83,1919069.88
422,99,217.0,383,3793.23,1452806.34
423,99,551.0,229,1691.97,387461.43
424,100,49.0,87,497.36,43270.32
425,100,238.0,404,58.48,23625.92
426,100,421.0,404,343.06,138596.24
427,100,370.0,230,14.41,3314.3
428,100,48.0,412,2.05,844.6
429,101,183.0,39,2818.53,109922.52
430,101,348.0,351,1377.74,483586.45
431,101,475.0,113,546.88,61797.68
432,101,258.0,17,4672.16,79426.8
433,102,240.0,229,1656.13,379253.87
434,102,432.0,133,5747.84,764462.13
435,102,179.0,360,5521.17,1987622.66
436,102,578.0,366,1956.37,716031.39
437,102,4.0,219,519.29,113723.86
438,102,176.0,134,4570.03,612383.35
439,103,550.0,371,2058.78,763808.35
440,103,474.0,318,1243.11,395307.78
441,103,251.0,319,3093.5,986827.62
442,103,393.0,421,1582.03,666032.56
443,103,141.0,222,3054.87,678180.74
444,103,194.0,457,2041.13,932798.13
445,104,91.0,103,1186.39,122198.52
446,104,80.0,437,34.26,14971.59
447,104,11.0,348,1700.35,591721.25
448,104,550.0,190,25.3,4806.14
449,104,160.0,212,32.03,6789.48
450,104,570.0,317,57.98,18380.07
451,104,54.0,289,61.68,17824.18
452,105,80.0,438,31.56,13821.94
453,105,474.0,152,14.88,2261.03
454,106,483.0,455,43.64,19858.13
455,106,469.0,13,13.95,181.34
456,106,424.0,383,27.72,10617.35
457,107,147.0,58,1608.76,93308.18
458,107,103.0,37,2540.05,93981.84
459,107,290.0,498,1547.16,770486.91
460,107,330.0,149,2832.7,422072.35
461,107,455.0,141,4280.76,603587.23
462,107,242.0,232,3094.0,717807.03
463,108,554.0,460,669.31,307883.12
464,108,501.0,458,983.13,450272.23
465,108,540.0,106,2236.38,237056.57
466,108,72.0,370,5693.43,2106570.8
467,109,264.0,218,2345.0,511210.0
468,109,556.0,238,4496.0,1070048.0
469,109,433.0,250,4231.0,1057750.0
470,109,23.0,319,3096.0,987624.0
471,110,232.0,207,45.71,9461.85
472,111,242.0,266,2769.0,736554.0
473,111,165.0,430,1325.0,569750.0
474,111,391.0,407,1335.0,543345.0
475,112,505.0,207,2229.0,461403.0
476,113,375.0,420,3757.56,1578175.89
477,113,368.0,214,3500.58,749124.08
478,113,486.0,280,2308.66,646424.96
479,113,69.0,394,5278.85,2079867.1
480,113,318.0,92,4212.99,387594.84
481,114,264.0,296,2604.25,770859.31
482,114,308.0,352,1340.29,471783.61
483,115,179.0,64,62.98,4030.71
484,115,366.0,276,17.84,4923.02
485,115,574.0,260,68.09,17702.73
486,115,89.0,151,27.31,4123.63
487,115,70.0,65,30.54,1985.24
488,116,424.0,330,2277.43,751551.24
489,116,541.0,377,2728.6,1028682.73
490,116,165.0,442,1525.31,674187.92
491,117,488.0,307,222.73,68378.29
492,117,493.0,174,64.92,11295.75
493,117,513.0,122,49.18,5999.55
494,117,237.0,336,33.58,11283.34
495,117,483.0,276,39.67,10949.38
496,117,21.0,485,8.08,3920.69
497,117,390.0,284,32.56,9246.94
498,117,560.0,254,5.97,1516.3
499,118,300.0,280,4210.35,1178897.11
500,118,23.0,123,3567.01,438742.38
501,118,285.0,452,1221.27,552016.29
502,118,129.0,127,816.67,103717.48
503,118,553.0,42,1156.95,48591.84
504,119,462.0,291,49.21,14319.17
505,119,150.0,144,167.27,24087.23
506,119,400.0,113,9.43,1065.24
507,119,300.0,177,47.51,8409.28
508,119,335.0,210,64.01,13442.49
509,119,538.0,108,1.78,192.51
510,119,205.0,217,33.07,7176.03
511,119,196.0,442,41.69,18426.88
512,120,558.0,386,3803.65,1468208.03
513,120,41.0,217,4014.14,871068.83
514,120,92.0,339,322.34,109272.19
515,120,222.0,22,3200.27,70405.98
516,120,70.0,178,2719.35,484044.87
517,120,308.0,444,1344.46,596938.55
518,120,13.0,267,2049.51,547219.92
519,121,571.0,252,1594.15,401724.85
520,121,26.0,167,1009.24,168542.86
521,121,375.0,261,45.18,11792.0
522,121,53.0,423,44.92,19002.08
523,122,80.0,96,2462.0,236352.0
524,122,408.0,459,2142.0,983178.0
525,122,308.0,42,1192.0,50064.0
526,122,450.0,125,1010.0,126250.0
527,122,424.0,215,2155.0,463325.0
528,122,345.0,384,3805.0,1461120.0
529,123,429.0,373,3776.37,1408584.17
530,123,274.0,29,5215.89,151260.9
531,123,315.0,99,5507.87,545279.42
532,123,320.0,482,4327.9,2086049.94
533,124,185.0,298,49.38,14715.24
534,124,151.0,126,26.59,3350.34
535,124,244.0,119,53.2,6330.8
536,125,509.0,132,2661.68,351341.9
537,125,512.0,128,2462.47,315195.86
538,125,406.0,36,3093.82,111377.65
539,126,562.0,105,3383.53,355270.29
540,126,359.0,202,222.57,44959.26
541,126,301.0,466,274.39,127866.37
542,126,304.0,43,1253.23,53889.01
543,126,196.0,27,3386.35,91431.53
544,127,128.0,419,32.31,13537.89
545,128,318.0,109,4143.99,451694.55
546,128,550.0,70,2116.43,148150.26
547,128,123.0,260,832.68,216496.88
548,128,572.0,190,1007.7,191463.3
549,128,476.0,335,2781.31,931739.37
550,129,30.0,256,2727.0,698112.0
551,129,243.0,219,131.0,28689.0
552,129,582.0,120,3570.0,428400.0
553,129,210.0,89,4906.0,436634.0
554,130,285.0,437,13.56,5926.2
555,131,110.0,228,5334.38,1216239.37
556,131,103.0,197,2551.37,502620.3
557,131,240.0,133,1751.74,232981.85
558,131,147.0,478,1443.75,690112.15
559,132,231.0,263,4164.0,1095132.0
560,132,55.0,162,988.0,160056.0
561,132,274.0,353,4455.0,1572615.0
562,132,529.0,235,1681.0,395035.0
563,132,248.0,492,4971.0,2445732.0
564,132,27.0,111,362.0,40182.0
565,132,72.0,205,4837.0,991585.0
566,133,125.0,271,4723.0,1279933.0
567,133,512.0,316,2054.0,649064.0
568,133,582.0,154,3570.0,549780.0
569,133,508.0,196,3117.0,610932.0
570,134,170.0,283,19.7,5575.17
571,134,244.0,107,60.3,6452.04
572,134,346.0,83,1062.32,88172.97
573,134,515.0,297,28.4,8435.69
574,134,359.0,244,2.6,634.73
575,135,588.0,305,324.87,99085.48
576,135,359.0,243,218.9,53193.06
577,135,304.0,80,1354.9,108392.37
578,135,196.0,61,3757.52,229208.63
579,135,60.0,371,3437.31,1275241.66
580,135,301.0,368,285.73,105147.6
581,136,56.0,260,16.93,4401.8
582,137,340.0,277,3650.0,1011050.0
583,137,432.0,22,4988.0,109736.0
584,137,519.0,153,328.0,50184.0
585,137,377.0,89,553.0,49217.0
586,138,141.0,388,2930.18,1136909.53
587,138,80.0,287,2786.51,799727.39
588,138,374.0,25,283.44,7085.93
589,138,217.0,45,3757.22,169075.02
590,138,102.0,16,3280.06,52481.01
591,139,26.0,276,953.84,263260.29
592,139,368.0,232,41.29,9579.91
593,139,33.0,494,22.47,11098.8
594,139,571.0,277,1670.03,462598.76
595,139,375.0,453,44.01,19938.78
596,140,210.0,305,5246.84,1600286.21
597,140,25.0,60,2269.55,136173.25
598,140,192.0,117,1674.66,195935.49
599,140,441.0,357,2827.17,1009300.83
600,140,211.0,230,2185.98,502774.75
601,140,108.0,296,4945.09,1463745.42
602,140,30.0,39,2964.59,115619.04
603,141,287.0,12,4851.52,58218.24
604,141,141.0,470,2917.91,1371415.71
605,141,550.0,380,1914.17,727386.45
606,141,194.0,205,2227.49,456634.72
607,141,474.0,218,1230.26,268195.69
608,142,55.0,431,1061.98,457713.92
609,142,44.0,274,225.84,61879.83
610,142,475.0,363,573.13,208047.93
611,142,61.0,413,2740.55,1131845.59
612,143,540.0,179,2424.51,433987.16
613,143,39.0,253,4572.71,1156895.0
614,143,361.0,491,3959.33,1944031.2
615,143,518.0,51,5309.29,270773.83
616,143,351.0,228,3646.19,831331.04
617,143,281.0,253,326.15,82515.22
618,144,49.0,344,497.36,171091.84
619,144,109.0,321,895.66,287506.86
620,144,170.0,448,16.95,7593.6
621,145,236.0,17,3397.72,57761.16
622,146,577.0,198,5857.98,1159880.26
623,146,439.0,417,904.07,376995.17
624,146,291.0,225,5442.38,1224535.55
625,146,42.0,396,5580.19,2209753.37
626,146,79.0,10,1835.28,18352.81
627,146,170.0,37,1663.18,61537.57
628,147,308.0,235,1292.69,303781.4
629,147,572.0,273,1055.97,288279.53
630,147,317.0,355,5249.94,1863729.59
631,147,110.0,172,5357.13,921427.2
632,148,103.0,261,2609.34,681038.56
633,148,117.0,49,342.91,16802.5
634,148,300.0,28,4017.2,112481.59
635,148,579.0,280,2365.78,662417.64
636,149,453.0,36,4232.0,152352.0
637,149,233.0,115,3836.0,441140.0
638,149,532.0,417,1538.0,641346.0
639,149,545.0,143,853.0,121979.0
640,149,114.0,197,1268.0,249796.0
641,150,530.0,15,39.07,586.11
642,150,407.0,472,12.8,6040.11
643,151,318.0,190,4308.57,818627.77
644,152,474.0,382,1159.0,442738.0
645,152,182.0,366,484.0,177144.0
646,152,565.0,259,2377.0,615643.0
647,152,510.0,284,4860.0,1380240.0
648,152,399.0,196,3386.0,663656.0
649,152,238.0,242,4971.0,1202982.0
650,153,113.0,280,917.37,256862.4
651,153,196.0,197,44.38,8741.92
652,153,519.0,321,4.48,1438.92
653,153,23.0,468,38.27,17912.26
654,154,406.0,73,2801.0,204473.0
655,154,560.0,39,442.0,17238.0
656,154,556.0,92,4496.0,413632.0
657,154,548.0,452,4721.0,2133892.0
658,154,176.0,261,4307.0,1124127.0
659,155,210.0,153,66.62,10193.09
660,155,450.0,436,13.97,6090.74
661,155,330.0,496,34.98,17352.3
662,155,103.0,182,29.51,5370.76
663,155,165.0,95,18.41,1749.13
664,156,84.0,73,4530.82,330749.66
665,156,513.0,285,4278.9,1219485.5
666,156,237.0,297,3088.93,917413.13
667,156,249.0,379,3794.34,1438055.37
668,157,324.0,185,3676.27,680109.16
669,157,399.0,428,4010.42,1716457.95
670,157,41.0,366,4042.76,1479650.77
671,157,433.0,495,4683.89,2318523.32
672,158,42.0,256,5538.03,1417734.4
673,158,134.0,131,3650.91,478269.72
674,158,264.0,435,2668.22,1160676.06
675,158,551.0,498,1663.1,828222.25
676,158,259.0,147,4956.43,728594.67
677,158,471.0,269,644.96,173494.32
678,158,444.0,188,4623.49,869216.88
679,158,232.0,141,4295.29,605636.43
680,158,424.0,89,2541.84,226224.12
681,159,491.0,410,23.09,9466.64
682,159,300.0,374,47.74,17854.43
683,159,440.0,41,50.76,2081.09
684,159,493.0,387,66.98,25920.12
685,159,170.0,307,19.44,5969.45
686,159,525.0,36,1582.8,56980.96
687,159,62.0,187,35.36,6612.98
688,160,102.0,318,2817.0,895806.0
689,160,80.0,144,2462.0,354528.0
690,160,352.0,283,1644.0,465252.0
691,160,530.0,232,2980.0,691360.0
692,160,574.0,178,4977.0,885906.0
693,160,179.0,72,4690.0,337680.0
694,161,574.0,320,5424.33,1735784.71
695,161,578.0,106,2041.43,216391.94
696,161,84.0,170,4754.82,808319.22
697,161,54.0,488,5206.39,2540716.7
698,161,187.0,95,3820.51,362948.15
699,161,159.0,51,488.14,24895.3
700,161,201.0,246,5183.46,1275130.46
701,161,217.0,79,3461.02,273420.41
702,162,578.0,44,22.61,995.03
703,162,598.0,164,19.33,3169.85
704,162,56.0,497,19.95,9915.97
705,162,562.0,445,39.13,17414.5
706,162,319.0,470,8.96,4211.35
707,162,519.0,83,4.58,379.85
708,162,426.0,361,125.25,45216.1
709,163,16.0,231,453.56,104773.23
710,163,517.0,261,541.27,141270.24
711,164,8.0,403,16.19,6523.27
712,164,57.0,364,717.95,261333.91
713,164,600.0,109,363.4,39610.37
714,164,591.0,13,68.41,889.34
715,164,439.0,112,10.58,1184.42
716,164,236.0,297,39.13,11622.52
717,165,446.0,443,46.04,20395.72
718,165,111.0,61,16.49,1005.89
719,166,255.0,399,3315.24,1322779.06
720,166,374.0,269,297.73,80089.6
721,166,170.0,225,1689.43,380122.14
722,166,319.0,177,757.31,134044.74
723,166,71.0,240,3737.23,896934.3
724,167,498.0,26,4868.0,126568.0
725,167,467.0,381,3167.0,1206627.0
726,167,220.0,308,2633.0,810964.0
727,167,199.0,126,236.0,29736.0
728,167,241.0,429,1614.0,692406.0
729,167,276.0,411,1979.0,813369.0
730,168,419.0,262,23.53,6164.81
731,168,438.0,203,16.82,3414.91
732,168,80.0,473,30.87,14602.55
733,168,542.0,61,59.57,3634.06
734,168,210.0,268,68.89,18463.07
735,168,70.0,458,31.05,14218.86
736,169,29.0,76,5408.24,411026.46
737,169,205.0,208,2790.32,580386.86
738,169,419.0,499,1951.66,973879.26
739,169,432.0,53,5305.22,281176.46
740,169,493.0,424,5309.81,2251358.88
741,169,512.0,184,2270.56,417783.9
742,169,192.0,62,1637.82,101544.56
743,170,558.0,39,3183.0,124137.0
744,170,175.0,198,1828.0,361944.0
745,170,287.0,157,4191.0,657987.0
746,170,42.0,357,4870.0,1738590.0
747,170,242.0,232,2769.0,642408.0
748,170,493.0,308,4911.0,1512588.0
749,170,319.0,37,647.0,23939.0
750,171,399.0,469,3386.0,1588034.0
751,171,449.0,35,3340.0,116900.0
752,171,395.0,389,4599.0,1789011.0
753,171,357.0,173,570.0,98610.0
754,171,335.0,222,4601.0,1021422.0
755,172,439.0,99,899.39,89039.26
756,172,524.0,18,3528.86,63519.53
757,172,59.0,217,3688.98,800508.98
758,172,508.0,374,3426.65,1281565.58
759,173,97.0,419,4093.35,1715115.28
760,174,349.0,335,283.02,94811.7
761,174,374.0,94,3.09,290.46
762,174,146.0,87,56.07,4878.09
763,174,189.0,297,1073.75,318903.75
764,174,103.0,440,27.85,12254.0
765,175,439.0,259,9.49,2458.59
766,175,57.0,102,718.59,73295.94
767,175,13.0,416,22.94,9542.86
768,175,572.0,164,12.02,1971.23
769,175,543.0,70,29.87,2090.92
770,175,153.0,222,34.26,7606.79
771,176,146.0,43,5282.14,227131.85
772,176,87.0,186,885.61,164723.12
773,176,490.0,42,4464.63,187514.34
774,176,530.0,235,3233.11,759781.08
775,176,23.0,196,3568.05,699338.52
776,176,480.0,298,3115.08,928293.59
777,177,196.0,317,40.76,12921.76
778,177,345.0,38,51.32,1950.2
779,177,568.0,441,16.77,7396.11
780,178,172.0,259,528.32,136834.75
781,178,597.0,216,1537.51,332103.06
782,178,370.0,471,1448.72,682345.94
783,178,306.0,365,471.15,171969.77
784,179,407.0,234,11.99,2805.62
785,179,91.0,86,1088.61,93620.53
786,179,372.0,339,9.61,3257.84
787,179,505.0,463,31.42,14548.45
788,179,321.0,54,156.24,8436.98
789,180,232.0,491,47.15,23152.96
790,180,185.0,77,53.74,4138.25
791,180,400.0,238,9.06,2156.92
792,181,199.0,472,236.0,111392.0
793,182,583.0,112,11.51,1289.02
794,182,70.0,231,32.48,7502.58
795,182,210.0,483,66.1,31925.65
796,182,510.0,162,62.48,10121.18
797,182,309.0,272,1506.8,409850.55
798,182,227.0,203,27.55,5593.06
799,183,311.0,395,3102.0,1225290.0
800,183,179.0,330,4690.0,1547700.0
801,183,449.0,371,3340.0,1239140.0
802,183,469.0,278,1101.0,306078.0
803,183,50.0,160,2622.0,419520.0
804,183,572.0,14,885.0,12390.0
805,184,377.0,168,615.42,103390.94
806,184,530.0,425,3129.79,1330162.02
807,184,480.0,484,3080.7,1491058.75
808,184,490.0,438,4237.38,1855972.04
809,184,217.0,278,3485.31,968916.84
810,184,146.0,298,5574.53,1661209.13
811,185,542.0,81,63.78,5166.13
812,185,527.0,125,1972.24,246530.11
813,185,167.0,314,6.6,2071.87
814,185,565.0,44,33.45,1471.68
815,185,480.0,414,35.2,14572.51
816,185,192.0,368,19.55,7193.72
817,185,597.0,353,16.2,5716.96
818,186,79.0,454,18.75,8512.5
819,186,41.0,169,41.05,6937.45
820,186,413.0,468,51.24,23980.32
821,187,528.0,203,1376.45,279419.34
822,188,238.0,439,4971.0,2182269.0
823,188,13.0,486,1719.0,835434.0
824,188,316.0,137,4398.0,602526.0
825,188,28.0,340,4343.0,1476620.0
826,188,4.0,257,435.0,111795.0
827,188,240.0,74,1562.0,115588.0
828,188,222.0,448,2718.0,1217664.0
829,188,179.0,16,4690.0,75040.0
830,189,596.0,90,799.75,71977.61
831,189,25.0,183,25.43,4653.49
832,189,396.0,247,58.55,14462.59
833,189,486.0,284,25.16,7146.41
834,190,425.0,117,2484.0,290628.0
835,190,158.0,11,466.0,5126.0
836,190,179.0,340,4690.0,1594600.0
837,190,515.0,17,2126.0,36142.0
838,190,201.0,110,4745.0,521950.0
839,190,324.0,18,3468.0,62424.0
840,191,187.0,47,45.77,2151.23
841,191,75.0,381,719.19,274012.28
842,191,481.0,224,20.74,4645.1
843,192,127.0,442,53.93,23836.1
844,192,318.0,411,50.23,20643.22
845,192,439.0,481,10.39,4998.51
846,192,460.0,223,13.53,3017.84
847,192,597.0,500,16.68,8339.99
848,192,424.0,414,29.15,12068.09
849,192,151.0,157,30.68,4817.25
850,193,28.0,29,4963.98,143955.47
851,193,509.0,109,2642.4,288022.06
852,193,122.0,118,4303.76,507843.57
853,193,251.0,210,2937.25,616821.51
854,193,125.0,22,5368.91,118116.07
855,193,469.0,385,1177.76,453435.94
856,194,574.0,27,69.4,1873.71
857,194,543.0,442,30.95,13678.36
858,194,166.0,237,1426.51,338082.44
859,194,291.0,67,60.84,4076.36
860,195,551.0,252,21.37,5384.45
861,196,426.0,460,135.98,62550.04
862,196,395.0,183,64.78,11855.63
863,196,449.0,200,46.92,9384.76
864,196,170.0,180,18.32,3298.26
865,196,574.0,116,69.89,8107.4
866,196,568.0,244,16.47,4018.91
867,197,418.0,255,4772.24,1216921.98
868,197,141.0,41,3069.48,125848.86
869,197,489.0,328,551.56,180910.2
870,197,70.0,99,2786.15,275829.12
871,197,582.0,207,3909.5,809265.75
872,197,146.0,112,5448.43,610223.65
873,198,35.0,297,1885.34,559947.05
874,198,36.0,305,1660.19,506358.5
875,198,95.0,72,2148.36,154681.93
876,199,442.0,369,647.48,238919.93
877,199,285.0,237,1107.76,262539.05
878,199,577.0,381,5442.71,2073671.39
879,199,582.0,394,3751.91,1478252.01
880,199,175.0,54,2134.3,115252.2
881,199,205.0,444,2930.81,1301281.03
882,200,147.0,473,16.99,8037.52
883,200,25.0,263,25.82,6789.89
884,200,497.0,340,1603.4,545156.93
885,200,115.0,49,213.17,10445.37
886,200,556.0,124,56.11,6958.21
887,201,232.0,156,48.06,7497.39
888,201,285.0,163,14.2,2314.64
889,201,515.0,297,26.71,7932.05
890,202,54.0,335,5610.83,1879628.94
891,202,217.0,94,3457.55,325009.63
892,202,160.0,245,2815.36,689764.3
893,203,480.0,335,2776.0,929960.0
894,203,558.0,199,3183.0,633417.0
895,203,393.0,238,1480.0,352240.0
896,203,202.0,150,4926.0,738900.0
897,203,391.0,336,1335.0,448560.0
898,204,366.0,121,1551.58,187740.58
899,204,215.0,155,2444.78,378941.51
900,204,23.0,176,3301.77,581110.8
901,204,393.0,415,1688.11,700564.94
902,204,306.0,424,428.39,181636.67
903,204,102.0,69,3287.44,226833.2
904,204,392.0,259,4375.26,1133191.75
905,204,316.0,232,4802.4,1114157.83
906,205,199.0,307,277.47,85183.14
907,205,220.0,25,3097.89,77447.27
908,205,498.0,135,5259.11,709979.76
909,205,289.0,58,4834.38,280393.8
910,205,467.0,360,3800.32,1368116.4
911,205,276.0,497,2268.07,1127229.69
912,206,168.0,250,5365.54,1341385.16
913,206,120.0,281,5278.38,1483223.73
914,206,470.0,326,1221.68,398267.39
915,206,274.0,132,5146.16,679293.3
916,206,245.0,77,3883.64,299040.36
917,206,429.0,65,3827.5,248787.24
918,206,387.0,136,4875.28,663038.36
919,207,21.0,22,8.35,183.71
920,207,565.0,353,32.65,11524.14
921,207,160.0,402,30.77,12369.97
922,208,190.0,483,4707.0,2273481.94
923,208,531.0,425,1132.09,481140.09
924,208,545.0,219,952.54,208606.07
925,208,36.0,73,1640.04,119723.04
926,208,487.0,456,4640.69,2116156.47
927,208,555.0,123,3844.13,472828.33
928,208,453.0,361,4721.55,1704480.23
929,208,414.0,335,2846.66,953631.23
930,209,300.0,309,4465.83,1379942.8
931,209,242.0,350,3160.88,1106308.73
932,209,534.0,245,2756.9,675440.38
933,209,543.0,433,2794.98,1210228.01
934,209,236.0,196,3533.69,692602.68
935,210,562.0,275,3303.91,908574.45
936,210,446.0,227,4199.18,953213.95
937,210,273.0,401,2796.94,1121571.44
938,210,227.0,149,2067.6,308073.03
939,210,377.0,295,605.95,178754.51
940,211,59.0,188,39.73,7469.24
941,211,196.0,477,37.05,17672.85
942,211,391.0,69,15.71,1083.99
943,211,287.0,164,49.31,8086.84
944,211,232.0,174,42.62,7415.88
945,211,205.0,96,30.42,2920.32
946,212,471.0,327,577.0,188679.0
947,212,442.0,395,596.0,235420.0
948,212,194.0,48,1927.0,92496.0
949,212,441.0,88,2400.0,211200.0
950,212,285.0,403,1054.0,424762.0
951,212,582.0,21,3570.0,74970.0
952,212,28.0,260,4343.0,1129180.0
953,212,570.0,120,4546.0,545520.0
954,212,577.0,485,4973.0,2411905.0
955,213,179.0,352,5231.61,1841527.11
956,213,287.0,279,4710.41,1314203.53
957,213,165.0,224,1469.21,329103.25
958,213,560.0,442,517.7,228821.93
959,213,170.0,457,1522.1,695601.69
960,214,590.0,205,2811.76,576411.39
961,214,173.0,213,2429.6,517504.06
962,214,437.0,248,5546.72,1375587.09
963,214,132.0,373,2367.31,883006.29
964,215,62.0,97,2994.45,290461.9
965,215,300.0,142,4447.73,631577.18
966,215,111.0,281,1602.53,450312.16
967,215,205.0,479,2979.34,1427102.79
968,216,172.0,201,488.0,98088.0
969,216,4.0,413,435.0,179655.0
970,216,238.0,368,4971.0,1829328.0
971,216,92.0,340,269.0,91460.0
972,216,476.0,200,2637.0,527400.0
973,216,422.0,341,2789.0,951049.0
974,217,535.0,492,31.61,15550.18
975,217,159.0,109,5.93,646.89
976,217,179.0,155,59.64,9243.59
977,217,237.0,420,34.46,14474.18
978,218,422.0,40,2789.0,111560.0
979,218,127.0,69,4315.0,297735.0
980,218,287.0,223,4191.0,934593.0
981,218,568.0,225,1295.0,291375.0
982,219,391.0,430,1472.64,633234.07
983,219,202.0,185,5418.03,1002335.11
984,219,462.0,258,4260.03,1099086.52
985,219,480.0,417,2990.41,1247000.18
986,219,393.0,324,1630.82,528384.68
987,219,262.0,498,2707.97,1348568.69
988,220,304.0,315,1244.32,391961.69
989,220,553.0,129,1185.69,152954.15
990,220,565.0,302,2851.92,861280.27
991,220,206.0,190,1866.67,354668.2
992,220,345.0,438,4478.36,1961519.76
993,220,357.0,57,681.49,38844.71
994,221,176.0,500,56.18,28091.59
995,221,111.0,228,17.87,4073.72
996,221,446.0,15,49.61,744.16
997,221,48.0,113,2.21,249.5
998,222,497.0,258,1704.14,439666.95
999,222,556.0,120,62.94,7552.46
1000,223,43.0,458,33.88,15517.04
1001,223,119.0,407,30.41,12376.87
1002,223,426.0,260,114.6,29796.0
1003,223,460.0,351,12.02,4219.02
1004,224,80.0,176,28.96,5096.96
1005,224,494.0,94,40.84,3838.96
1006,224,419.0,99,20.59,2038.41
1007,224,70.0,172,28.38,4881.36
1008,224,566.0,379,3.55,1345.45
1009,225,510.0,29,66.15,1918.22
1010,225,79.0,171,19.92,3405.89
1011,225,203.0,183,59.05,10806.88
1012,225,309.0,84,1654.51,138979.0
1013,225,494.0,226,44.21,9991.76
1014,225,227.0,420,24.25,10183.35
1015,225,84.0,29,59.04,1712.14
1016,226,110.0,441,64.44,28416.43
1017,226,416.0,411,62.07,25512.31
1018,226,249.0,64,46.17,2954.67
1019,226,565.0,96,30.81,2957.59
1020,226,154.0,296,594.62,176008.44
1021,226,167.0,10,6.35,63.47
1022,226,251.0,346,34.27,11856.1
1023,226,542.0,283,65.4,18508.59
1024,226,474.0,383,15.31,5863.01
1025,227,359.0,151,2.38,359.38
1026,227,79.0,412,18.75,7725.0
1027,227,12.0,245,1195.14,292809.3
1028,227,203.0,175,56.14,9824.5
1029,227,70.0,194,28.38,5505.72
1030,227,368.0,353,37.07,13085.71
1031,228,23.0,207,36.42,7538.94
1032,228,426.0,61,114.6,6990.6
1033,228,109.0,370,895.66,331394.2
1034,228,395.0,140,54.11,7575.4
1035,228,567.0,67,53.92,3612.64
1036,229,134.0,157,3570.29,560535.14
1037,229,301.0,197,266.35,52471.01
1038,229,375.0,360,3968.09,1428512.01
1039,229,486.0,231,2368.19,547051.81
1040,229,317.0,194,5272.76,1022916.06
1041,229,318.0,230,4335.68,997205.44
1042,230,120.0,101,5214.07,526621.21
1043,230,320.0,261,4494.8,1173143.04
1044,230,387.0,500,4718.38,2359188.23
1045,231,450.0,240,1089.15,261395.11
1046,231,493.0,124,5187.59,643261.36
1047,231,240.0,412,1786.43,736007.37
1048,231,175.0,105,1932.31,202892.43
1049,232,54.0,435,64.46,28041.72
1050,232,62.0,197,37.43,7374.47
1051,232,567.0,118,63.87,7536.58
1052,232,285.0,355,14.47,5136.32
1053,233,123.0,204,10.26,2093.91
1054,233,388.0,222,463.77,102956.7
1055,234,474.0,274,1266.88,347124.53
1056,234,513.0,287,4257.8,1221987.38
1057,234,238.0,387,5530.55,2140322.35
1058,235,490.0,99,4294.64,425169.38
1059,236,55.0,166,1179.22,195751.21
1060,236,85.0,375,2774.32,1040370.51
1061,236,231.0,455,4802.28,2185038.95
1062,237,480.0,171,36.18,6187.46
1063,237,206.0,282,22.0,6203.57
1064,237,159.0,145,6.02,872.49
1065,237,360.0,238,1340.34,319001.07
1066,238,42.0,249,57.29,14265.21
1067,238,570.0,110,53.48,5882.8
1068,238,303.0,450,1706.55,767947.5
1069,238,77.0,219,827.84,181296.96
1070,238,488.0,192,191.0,36672.0
1071,238,360.0,38,1252.56,47597.28
1072,239,275.0,465,47.62,22145.46
1073,239,535.0,411,30.04,12346.45
1074,239,12.0,319,1273.3,406181.73
1075,239,243.0,96,1.62,155.69
1076,239,206.0,304,22.13,6727.02
1077,239,113.0,129,816.03,105267.69
1078,240,177.0,90,4125.17,371265.59
1079,240,501.0,320,1016.25,325200.33
1080,240,289.0,58,5035.96,292085.95
1081,240,220.0,128,2935.86,375789.88
1082,240,358.0,124,3400.21,421626.41
1083,240,51.0,410,921.28,377722.77
1084,241,386.0,476,190.49,90672.03
1085,241,103.0,333,30.04,10002.7
1086,241,349.0,97,339.56,32937.41
1087,241,374.0,395,3.39,1338.17
1088,241,189.0,244,1143.06,278906.3
1089,241,146.0,192,65.65,12603.96
1090,242,227.0,256,1963.0,502528.0
1091,242,366.0,202,1331.0,268862.0
1092,243,79.0,481,1848.6,889175.97
1093,243,235.0,34,678.44,23066.88
1094,243,512.0,35,2462.22,86177.55
1095,243,481.0,58,1757.73,101948.48
1096,243,202.0,31,5710.6,177028.61
1097,243,42.0,329,5676.09,1867432.45
1098,244,258.0,301,4304.4,1295623.9
1099,244,402.0,476,1748.94,832493.56
1100,244,475.0,208,615.34,127990.52
1101,244,430.0,202,1125.4,227331.63
1102,245,26.0,70,1050.92,73564.71
1103,245,141.0,128,34.14,4369.51
1104,245,194.0,208,25.12,5224.63
1105,245,565.0,10,32.67,326.7
1106,245,160.0,455,33.02,15024.98
1107,245,62.0,179,35.04,6272.44
1108,246,36.0,103,1532.07,157803.62
1109,246,452.0,217,4419.75,959085.19
1110,246,475.0,294,561.26,165011.22
1111,246,19.0,173,374.97,64870.11
1112,246,258.0,50,4742.26,237112.98
1113,247,81.0,145,10.65,1544.7
1114,247,48.0,414,2.24,927.09
1115,247,70.0,297,29.83,8859.81
1116,247,582.0,487,47.28,23026.7
1117,247,287.0,80,59.01,4720.88
1118,247,102.0,364,38.85,14142.69
1119,248,410.0,231,771.09,178120.82
1120,248,582.0,148,4136.82,612249.8
1121,248,210.0,388,5839.92,2265888.3
1122,249,319.0,115,8.77,1009.1
1123,250,196.0,30,37.05,1111.5
1124,250,455.0,183,45.88,8396.04
1125,250,524.0,83,34.64,2875.12
1126,250,393.0,50,17.41,870.5
1127,251,423.0,151,2500.0,377500.0
1128,251,220.0,257,2633.0,676681.0
1129,251,279.0,360,4200.0,1512000.0
1130,251,98.0,149,2102.0,313198.0
1131,251,417.0,133,3794.0,504602.0
1132,251,529.0,96,1681.0,161376.0
1133,251,587.0,66,377.0,24882.0
1134,252,306.0,100,424.45,42445.08
1135,252,370.0,301,1390.56,418559.59
1136,252,172.0,224,519.82,116440.75
1137,253,430.0,379,1269.91,481294.54
1138,254,218.0,113,1591.0,179783.0
1139,254,332.0,177,2679.0,474183.0
1140,254,599.0,154,1204.0,185416.0
1141,254,286.0,252,3848.0,969696.0
1142,255,102.0,469,3067.35,1438589.34
1143,255,481.0,466,1669.94,778192.55
1144,256,157.0,436,1844.75,804309.75
1145,257,345.0,172,4531.46,779410.94
1146,257,232.0,69,4203.64,290050.87
1147,257,357.0,202,633.97,128061.26
1148,257,201.0,385,5578.32,2147652.07
1149,257,553.0,30,1129.63,33888.76
1150,257,416.0,109,4748.72,517610.0
1151,257,565.0,166,2686.2,445909.45
1152,258,43.0,199,2880.0,573120.0
1153,258,359.0,104,202.0,21008.0
1154,259,535.0,495,2847.61,1409564.61
1155,259,293.0,180,3581.92,644744.95
1156,259,23.0,488,3665.08,1788559.16
1157,260,54.0,386,65.21,25172.58
1158,260,30.0,116,34.86,4043.83
1159,260,300.0,82,47.46,3891.56
1160,260,79.0,216,21.66,4678.97
1161,260,41.0,22,48.58,1068.75
1162,260,440.0,147,49.76,7314.05
1163,260,217.0,379,42.57,16133.61
1164,261,446.0,143,4544.14,649811.47
1165,261,377.0,244,644.35,157221.34
1166,262,562.0,103,3451.28,355481.45
1167,262,273.0,270,2687.75,725692.48
1168,262,227.0,18,2283.6,41104.83
1169,262,446.0,406,4142.32,1681782.14
1170,262,87.0,26,835.34,21718.86
1171,263,43.0,364,2880.0,1048320.0
1172,263,391.0,416,1335.0,555360.0
1173,263,50.0,222,2622.0,582084.0
1174,263,217.0,212,3256.0,690272.0
1175,264,395.0,129,4929.61,635920.19
1176,264,33.0,148,1987.1,294090.31
1177,265,249.0,389,3907.4,1519979.98
1178,265,210.0,417,5520.14,2301899.91
1179,265,43.0,409,3036.28,1241836.48
1180,266,488.0,190,191.0,36290.0
1181,266,462.0,151,46.76,7060.76
1182,266,570.0,270,53.48,14439.6
1183,266,360.0,120,1252.56,150307.2
1184,267,242.0,475,3147.43,1495031.39
1185,267,153.0,187,2900.02,542303.47
1186,267,4.0,397,466.44,185175.46
1187,267,176.0,133,4853.18,645473.18
1188,268,197.0,329,60.53,19914.56
1189,268,551.0,149,19.81,2951.22
1190,269,597.0,53,1498.87,79439.92
1191,269,293.0,58,3556.71,206289.3
1192,270,551.0,214,20.18,4319.03
1193,270,408.0,43,26.61,1144.2
1194,270,122.0,177,46.8,8284.11
1195,270,172.0,498,6.13,3051.51
1196,271,405.0,142,3897.0,553374.0
1197,271,97.0,283,3735.0,1057005.0
1198,271,281.0,189,287.0,54243.0
1199,271,295.0,211,1051.0,221761.0
1200,271,430.0,157,1069.0,167833.0
1201,272,148.0,128,614.0,78592.0
1202,272,35.0,449,1686.0,757014.0
1203,272,51.0,145,851.0,123395.0
1204,272,559.0,165,1429.0,235785.0
1205,273,196.0,365,3149.0,1149385.0
1206,273,304.0,448,1143.0,512064.0
1207,274,210.0,68,4906.0,333608.0
1208,274,462.0,204,3975.0,810900.0
1209,274,89.0,37,2126.0,78662.0
1210,274,290.0,227,1315.0,298505.0
1211,275,451.0,458,2165.63,991858.53
1212,275,367.0,120,129.99,15598.48
1213,275,200.0,81,2673.19,216528.63
1214,276,416.0,12,59.31,711.72
1215,277,570.0,28,53.48,1497.44
1216,277,80.0,216,28.96,6255.36
1217,277,275.0,290,43.78,12696.2
1218,278,532.0,233,1790.2,417116.89
1219,278,531.0,238,1077.78,256511.61
1220,278,61.0,79,2763.4,218308.83
1221,278,44.0,28,226.79,6350.0
1222,279,194.0,342,2109.67,721506.98
1223,279,474.0,239,1297.26,310045.66
1224,280,571.0,15,1532.02,22980.36
1225,280,53.0,59,39.84,2350.76
1226,280,26.0,213,955.9,203607.72
1227,281,378.0,117,2675.5,313033.94
1228,281,355.0,476,5313.84,2529388.12
1229,281,573.0,231,3708.43,856647.81
1230,281,72.0,330,5750.61,1897700.13
1231,281,326.0,418,5707.03,2385538.29
1232,281,348.0,111,1328.66,147480.96
1233,281,457.0,29,580.6,16837.35
1234,282,375.0,68,42.13,2864.6
1235,282,424.0,414,28.45,11777.08
1236,282,391.0,262,17.97,4707.55
1237,282,567.0,50,62.16,3107.86
1238,282,510.0,57,64.96,3702.74
1239,282,550.0,68,24.45,1662.88
1240,283,413.0,402,60.4,24281.07
1241,283,438.0,180,17.08,3074.59
1242,283,460.0,361,13.02,4700.66
1243,283,79.0,220,20.61,4533.67
1244,283,571.0,415,1517.02,629564.21
1245,283,569.0,30,48.5,1455.09
1246,283,489.0,18,6.13,110.27
1247,284,236.0,235,3229.95,759039.07
1248,284,243.0,325,144.17,46855.94
1249,284,433.0,213,4764.95,1014935.2
1250,284,524.0,76,3424.01,260224.6
1251,284,81.0,212,866.97,183797.45
1252,285,396.0,470,4484.15,2107548.36
1253,286,496.0,386,4604.43,1777310.67
1254,286,171.0,419,846.52,354691.03
1255,286,401.0,411,2897.41,1190833.73
1256,286,52.0,388,5300.51,2056599.71
1257,287,42.0,44,57.29,2520.76
1258,287,462.0,301,46.76,14074.76
1259,287,303.0,53,1706.55,90447.15
1260,288,335.0,358,4852.55,1737213.31
1261,289,474.0,222,1375.67,305399.49
1262,289,43.0,280,3250.05,910015.21
1263,289,287.0,362,4814.59,1742882.76
1264,289,194.0,495,2090.33,1034713.04
1265,289,550.0,344,1998.37,687440.34
1266,289,572.0,188,961.3,180724.69
1267,289,80.0,435,2640.32,1148539.07
1268,290,161.0,343,2595.65,890306.81
1269,290,355.0,449,4700.19,2110383.91
1270,290,296.0,323,4101.77,1324871.67
1271,290,133.0,108,1376.74,148688.36
1272,290,573.0,97,3767.66,365462.77
1273,290,72.0,355,5562.78,1974787.03
1274,291,123.0,108,9.27,1001.16
1275,291,49.0,448,497.36,222817.28
1276,291,126.0,471,6.19,2915.49
1277,291,146.0,109,56.07,6111.63
1278,291,159.0,498,5.34,2659.32
1279,291,386.0,350,170.61,59713.5
1280,292,543.0,326,2708.6,883004.48
1281,292,217.0,392,3712.19,1455178.37
1282,292,530.0,310,3276.42,1015691.11
1283,292,87.0,304,941.53,286224.27
1284,292,480.0,495,2924.54,1447648.19
1285,292,490.0,315,4020.13,1266340.18
1286,293,43.0,335,3362.36,1126389.16
1287,293,577.0,362,5379.02,1947206.73
1288,293,512.0,247,2461.78,608058.49
1289,293,79.0,34,1691.41,57507.97
1290,293,519.0,416,353.51,147058.76
1291,293,202.0,332,5234.82,1737959.86
1292,294,47.0,235,670.56,157581.6
1293,294,275.0,210,43.78,9193.8
1294,295,126.0,134,7.07,947.72
1295,295,189.0,442,1186.56,524458.89
1296,295,349.0,447,314.75,140693.12
1297,295,49.0,219,593.75,130031.31
1298,295,103.0,456,29.67,13528.56
1299,296,154.0,135,610.86,82466.26
1300,296,260.0,393,30.41,11951.83
1301,296,23.0,61,42.65,2601.47
1302,296,375.0,159,42.59,6772.13
1303,297,97.0,231,4365.61,1008455.14
1304,297,27.0,30,421.83,12654.99
1305,298,153.0,354,32.34,11450.1
1306,298,230.0,385,561.57,216203.22
1307,298,445.0,291,53.93,15693.51
1308,298,600.0,404,358.81,144960.78
1309,298,255.0,239,38.72,9254.97
1310,298,375.0,456,43.29,19740.07
1311,298,354.0,257,8.65,2222.15
1312,299,238.0,390,4971.0,1938690.0
1313,299,441.0,82,2400.0,196800.0
1314,300,72.0,249,5092.59,1268054.83
1315,300,326.0,382,5468.82,2089089.97
1316,300,554.0,368,683.8,251637.19
1317,301,470.0,243,1207.31,293375.83
1318,301,500.0,226,3628.34,820005.72
1319,301,429.0,248,3866.97,959009.47
1320,301,168.0,49,5477.13,268379.44
1321,301,245.0,47,4069.58,191270.44
1322,301,274.0,258,5094.1,1314277.51
1323,302,481.0,227,1566.68,355635.74
1324,302,317.0,345,5623.1,1939969.3
1325,302,406.0,58,3351.83,194406.04
1326,302,308.0,280,1346.96,377149.23
1327,303,430.0,280,1069.0,299320.0
1328,303,475.0,14,517.0,7238.0
1329,303,183.0,210,2510.0,527100.0
1330,304,102.0,385,3362.88,1294710.13
1331,305,469.0,298,1224.21,364815.88
1332,305,122.0,475,3904.11,1854451.85
1333,305,125.0,20,5603.64,112072.84
1334,305,251.0,290,2977.15,863374.67
1335,305,509.0,475,2519.83,1196917.53
1336,305,471.0,326,638.49,208147.9
1337,306,146.0,292,56.07,16372.44
1338,306,202.0,267,57.95,15472.65
1339,307,531.0,326,1202.24,391930.25
1340,307,55.0,31,1093.68,33904.01
1341,308,514.0,64,3169.23,202830.98
1342,308,577.0,228,5881.28,1340932.38
1343,308,462.0,224,4620.11,1034903.86
1344,308,69.0,421,5256.73,2213083.41
1345,308,70.0,303,2811.52,851890.4
1346,308,583.0,401,1008.47,404398.33
1347,309,334.0,30,166.09,4982.77
1348,309,291.0,47,67.81,3187.19
1349,310,62.0,398,32.78,13046.44
1350,310,285.0,52,12.4,644.8
1351,310,54.0,155,55.82,8652.1
1352,310,567.0,443,53.92,23886.56
1353,310,251.0,331,31.8,10525.8
1354,311,43.0,254,2880.0,731520.0
1355,311,359.0,336,202.0,67872.0
1356,312,596.0,237,806.33,191099.28
1357,312,205.0,285,36.33,10352.99
1358,312,324.0,324,46.35,15018.25
1359,313,201.0,417,4745.0,1978665.0
1360,313,439.0,449,762.0,342138.0
1361,313,170.0,144,1441.0,207504.0
1362,314,519.0,115,328.0,37720.0
1363,314,170.0,156,1441.0,224796.0
1364,314,81.0,253,810.0,204930.0
1365,314,577.0,49,4973.0,243677.0
1366,314,71.0,301,3169.0,953869.0
1367,314,79.0,69,1594.0,109986.0
1368,314,481.0,491,1479.0,726189.0
1369,315,565.0,39,32.11,1252.29
1370,315,32.0,246,64.1,15768.93
1371,315,392.0,23,51.75,1190.31
1372,315,542.0,284,61.56,17482.75
1373,315,110.0,185,66.76,12350.42
1374,315,308.0,452,16.6,7503.87
1375,316,515.0,487,2126.0,1035362.0
1376,316,551.0,200,1528.0,305600.0
1377,316,304.0,276,1143.0,315468.0
1378,316,493.0,27,4911.0,132597.0
1379,316,396.0,28,4173.0,116844.0
1380,317,313.0,357,4990.7,1781681.68
1381,317,46.0,383,2313.61,886111.08
1382,317,414.0,405,2589.82,1048876.0
1383,317,35.0,182,1959.0,356538.32
1384,317,163.0,153,1982.58,303334.02
1385,317,295.0,289,1221.2,352927.39
1386,318,285.0,380,1129.67,429273.94
1387,318,319.0,95,690.44,65591.57
1388,318,265.0,330,4509.52,1488142.6
1389,318,392.0,375,4254.06,1595271.11
1390,319,400.0,75,8.19,614.25
1391,319,38.0,191,1384.38,264416.58
1392,319,303.0,370,1706.55,631423.5
1393,319,91.0,144,990.69,142659.36
1394,319,158.0,435,5.48,2383.8
1395,319,235.0,360,7.08,2548.8
1396,319,335.0,499,54.13,27010.87
1397,320,560.0,161,5.79,932.5
1398,320,571.0,94,1559.22,146566.6
1399,320,103.0,234,29.39,6878.25
1400,320,84.0,139,52.84,7345.24
1401,320,568.0,124,17.7,2194.6
1402,321,218.0,148,1759.77,260446.62
1403,321,332.0,422,3077.37,1298648.62
1404,321,599.0,344,1333.67,458782.58
1405,322,367.0,347,143.52,49803.01
1406,322,131.0,146,4528.81,661205.7
1407,322,498.0,417,5766.25,2404524.92
1408,322,451.0,453,2263.17,1025214.5
1409,323,57.0,483,616.47,297755.01
1410,323,141.0,125,31.29,3911.25
1411,323,571.0,388,1424.0,552512.0
1412,323,232.0,19,42.62,809.78
1413,323,481.0,110,17.4,1914.0
1414,323,254.0,203,38.13,7740.39
1415,323,75.0,409,612.39,250467.51
1416,324,308.0,332,1192.0,395744.0
1417,324,176.0,494,4307.0,2127658.0
1418,324,317.0,384,4777.0,1834368.0
1419,324,306.0,300,400.0,120000.0
1420,324,160.0,103,2350.0,242050.0
1421,324,556.0,179,4496.0,804784.0
1422,325,473.0,115,2840.29,326633.16
1423,325,361.0,443,3852.23,1706538.48
1424,325,540.0,217,2458.01,533389.24
1425,325,136.0,390,119.27,46515.28
1426,325,96.0,301,1871.48,563316.58
1427,325,39.0,442,4619.59,2041858.26
1428,326,570.0,439,5360.15,2353106.91
1429,326,512.0,64,2299.12,147143.4
1430,326,413.0,373,4958.1,1849370.8
1431,326,441.0,469,2774.18,1301088.34
1432,326,324.0,308,3900.87,1201469.48
1433,326,129.0,447,809.84,361999.69
1434,326,593.0,11,2946.16,32407.81
1435,326,556.0,334,4976.64,1662198.69
1436,326,583.0,102,1048.75,106972.35
1437,327,425.0,101,2887.95,291682.47
1438,327,194.0,211,2180.17,460016.1
1439,327,598.0,265,1626.25,430957.52
1440,328,74.0,264,19.4,5122.84
1441,328,77.0,321,894.29,287068.11
1442,329,109.0,12,1003.09,12037.02
1443,330,540.0,421,2412.37,1015608.96
1444,330,274.0,83,5335.49,442845.83
1445,331,528.0,196,1464.49,287039.31
1446,331,585.0,325,665.99,216447.19
1447,331,150.0,411,164.06,67427.97
1448,331,89.0,345,28.41,9802.92
1449,331,147.0,155,18.72,2902.06
1450,332,450.0,199,1124.16,223707.93
1451,332,13.0,273,1992.01,543819.62
1452,332,541.0,106,2917.48,309252.63
1453,332,283.0,17,957.45,16276.7
1454,332,28.0,32,4720.5,151056.08
1455,333,382.0,281,602.0,169162.0
1456,333,6.0,69,2988.0,206172.0
1457,333,475.0,262,517.0,135454.0
1458,334,206.0,368,21.78,8015.94
1459,334,151.0,399,28.09,11207.02
1460,334,113.0,82,911.95,74779.95
1461,335,141.0,223,2660.0,593180.0
1462,335,406.0,10,2801.0,28010.0
1463,336,444.0,406,4634.97,1881799.13
1464,336,226.0,251,3106.11,779633.26
1465,336,15.0,205,1844.76,378176.61
1466,336,192.0,181,1525.39,276094.94
1467,337,4.0,142,465.47,66096.13
1468,337,172.0,460,579.88,266744.7
1469,337,422.0,236,3281.65,774468.45
1470,337,283.0,235,901.37,211822.27
1471,337,287.0,480,4840.17,2323282.88
1472,338,525.0,401,1381.12,553829.12
1473,338,311.0,473,36.49,17259.77
1474,338,38.0,279,1384.38,386242.02
1475,338,13.0,322,20.22,6510.84
1476,338,32.0,193,54.71,10559.03
1477,339,446.0,221,3913.0,864773.0
1478,339,550.0,279,1822.0,508338.0
1479,339,395.0,43,4599.0,197757.0
1480,339,582.0,103,3570.0,367710.0
1481,339,514.0,72,2845.0,204840.0
1482,339,4.0,189,435.0,82215.0
1483,339,566.0,452,302.0,136504.0
1484,339,242.0,294,2769.0,814086.0
1485,339,196.0,115,3149.0,362135.0
1486,340,513.0,368,4127.95,1519085.81
1487,340,102.0,412,3139.08,1293300.79
1488,340,499.0,135,5653.05,763162.38
1489,340,25.0,25,2173.98,54349.39
1490,340,304.0,413,1362.89,562874.92
1491,340,396.0,385,4444.83,1711259.67
1492,340,237.0,260,3080.0,800799.26
1493,340,371.0,67,5624.47,376839.75
1494,341,570.0,45,4838.31,217723.78
1495,342,553.0,410,1074.79,440664.32
1496,343,23.0,346,3611.06,1249427.74
1497,343,553.0,97,1182.07,114661.06
1498,343,243.0,493,140.61,69318.87
1499,343,483.0,189,3602.71,680912.89
1500,344,508.0,477,3468.53,1654486.64
1501,344,572.0,88,930.21,81858.82
1502,344,179.0,218,4927.18,1074125.1
1503,344,50.0,147,3084.84,453471.71
1504,345,593.0,91,2802.25,255004.7
1505,345,62.0,335,3138.65,1051446.19
1506,346,551.0,317,20.72,6569.5
1507,346,122.0,430,49.37,21230.37
1508,346,408.0,318,29.29,9313.75
1509,346,249.0,352,45.83,16133.42
1510,346,22.0,151,1700.16,256723.8
1511,347,281.0,37,321.96,11912.35
1512,348,375.0,244,3853.62,940282.87
1513,349,568.0,394,15.24,6004.56
1514,349,493.0,125,57.78,7222.5
1515,349,196.0,104,37.05,3853.2
1516,349,455.0,130,45.88,5964.4
1517,350,415.0,38,397.86,15118.58
1518,350,532.0,477,1773.8,846104.4
1519,350,414.0,80,2808.27,224661.99
1520,351,192.0,34,1702.65,57889.96
1521,351,553.0,118,1196.13,141143.05
1522,351,521.0,170,1355.36,230410.54
1523,351,505.0,192,2507.88,481513.16
1524,352,16.0,216,451.89,97607.55
1525,352,324.0,27,44.67,1206.11
1526,352,197.0,117,63.74,7457.91
1527,353,432.0,90,4988.0,448920.0
1528,353,222.0,497,2718.0,1350846.0
1529,353,170.0,324,1441.0,466884.0
1530,353,240.0,265,1562.0,413930.0
1531,353,283.0,379,820.0,310780.0
1532,354,572.0,465,1015.76,472326.59
1533,354,41.0,354,3815.7,1350759.44
1534,354,13.0,245,1978.96,484844.18
1535,354,108.0,114,5004.85,570552.41
1536,355,466.0,448,2077.06,930520.72
1537,355,332.0,163,2919.71,475911.94
1538,355,218.0,498,1675.22,834258.06
1539,356,15.0,485,1663.13,806620.15
1540,356,28.0,374,5196.52,1943497.81
1541,356,565.0,257,2521.17,647940.6
1542,356,255.0,117,3240.43,379130.73
1543,356,535.0,272,2506.21,681689.59
1544,357,53.0,209,3506.47,732852.44
1545,357,25.0,459,2162.8,992726.32
1546,357,182.0,343,536.55,184035.28
1547,357,69.0,22,4757.02,104654.38
1548,357,30.0,493,3127.43,1541824.99
1549,357,392.0,281,4066.47,1142678.82
1550,358,395.0,37,63.77,2359.31
1551,358,272.0,440,1598.18,703201.01
1552,358,170.0,310,18.13,5620.64
1553,359,82.0,221,2269.99,501668.28
1554,359,33.0,67,2025.81,135729.02
1555,359,375.0,172,3580.22,615797.7
1556,360,108.0,489,4742.98,2319317.12
1557,360,324.0,83,3657.13,303541.76
1558,360,243.0,181,152.07,27524.76
1559,361,165.0,147,1451.83,213419.27
1560,361,293.0,130,3578.46,465199.26
1561,361,597.0,45,1507.25,67826.4
1562,361,141.0,362,3054.51,1105731.24
1563,361,291.0,28,5835.86,163404.0
1564,362,192.0,18,1433.0,25794.0
1565,362,318.0,362,3915.0,1417230.0
1566,362,521.0,440,1175.0,517000.0
1567,362,553.0,324,1015.0,328860.0
1568,363,189.0,30,1273.14,38194.29
1569,363,159.0,500,6.23,3114.32
1570,363,386.0,43,200.76,8632.74
1571,363,374.0,153,3.53,539.76
1572,363,123.0,146,10.48,1530.76
1573,363,49.0,332,584.71,194124.68
1574,364,176.0,82,4948.99,405817.44
1575,364,317.0,324,5162.25,1672570.34
1576,364,308.0,171,1342.23,229521.94
1577,365,566.0,25,302.0,7550.0
1578,365,56.0,355,1439.0,510845.0
1579,365,188.0,404,4138.0,1671752.0
1580,365,433.0,79,4231.0,334249.0
1581,366,481.0,31,1571.37,48712.59
1582,366,129.0,162,807.15,130758.79
1583,366,62.0,162,3315.17,537058.08
1584,366,287.0,443,4881.46,2162487.58
1585,366,395.0,88,5065.9,445799.57
1586,366,598.0,383,1539.92,589789.46
1587,367,578.0,34,1898.63,64553.37
1588,367,185.0,295,4637.18,1367969.2
1589,367,565.0,90,2533.22,227990.17
1590,367,396.0,238,4537.31,1079878.87
1591,367,456.0,467,3503.29,1636036.63
1592,367,119.0,224,2720.67,609430.54
1593,368,137.0,218,2765.74,602931.92
1594,368,106.0,214,3620.67,774822.73
1595,369,108.0,160,5321.87,851499.71
1596,369,70.0,171,2687.97,459642.68
1597,369,558.0,254,3754.24,953577.61
1598,369,308.0,424,1279.11,542343.67
1599,370,139.0,231,4105.68,948412.54
1600,370,148.0,468,681.16,318781.71
1601,370,465.0,261,1993.07,520190.92
1602,370,200.0,256,2738.25,700990.83
1603,370,502.0,428,592.02,253386.65
1604,370,36.0,157,1614.32,253447.88
1605,370,559.0,20,1633.2,32664.05
1606,370,35.0,334,1927.92,643925.69
1607,371,446.0,23,3913.0,89999.0
1608,372,227.0,228,1963.0,447564.0
1609,372,273.0,194,2350.0,455900.0
1610,372,87.0,388,790.0,306520.0
1611,372,377.0,420,553.0,232260.0
1612,373,375.0,97,43.4,4210.16
1613,373,78.0,483,1047.69,506035.0
1614,373,568.0,180,16.1,2897.32
1615,374,41.0,432,3489.0,1507248.0
1616,374,306.0,16,400.0,6400.0
1617,374,578.0,50,1777.0,88850.0
1618,374,354.0,162,648.0,104976.0
1619,374,579.0,144,2182.0,314208.0
1620,374,335.0,280,4601.0,1288280.0
1621,375,486.0,481,2234.35,1074724.04
1622,375,450.0,199,1129.14,224697.99
1623,375,129.0,255,843.17,215009.42
1624,375,41.0,354,3803.73,1346520.02
1625,376,9.0,322,14.82,4770.71
1626,376,10.0,102,1429.38,145796.88
1627,376,375.0,70,42.95,3006.22
1628,376,38.0,136,1495.16,203341.89
1629,376,476.0,127,33.25,4222.2
1630,376,45.0,359,854.28,306688.28
1631,376,157.0,76,1812.64,137760.79
1632,377,493.0,432,5245.22,2265935.08
1633,377,119.0,329,2795.34,919665.23
1634,378,249.0,84,3461.17,290738.38
1635,378,43.0,312,3288.33,1025960.27
1636,378,192.0,188,1578.07,296677.52
1637,378,413.0,221,5170.06,1142583.16
1638,378,15.0,223,1734.79,386858.71
1639,378,255.0,288,3037.34,874755.29
1640,378,551.0,17,1677.47,28517.02
1641,379,255.0,61,3162.23,192896.14
1642,379,444.0,356,4671.38,1663010.44
1643,380,87.0,58,919.36,53322.99
1644,380,273.0,181,2482.84,449394.77
1645,380,227.0,311,2210.37,687425.61
1646,380,562.0,273,3375.88,921616.14
1647,380,446.0,314,4278.77,1343533.08
1648,380,377.0,19,642.26,12202.92
1649,381,111.0,81,1511.64,122442.52
1650,381,456.0,124,3431.17,425464.94
1651,381,462.0,320,4621.28,1478810.78
1652,381,210.0,212,5356.75,1135631.57
1653,381,89.0,357,2370.17,846150.86
1654,381,290.0,407,1406.58,572478.77
1655,382,319.0,328,647.0,212216.0
1656,382,530.0,85,2980.0,253300.0
1657,382,28.0,28,4343.0,121604.0
1658,383,199.0,343,236.0,80948.0
1659,383,37.0,445,1179.0,524655.0
1660,383,142.0,209,3963.0,828267.0
1661,383,452.0,380,3812.0,1448560.0
1662,383,68.0,188,4293.0,807084.0
1663,383,482.0,355,4142.0,1470410.0
1664,383,430.0,247,1069.0,264043.0
1665,384,582.0,473,3570.0,1688610.0
1666,384,410.0,327,655.0,214185.0
1667,384,317.0,45,4777.0,214965.0
1668,384,481.0,350,1479.0,517650.0
1669,384,550.0,394,1822.0,717868.0
1670,384,392.0,144,3698.0,532512.0
1671,385,206.0,474,2005.79,950746.52
1672,385,357.0,434,665.77,288945.48
1673,385,304.0,381,1264.32,481706.12
1674,385,565.0,455,2591.27,1179027.82
1675,385,226.0,481,3096.91,1489614.93
1676,385,128.0,401,2980.25,1195082.11
1677,386,391.0,189,15.71,2969.19
1678,387,59.0,364,3646.27,1327242.33
1679,387,494.0,144,3871.9,557553.21
1680,387,127.0,227,5040.48,1144189.87
1681,387,439.0,488,904.0,441151.06
1682,387,211.0,492,2337.88,1150239.23
1683,388,577.0,92,58.51,5382.92
1684,388,103.0,207,27.85,5764.95
1685,388,188.0,421,48.68,20494.28
1686,389,366.0,220,1331.0,292820.0
1687,390,87.0,314,9.29,2917.06
1688,390,70.0,448,28.38,12714.24
1689,390,510.0,234,57.18,13380.12
1690,391,325.0,72,697.61,50228.05
1691,391,172.0,199,6.42,1277.63
1692,391,154.0,19,567.47,10782.01
1693,391,374.0,11,3.66,40.29
1694,391,75.0,28,696.59,19504.55
1695,392,451.0,178,2258.46,402006.48
1696,392,133.0,330,1330.3,438998.77
1697,392,378.0,71,2660.48,188894.37
1698,392,281.0,421,317.35,133603.0
1699,392,427.0,272,4806.48,1307362.51
1700,392,457.0,253,635.41,160758.44
1701,392,72.0,184,5641.85,1038100.11
1702,393,572.0,45,1046.9,47110.58
1703,393,50.0,434,2802.44,1216258.16
1704,393,311.0,478,3678.71,1758425.54
1705,393,449.0,282,3687.04,1039744.01
1706,393,41.0,245,4161.65,1019603.24
1707,393,179.0,24,5038.44,120922.48
1708,393,399.0,365,3594.55,1312011.04
1709,394,110.0,498,4946.0,2463108.0
1710,394,330.0,189,2571.0,485919.0
1711,394,240.0,183,1562.0,285846.0
1712,394,242.0,258,2769.0,714402.0
1713,394,569.0,494,3714.0,1834716.0
1714,394,290.0,285,1315.0,374775.0
1715,395,469.0,68,1193.11,81131.71
1716,395,251.0,223,3218.77,717785.45
1717,395,509.0,313,2441.08,764058.07
1718,395,28.0,144,4714.63,678906.76
1719,395,122.0,479,4053.03,1941400.57
1720,396,494.0,241,45.33,10924.6
1721,396,390.0,134,29.73,3983.57
1722,396,42.0,189,62.0,11718.08
1723,396,368.0,373,39.56,14755.82
1724,397,551.0,154,1751.53,269735.42
1725,397,565.0,85,2792.32,237347.31
1726,397,530.0,28,3234.47,90565.21
1727,397,185.0,252,4468.61,1126088.96
1728,397,119.0,340,3075.37,1045625.38
1729,397,396.0,26,4928.42,128138.88
1730,397,304.0,362,1327.41,480521.26
1731,397,456.0,24,3383.57,81205.58
1732,398,570.0,421,58.0,24418.35
1733,398,360.0,401,1482.21,594367.23
1734,398,462.0,165,55.6,9173.56
1735,398,303.0,239,1989.62,475518.67
1736,398,488.0,498,213.35,106249.59
1737,398,42.0,106,60.58,6421.69
1738,399,172.0,81,6.12,495.68
1739,399,314.0,56,141.38,7917.04
1740,399,574.0,317,65.2,20668.23
1741,399,89.0,454,28.78,13066.43
1742,399,126.0,455,7.37,3353.75
1743,399,70.0,111,33.36,3703.22
1744,400,548.0,311,4721.0,1468231.0
1745,400,175.0,390,1828.0,712920.0
1746,400,352.0,362,1644.0,595128.0
1747,400,395.0,165,4599.0,758835.0
1748,400,593.0,248,2487.0,616776.0
1749,400,556.0,409,4496.0,1838864.0
1750,401,375.0,115,3779.99,434698.7
1751,402,313.0,183,4900.17,896731.97
1752,402,339.0,105,939.97,98696.78
1753,403,8.0,254,1298.65,329856.19
1754,403,446.0,123,4255.82,523466.4
1755,403,396.0,366,4731.15,1731602.17
1756,403,441.0,76,2721.03,206798.35
1757,403,560.0,481,471.3,226694.14
1758,403,368.0,222,3739.39,830144.83
1759,404,514.0,486,33.47,16266.42
1760,404,424.0,410,25.35,10393.5
1761,404,372.0,19,8.51,161.69
1762,404,582.0,104,42.0,4368.0
1763,404,571.0,484,1424.0,689216.0
1764,405,196.0,95,3373.21,320455.08
1765,405,176.0,466,4964.83,2313610.98
1766,405,70.0,359,2646.25,950002.07
1767,406,344.0,60,939.0,56340.0
1768,406,156.0,467,2815.0,1314605.0
1769,406,286.0,39,3848.0,150072.0
1770,406,94.0,467,2252.0,1051684.0
1771,406,313.0,77,4362.0,335874.0
1772,406,137.0,67,2397.0,160599.0
1773,406,511.0,221,3023.0,668083.0
1774,407,173.0,13,2410.64,31338.35
1775,407,561.0,402,3369.99,1354736.87
1776,407,437.0,288,5655.81,1628873.63
1777,407,342.0,198,4141.81,820078.67
1778,407,341.0,280,4970.05,1391614.37
1779,408,70.0,232,2626.96,609454.31
1780,408,50.0,161,2973.49,478731.82
1781,408,450.0,109,1208.62,131739.12
1782,408,308.0,454,1398.9,635100.09
1783,409,551.0,388,1528.0,592864.0
1784,409,512.0,68,2054.0,139672.0
1785,409,222.0,407,2718.0,1106226.0
1786,409,170.0,232,1441.0,334312.0
1787,409,89.0,215,2126.0,457090.0
1788,409,413.0,223,4355.0,971165.0
1789,409,319.0,156,647.0,100932.0
1790,409,71.0,215,3169.0,681335.0
1791,409,54.0,499,4745.0,2367755.0
1792,410,199.0,41,252.37,10347.21
1793,410,97.0,363,4272.38,1550872.73
1794,410,516.0,173,5214.56,902118.56
1795,410,266.0,87,5513.53,479677.1
1796,410,137.0,286,2559.88,732126.33
1797,410,213.0,165,2380.08,392712.99
1798,411,391.0,361,18.11,6538.83
1799,411,232.0,206,47.06,9693.48
1800,411,404.0,191,1919.31,366587.62
1801,411,227.0,178,25.05,4458.11
1802,411,593.0,221,33.57,7419.93
1803,411,287.0,57,55.51,3163.92
1804,412,309.0,474,1598.02,757462.62
1805,412,359.0,362,2.55,924.87
1806,412,84.0,236,52.36,12357.66
1807,413,165.0,371,1453.66,539306.35
1808,413,15.0,439,1787.95,784911.57
1809,413,293.0,55,3504.59,192752.41
1810,413,445.0,209,4502.23,940966.19
1811,413,319.0,89,706.43,62872.42
1812,414,80.0,149,32.71,4874.41
1813,414,566.0,425,4.04,1715.9
1814,414,123.0,287,9.96,2858.12
1815,415,16.0,487,410.25,199794.02
1816,415,244.0,371,63.61,23597.99
1817,415,151.0,395,29.84,11785.92
1818,415,538.0,338,1.88,634.58
1819,415,69.0,355,58.54,20783.41
1820,415,335.0,374,60.15,22497.63
1821,415,324.0,215,46.76,10053.56
1822,415,146.0,68,61.27,4166.32
1823,416,259.0,459,51.89,23817.51
1824,417,377.0,286,657.74,188114.89
1825,417,543.0,215,2540.33,546170.29
1826,417,490.0,99,4426.01,438174.96
1827,417,217.0,238,3722.8,886025.85
1828,418,266.0,442,4966.0,2194972.0
1829,418,398.0,228,1720.0,392160.0
1830,418,549.0,267,923.0,246441.0
1831,418,51.0,219,851.0,186369.0
1832,418,27.0,78,362.0,28236.0
1833,419,176.0,192,4866.35,934339.06
1834,419,424.0,21,2407.6,50559.5
1835,419,357.0,352,599.6,211060.75
1836,419,363.0,98,3060.08,299888.31
1837,419,354.0,33,734.91,24252.18
1838,419,316.0,209,4977.61,1040320.43
1839,420,346.0,353,1094.03,386193.68
1840,420,244.0,258,57.44,14820.68
1841,420,77.0,472,916.95,432802.11
1842,420,474.0,463,15.32,7091.07
1843,420,515.0,374,28.9,10809.55
1844,421,251.0,97,2703.0,262191.0
1845,421,108.0,147,4469.0,656943.0
1846,421,359.0,372,202.0,75144.0
1847,421,239.0,134,1092.0,146328.0
1848,422,402.0,294,1926.8,566478.04
1849,422,475.0,359,595.71,213861.28
1850,422,430.0,478,1126.12,538286.12
1851,422,296.0,316,3914.56,1237000.83
1852,422,348.0,147,1369.86,201369.28
1853,423,556.0,63,5323.53,335382.47
1854,424,160.0,186,27.65,5142.9
1855,424,11.0,89,1573.2,140014.8
1856,424,550.0,377,21.44,8082.88
1857,424,80.0,329,28.96,9527.84
1858,424,570.0,199,53.48,10642.52
1859,425,85.0,212,2575.78,546065.2
1860,425,529.0,354,1979.28,700664.48
1861,426,185.0,404,53.47,21602.9
1862,427,285.0,337,1191.39,401497.8
1863,427,406.0,121,2977.97,360334.72
1864,427,265.0,194,4744.15,920364.56
1865,427,483.0,405,3377.63,1367940.28
1866,427,243.0,287,146.16,41946.66
1867,427,319.0,118,770.88,90963.85
1868,428,126.0,439,526.0,230914.0
1869,428,570.0,271,4546.0,1231966.0
1870,429,259.0,85,4411.0,374935.0
1871,430,451.0,393,1927.0,757311.0
1872,430,498.0,314,4868.0,1528552.0
1873,430,367.0,410,123.0,50430.0
1874,431,283.0,106,10.2,1081.09
1875,431,282.0,433,445.79,193027.86
1876,432,597.0,312,1427.1,445255.62
1877,432,306.0,100,448.65,44865.26
1878,432,370.0,490,1365.11,668905.11
1879,432,172.0,348,559.69,194770.46
1880,433,111.0,360,1633.19,587948.36
1881,433,515.0,485,2278.04,1104850.53
1882,433,499.0,338,5336.68,1803798.46
1883,433,122.0,70,4427.15,309900.52
1884,433,165.0,47,1479.17,69521.05
1885,433,324.0,279,3683.45,1027681.35
1886,434,497.0,331,1688.27,558818.84
1887,434,115.0,75,218.4,16379.83
1888,434,25.0,434,26.04,11300.52
1889,434,147.0,46,17.02,783.0
1890,435,524.0,496,34.64,17181.44
1891,435,422.0,467,32.81,15322.27
1892,435,591.0,372,58.56,21784.32
1893,435,251.0,31,31.8,985.8
1894,435,165.0,154,15.59,2400.86
1895,435,510.0,232,57.18,13265.76
1896,436,572.0,345,10.41,3591.45
1897,436,571.0,271,1424.0,385904.0
1898,436,345.0,14,44.76,626.64
1899,436,514.0,406,33.47,13588.82
1900,436,483.0,342,37.29,12753.18
1901,437,510.0,221,60.39,13345.54
1902,437,446.0,369,53.46,19726.52
1903,437,113.0,300,900.66,270198.62
1904,437,119.0,312,32.75,10218.17
1905,438,351.0,103,3495.71,360058.05
1906,438,95.0,220,1990.6,437931.13
1907,438,68.0,320,4554.5,1457440.81
1908,438,204.0,54,3284.63,177370.2
1909,438,342.0,200,4123.48,824695.26
1910,438,135.0,235,3603.83,846900.73
1911,438,485.0,350,3068.5,1073974.22
1912,439,239.0,397,1092.0,433524.0
1913,439,512.0,189,2054.0,388206.0
1914,439,151.0,338,2260.0,763880.0
1915,439,446.0,76,3913.0,297388.0
1916,439,244.0,495,4522.0,2238390.0
1917,440,172.0,491,517.57,254126.6
1918,441,551.0,338,1711.91,578626.24
1919,441,505.0,286,2447.15,699884.0
1920,441,491.0,261,1867.94,487531.51
1921,441,15.0,419,1813.68,759929.91
1922,442,404.0,401,1646.96,660430.96
1923,442,196.0,56,37.05,2074.8
1924,442,591.0,371,58.56,21725.76
1925,442,287.0,437,49.31,21548.47
1926,442,227.0,363,23.09,8381.67
1927,442,205.0,225,30.42,6844.5
1928,443,283.0,377,11.25,4243.02
1929,443,395.0,217,64.02,13893.35
1930,443,486.0,25,25.82,645.55
1931,443,25.0,63,24.47,1541.32
1932,443,424.0,18,27.0,485.91
1933,444,80.0,225,2693.71,606085.55
1934,444,474.0,454,1339.41,608092.17
1935,444,194.0,352,2232.44,785818.42
1936,444,393.0,159,1645.62,261654.06
1937,444,251.0,358,3015.05,1079388.33
1938,444,43.0,315,3369.41,1061365.28
1939,445,108.0,236,4469.0,1054684.0
1940,446,273.0,396,30.37,12028.33
1941,446,325.0,292,696.08,203254.52
1942,446,33.0,456,23.22,10589.97
1943,446,154.0,183,572.07,104689.13
1944,446,395.0,442,63.79,28195.55
1945,446,110.0,72,66.31,4774.48
1946,446,12.0,313,1258.48,393903.54
1947,447,416.0,51,56.75,2894.44
1948,447,170.0,231,18.28,4223.17
1949,447,314.0,163,139.42,22725.4
1950,447,75.0,403,716.39,288705.48
1951,447,240.0,15,20.99,314.84
1952,447,232.0,435,45.96,19994.28
1953,448,393.0,352,1764.12,620969.96
1954,448,366.0,67,1594.27,106815.86
1955,448,23.0,39,3270.53,127550.55
1956,448,215.0,19,2313.99,43965.8
1957,448,285.0,443,1139.27,504695.16
1958,448,102.0,130,3149.74,409466.62
1959,449,395.0,408,61.68,25166.49
1960,450,491.0,243,2031.93,493760.08
1961,450,185.0,92,5034.41,463165.91
1962,450,335.0,379,5508.43,2087694.63
1963,450,15.0,393,1637.89,643691.02
1964,450,505.0,26,2458.51,63921.34
1965,451,300.0,356,3749.0,1334644.0
1966,451,352.0,367,1644.0,603348.0
1967,451,202.0,348,4926.0,1714248.0
1968,451,317.0,100,4777.0,477700.0
1969,451,579.0,197,2182.0,429854.0
1970,452,469.0,438,1197.79,524633.97
1971,452,251.0,371,2856.24,1059663.47
1972,452,122.0,45,4344.73,195513.03
1973,452,48.0,79,201.9,15950.02
1974,453,87.0,67,886.03,59364.04
1975,453,227.0,112,2352.37,263465.98
1976,453,377.0,323,621.02,200590.77
1977,454,335.0,433,61.92,26809.22
1978,454,113.0,179,827.26,148079.9
1979,454,259.0,360,57.84,20822.72
1980,455,392.0,492,4271.91,2101777.98
1981,455,340.0,123,4277.88,526179.11
1982,455,210.0,253,5332.59,1349145.99
1983,455,550.0,302,2078.16,627604.52
1984,455,409.0,389,2058.51,800760.44
1985,455,255.0,484,2916.98,1411818.95
1986,456,486.0,228,25.69,5858.21
1987,456,230.0,127,559.41,71045.33
1988,456,472.0,80,1962.12,156969.22
1989,457,262.0,167,2820.96,471099.49
1990,457,202.0,283,5350.46,1514180.59
1991,458,23.0,405,3348.5,1356141.5
1992,459,404.0,397,1768.95,702274.88
1993,459,227.0,439,25.69,11277.05
1994,459,578.0,321,24.67,7918.95
1995,459,593.0,244,32.16,7848.08
1996,459,211.0,200,27.53,5506.27
1997,459,528.0,322,1357.54,437129.29
1998,459,242.0,91,37.79,3438.85
1999,459,196.0,369,42.01,15500.47
2000,459,232.0,500,50.34,25171.15
2001,460,456.0,339,3361.07,1139403.28
2002,461,81.0,21,9.53,200.13
2003,461,306.0,348,4.71,1639.08
2004,461,102.0,455,33.14,15078.7
2005,462,285.0,258,1160.17,299322.91
2006,462,28.0,194,4570.98,886769.97
2007,462,205.0,165,3054.8,504041.61
2008,462,471.0,109,634.27,69135.87
2009,462,524.0,472,3424.7,1616459.82
2010,462,23.0,197,3625.86,714295.13
2011,462,582.0,320,4079.17,1305335.95
2012,463,151.0,130,2456.55,319351.26
2013,463,8.0,361,1281.15,462494.58
2014,463,53.0,459,3575.51,1641159.98
2015,463,565.0,219,2747.01,601594.96
2016,463,48.0,87,192.53,16749.98
2017,464,199.0,17,260.06,4421.03
2018,464,437.0,387,5459.08,2112665.14
2019,464,485.0,213,2853.05,607698.89
2020,464,465.0,127,1867.58,237182.73
2021,464,342.0,159,3957.01,629165.1
2022,465,54.0,401,62.65,25122.3
2023,465,232.0,287,46.25,13273.33
2024,465,62.0,459,39.28,18030.84
2025,465,285.0,155,13.43,2082.28
2026,466,70.0,469,2412.0,1131228.0
2027,466,408.0,162,2142.0,347004.0
2028,466,450.0,280,1010.0,282800.0
2029,466,80.0,387,2462.0,952794.0
2030,467,50.0,169,2904.65,490885.89
2031,467,217.0,225,3830.18,861789.98
2032,468,192.0,151,19.37,2925.56
2033,468,38.0,341,1532.66,522636.01
2034,468,178.0,104,66.44,6909.75
2035,468,525.0,12,1628.33,19539.97
2036,468,240.0,358,20.99,7514.59
2037,468,311.0,489,38.8,18971.54
2038,468,583.0,19,12.79,242.95
2039,469,308.0,292,1405.84,410504.32
2040,469,548.0,384,5489.84,2108097.98
2041,469,406.0,411,3017.03,1239999.58
2042,469,176.0,252,5037.34,1269410.93
2043,470,528.0,317,1275.68,404390.56
2044,470,404.0,253,1646.96,416680.88
2045,470,59.0,461,39.73,18315.53
2046,470,593.0,338,29.26,9889.88
2047,470,287.0,476,49.31,23471.56
2048,470,242.0,470,32.58,15312.6
2049,470,232.0,225,42.62,9589.5
2050,471,551.0,365,1787.73,652523.22
2051,471,578.0,473,1869.07,884071.4
2052,471,530.0,28,3284.18,91956.93
2053,471,185.0,288,4728.81,1361897.44
2054,471,456.0,456,3437.37,1567442.45
2055,471,304.0,302,1262.38,381237.32
2056,472,392.0,189,4247.34,802746.39
2057,472,102.0,273,3338.95,911532.29
2058,472,597.0,298,1357.2,404446.66
2059,472,317.0,129,5178.31,668001.77
2060,472,481.0,226,1588.27,358948.72
2061,472,285.0,454,1234.65,560531.44
2062,473,57.0,360,616.47,221929.2
2063,473,222.0,99,31.98,3166.02
2064,473,243.0,168,1.54,258.72
2065,473,407.0,413,10.73,4431.49
2066,473,13.0,371,20.22,7501.62
2067,473,600.0,441,327.66,144498.06
2068,473,352.0,305,19.34,5898.7
2069,474,582.0,90,48.16,4334.76
2070,474,167.0,23,7.09,163.13
2071,474,74.0,236,18.38,4337.97
2072,475,537.0,53,1058.0,56074.0
2073,475,220.0,295,2633.0,776735.0
2074,475,333.0,225,3256.0,732600.0
2075,475,465.0,492,1752.0,861984.0
2076,475,417.0,270,3794.0,1024380.0
2077,475,52.0,320,4958.0,1586560.0
2078,475,66.0,394,151.0,59494.0
2079,475,423.0,110,2500.0,275000.0
2080,476,567.0,412,53.92,22215.04
2081,476,251.0,483,31.8,15359.4
2082,476,62.0,438,32.78,14357.64
2083,477,84.0,85,4479.77,380780.28
2084,477,371.0,382,5195.6,1984718.48
2085,477,29.0,252,5015.12,1263810.61
2086,477,28.0,480,4993.02,2396648.25
2087,477,304.0,283,1308.14,370203.82
2088,477,48.0,315,195.45,61565.29
2089,477,450.0,20,1116.0,22319.99
2090,477,396.0,97,4744.78,460243.54
2091,478,1.0,419,119.0,49861.0
2092,478,142.0,392,3963.0,1553496.0
2093,478,133.0,465,1154.0,536610.0
2094,478,83.0,335,3324.0,1113540.0
2095,478,536.0,450,3268.0,1470600.0
2096,478,207.0,261,2057.0,536877.0
2097,479,439.0,483,905.27,437247.75
2098,479,201.0,321,5013.64,1609379.5
2099,479,357.0,166,641.8,106538.18
2100,479,206.0,251,1930.92,484660.22
2101,479,232.0,177,3869.58,684915.0
2102,479,170.0,26,1652.77,42971.99
2103,480,409.0,208,22.64,4709.12
2104,480,159.0,436,5.34,2328.24
2105,481,449.0,231,3986.54,920890.97
2106,481,509.0,98,2572.66,252121.16
2107,481,29.0,204,5647.51,1152091.51
2108,481,512.0,395,2447.58,966796.06
2109,481,419.0,280,1954.44,547242.0
2110,481,493.0,120,5597.47,671696.38
2111,481,192.0,357,1560.16,556978.16
2112,482,89.0,182,29.58,5383.69
2113,482,179.0,284,61.84,17563.51
2114,483,242.0,442,2769.0,1223898.0
2115,483,558.0,99,3183.0,315117.0
2116,483,54.0,281,4745.0,1333345.0
2117,483,240.0,48,1562.0,74976.0
2118,484,396.0,210,4173.0,876330.0
2119,484,304.0,137,1143.0,156591.0
2120,484,84.0,183,4212.0,770796.0
2121,484,371.0,284,4754.0,1350136.0
2122,484,165.0,169,1325.0,223925.0
2123,485,493.0,41,5434.02,222795.0
2124,485,176.0,391,5009.34,1958653.72
2125,485,330.0,182,2933.22,533846.76
2126,486,593.0,453,2487.0,1126611.0
2127,486,175.0,372,1828.0,680016.0
2128,486,335.0,500,4601.0,2300500.0
2129,486,377.0,340,553.0,188020.0
2130,486,399.0,331,3386.0,1120766.0
2131,486,565.0,266,2377.0,632282.0
2132,486,556.0,462,4496.0,2077152.0
2133,487,82.0,500,27.46,13728.68
2134,487,600.0,268,389.49,104383.27
2135,487,441.0,245,30.71,7523.02
2136,488,74.0,402,16.91,6797.82
2137,488,407.0,112,10.73,1201.76
2138,488,505.0,203,26.22,5322.66
2139,488,47.0,171,670.56,114665.76
2140,488,372.0,467,8.51,3974.17
2141,488,321.0,348,135.12,47021.76
2142,488,481.0,302,17.4,5254.8
2143,489,151.0,193,26.59,5131.87
2144,489,407.0,363,10.73,3894.99
2145,489,198.0,124,11.56,1433.44
2146,490,475.0,199,543.56,108168.54
2147,490,258.0,91,4653.07,423429.08
2148,490,402.0,96,1776.7,170562.82
2149,490,348.0,38,1400.73,53227.62
2150,491,202.0,314,5227.33,1641381.55
2151,491,59.0,91,3686.63,335483.26
2152,492,351.0,471,3294.75,1551825.36
2153,492,138.0,435,1887.45,821040.88
2154,492,342.0,47,4200.07,197403.37
2155,493,462.0,393,46.76,18376.68
2156,493,305.0,330,887.62,292914.6
2157,493,410.0,373,7.71,2875.83
2158,494,324.0,168,45.77,7689.95
2159,494,259.0,41,58.9,2414.75
2160,494,146.0,142,64.23,9121.34
2161,494,335.0,224,56.94,12754.78
2162,494,319.0,267,8.64,2305.91
2163,495,572.0,482,1022.42,492806.22
2164,495,285.0,272,1119.32,304455.44
2165,495,425.0,255,2842.87,724932.91
2166,495,395.0,77,4905.33,377710.61
2167,495,111.0,424,1480.46,627716.39
2168,495,300.0,428,4105.73,1757252.61
2169,495,481.0,391,1770.63,692315.0
2170,495,317.0,63,5472.57,344771.65
2171,496,128.0,84,2905.66,244075.27
2172,496,565.0,409,2627.35,1074587.88
2173,496,553.0,190,1179.11,224031.41
2174,496,439.0,481,906.57,436059.85
2175,496,226.0,67,3068.86,205613.94
2176,496,232.0,211,4036.56,851714.18
2177,497,439.0,135,803.78,108510.84
2178,497,28.0,432,5008.39,2163624.5
2179,497,122.0,414,4370.27,1809291.4
2180,497,125.0,40,5423.82,216952.86
2181,497,48.0,364,194.93,70954.09
2182,498,553.0,432,1200.89,518786.22
2183,498,62.0,21,3128.08,65689.78
2184,498,370.0,168,1335.73,224402.64
2185,499,196.0,497,40.91,20330.48
2186,499,293.0,500,37.87,18936.18
2187,499,211.0,162,28.88,4678.15
2188,499,59.0,229,43.47,9954.08
2189,499,578.0,369,23.58,8700.13
2190,499,528.0,142,1428.6,202861.12
2191,500,275.0,195,49.42,9636.37
2192,500,80.0,180,31.08,5593.56
2193,500,11.0,60,1739.25,104354.79
2194,500,570.0,91,62.19,5658.87
2195,500,54.0,53,64.49,3417.72
2196,500,550.0,490,24.14,11828.82
2197,501,188.0,411,4834.45,1986959.17
2198,501,375.0,91,3614.83,328949.1
2199,501,566.0,247,328.32,81094.48
2200,501,433.0,298,5074.77,1512282.42
2201,502,426.0,383,114.6,43891.8
2202,502,571.0,295,1424.0,420080.0
2203,502,8.0,292,14.09,4114.28
2204,502,275.0,251,43.78,10988.78
2205,502,79.0,481,18.75,9018.75
2206,502,119.0,25,30.41,760.25
2207,502,314.0,40,127.69,5107.6
2208,502,460.0,21,12.02,252.42
2209,502,300.0,320,44.11,14115.2
2210,503,449.0,74,3903.92,288890.14
2211,503,167.0,404,571.32,230812.56
2212,503,489.0,468,562.09,263058.79
2213,503,23.0,195,3583.28,698740.16
2214,503,59.0,142,3655.75,519115.81
2215,503,87.0,286,892.41,255229.89
2216,503,41.0,360,4056.22,1460238.95
2217,504,387.0,177,4658.47,824549.57
2218,505,163.0,166,2161.64,358832.59
2219,505,529.0,193,1807.77,348899.69
2220,505,417.0,363,4532.99,1645476.26
2221,505,279.0,201,4787.86,962359.37
2222,505,587.0,73,450.72,32902.92
2223,505,171.0,232,888.99,206246.58
2224,506,170.0,381,16.95,6457.95
2225,506,185.0,422,49.38,20838.36
2226,507,147.0,14,18.33,256.66
2227,507,556.0,69,62.42,4306.71
2228,507,115.0,388,209.71,81365.93
2229,508,54.0,392,55.82,21881.44
2230,509,48.0,163,187.23,30519.08
2231,509,122.0,19,4149.52,78840.96
2232,509,469.0,258,1190.15,307059.23
2233,509,28.0,439,4835.13,2122622.25
2234,509,509.0,453,2455.5,1112339.27
2235,509,251.0,395,3157.34,1247149.35
2236,510,562.0,38,3332.08,126619.05
2237,510,196.0,492,3571.78,1757316.6
2238,510,588.0,364,319.98,116470.96
2239,510,60.0,365,3555.2,1297647.86
2240,510,301.0,179,287.42,51447.97
2241,511,54.0,96,62.5,5999.6
2242,511,567.0,244,64.42,15718.2
2243,511,251.0,378,36.5,13798.52
2244,511,285.0,190,13.34,2534.84
2245,511,62.0,385,38.82,14944.73
2246,512,127.0,187,4758.08,889761.35
2247,512,170.0,350,1628.39,569935.1
2248,512,553.0,216,1191.7,257406.88
2249,513,426.0,346,133.47,46182.3
2250,513,567.0,296,62.13,18391.42
2251,513,395.0,335,64.09,21470.11
2252,514,508.0,437,3369.86,1472630.81
2253,514,493.0,359,5156.95,1851345.57
2254,514,300.0,343,3984.58,1366709.48
2255,514,425.0,322,2765.41,890460.99
2256,514,512.0,262,2232.33,584869.85
2257,514,147.0,439,1519.88,667228.63
2258,514,158.0,329,522.21,171806.18
2259,514,170.0,50,1600.04,80002.07
2260,515,551.0,183,17.98,3290.34
2261,515,449.0,244,39.29,9586.76
2262,515,206.0,22,19.73,434.06
2263,516,12.0,109,1195.14,130270.26
2264,516,359.0,148,2.38,352.24
2265,516,390.0,351,27.61,9691.11
2266,516,583.0,329,10.68,3513.72
2267,516,510.0,457,57.18,26131.26
2268,516,42.0,99,57.29,5671.71
2269,516,309.0,456,1388.47,633142.32
2270,517,255.0,310,2763.0,856530.0
2271,517,194.0,394,1927.0,759238.0
2272,517,42.0,369,4870.0,1797030.0
2273,517,425.0,295,2484.0,732780.0
2274,518,354.0,103,8.88,914.26
2275,518,489.0,484,6.47,3132.91
2276,519,199.0,56,236.0,13216.0
2277,519,241.0,196,1614.0,316344.0
2278,519,467.0,91,3167.0,288197.0
2279,520,201.0,166,4745.0,787670.0
2280,520,416.0,451,4427.0,1996577.0
2281,520,357.0,390,570.0,222300.0
2282,520,439.0,488,762.0,371856.0
2283,520,565.0,89,2377.0,211553.0
2284,520,125.0,470,4723.0,2219810.0
2285,521,129.0,355,816.67,289916.43
2286,521,54.0,174,5527.18,961729.16
2287,521,153.0,161,2752.92,443220.34
2288,521,243.0,54,143.26,7736.13
2289,522,103.0,28,2537.53,71050.94
2290,522,377.0,447,606.77,271226.8
2291,522,311.0,307,3684.45,1131125.9
2292,522,340.0,306,4322.79,1322774.69
2293,522,543.0,274,2720.8,745498.3
2294,522,395.0,473,5308.93,2511123.58
2295,523,538.0,172,152.49,26228.42
2296,523,15.0,65,1799.82,116988.59
2297,524,577.0,238,58.51,13925.38
2298,524,354.0,336,7.62,2560.32
2299,524,301.0,392,2.93,1148.56
2300,524,375.0,336,39.69,13335.84
2301,524,366.0,124,15.66,1941.84
2302,524,125.0,129,55.56,7167.24
2303,525,185.0,48,55.8,2678.5
2304,525,314.0,80,149.41,11953.15
2305,525,79.0,494,21.45,10597.72
2306,525,456.0,460,41.84,19248.57
2307,525,318.0,107,48.81,5222.67
2308,525,170.0,352,19.67,6924.86
2309,525,416.0,13,60.76,789.9
2310,525,345.0,496,52.56,26068.15
2311,526,70.0,424,30.73,13029.34
2312,526,582.0,456,49.18,22427.22
2313,526,81.0,331,10.82,3581.84
2314,526,306.0,318,5.19,1650.67
2315,526,48.0,461,2.3,1061.64
2316,526,287.0,285,57.0,16244.8
2317,527,200.0,287,2747.49,788529.78
2318,527,367.0,416,135.83,56506.38
2319,528,577.0,353,5841.06,2061895.72
2320,528,108.0,272,4888.3,1329616.64
2321,528,439.0,324,904.62,293098.06
2322,528,227.0,203,2274.92,461809.28
2323,528,243.0,139,139.04,19325.98
2324,528,62.0,264,3026.53,799003.13
2325,529,514.0,159,33.47,5321.73
2326,530,422.0,177,3086.92,546384.67
2327,530,462.0,128,4338.93,555383.52
2328,531,218.0,414,1801.78,745938.69
2329,531,39.0,77,4406.55,339304.14
2330,531,332.0,214,3201.7,685164.0
2331,531,286.0,498,4445.06,2213640.58
2332,532,189.0,202,1073.75,216897.5
2333,533,25.0,39,24.19,943.59
2334,533,488.0,224,222.6,49861.89
2335,534,459.0,139,4990.57,693688.72
2336,534,590.0,387,2743.95,1061906.72
2337,534,351.0,123,3527.82,433921.72
2338,534,173.0,197,2372.55,467392.74
2339,534,294.0,385,969.22,373150.66
2340,535,89.0,442,2528.94,1117791.39
2341,535,422.0,429,3012.37,1292305.44
2342,535,210.0,367,5852.12,2147728.13
2343,536,103.0,22,27.85,612.7
2344,536,330.0,214,30.25,6473.5
2345,536,450.0,216,11.88,2566.08
2346,537,123.0,382,788.0,301016.0
2347,537,102.0,78,2817.0,219726.0
2348,537,285.0,168,1054.0,177072.0
2349,537,308.0,52,1192.0,61984.0
2350,538,236.0,498,3403.36,1694872.34
2351,538,222.0,119,2977.19,354285.07
2352,538,490.0,241,4151.51,1000513.08
2353,538,444.0,141,4992.2,703900.37
2354,538,117.0,257,376.39,96733.17
2355,538,481.0,321,1762.28,565691.75
2356,538,147.0,58,1566.45,90853.86
2357,539,548.0,268,5362.85,1437243.03
2358,539,317.0,411,5076.1,2086278.92
2359,539,560.0,168,472.05,79304.76
2360,539,481.0,219,1758.33,385073.73
2361,539,306.0,72,457.53,32942.45
2362,539,556.0,70,5200.32,364022.31
2363,540,481.0,113,1721.49,194528.37
2364,540,490.0,475,4305.33,2045029.6
2365,540,123.0,313,877.51,274659.84
2366,540,102.0,374,3219.25,1203998.72
2367,540,147.0,68,1441.53,98024.18
2368,541,259.0,374,4411.0,1649714.0
2369,541,306.0,377,400.0,150800.0
2370,541,565.0,466,2377.0,1107682.0
2371,541,513.0,265,3697.0,979705.0
2372,541,153.0,209,2442.0,510378.0
2373,541,293.0,355,3065.0,1088075.0
2374,541,211.0,148,2054.0,303992.0
2375,542,314.0,442,142.56,63009.72
2376,542,416.0,157,59.42,9328.16
2377,542,170.0,300,18.07,5421.51
2378,542,75.0,396,681.75,269972.61
2379,543,13.0,130,1840.15,239219.79
2380,543,239.0,91,1247.88,113556.73
2381,543,170.0,105,1719.72,180570.9
2382,543,179.0,194,5234.2,1015434.11
2383,544,543.0,138,30.35,4188.85
2384,544,574.0,353,62.12,21926.65
2385,544,291.0,195,62.48,12183.98
2386,544,334.0,223,176.66,39394.4
2387,545,556.0,254,5140.19,1305607.48
2388,545,308.0,239,1300.72,310871.58
2389,545,141.0,214,2995.34,641002.09
2390,545,406.0,353,3066.11,1082336.63
2391,545,160.0,398,2668.76,1062167.64
2392,545,306.0,360,432.03,155532.13
2393,546,196.0,459,37.05,17005.95
2394,546,528.0,69,1275.68,88021.92
2395,546,391.0,492,15.71,7729.32
2396,546,578.0,470,20.91,9827.7
2397,546,404.0,278,1646.96,457854.88
2398,546,211.0,321,24.16,7755.36
2399,546,59.0,317,39.73,12594.41
2400,546,232.0,460,42.62,19605.2
2401,547,553.0,97,1179.13,114375.92
2402,547,318.0,208,4390.64,913253.61
2403,547,521.0,72,1316.78,94808.39
2404,548,218.0,42,1591.0,66822.0
2405,549,197.0,54,61.53,3322.43
2406,549,185.0,486,58.58,28469.18
2407,549,259.0,441,55.35,24407.3
2408,550,172.0,423,563.95,238552.29
2409,550,597.0,292,1446.46,422367.49
2410,550,306.0,95,470.87,44732.55
2411,550,370.0,33,1388.13,45808.24
2412,551,68.0,345,4293.0,1481085.0
2413,551,199.0,108,236.0,25488.0
2414,551,342.0,363,3527.0,1280301.0
2415,551,557.0,312,308.0,96096.0
2416,551,37.0,260,1179.0,306540.0
2417,552,566.0,178,358.19,63757.98
2418,553,49.0,398,556.22,221376.7
2419,554,79.0,290,21.44,6217.11
2420,554,202.0,198,64.94,12857.74
2421,554,300.0,379,51.29,19440.03
2422,554,318.0,384,50.09,19234.1
2423,554,30.0,143,38.3,5476.71
2424,554,41.0,412,44.33,18264.43
2425,554,525.0,398,1655.12,658738.73
2426,554,562.0,174,39.13,6808.72
2427,555,570.0,247,53.48,13209.56
2428,555,360.0,193,1252.56,241744.08
2429,556,377.0,134,604.11,80950.13
2430,556,23.0,302,3254.3,982799.7
2431,556,87.0,181,897.36,162422.66
2432,556,146.0,215,5327.85,1145487.07
2433,556,318.0,266,4565.62,1214453.82
2434,556,530.0,413,3399.38,1403944.56
2435,556,490.0,416,4291.57,1785294.72
2436,556,217.0,61,3749.93,228745.66
2437,557,196.0,444,37.05,16450.2
2438,557,524.0,269,34.64,9318.16
2439,557,345.0,198,44.76,8862.48
2440,558,150.0,76,160.83,12222.87
2441,558,89.0,399,26.42,10539.81
2442,559,201.0,296,5536.82,1638898.52
2443,559,304.0,418,1339.94,560094.22
2444,559,357.0,245,672.01,164642.41
2445,560,54.0,303,55.82,16913.46
2446,561,354.0,454,705.23,320174.81
2447,561,424.0,298,2273.57,677524.75
2448,561,538.0,234,145.69,34090.7
2449,561,363.0,53,2980.36,157959.14
2450,561,176.0,466,4656.51,2169932.54
2451,561,357.0,408,660.93,269661.3
2452,561,316.0,98,4660.7,456748.37
2453,562,273.0,190,2693.35,511736.46
2454,562,446.0,16,4507.66,72122.59
2455,562,87.0,243,871.17,211693.83
2456,562,227.0,374,2296.88,859031.56
2457,563,543.0,50,31.43,1571.31
2458,563,600.0,208,375.13,78027.89
2459,563,222.0,161,38.27,6161.38
2460,563,57.0,361,663.31,239454.52
2461,563,360.0,73,1332.61,97280.79
2462,564,4.0,258,435.0,112230.0
2463,564,259.0,272,4411.0,1199792.0
2464,564,243.0,300,131.0,39300.0
2465,564,227.0,318,1963.0,624234.0
2466,564,324.0,59,3468.0,204612.0
2467,564,192.0,193,1433.0,276569.0
2468,564,25.0,413,1892.0,781396.0
2469,564,439.0,79,762.0,60198.0
2470,565,433.0,369,4701.84,1734979.24
2471,565,275.0,206,4346.21,895319.84
2472,565,566.0,200,353.15,70630.73
2473,565,56.0,462,1620.35,748602.83
2474,565,375.0,486,3590.21,1744842.93
2475,565,188.0,64,4387.35,280790.2
2476,566,196.0,423,37.05,15672.15
2477,567,110.0,324,58.19,18853.56
2478,567,597.0,185,15.14,2800.9
2479,567,366.0,493,15.66,7720.38
2480,567,392.0,112,43.51,4873.12
2481,567,129.0,227,8.78,1993.06
2482,567,192.0,435,16.86,7334.1
2483,567,527.0,102,1715.25,174955.5
2484,568,542.0,251,61.38,15407.5
2485,568,416.0,67,60.13,4028.94
2486,568,392.0,456,48.05,21910.23
2487,568,110.0,149,65.37,9740.03
2488,568,308.0,383,15.31,5865.02
2489,569,449.0,290,3340.0,968600.0
2490,569,227.0,202,1963.0,396526.0
2491,570,113.0,213,815.05,173605.48
2492,570,421.0,403,362.34,146024.6
2493,570,519.0,22,4.5,99.01
2494,570,196.0,279,42.02,11724.67
2495,570,372.0,361,9.67,3490.74
2496,570,489.0,148,6.55,968.66
2497,570,273.0,376,33.09,12440.75
2498,570,53.0,361,44.38,16019.63
2499,571,583.0,127,11.64,1477.71
2500,571,210.0,355,61.51,21834.88
2501,572,565.0,450,2698.25,1214213.67
2502,572,515.0,181,2305.04,417211.76
2503,572,530.0,201,3555.51,714657.2
2504,572,119.0,410,2962.59,1214661.68
2505,573,366.0,228,1331.0,303468.0
2506,573,285.0,311,1054.0,327794.0
2507,573,147.0,348,1369.0,476412.0
2508,573,110.0,492,4946.0,2433432.0
2509,573,481.0,476,1479.0,704004.0
2510,573,236.0,345,3063.0,1056735.0
2511,573,117.0,323,322.0,104006.0
2512,574,578.0,300,2081.28,624383.04
2513,574,354.0,175,775.07,135637.82
2514,574,306.0,194,434.88,84366.23
2515,574,50.0,238,2913.13,693324.12
2516,574,335.0,162,5453.29,883433.45
2517,575,422.0,58,2789.0,161762.0
2518,575,456.0,10,3117.0,31170.0
2519,576,89.0,461,26.86,12380.25
2520,576,70.0,360,30.92,11132.63
2521,576,324.0,215,45.36,9752.84
2522,576,29.0,196,59.71,11702.91
2523,576,314.0,259,135.43,35075.41
2524,576,580.0,67,372.63,24965.95
2525,577,515.0,30,2259.81,67794.27
2526,577,151.0,453,2662.81,1206253.56
2527,577,425.0,212,2923.42,619764.79
2528,577,217.0,170,3898.31,662712.52
2529,577,582.0,365,3800.41,1387151.2
2530,577,158.0,171,522.45,89338.41
2531,577,53.0,336,3548.83,1192407.55
2532,577,565.0,117,2525.86,295525.53
2533,578,494.0,245,3816.56,935057.78
2534,579,47.0,283,670.56,189768.48
2535,579,321.0,133,135.12,17970.96
2536,579,74.0,261,16.91,4413.51
2537,579,481.0,129,17.4,2244.6
2538,580,432.0,321,5414.33,1738000.12
2539,580,210.0,322,5574.7,1795052.53
2540,580,146.0,312,5113.08,1595282.25
2541,581,418.0,95,4625.73,439444.65
2542,581,141.0,17,3044.51,51756.65
2543,582,521.0,252,1289.78,325023.42
2544,582,505.0,65,2497.93,162365.23
2545,582,192.0,89,1548.46,137813.08
2546,583,126.0,20,626.32,12526.41
2547,583,432.0,487,5943.94,2894699.45
2548,583,146.0,486,5042.52,2450663.24
2549,583,570.0,247,5396.28,1332881.87
2550,584,217.0,207,3790.52,784637.82
2551,584,255.0,430,2992.28,1286680.39
2552,584,50.0,67,3087.11,206836.17
2553,584,43.0,129,3287.78,424124.21
2554,584,391.0,481,1441.83,693519.0
2555,585,50.0,473,2845.86,1346093.7
2556,585,308.0,454,1314.32,596699.71
2557,585,70.0,208,2670.58,555481.09
2558,585,450.0,315,1128.78,355565.5
2559,585,424.0,459,2496.26,1145783.24
2560,586,48.0,291,205.81,59891.47
2561,586,185.0,135,4624.1,624253.88
2562,586,551.0,81,1821.81,147566.42
2563,587,275.0,20,3721.0,74420.0
2564,587,566.0,415,302.0,125330.0
2565,587,433.0,180,4231.0,761580.0
2566,588,556.0,236,5264.7,1242468.87
2567,588,550.0,357,1959.06,699385.32
2568,588,290.0,411,1571.18,645756.38
2569,588,357.0,220,602.9,132638.77
2570,588,572.0,256,998.93,255725.01
2571,588,242.0,331,2941.81,973737.57
2572,589,557.0,258,354.59,91483.55
2573,589,502.0,238,558.2,132850.53
2574,589,37.0,158,1284.04,202878.78
2575,589,465.0,454,1951.85,886140.8
2576,589,68.0,464,4731.17,2195264.9
2577,589,485.0,296,2901.61,858876.85
2578,589,351.0,345,3487.75,1203274.47
2579,589,342.0,238,3836.94,913191.36
2580,590,251.0,163,31.8,5183.4
2581,590,16.0,240,389.28,93427.2
2582,590,439.0,282,8.96,2526.72
2583,590,493.0,439,57.78,25365.42
2584,590,287.0,364,49.31,17948.84
2585,590,483.0,354,37.29,13200.66
2586,590,491.0,310,20.21,6265.1
2587,590,469.0,436,12.95,5646.2
2588,591,50.0,43,2622.0,112746.0
2589,591,41.0,294,3489.0,1025766.0
2590,591,306.0,377,400.0,150800.0
2591,592,101.0,465,971.45,451723.97
2592,592,58.0,278,2181.61,606488.38
2593,592,549.0,272,1076.99,292942.31
2594,593,574.0,177,58.55,10363.35
2595,593,89.0,166,25.01,4151.66
2596,593,150.0,418,151.15,63180.7
2597,593,585.0,99,579.64,57384.36
2598,594,456.0,35,3117.0,109095.0
2599,594,330.0,468,2571.0,1203228.0
2600,594,562.0,131,3011.0,394441.0
2601,594,153.0,120,2442.0,293040.0
2602,594,129.0,449,746.0,334954.0
2603,595,300.0,153,4406.21,674150.36
2604,595,553.0,44,1085.97,47782.8
2605,596,236.0,481,3352.65,1612624.11
2606,596,578.0,361,1935.28,698634.4
2607,596,170.0,432,1714.22,740544.6
2608,596,392.0,21,4238.57,89009.99
2609,596,222.0,103,2916.63,300412.96
2610,597,524.0,359,2944.0,1056896.0
2611,598,572.0,194,885.0,171690.0
2612,598,393.0,437,1480.0,646760.0
2613,598,550.0,68,1822.0,123896.0
2614,598,194.0,51,1927.0,98277.0
2615,598,251.0,68,2703.0,183804.0
2616,598,43.0,45,2880.0,129600.0
2617,598,474.0,186,1159.0,215574.0
2618,599,480.0,99,2776.0,274824.0
2619,599,377.0,197,553.0,108941.0
2620,599,217.0,207,3256.0,673992.0
2621,599,543.0,404,2401.0,970004.0
2622,599,318.0,131,3915.0,512865.0
2623,599,530.0,172,2980.0,512560.0
2624,600,288.0,404,4392.35,1774507.42
2625,600,452.0,428,4504.38,1927874.99
2626,600,289.0,54,4777.03,257959.73
2627,600,37.0,230,1285.87,295750.47
2628,600,361.0,128,3818.71,488795.21
2629,601,56.0,383,19.06,7301.68
2630,601,424.0,331,30.06,9949.04
2631,602,182.0,469,513.54,240848.96
2632,603,556.0,367,4496.0,1650032.0
2633,603,519.0,180,328.0,59040.0
2634,603,395.0,169,4599.0,777231.0
2635,603,377.0,264,553.0,145992.0
2636,604,48.0,258,2.16,558.06
2637,604,102.0,140,39.61,5545.15
2638,605,146.0,266,4766.0,1267756.0
2639,605,210.0,364,4906.0,1785784.0
2640,605,570.0,220,4546.0,1000120.0
2641,605,126.0,149,526.0,78374.0
2642,605,432.0,243,4988.0,1212084.0
2643,606,242.0,129,32.58,4202.82
2644,606,570.0,306,53.48,16364.88
2645,606,303.0,23,1706.55,39250.65
2646,606,235.0,455,7.08,3221.4
2647,606,150.0,346,151.15,52297.9
2648,606,38.0,52,1384.38,71987.76
2649,606,196.0,413,37.05,15301.65
2650,606,335.0,11,54.13,595.43
2651,607,591.0,289,69.93,20209.33
2652,608,163.0,331,1935.67,640708.26
2653,609,202.0,414,62.31,25794.29
2654,609,240.0,278,19.45,5408.3
2655,609,416.0,162,55.98,9068.58
2656,609,538.0,431,1.84,792.58
2657,610,578.0,70,2067.9,144752.96
2658,610,446.0,61,4121.48,251410.52
2659,610,300.0,120,3983.4,478008.46
2660,610,407.0,416,1027.97,427634.19
2661,610,242.0,444,3080.93,1367933.18
2662,610,560.0,155,474.84,73600.6
2663,610,8.0,496,1308.25,648891.25
2664,611,41.0,460,4023.41,1850769.29
2665,612,580.0,274,313.6,85926.4
2666,612,123.0,424,9.27,3930.48
2667,612,70.0,93,28.38,2639.34
2668,612,172.0,123,5.74,706.02
2669,612,126.0,257,6.19,1590.83
2670,613,205.0,472,30.42,14358.24
2671,613,232.0,150,42.62,6393.0
2672,613,578.0,429,20.91,8970.39
2673,613,287.0,224,49.31,11045.44
2674,613,593.0,239,29.26,6993.14
2675,613,242.0,472,32.58,15377.76
2676,613,293.0,172,36.06,6202.32
2677,614,251.0,27,33.87,914.43
2678,614,285.0,305,13.26,4042.96
2679,614,54.0,273,64.36,17569.86
2680,614,515.0,76,27.14,2062.74
2681,615,559.0,61,1615.98,98574.95
2682,615,294.0,345,952.78,328708.41
2683,616,566.0,472,325.51,153640.53
2684,617,550.0,144,21.44,3087.36
2685,617,570.0,37,53.48,1978.76
2686,617,275.0,173,43.78,7573.94
2687,617,71.0,87,37.28,3243.36
2688,618,50.0,330,3078.59,1015933.1
2689,618,572.0,404,1058.68,427705.64
2690,618,56.0,492,1609.26,791753.73
2691,618,399.0,249,3916.09,975105.35
2692,619,43.0,496,2880.0,1428480.0
2693,619,249.0,57,3282.0,187074.0
2694,620,423.0,28,2500.0,70000.0
2695,620,430.0,379,1069.0,405151.0
2696,620,183.0,177,2510.0,444270.0
2697,621,494.0,488,4068.57,1985464.1
2698,621,543.0,326,2823.26,920381.61
2699,621,103.0,136,2800.39,380853.5
2700,621,519.0,483,385.16,186032.62
2701,621,33.0,406,2023.08,821368.5
2702,621,340.0,373,3860.68,1440035.36
2703,621,311.0,433,3376.47,1462012.6
2704,622,553.0,183,1103.44,201930.16
2705,622,50.0,99,3018.05,298786.78
2706,623,210.0,58,5713.61,331389.3
2707,624,340.0,477,4030.66,1922623.61
2708,624,126.0,141,573.7,80891.65
2709,624,392.0,246,4261.74,1048387.23
2710,624,410.0,281,771.67,216838.49
2711,624,153.0,67,2635.67,176589.78
2712,625,367.0,186,144.24,26828.38
2713,625,200.0,395,2710.64,1070701.26
2714,625,131.0,44,4232.93,186249.14
2715,626,87.0,463,10.06,4659.17
2716,626,210.0,183,60.97,11157.25
2717,626,227.0,55,24.38,1341.06
2718,627,158.0,34,519.29,17655.98
2719,627,187.0,420,3686.32,1548254.07
2720,627,196.0,193,3594.36,693711.45
2721,627,547.0,256,4204.43,1076334.99
2722,627,565.0,349,2691.2,939228.08
2723,627,446.0,299,4205.4,1257415.98
2724,627,442.0,98,676.04,66251.85
2725,628,424.0,237,2526.08,598681.9
2726,628,301.0,47,266.15,12508.82
2727,628,413.0,414,5063.03,2096093.86
2728,628,441.0,331,2690.74,890634.22
2729,628,583.0,290,987.59,286401.84
2730,629,306.0,175,458.02,80153.29
2731,629,82.0,97,2360.06,228926.04
2732,629,582.0,473,4005.54,1894621.96
2733,629,42.0,399,5202.14,2075652.16
2734,629,424.0,202,2567.58,518650.73
2735,629,519.0,373,383.97,143219.66
2736,629,400.0,475,834.57,396420.24
2737,629,471.0,328,606.98,199090.9
2738,630,396.0,259,49.09,12714.31
2739,631,151.0,325,28.16,9151.38
2740,631,56.0,233,17.89,4168.19
2741,631,597.0,305,17.73,5407.92
2742,631,192.0,318,19.31,6141.53
2743,631,600.0,500,346.45,173224.69
2744,631,127.0,488,53.88,26292.76
2745,631,374.0,156,3.49,544.9
2746,631,460.0,298,13.54,4033.77
2747,632,374.0,136,3.09,420.24
2748,633,4.0,472,521.69,246237.25
2749,633,196.0,226,3590.61,811477.12
2750,633,565.0,158,2829.06,446992.01
2751,633,446.0,448,4402.32,1972237.39
2752,633,158.0,201,496.63,99822.31
2753,634,275.0,291,4367.1,1270825.67
2754,634,103.0,196,2682.39,525748.52
2755,634,444.0,185,4808.34,889542.5
2756,635,446.0,25,4646.27,116156.63
2757,635,242.0,319,2988.91,953461.94
2758,635,4.0,301,498.02,149904.23
2759,635,176.0,321,4841.18,1554018.57
2760,636,146.0,85,59.24,5035.2
2761,636,349.0,172,322.38,55448.63
2762,636,386.0,291,188.05,54722.19
2763,637,276.0,482,2235.31,1077419.87
2764,637,241.0,335,1813.73,607600.4
2765,637,498.0,182,5343.57,972530.47
2766,637,220.0,211,2773.84,585280.59
2767,638,275.0,378,48.92,18491.73
2768,638,469.0,404,13.77,5563.88
2769,639,374.0,276,3.44,948.2
2770,640,467.0,47,3593.14,168877.6
2771,640,220.0,154,3127.82,481683.55
2772,640,241.0,485,1890.37,916827.7
2773,641,232.0,212,42.62,9035.44
2774,641,305.0,256,887.62,227230.72
2775,642,374.0,179,308.9,55293.92
2776,642,102.0,401,2960.03,1186972.13
2777,642,196.0,109,3647.92,397623.24
2778,643,137.0,484,2540.41,1229556.56
2779,643,213.0,399,2135.0,851863.01
2780,643,31.0,134,4069.7,545340.13
2781,643,97.0,190,4109.97,780894.67
2782,643,398.0,259,2004.87,519260.87
2783,644,194.0,493,2054.82,1013025.71
2784,644,205.0,259,2993.5,775316.98
2785,644,441.0,123,2567.45,315796.29
2786,644,413.0,405,5101.76,2066214.52
2787,645,141.0,19,33.4,634.59
2788,645,75.0,256,667.94,170993.09
2789,645,159.0,362,5.99,2169.45
2790,646,489.0,400,566.12,226449.95
2791,646,239.0,365,1218.34,444695.88
2792,646,179.0,37,5092.54,188424.05
2793,646,541.0,78,2814.22,219509.27
2794,647,524.0,26,3314.88,86186.99
2795,647,441.0,454,2657.19,1206366.0
2796,648,220.0,185,3030.38,560620.15
2797,648,212.0,317,1416.59,449057.57
2798,648,51.0,64,943.72,60398.24
2799,649,481.0,484,1593.76,771380.2
2800,649,141.0,82,3072.04,251907.34
2801,649,160.0,375,2629.87,986202.65
2802,649,306.0,202,441.51,89184.2
2803,649,548.0,377,5145.76,1939951.97
2804,649,556.0,193,5088.43,982066.09
2805,650,62.0,309,3044.89,940870.94
2806,650,317.0,10,5206.42,52064.23
2807,651,421.0,122,411.2,50166.08
2808,651,238.0,30,63.66,1909.86
2809,651,49.0,59,593.53,35018.46
2810,651,391.0,27,16.98,458.59
2811,651,48.0,19,2.23,42.28
2812,652,167.0,58,6.33,366.9
2813,652,416.0,349,58.21,20316.27
2814,652,474.0,188,16.02,3011.39
2815,652,249.0,174,41.45,7212.55
2816,653,510.0,483,5112.26,2469220.26
2817,653,399.0,72,3854.27,277507.73
2818,653,13.0,457,1938.51,885901.24
2819,653,211.0,35,2157.91,75526.69
2820,654,179.0,27,4690.0,126630.0
2821,654,251.0,204,2703.0,551412.0
2822,654,108.0,318,4469.0,1421142.0
2823,654,235.0,178,602.0,107156.0
2824,654,239.0,85,1092.0,92820.0
2825,655,32.0,317,54.71,17343.07
2826,655,110.0,422,58.19,24556.18
2827,655,129.0,254,8.78,2230.12
2828,655,565.0,139,27.96,3886.44
2829,655,251.0,339,31.8,10780.2
2830,656,306.0,350,446.71,156349.14
2831,656,535.0,377,2619.89,987698.02
2832,656,244.0,189,4816.26,910273.05
2833,656,570.0,217,5276.97,1145101.82
2834,657,562.0,275,3559.0,978724.72
2835,657,377.0,75,614.83,46111.98
2836,657,446.0,91,4297.32,391056.27
2837,658,325.0,328,709.73,232790.24
2838,658,395.0,36,58.33,2099.76
2839,658,260.0,434,28.66,12439.96
2840,658,189.0,133,1162.68,154636.18
2841,658,375.0,93,43.82,4075.21
2842,659,439.0,463,914.15,423251.33
2843,659,62.0,59,3309.07,195235.35
2844,659,227.0,172,2280.35,392220.54
2845,659,324.0,440,3764.08,1656193.9
2846,659,25.0,265,2024.85,536584.9
2847,659,259.0,224,5250.58,1176129.73
2848,659,243.0,194,152.82,29647.1
2849,659,210.0,76,5405.22,410796.42
2850,659,108.0,174,5335.85,928438.55
2851,659,192.0,475,1638.99,778521.1
2852,660,515.0,204,29.48,6013.71
2853,660,54.0,419,60.56,25376.32
2854,660,232.0,274,50.56,13852.73
2855,660,251.0,449,35.86,16100.4
2856,660,567.0,489,62.7,30662.33
2857,661,541.0,60,2560.0,153600.0
2858,662,419.0,396,1852.79,733706.67
2859,662,449.0,96,3517.66,337695.33
2860,662,597.0,228,1370.22,312410.76
2861,663,189.0,378,1270.29,480170.06
2862,663,345.0,161,53.22,8568.25
2863,663,167.0,463,6.56,3035.63
2864,663,582.0,39,46.81,1825.41
2865,663,483.0,269,42.78,11509.16
2866,663,490.0,164,51.7,8478.17
2867,664,591.0,105,5595.56,587534.22
2868,664,598.0,344,1508.25,518838.71
2869,664,513.0,377,4043.63,1524449.03
2870,664,194.0,303,2246.6,680721.21
2871,664,244.0,138,4770.19,658286.26
2872,665,359.0,265,2.74,725.48
2873,666,43.0,105,3115.79,327157.94
2874,666,251.0,94,3076.57,289197.37
2875,666,141.0,358,3179.4,1138226.57
2876,667,359.0,225,227.1,51098.29
2877,667,486.0,146,2326.18,339622.47
2878,667,301.0,332,269.48,89468.65
2879,667,69.0,383,4863.08,1862560.26
2880,667,317.0,91,5374.5,489079.21
2881,668,445.0,104,4548.44,473037.27
2882,668,59.0,495,3829.04,1895373.07
2883,668,424.0,224,2553.97,572089.95
2884,668,494.0,182,3775.94,687221.84
2885,668,129.0,36,845.44,30435.78
2886,668,43.0,65,3398.02,220871.12
2887,668,287.0,64,4621.82,295796.41
2888,669,15.0,226,1541.0,348266.0
2889,669,335.0,308,4601.0,1417108.0
2890,670,28.0,416,4343.0,1806688.0
2891,671,47.0,105,670.56,70408.8
2892,671,91.0,184,990.69,182286.96
2893,672,335.0,370,4864.83,1799985.59
2894,673,220.0,169,3082.39,520924.71
2895,673,501.0,354,1031.05,364990.34
2896,673,358.0,443,3637.32,1611334.27
2897,673,233.0,72,4359.4,313876.55
2898,673,51.0,479,895.6,428994.6
2899,674,110.0,393,5451.0,2142244.66
2900,674,569.0,460,4212.32,1937666.09
2901,674,240.0,185,1762.32,326028.56
2902,674,242.0,161,3248.34,522982.4
2903,674,147.0,485,1467.46,711719.67
2904,675,129.0,426,858.46,365705.47
2905,675,409.0,486,2041.24,992042.7
2906,675,462.0,207,4404.89,911812.08
2907,675,264.0,492,2770.69,1363177.18
2908,675,41.0,212,3938.43,834947.21
2909,675,550.0,115,1990.43,228899.07
2910,675,111.0,434,1543.92,670061.62
2911,675,317.0,254,5611.54,1425330.56
2912,676,326.0,482,5350.8,2579085.12
2913,677,505.0,276,30.1,8307.86
2914,677,91.0,497,1097.6,545509.54
2915,677,407.0,243,11.58,2813.96
2916,677,372.0,105,10.04,1054.25
2917,677,47.0,429,742.41,318495.79
2918,678,529.0,317,1871.66,593317.76
2919,678,537.0,64,1230.13,78728.56
2920,678,333.0,241,3479.8,838631.95
2921,679,117.0,194,341.59,66267.7
2922,679,444.0,383,4669.9,1788570.13
2923,679,175.0,48,1924.36,92369.29
2924,679,366.0,237,1405.99,333219.19
2925,679,110.0,33,5430.62,179210.32
2926,679,236.0,475,3476.19,1651188.94
2927,680,153.0,278,28.73,7986.94
2928,680,600.0,173,327.66,56685.18
2929,681,300.0,282,4356.54,1228544.25
2930,681,558.0,487,3479.3,1694419.53
2931,681,50.0,251,2753.93,691235.95
2932,682,123.0,181,10.26,1856.39
2933,682,542.0,333,60.51,20149.77
2934,682,388.0,248,498.54,123637.74
2935,682,419.0,110,24.17,2659.07
2936,682,80.0,375,33.11,12417.15
2937,682,474.0,391,14.42,5636.7
2938,682,566.0,170,4.1,696.79
2939,682,438.0,18,17.27,310.89
2940,683,570.0,403,53.48,21552.44
2941,683,77.0,243,827.84,201165.12
2942,683,419.0,334,20.59,6877.06
2943,683,42.0,358,57.29,20509.82
2944,683,462.0,296,46.76,13840.96
2945,683,488.0,450,191.0,85950.0
2946,684,538.0,33,146.0,4817.87
2947,684,318.0,331,4113.64,1361614.5
2948,684,317.0,176,5605.71,986604.84
2949,684,69.0,267,4663.64,1245191.33
2950,684,301.0,107,273.55,29269.89
2951,684,134.0,463,4046.77,1873653.12
2952,684,556.0,474,5025.97,2382307.94
2953,685,505.0,117,2415.39,282600.13
2954,685,192.0,96,1591.56,152789.67
2955,685,318.0,459,4276.15,1962754.84
2956,685,521.0,382,1338.26,511214.9
2957,685,553.0,275,1204.25,331169.82
2958,686,413.0,56,5193.76,290850.61
2959,686,81.0,366,922.63,337684.2
2960,686,582.0,371,3828.45,1420354.12
2961,686,146.0,29,5141.43,149101.42
2962,686,84.0,426,5022.34,2139516.06
2963,686,371.0,119,5429.51,646111.47
2964,687,489.0,470,5.76,2707.2
2965,688,540.0,207,2266.93,469254.38
2966,688,72.0,128,5308.9,679539.27
2967,688,501.0,51,956.57,48785.03
2968,688,274.0,48,4990.69,239552.91
2969,688,326.0,354,5131.76,1816642.3
2970,689,364.0,349,2623.0,915427.0
2971,689,315.0,415,4868.0,2020220.0
2972,689,7.0,365,342.0,124830.0
2973,689,437.0,32,4744.0,151808.0
2974,689,245.0,19,3645.0,69255.0
2975,689,320.0,277,3907.0,1082239.0
2976,689,120.0,404,4489.0,1813556.0
2977,690,159.0,356,5.88,2092.87
2978,690,206.0,289,23.36,6750.83
2979,690,243.0,255,1.7,433.24
2980,690,179.0,444,64.5,28638.06
2981,691,319.0,361,682.28,246303.42
2982,691,538.0,32,145.01,4640.39
2983,691,577.0,222,5483.33,1217299.51
2984,691,462.0,391,4295.96,1679720.02
2985,691,558.0,486,3654.93,1776296.08
2986,692,488.0,364,227.1,82663.6
2987,692,306.0,264,4.99,1317.39
2988,692,232.0,326,46.31,15098.2
2989,692,172.0,99,6.2,613.86
2990,692,117.0,289,4.51,1303.53
2991,692,25.0,463,23.53,10892.55
2992,693,375.0,15,44.14,662.15
2993,693,26.0,386,1038.59,400895.64
2994,694,562.0,180,35.42,6375.6
2995,694,578.0,389,20.91,8133.99
2996,694,330.0,244,30.25,7381.0
2997,694,426.0,48,114.6,5500.8
2998,694,580.0,428,313.6,134220.8
2999,694,598.0,262,16.62,4354.44
3000,694,519.0,125,3.86,482.5
3001,695,33.0,429,20.54,8811.66
3002,696,244.0,446,5130.47,2288189.06
3003,696,306.0,97,465.12,45116.83
3004,696,255.0,22,3137.26,69019.7
3005,696,202.0,29,5539.48,160645.02
3006,696,582.0,216,4250.1,918021.75
3007,696,28.0,280,4957.53,1388108.74
3008,697,185.0,419,53.39,22369.96
3009,697,272.0,220,1599.4,351867.09
3010,697,79.0,314,21.03,6602.16
3011,697,416.0,188,59.47,11180.92
3012,697,259.0,297,55.03,16345.37
3013,697,456.0,77,38.78,2985.72
3014,698,33.0,244,1746.0,426024.0
3015,698,13.0,402,1719.0,691038.0
3016,698,410.0,486,655.0,318330.0
3017,698,317.0,19,4777.0,90763.0
3018,699,89.0,349,26.78,9345.86
3019,699,528.0,334,1513.54,505521.23
3020,699,585.0,18,630.42,11347.53
3021,699,147.0,414,18.29,7571.74
3022,699,574.0,142,62.01,8805.86
3023,699,150.0,292,164.99,48178.05
3024,699,167.0,380,6.79,2578.78
3025,700,274.0,432,5152.12,2225714.43
3026,700,248.0,83,5273.63,437711.59
3027,700,27.0,63,407.51,25672.87
3028,700,55.0,81,1072.67,86886.39
3029,700,96.0,47,1895.49,89088.23
3030,700,85.0,211,2672.56,563910.62
3031,701,203.0,426,56.14,23915.64
3032,701,42.0,485,57.29,27785.65
3033,701,12.0,134,1195.14,160148.76
3034,702,357.0,69,570.0,39330.0
3035,702,345.0,96,3805.0,365280.0
3036,702,128.0,437,2746.0,1200002.0
3037,702,416.0,436,4427.0,1930172.0
3038,702,232.0,492,3623.0,1782516.0
3039,702,439.0,483,762.0,368046.0
3040,703,78.0,283,1108.18,313613.54
3041,703,391.0,480,17.08,8198.05
3042,703,109.0,316,1006.95,318195.99
3043,703,272.0,215,1568.09,337140.13
3044,704,176.0,111,60.78,6746.14
3045,705,377.0,490,582.63,285488.22
3046,705,494.0,56,4089.15,228992.64
3047,705,318.0,60,4617.94,277076.42
3048,705,311.0,287,3273.64,939535.08
3049,705,33.0,99,1966.51,194684.89
3050,706,210.0,56,4906.0,274736.0
3051,706,359.0,462,202.0,93324.0
3052,706,551.0,455,1528.0,695240.0
3053,706,23.0,164,3096.0,507744.0
3054,706,15.0,35,1541.0,53935.0
3055,706,82.0,178,2055.0,365790.0
3056,706,413.0,202,4355.0,879710.0
3057,706,232.0,107,3623.0,387661.0
3058,706,255.0,302,2763.0,834426.0
3059,706,455.0,66,3900.0,257400.0
3060,707,259.0,52,4682.83,243507.28
3061,707,577.0,288,5864.66,1689021.98
3062,707,439.0,177,861.52,152489.17
3063,707,211.0,153,2172.55,332399.39
3064,707,192.0,210,1617.87,339752.25
3065,707,108.0,207,4827.04,999197.16
3066,708,324.0,305,44.07,13440.8
3067,708,205.0,59,35.7,2106.41
3068,708,560.0,169,5.56,939.07
3069,708,103.0,247,32.52,8033.12
3070,708,568.0,330,16.78,5537.79
3071,708,596.0,67,814.68,54583.68
3072,708,335.0,280,59.04,16530.51
3073,709,87.0,407,917.6,373462.0
3074,709,317.0,78,5154.46,402047.5
3075,709,363.0,341,3018.33,1029251.96
3076,709,9.0,295,1247.16,367912.81
3077,709,43.0,218,3364.64,733492.11
3078,709,445.0,472,4367.95,2061670.46
3079,709,512.0,157,2320.05,364248.51
3080,710,22.0,489,1566.24,765891.36
3081,710,490.0,34,44.78,1522.52
3082,710,172.0,116,5.74,665.84
3083,710,551.0,417,17.98,7497.66
3084,711,474.0,440,1159.0,509960.0
3085,711,194.0,43,1927.0,82861.0
3086,711,251.0,286,2703.0,773058.0
3087,711,371.0,136,4754.0,646544.0
3088,711,43.0,403,2880.0,1160640.0
3089,712,489.0,178,516.84,91997.88
3090,712,560.0,363,507.18,184107.94
3091,712,287.0,148,4719.45,698479.29
3092,712,13.0,376,1913.15,719342.58
3093,712,165.0,89,1545.74,137570.88
3094,712,179.0,302,5413.7,1634938.11
3095,713,288.0,100,4374.46,437446.24
3096,714,79.0,280,21.51,6021.68
3097,715,217.0,392,3557.63,1394591.33
3098,715,480.0,287,3007.87,863259.35
3099,715,146.0,175,5664.37,991264.02
3100,715,87.0,464,909.92,422201.79
3101,715,377.0,243,588.52,143009.25
3102,715,543.0,15,2671.94,40079.11
3103,716,513.0,219,49.1,10753.55
3104,716,360.0,92,1417.73,130431.62
3105,716,493.0,30,66.16,1984.81
3106,717,433.0,103,4824.31,496903.62
3107,717,23.0,481,3502.71,1684804.66
3108,717,556.0,277,4722.18,1308044.18
3109,718,91.0,462,1091.0,504041.47
3110,718,439.0,201,9.76,1962.23
3111,718,368.0,263,43.61,11469.63
3112,718,113.0,498,827.61,412151.91
3113,718,446.0,247,48.64,12015.08
3114,719,240.0,431,18.38,7921.78
3115,720,187.0,372,3323.0,1236156.0
3116,720,54.0,144,4745.0,683280.0
3117,720,243.0,190,131.0,24890.0
3118,720,84.0,162,4212.0,682344.0
3119,720,159.0,179,454.0,81266.0
3120,720,574.0,258,4977.0,1284066.0
3121,720,301.0,195,249.0,48555.0
3122,720,432.0,228,4988.0,1137264.0
3123,721,433.0,132,4477.15,590983.78
3124,721,375.0,24,3635.34,87248.2
3125,721,566.0,49,354.48,17369.7
3126,721,275.0,114,4128.28,470623.9
3127,722,78.0,75,1054.87,79115.06
3128,723,551.0,423,20.88,8832.92
3129,723,589.0,308,1927.1,593546.02
3130,723,530.0,413,39.1,16149.12
3131,723,113.0,373,813.83,303558.3
3132,723,249.0,182,46.1,8389.37
3133,723,122.0,165,50.9,8398.83
3134,724,345.0,341,3805.0,1297505.0
3135,724,201.0,220,4745.0,1043900.0
3136,725,518.0,424,4445.0,1884680.0
3137,725,96.0,78,1750.0,136500.0
3138,725,361.0,496,3388.0,1680448.0
3139,725,351.0,237,3111.0,737307.0
3140,725,540.0,80,2111.0,168880.0
3141,725,473.0,275,2674.0,735350.0
3142,726,165.0,337,1567.95,528398.13
3143,727,84.0,195,4836.0,943019.09
3144,727,29.0,365,5255.39,1918216.86
3145,727,102.0,240,3124.87,749967.64
3146,727,371.0,396,5146.31,2037937.05
3147,727,249.0,78,3711.67,289510.48
3148,728,187.0,186,46.04,8564.28
3149,728,505.0,432,28.58,12346.34
3150,729,41.0,207,3988.36,825589.73
3151,729,179.0,302,5627.98,1699650.99
3152,729,433.0,397,5061.87,2009561.07
3153,729,311.0,155,3280.44,508468.03
3154,730,159.0,88,6.33,557.25
3155,730,206.0,35,20.87,730.37
3156,731,392.0,420,4225.97,1774907.39
3157,731,42.0,379,5721.88,2168593.68
3158,731,211.0,68,2336.8,158902.14
3159,731,236.0,111,3386.44,375894.69
3160,732,13.0,159,22.18,3527.31
3161,732,543.0,152,30.29,4603.73
3162,732,360.0,357,1449.84,517593.21
3163,732,243.0,273,1.8,491.12
3164,733,80.0,435,2595.48,1129033.75
3165,733,446.0,435,4611.43,2005969.93
3166,733,352.0,414,1807.94,748488.4
3167,733,89.0,122,2363.15,288304.34
3168,734,202.0,374,5534.24,2069804.26
3169,734,483.0,484,3667.36,1775004.44
3170,734,300.0,408,4424.29,1805108.49
3171,734,243.0,399,149.34,59586.9
3172,735,211.0,400,2218.42,887368.73
3173,736,429.0,172,3725.41,640770.19
3174,736,168.0,14,5370.67,75189.44
3175,736,245.0,350,4042.49,1414872.19
3176,736,270.0,108,944.88,102047.38
3177,736,500.0,417,3755.48,1566037.06
3178,736,387.0,346,4909.62,1698728.92
3179,736,320.0,75,4519.39,338954.42
3180,737,54.0,95,65.32,6205.03
3181,737,170.0,487,18.3,8909.88
3182,737,440.0,107,52.63,5631.09
3183,738,449.0,481,3866.52,1859797.35
3184,738,432.0,331,5384.2,1782169.6
3185,739,374.0,451,282.3,127317.77
3186,739,308.0,21,1348.51,28318.76
3187,739,352.0,321,1966.7,631309.9
3188,739,275.0,265,4341.32,1150450.52
3189,739,368.0,308,3321.19,1022927.98
3190,739,579.0,216,2599.93,561585.71
3191,739,202.0,400,5764.43,2305773.43
3192,739,110.0,238,5401.77,1285621.2
3193,740,161.0,32,2173.0,69536.0
3194,740,478.0,245,4714.0,1154930.0
3195,740,427.0,303,4436.0,1344108.0
3196,740,133.0,67,1154.0,77318.0
3197,740,573.0,369,3282.0,1211058.0
3198,740,355.0,181,4463.0,807803.0
3199,740,326.0,207,4803.0,994221.0
3200,741,111.0,239,1649.56,394245.4
3201,741,395.0,256,5436.87,1391839.05
3202,741,597.0,227,1503.76,341353.59
3203,741,572.0,361,1000.44,361157.87
3204,741,285.0,90,1174.98,105747.94
3205,742,352.0,70,1891.14,132380.15
3206,742,335.0,309,4938.75,1526074.89
3207,742,449.0,459,3732.22,1713090.56
3208,742,548.0,104,5625.3,585031.07
3209,742,175.0,73,2104.02,153593.68
3210,742,519.0,220,346.96,76331.69
3211,742,211.0,191,2185.41,417413.42
3212,743,109.0,340,1030.09,350230.43
3213,744,176.0,14,4561.05,63854.73
3214,744,424.0,407,2401.1,977247.1
3215,745,577.0,257,4973.0,1278061.0
3216,745,446.0,349,3913.0,1365637.0
3217,745,28.0,483,4343.0,2097669.0
3218,746,306.0,338,5.07,1715.2
3219,746,287.0,129,58.55,7552.84
3220,746,582.0,198,46.16,9139.21
3221,746,102.0,99,38.12,3773.71
3222,746,70.0,245,29.84,7309.61
3223,747,148.0,162,731.14,118444.09
3224,747,200.0,470,2748.37,1291736.08
3225,747,559.0,461,1575.45,726282.74
3226,748,497.0,339,1594.57,540559.43
3227,748,556.0,470,61.01,28672.43
3228,748,115.0,412,201.02,82820.86
3229,748,147.0,404,17.64,7128.04
3230,749,402.0,194,1629.0,316026.0
3231,749,430.0,463,1069.0,494947.0
3232,749,258.0,117,4034.0,471978.0
3233,749,183.0,343,2510.0,860930.0
3234,750,392.0,422,4367.58,1843120.84
3235,750,316.0,297,5133.82,1524745.44
3236,750,393.0,99,1769.75,175205.27
3237,750,330.0,272,2818.02,766502.74
3238,750,197.0,35,5103.84,178634.5
3239,750,102.0,108,3139.91,339110.12
3240,750,23.0,302,3414.42,1031153.89
3241,750,306.0,302,447.15,135039.4
3242,751,493.0,261,4911.0,1281771.0
3243,751,483.0,403,3170.0,1277510.0
3244,752,361.0,181,4041.49,731509.67
3245,752,351.0,456,3588.92,1636545.28
3246,752,518.0,18,4855.11,87391.89
3247,752,39.0,187,4688.58,876764.92
3248,752,378.0,140,2766.33,387285.59
3249,752,473.0,500,3196.18,1598089.28
3250,752,96.0,456,1896.95,865008.34
3251,753,126.0,165,6.7,1105.79
3252,753,172.0,199,6.33,1259.18
3253,753,580.0,490,342.05,167605.91
3254,753,324.0,483,44.88,21679.41
3255,753,366.0,465,17.62,8194.88
3256,753,70.0,34,33.69,1145.35
3257,754,123.0,155,847.41,131347.89
3258,754,318.0,419,4414.49,1849670.13
3259,754,242.0,168,3210.0,539279.65
3260,754,335.0,127,5040.36,640126.26
3261,754,264.0,478,2701.54,1291336.96
3262,754,588.0,391,300.84,117628.45
3263,754,357.0,121,614.14,74310.63
3264,754,237.0,28,2965.1,83022.79
3265,755,242.0,157,37.6,5903.5
3266,755,151.0,378,28.83,10896.63
3267,755,530.0,200,41.78,8355.87
3268,756,185.0,64,54.68,3499.31
3269,756,201.0,44,60.91,2680.26
3270,756,471.0,139,7.58,1052.98
3271,757,488.0,396,211.49,83749.35
3272,757,493.0,223,62.8,14004.08
3273,757,560.0,334,5.96,1989.89
3274,757,513.0,184,48.79,8977.21
3275,757,21.0,92,7.53,692.76
3276,758,197.0,298,62.9,18744.81
3277,758,202.0,113,68.79,7773.48
3278,759,82.0,477,2055.0,980235.0
3279,759,424.0,317,2155.0,683135.0
3280,759,582.0,331,3570.0,1181670.0
3281,760,16.0,160,411.05,65767.82
3282,760,287.0,443,54.85,24298.57
3283,760,469.0,452,14.54,6572.97
3284,760,424.0,216,26.83,5794.43
3285,760,71.0,36,43.5,1565.85
3286,760,491.0,12,21.94,263.24
3287,760,251.0,474,33.41,15834.2
3288,761,519.0,178,4.55,810.47
3289,761,29.0,89,61.45,5468.99
3290,761,574.0,86,62.4,5366.7
3291,761,324.0,156,47.53,7414.95
3292,762,488.0,303,217.75,65978.82
3293,762,77.0,409,928.2,379633.9
3294,762,42.0,188,67.91,12767.3
3295,762,419.0,74,22.58,1671.28
3296,762,303.0,169,1932.0,326507.55
3297,762,570.0,484,60.37,29217.53
3298,763,430.0,379,1157.41,438657.84
3299,764,413.0,425,4810.93,2044644.76
3300,764,324.0,12,3933.91,47206.94
3301,764,524.0,81,3312.5,268312.51
3302,765,160.0,26,29.04,755.0
3303,765,21.0,448,7.8,3496.06
3304,765,194.0,251,26.12,6555.15
3305,765,141.0,357,34.87,12449.15
3306,765,565.0,113,30.69,3468.34
3307,765,62.0,428,35.55,15216.26
3308,765,26.0,191,1063.64,203155.33
3309,766,562.0,407,3283.09,1336219.41
3310,766,588.0,98,301.07,29505.14
3311,766,196.0,478,3330.08,1591779.55
3312,766,60.0,395,3713.68,1466902.74
3313,766,304.0,410,1283.03,526040.61
3314,766,301.0,203,281.44,57132.43
3315,767,462.0,259,4182.08,1083158.09
3316,767,399.0,255,4032.7,1028338.52
3317,767,60.0,80,3285.0,262800.01
3318,768,598.0,90,1413.0,127170.0
3319,768,499.0,136,4784.0,650624.0
3320,769,334.0,100,181.52,18151.54
3321,769,574.0,438,68.79,30128.36
3322,769,543.0,397,30.9,12269.1
3323,769,166.0,386,1557.85,601332.0
3324,770,272.0,251,1644.66,412809.07
3325,770,206.0,317,23.62,7486.3
3326,770,551.0,133,20.32,2702.7
3327,770,574.0,103,68.28,7033.13
3328,770,395.0,248,64.29,15944.84
3329,770,476.0,231,35.07,8100.05
3330,770,568.0,311,18.18,5654.46
3331,770,449.0,132,47.07,6213.68
3332,771,357.0,329,656.92,216127.57
3333,771,211.0,472,2287.1,1079511.73
3334,771,556.0,313,5325.58,1666905.72
3335,771,352.0,464,1890.49,877187.08
3336,772,476.0,52,2853.01,148356.67
3337,772,50.0,249,2871.98,715124.0
3338,772,558.0,415,3500.38,1452658.29
3339,772,543.0,110,2698.13,296793.99
3340,772,568.0,465,1415.93,658408.74
3341,773,56.0,238,1669.21,397271.69
3342,774,367.0,248,129.98,32235.23
3343,775,293.0,255,3457.03,881542.05
3344,775,535.0,14,2728.65,38201.11
3345,775,318.0,399,4209.47,1679579.57
3346,775,513.0,208,3968.49,825445.16
3347,775,23.0,427,3668.23,1566332.35
3348,776,1.0,111,138.37,15358.79
3349,776,261.0,211,4647.95,980718.25
3350,776,503.0,494,4049.33,2000369.78
3351,777,236.0,342,3063.0,1047546.0
3352,778,283.0,123,10.32,1269.47
3353,778,424.0,227,27.41,6221.81
3354,778,81.0,57,10.42,593.88
3355,778,25.0,374,25.72,9620.28
3356,779,349.0,273,314.5,85857.89
3357,779,103.0,234,32.22,7540.07
3358,779,159.0,206,5.9,1214.99
3359,779,146.0,458,66.01,30234.57
3360,779,123.0,474,10.78,5111.03
3361,779,189.0,142,1261.38,179116.54
3362,779,49.0,123,554.18,68163.92
3363,780,306.0,307,476.56,146303.93
3364,780,335.0,75,4833.84,362538.03
3365,780,41.0,152,4087.67,621325.99
3366,781,179.0,305,5361.73,1635328.48
3367,781,42.0,478,5817.64,2780833.56
3368,781,439.0,67,828.64,55518.89
3369,781,577.0,202,5549.05,1120908.21
3370,781,43.0,330,3330.84,1099176.26
3371,781,235.0,88,656.9,57807.05
3372,781,481.0,399,1587.18,633284.81
3373,782,161.0,348,2173.0,756204.0
3374,782,478.0,416,4714.0,1961024.0
3375,783,550.0,334,22.59,7543.63
3376,783,363.0,422,34.87,14716.78
3377,783,159.0,262,5.94,1556.3
3378,784,222.0,164,2718.0,445752.0
3379,784,123.0,435,788.0,342780.0
3380,784,117.0,499,322.0,160678.0
3381,784,308.0,349,1192.0,416008.0
3382,784,285.0,372,1054.0,392088.0
3383,784,175.0,300,1828.0,548400.0
3384,784,366.0,331,1331.0,440561.0
3385,784,102.0,211,2817.0,594387.0
3386,785,56.0,324,1599.12,518114.17
3387,785,433.0,297,4497.98,1335898.97
3388,785,275.0,182,3972.14,722928.73
3389,785,375.0,242,3811.52,922387.32
3390,786,414.0,460,2880.33,1324949.88
3391,787,217.0,200,3706.98,741396.91
3392,787,43.0,305,3286.42,1002358.77
3393,787,255.0,255,3199.13,815777.43
3394,788,243.0,415,1.76,730.41
3395,788,360.0,351,1424.53,500011.45
3396,788,450.0,324,13.44,4355.91
3397,788,159.0,40,6.21,248.57
3398,788,535.0,341,31.74,10824.82
3399,789,220.0,120,2995.34,359440.99
3400,789,199.0,125,263.09,32886.02
3401,789,467.0,179,3796.88,679641.71
3402,789,289.0,375,4671.37,1751763.59
3403,789,276.0,469,2267.19,1063313.34
3404,790,395.0,21,54.11,1136.31
3405,790,77.0,195,827.84,161428.8
3406,790,109.0,438,895.66,392299.08
3407,790,23.0,60,36.42,2185.2
3408,791,582.0,93,3570.0,332010.0
3409,791,471.0,135,577.0,77895.0
3410,791,424.0,279,2155.0,601245.0
3411,791,259.0,436,4411.0,1923196.0
3412,791,444.0,438,4321.0,1892598.0
3413,791,519.0,166,328.0,54448.0
3414,791,134.0,486,3387.0,1646082.0
3415,792,476.0,412,2637.0,1086444.0
3416,792,50.0,184,2622.0,482448.0
3417,792,568.0,84,1295.0,108780.0
3418,792,558.0,156,3183.0,496548.0
3419,792,543.0,236,2401.0,566636.0
3420,792,300.0,314,3749.0,1177186.0
3421,793,15.0,138,1684.8,232502.21
3422,793,582.0,343,3917.66,1343758.6
3423,793,535.0,42,2604.03,109369.36
3424,793,244.0,329,5122.3,1685235.23
3425,793,565.0,31,2511.58,77858.93
3426,793,306.0,30,431.63,12948.95
3427,794,570.0,92,57.54,5293.62
3428,794,77.0,300,976.36,292907.69
3429,794,42.0,207,64.18,13284.84
3430,794,360.0,267,1352.87,361216.81
3431,795,92.0,383,304.76,116722.45
3432,795,375.0,495,3802.12,1882051.23
3433,795,13.0,58,1949.99,113099.68
3434,795,558.0,48,3417.24,164027.66
3435,796,43.0,17,3104.72,52780.3
3436,796,359.0,450,234.64,105586.08
3437,796,249.0,431,3690.63,1590661.33
3438,797,217.0,326,44.21,14411.78
3439,797,551.0,456,19.35,8822.02
3440,797,202.0,287,64.5,18511.58
3441,797,134.0,130,42.65,5544.55
3442,797,318.0,486,53.4,25952.31
3443,798,141.0,154,34.66,5338.15
3444,798,160.0,225,31.33,7048.28
3445,798,26.0,212,1034.94,219406.42
3446,798,21.0,47,8.09,380.06
3447,798,565.0,373,31.75,11841.18
3448,799,441.0,81,2400.0,194400.0
3449,799,413.0,187,4355.0,814385.0
3450,800,56.0,269,1690.14,454648.16
3451,800,375.0,465,3809.9,1771604.08
3452,800,433.0,19,4920.75,93494.27
3453,800,275.0,377,3942.46,1486308.34
3454,800,566.0,201,336.26,67588.38
3455,801,515.0,98,25.01,2450.98
3456,801,244.0,50,53.2,2660.0
3457,801,170.0,220,16.95,3729.0
3458,802,173.0,76,2519.87,191510.44
3459,802,355.0,210,4693.49,985632.67
3460,802,364.0,62,2814.1,174474.03
3461,802,434.0,460,2760.38,1269772.52
3462,802,276.0,117,2190.73,256315.21
3463,802,347.0,124,3046.23,377733.0
3464,802,555.0,137,3813.76,522485.77
3465,803,48.0,289,2.31,666.44
3466,803,438.0,460,17.04,7836.51
3467,803,238.0,191,65.92,12590.05
3468,803,49.0,16,594.84,9517.5
3469,803,178.0,295,61.36,18102.63
3470,804,249.0,163,3475.5,566506.21
3471,804,43.0,223,3322.36,740885.22
3472,804,359.0,73,215.8,15753.39
3473,805,515.0,171,2255.42,385677.54
3474,805,565.0,319,2817.66,898834.27
3475,805,456.0,378,3635.2,1374105.92
3476,805,530.0,186,3302.29,614225.01
3477,805,396.0,209,4849.69,1013584.87
3478,806,62.0,371,38.21,14175.39
3479,806,515.0,193,28.9,5577.62
3480,806,285.0,223,13.28,2960.57
3481,806,232.0,334,45.57,15221.21
3482,807,375.0,76,46.0,3495.86
3483,807,567.0,31,59.07,1831.06
3484,807,125.0,132,62.97,8311.65
3485,807,424.0,106,30.31,3213.24
3486,807,391.0,150,17.77,2665.56
3487,807,197.0,443,63.37,28073.44
3488,807,60.0,366,43.51,15926.29
3489,808,87.0,463,790.0,365770.0
3490,809,70.0,370,2766.73,1023689.47
3491,809,460.0,55,1120.22,61611.92
3492,809,440.0,163,4707.96,767398.08
3493,809,236.0,10,3648.73,36487.26
3494,809,562.0,375,3437.35,1289005.66
3495,809,81.0,335,909.68,304744.2
3496,809,553.0,168,1140.74,191645.14
3497,810,1.0,403,125.13,50426.02
3498,810,341.0,445,4870.18,2167227.89
3499,810,132.0,12,2441.09,29293.11
3500,810,437.0,169,5480.55,926212.78
3501,810,173.0,42,2443.71,102635.78
3502,810,529.0,424,1807.07,766197.26
3503,810,294.0,411,1053.04,432798.18
3504,810,459.0,311,4968.23,1545119.53
3505,810,351.0,199,3350.38,666726.59
3506,811,444.0,264,55.14,14556.42
3507,811,23.0,197,39.13,7708.58
3508,811,26.0,189,958.38,181133.54
3509,811,113.0,282,897.64,253133.65
3510,811,489.0,82,6.29,516.12
3511,812,42.0,340,5130.84,1744485.72
3512,812,141.0,400,3069.83,1227930.19
3513,812,146.0,487,5355.11,2607936.62
3514,812,287.0,388,4840.27,1878022.87
3515,812,70.0,151,2818.82,425641.66
3516,812,185.0,462,4917.46,2271865.53
3517,812,371.0,84,5651.92,474761.17
3518,813,287.0,329,4191.0,1378839.0
3519,813,568.0,172,1295.0,222740.0
3520,813,489.0,412,490.0,201880.0
3521,813,239.0,54,1092.0,58968.0
3522,813,560.0,310,442.0,137020.0
3523,814,69.0,118,4781.7,564240.31
3524,814,392.0,291,4125.36,1200479.02
3525,814,30.0,375,3249.79,1218671.61
3526,814,182.0,338,519.17,175479.54
3527,814,53.0,367,3675.42,1348877.5
3528,815,111.0,46,1661.17,76413.82
3529,816,570.0,387,4959.87,1919468.98
3530,816,126.0,301,622.61,187404.23
3531,816,146.0,221,5285.87,1168178.22
3532,816,432.0,110,5836.97,642066.45
3533,817,426.0,259,127.32,32977.02
3534,817,580.0,344,360.09,123872.03
3535,817,330.0,318,33.32,10594.96
3536,818,111.0,486,1402.0,681372.0
3537,818,499.0,237,4784.0,1133808.0
3538,818,541.0,30,2560.0,76800.0
3539,818,324.0,135,3468.0,468180.0
3540,819,446.0,213,4607.0,981291.47
3541,819,273.0,377,2812.18,1060192.11
3542,819,562.0,252,3428.38,863952.3
3543,819,227.0,464,2070.56,960739.45
3544,820,335.0,353,4908.39,1732662.5
3545,820,41.0,497,4123.55,2049402.1
3546,820,354.0,228,705.1,160761.82
3547,820,306.0,285,449.62,128141.02
3548,821,236.0,97,36.04,3495.88
3549,821,243.0,176,1.54,271.04
3550,821,577.0,292,58.51,17084.92
3551,821,13.0,129,20.22,2608.38
3552,821,572.0,189,10.41,1967.49
3553,821,57.0,159,616.47,98018.73
3554,822,481.0,342,1606.74,549506.72
3555,822,141.0,34,3188.78,108418.47
3556,822,306.0,200,443.8,88760.19
3557,822,548.0,149,5459.32,813439.15
3558,822,317.0,357,5210.22,1860049.74
3559,822,160.0,397,2486.08,986973.63
3560,823,48.0,482,2.44,1178.08
3561,823,462.0,383,53.54,20505.2
3562,823,488.0,178,210.91,37542.7
3563,823,305.0,184,1032.05,189897.26
3564,823,115.0,372,200.64,74637.6
3565,823,176.0,87,60.35,5250.17
3566,824,324.0,226,47.58,10752.12
3567,824,146.0,435,66.15,28773.26
3568,824,151.0,278,29.77,8276.33
3569,824,240.0,377,19.85,7482.95
3570,824,244.0,295,57.03,16824.27
3571,825,227.0,434,24.87,10792.69
3572,825,488.0,124,223.89,27761.75
3573,825,172.0,406,6.64,2696.16
3574,826,102.0,25,38.99,974.84
3575,826,48.0,267,2.45,653.97
3576,826,582.0,324,50.13,16241.97
3577,826,306.0,335,5.32,1783.85
3578,827,26.0,302,1021.13,308380.86
3579,827,375.0,178,43.67,7772.4
3580,828,597.0,180,1443.48,259827.2
3581,829,30.0,203,36.22,7352.06
3582,829,202.0,154,65.72,10120.56
3583,829,300.0,354,52.15,18462.57
3584,830,451.0,370,1927.0,712990.0
3585,830,367.0,349,123.0,42927.0
3586,830,498.0,119,4868.0,579292.0
3587,831,462.0,165,46.76,7715.4
3588,832,43.0,144,3310.41,476699.44
3589,832,474.0,143,1220.46,174526.08
3590,832,287.0,397,4940.93,1961548.52
3591,832,194.0,279,2133.9,595358.14
3592,832,80.0,454,2859.55,1298236.18
3593,832,141.0,392,2858.95,1120707.34
3594,833,232.0,416,42.62,17729.92
3595,833,48.0,380,2.05,779.0
3596,833,400.0,189,8.19,1547.91
3597,833,185.0,307,49.38,15159.66
3598,834,317.0,244,4777.0,1165588.0
3599,834,550.0,278,1822.0,506516.0
3600,834,60.0,21,3127.0,65667.0
3601,834,399.0,44,3386.0,148984.0
3602,835,372.0,209,9.22,1926.13
3603,835,273.0,464,31.22,14487.67
3604,835,421.0,161,365.46,58839.21
3605,835,26.0,137,1069.24,146485.35
3606,835,588.0,196,3.51,687.48
3607,836,230.0,29,590.47,17123.58
3608,836,588.0,159,3.64,579.41
3609,836,445.0,446,54.68,24389.29
3610,836,476.0,233,33.21,7738.78
3611,836,425.0,216,34.83,7523.51
3612,836,354.0,249,9.0,2242.13
3613,836,9.0,454,15.25,6924.5
3614,837,342.0,219,4178.81,915158.62
3615,837,173.0,37,2533.47,93738.23
3616,837,1.0,242,130.29,31529.76
3617,837,561.0,327,3256.49,1064873.06
3618,837,294.0,359,1020.21,366255.79
3619,838,550.0,160,21.44,3430.4
3620,838,25.0,200,22.26,4452.0
3621,839,375.0,228,3808.09,868243.51
3622,839,566.0,134,345.88,46347.55
3623,839,188.0,418,4924.06,2058255.58
3624,840,183.0,120,2510.0,301200.0
3625,840,97.0,342,3735.0,1277370.0
3626,840,281.0,19,287.0,5453.0
3627,841,391.0,56,1335.0,74760.0
3628,842,26.0,206,1024.18,210981.82
3629,843,304.0,352,1214.25,427415.73
3630,843,237.0,71,2997.56,212826.94
3631,843,249.0,471,3544.09,1669264.74
3632,843,499.0,257,5660.79,1454823.34
3633,843,127.0,292,5091.87,1486825.98
3634,844,530.0,35,3378.88,118260.92
3635,844,456.0,282,3301.35,930980.12
3636,844,119.0,456,2932.3,1337128.58
3637,844,551.0,234,1795.07,420046.24
3638,844,396.0,40,4879.89,195195.73
3639,845,474.0,293,15.84,4640.67
3640,845,70.0,128,33.39,4273.88
3641,845,123.0,148,10.8,1599.0
3642,845,393.0,125,18.68,2334.97
3643,846,293.0,97,3495.59,339071.94
3644,846,182.0,194,560.61,108757.49
3645,846,306.0,469,436.77,204847.0
3646,846,565.0,241,2812.51,677814.2
3647,847,129.0,300,746.0,223800.0
3648,847,550.0,364,1822.0,663208.0
3649,848,33.0,381,2051.92,781782.96
3650,849,206.0,37,19.73,730.01
3651,849,237.0,250,31.59,7897.5
3652,849,12.0,347,1195.14,414713.58
3653,849,151.0,424,26.59,11274.16
3654,849,9.0,275,12.76,3509.0
3655,849,113.0,373,773.14,288381.22
3656,849,243.0,62,1.54,95.48
3657,849,159.0,86,5.34,459.24
3658,849,47.0,132,670.56,88513.92
3659,850,318.0,285,49.98,14244.72
3660,850,56.0,248,18.98,4705.87
3661,850,192.0,308,17.75,5466.84
3662,850,597.0,396,17.56,6955.32
3663,850,424.0,153,27.47,4202.99
3664,850,86.0,453,11.54,5228.0
3665,850,374.0,358,3.27,1171.05
3666,851,392.0,98,3946.55,386761.93
3667,851,69.0,24,4916.22,117989.16
3668,851,30.0,342,3036.37,1038438.95
3669,852,258.0,390,4445.5,1733744.78
3670,852,348.0,462,1421.71,656828.53
3671,852,296.0,256,3814.72,976568.7
3672,852,402.0,35,1829.08,64017.65
3673,852,430.0,440,1139.04,501179.43
3674,852,183.0,287,2974.14,853579.13
3675,853,423.0,301,2500.0,752500.0
3676,854,567.0,62,4583.0,284146.0
3677,854,583.0,171,908.0,155268.0
3678,854,129.0,103,746.0,76838.0
3679,854,368.0,462,3151.0,1455762.0
3680,854,424.0,358,2155.0,771490.0
3681,854,122.0,413,3706.0,1530578.0
3682,854,570.0,477,4546.0,2168442.0
3683,854,512.0,272,2054.0,558688.0
3684,854,413.0,459,4355.0,1998945.0
3685,855,540.0,274,2252.05,617061.68
3686,855,575.0,105,3104.96,326020.83
3687,855,434.0,39,2924.14,114041.64
3688,855,295.0,101,1142.19,115361.45
3689,855,35.0,251,1866.74,468551.24
3690,855,114.0,285,1379.99,393296.46
3691,856,89.0,439,2126.0,933314.0
3692,856,290.0,263,1315.0,345845.0
3693,856,111.0,400,1402.0,560800.0
3694,857,78.0,33,1011.98,33395.45
3695,857,395.0,210,59.92,12583.76
3696,857,340.0,311,47.33,14721.11
3697,857,391.0,424,18.74,7945.61
3698,857,8.0,415,15.38,6384.55
3699,857,476.0,417,36.07,15043.17
3700,857,272.0,321,1734.52,556780.61
3701,858,588.0,431,322.09,138819.08
3702,858,476.0,45,2831.96,127438.4
3703,858,318.0,374,4455.85,1666486.68
3704,858,550.0,337,2001.4,674472.75
3705,859,568.0,482,16.62,8010.81
3706,859,476.0,86,36.85,3168.76
3707,860,324.0,391,4148.08,1621897.36
3708,860,243.0,323,150.26,48532.4
3709,860,227.0,262,2339.42,612928.7
3710,860,192.0,35,1558.36,54542.52
3711,860,577.0,491,5241.73,2573688.08
3712,860,439.0,295,802.27,236670.12
3713,861,74.0,232,17.8,4129.71
3714,862,179.0,99,5448.32,539383.89
3715,862,217.0,100,3681.77,368176.5
3716,862,158.0,271,526.18,142594.35
3717,863,290.0,128,1472.31,188455.9
3718,863,335.0,365,5075.41,1852525.59
3719,863,556.0,150,5343.49,801523.91
3720,863,237.0,248,3064.5,759996.97
3721,863,550.0,475,1942.03,922466.11
3722,863,588.0,225,323.55,72797.67
3723,864,211.0,433,27.76,12019.04
3724,864,232.0,17,47.89,814.19
3725,864,591.0,474,67.83,32149.09
3726,865,238.0,425,62.67,26636.28
3727,865,49.0,221,530.18,117170.77
3728,865,48.0,59,2.41,142.05
3729,865,421.0,161,404.06,65053.81
3730,865,178.0,470,65.26,30672.46
3731,865,8.0,240,16.07,3856.92
3732,865,370.0,159,16.33,2597.26
3733,866,273.0,485,2350.0,1139750.0
3734,866,205.0,415,2586.0,1073190.0
3735,867,494.0,196,3960.53,776264.76
3736,867,103.0,14,2621.53,36701.39
3737,867,33.0,46,1931.68,88857.46
3738,867,324.0,133,4128.23,549054.17
3739,867,377.0,189,628.2,118729.65
3740,867,81.0,467,961.82,449167.67
3741,867,432.0,207,5702.33,1180381.75
3742,867,318.0,320,4478.38,1433081.58
3743,868,335.0,64,5266.23,337038.44
3744,868,535.0,308,2755.19,848597.84
3745,869,582.0,334,3570.0,1192380.0
3746,869,243.0,235,131.0,30785.0
3747,869,62.0,296,2786.0,824656.0
3748,869,25.0,273,1892.0,516516.0
3749,869,439.0,290,762.0,220980.0
3750,869,108.0,464,4469.0,2073616.0
3751,869,441.0,168,2400.0,403200.0
3752,869,4.0,228,435.0,99180.0
3753,870,185.0,202,4996.21,1009233.67
3754,870,551.0,332,1761.75,584901.54
3755,870,304.0,232,1324.37,307254.29
3756,870,565.0,454,2603.94,1182187.22
3757,870,493.0,23,5564.3,127978.93
3758,871,305.0,367,972.99,357088.86
3759,871,185.0,352,53.08,18685.25
3760,871,111.0,149,18.98,2827.39
3761,871,48.0,60,2.27,136.28
3762,872,372.0,271,9.03,2446.29
3763,872,424.0,340,27.43,9324.55
3764,872,189.0,470,1194.13,561240.64
3765,872,490.0,136,50.09,6811.81
3766,873,487.0,189,4801.2,907427.69
3767,873,573.0,399,3675.56,1466546.51
3768,873,177.0,41,3706.55,151968.55
3769,873,434.0,86,2928.57,251857.16
3770,873,46.0,82,2559.11,209846.64
3771,874,275.0,194,4238.33,822235.34
3772,874,153.0,158,2716.91,429271.1
3773,874,510.0,341,5467.32,1864357.46
3774,874,182.0,114,571.41,65140.21
3775,874,399.0,323,3968.95,1281971.11
3776,874,474.0,336,1296.87,435747.11
3777,874,306.0,159,422.19,67128.88
3778,875,524.0,110,3109.74,342071.49
3779,875,81.0,176,929.61,163610.81
3780,875,50.0,362,3105.52,1124197.43
3781,875,543.0,49,2562.33,125553.96
3782,875,108.0,374,5144.84,1924171.27
3783,875,196.0,130,3353.9,436007.14
3784,875,176.0,49,4536.7,222298.35
3785,876,570.0,373,4778.46,1782365.83
3786,876,210.0,288,5524.39,1591025.43
3787,876,432.0,347,5578.71,1935812.52
3788,876,146.0,47,5709.34,268338.85
3789,876,126.0,467,598.78,279632.46
3790,877,422.0,101,2789.0,281689.0
3791,877,456.0,484,3117.0,1508628.0
3792,877,69.0,385,4407.0,1696695.0
3793,878,377.0,365,553.0,201845.0
3794,878,490.0,422,3806.0,1606132.0
3795,878,146.0,439,4766.0,2092274.0
3796,878,318.0,267,3915.0,1045305.0
3797,878,23.0,225,3096.0,696600.0
3798,878,480.0,350,2776.0,971600.0
3799,879,316.0,26,5049.65,131290.92
3800,879,176.0,381,4686.36,1785503.09
3801,880,574.0,99,5657.11,560053.92
3802,880,570.0,305,5348.66,1631342.78
3803,880,187.0,359,3517.95,1262942.34
3804,880,179.0,228,5502.39,1254545.34
3805,880,201.0,148,5165.63,764513.22
3806,880,54.0,117,5281.1,617889.17
3807,880,249.0,497,3610.17,1794252.92
3808,880,578.0,417,2001.91,834795.0
3809,880,84.0,62,4424.57,274323.34
3810,881,540.0,324,2359.98,764633.97
3811,881,326.0,412,5617.03,2314217.71
3812,881,501.0,469,982.95,461005.48
3813,881,274.0,188,5029.39,945525.46
3814,882,111.0,163,1593.56,259751.03
3815,882,290.0,220,1553.45,341758.18
3816,882,89.0,387,2510.65,971623.12
3817,882,456.0,201,3637.49,731134.62
3818,883,187.0,492,39.09,19232.28
3819,883,306.0,88,4.71,414.48
3820,883,363.0,336,32.52,10926.72
3821,883,550.0,410,21.44,8790.4
3822,883,392.0,156,43.51,6787.56
3823,884,541.0,460,2560.0,1177600.0
3824,884,538.0,82,138.0,11316.0
3825,885,275.0,137,47.76,6542.66
3826,885,91.0,304,1165.07,354182.25
3827,885,570.0,66,57.21,3775.7
3828,885,550.0,457,24.53,11210.97
3829,885,54.0,489,62.55,30585.28
3830,886,50.0,421,2797.78,1177863.86
3831,886,579.0,18,2598.88,46779.83
3832,887,287.0,223,4614.91,1029124.0
3833,888,509.0,426,31.65,13481.25
3834,888,577.0,180,62.04,11166.84
3835,888,391.0,101,17.32,1749.04
3836,888,366.0,485,18.18,8815.16
3837,888,354.0,74,8.32,615.84
3838,889,54.0,46,4745.0,218270.0
3839,889,217.0,406,3256.0,1321936.0
3840,889,160.0,64,2350.0,150400.0
3841,889,432.0,146,4988.0,728248.0
3842,889,84.0,184,4212.0,775008.0
3843,890,111.0,475,1631.32,774875.98
3844,890,89.0,248,2340.5,580444.29
3845,891,311.0,100,3632.37,363236.74
3846,892,81.0,464,9.53,4421.92
3847,892,70.0,188,28.38,5335.44
3848,892,582.0,60,42.0,2520.0
3849,893,146.0,235,5222.78,1227354.05
3850,893,23.0,261,3253.06,849048.86
3851,893,530.0,182,3397.84,618406.59
3852,894,462.0,279,49.95,13935.55
3853,894,77.0,90,972.96,87566.67
3854,894,488.0,384,219.05,84114.16
3855,894,303.0,34,1874.66,63738.29
3856,895,238.0,410,65.16,26714.3
3857,895,178.0,498,65.39,32566.26
3858,895,383.0,187,1011.26,189106.31
3859,895,370.0,362,15.93,5765.72
3860,896,235.0,362,642.31,232516.01
3861,896,439.0,153,881.17,134819.25
3862,896,79.0,386,1847.11,712986.05
3863,896,260.0,482,2543.62,1226023.87
3864,896,481.0,28,1736.49,48621.78
3865,897,432.0,439,5257.77,2308161.95
3866,897,240.0,182,1684.01,306490.15
3867,897,179.0,86,5485.56,471758.57
3868,897,283.0,199,966.88,192409.44
3869,897,449.0,296,3591.21,1062997.29
3870,897,598.0,450,1499.37,674716.14
3871,897,4.0,300,504.5,151348.63
3872,898,295.0,75,1216.54,91240.5
3873,899,535.0,218,2609.57,568886.32
3874,899,23.0,350,3514.13,1229944.3
3875,899,293.0,87,3228.32,280864.2
3876,900,392.0,84,3698.0,310632.0
3877,901,472.0,32,1736.8,55577.6
3878,901,153.0,423,28.73,12152.79
3879,901,236.0,433,36.04,15605.32
3880,901,360.0,54,1252.56,67638.24
3881,901,13.0,30,20.22,606.6
3882,901,57.0,456,616.47,281110.32
3883,901,572.0,457,10.41,4757.37
3884,901,407.0,303,10.73,3251.19
3885,902,393.0,359,19.05,6840.17
3886,902,203.0,41,66.85,2741.0
3887,903,518.0,485,4980.72,2415647.79
3888,903,39.0,261,4820.69,1258200.52
3889,903,281.0,428,317.5,135891.06
3890,903,540.0,263,2507.27,659410.86
3891,904,419.0,67,1876.59,125731.81
3892,904,81.0,486,917.44,445877.09
3893,904,62.0,164,3039.16,498422.47
3894,905,183.0,423,3010.11,1273276.8
3895,905,475.0,272,574.34,156219.66
3896,905,258.0,221,4258.66,941164.55
3897,905,430.0,17,1279.68,21754.56
3898,905,296.0,469,4034.83,1892335.64
3899,906,440.0,327,4310.83,1409642.57
3900,906,81.0,371,946.59,351186.57
3901,906,524.0,437,3497.82,1528546.59
3902,906,562.0,475,3532.84,1678098.74
3903,906,236.0,421,3546.29,1492986.15
3904,907,293.0,70,42.13,2948.76
3905,907,391.0,32,17.97,575.17
3906,908,360.0,148,1393.29,206206.83
3907,908,570.0,282,62.44,17607.14
3908,908,488.0,45,211.74,9528.34
3909,909,172.0,368,531.7,195666.22
3910,909,422.0,160,3194.96,511193.93
3911,909,69.0,273,5095.59,1391097.15
3912,909,456.0,192,3726.72,715530.05
3913,909,238.0,407,5538.81,2254293.71
3914,909,370.0,151,1307.79,197475.61
3915,910,407.0,235,977.17,229636.07
3916,910,242.0,347,2935.04,1018459.99
3917,910,395.0,264,5148.21,1359127.75
3918,910,396.0,466,4695.12,2187927.56
3919,910,578.0,202,1884.86,380741.91
3920,911,163.0,190,1813.0,344470.0
3921,911,98.0,339,2102.0,712578.0
3922,911,417.0,214,3794.0,811916.0
3923,911,171.0,157,770.0,120890.0
3924,911,220.0,462,2633.0,1216446.0
3925,911,193.0,420,537.0,225540.0
3926,911,496.0,400,4139.0,1655600.0
3927,911,537.0,83,1058.0,87814.0
3928,911,401.0,142,2462.0,349604.0
3929,912,538.0,67,1.85,123.93
3930,912,345.0,135,49.45,6676.42
3931,912,38.0,86,1639.93,141034.2
3932,912,524.0,473,37.4,17690.52
3933,913,293.0,320,3625.1,1160031.95
3934,913,318.0,212,4673.97,990882.57
3935,913,513.0,163,3938.16,641919.64
3936,913,23.0,98,3262.04,319679.57
3937,914,29.0,318,4730.0,1504140.0
3938,914,419.0,382,1750.0,668500.0
3939,914,192.0,385,1433.0,551705.0
3940,914,512.0,171,2054.0,351234.0
3941,914,406.0,87,2801.0,243687.0
3942,914,449.0,260,3340.0,868400.0
3943,914,493.0,16,4911.0,78576.0
3944,915,432.0,49,5747.75,281639.78
3945,916,574.0,160,4977.0,796320.0
3946,916,211.0,277,2054.0,568958.0
3947,916,418.0,343,4157.0,1425851.0
3948,916,392.0,316,3698.0,1168568.0
3949,916,111.0,45,1402.0,63090.0
3950,917,419.0,158,23.51,3714.34
3951,917,462.0,374,53.35,19953.14
3952,917,360.0,93,1500.59,139554.83
3953,917,77.0,66,905.34,59752.21
3954,918,472.0,491,2000.93,982455.49
3955,918,374.0,341,3.27,1114.42
3956,918,433.0,260,56.3,14637.83
3957,918,154.0,330,594.71,196252.82
3958,918,517.0,373,516.45,192637.37
3959,918,33.0,60,22.69,1361.29
3960,919,538.0,173,162.94,28188.84
3961,919,60.0,424,3284.8,1392754.77
3962,919,227.0,62,2213.54,137239.37
3963,920,359.0,499,220.08,109820.75
3964,920,249.0,427,3769.18,1609438.87
3965,920,43.0,474,3055.25,1448187.37
3966,921,53.0,468,37.85,17713.8
3967,921,375.0,164,39.69,6509.16
3968,922,48.0,38,174.0,6612.0
3969,922,335.0,123,4601.0,565923.0
3970,922,551.0,475,1528.0,725800.0
3971,922,505.0,404,2229.0,900516.0
3972,922,89.0,463,2126.0,984338.0
3973,922,185.0,285,4197.0,1196145.0
3974,923,48.0,236,193.28,45613.67
3975,923,304.0,382,1259.83,481255.84
3976,923,513.0,254,4072.56,1034431.06
3977,923,28.0,63,5064.19,319044.21
3978,924,264.0,152,2654.84,403536.0
3979,924,483.0,245,3772.8,924335.31
3980,924,392.0,39,4059.18,158307.93
3981,925,210.0,421,4906.0,2065426.0
3982,925,111.0,46,1402.0,64492.0
3983,925,89.0,459,2126.0,975834.0
3984,925,290.0,234,1315.0,307710.0
3985,925,462.0,401,3975.0,1593975.0
3986,925,456.0,214,3117.0,667038.0
3987,926,347.0,450,2885.0,1298250.0
3988,926,173.0,30,2246.0,67380.0
3989,926,434.0,357,2551.0,910707.0
3990,926,190.0,284,4003.0,1136852.0
3991,926,276.0,297,1979.0,587763.0
3992,927,582.0,32,42.0,1344.0
3993,927,287.0,321,49.31,15828.51
3994,927,102.0,149,33.14,4937.86
3995,927,70.0,72,28.38,2043.36
3996,927,81.0,64,9.53,609.92
3997,927,306.0,122,4.71,574.62
3998,928,166.0,233,1320.04,307569.32
3999,928,291.0,491,57.94,28448.54
4000,928,543.0,76,28.25,2147.0
4001,929,433.0,398,4828.74,1921838.63
4002,929,264.0,61,2656.14,162024.49
4003,929,23.0,257,3533.12,908010.57
4004,930,82.0,161,24.18,3892.98
4005,930,374.0,370,3.09,1143.3
4006,930,598.0,450,16.62,7479.0
4007,930,551.0,395,17.98,7102.1
4008,930,582.0,376,42.0,15792.0
4009,930,167.0,248,5.99,1485.52
4010,931,391.0,134,16.84,2255.99
4011,931,242.0,384,37.3,14321.5
4012,931,287.0,301,51.78,15586.96
4013,931,578.0,227,22.46,5097.43
4014,931,293.0,17,38.7,657.85
4015,931,593.0,208,32.43,6745.81
4016,932,52.0,169,4958.0,837902.0
4017,932,279.0,165,4200.0,693000.0
4018,932,529.0,433,1681.0,727873.0
4019,932,193.0,104,537.0,55848.0
4020,932,66.0,125,151.0,18875.0
4021,932,220.0,10,2633.0,26330.0
4022,932,163.0,354,1813.0,641802.0
4023,932,171.0,89,770.0,68530.0
4024,932,401.0,299,2462.0,736138.0
4025,933,43.0,341,3438.94,1172677.41
4026,933,249.0,68,3564.36,242376.79
4027,933,359.0,343,231.71,79475.66
4028,934,146.0,75,5329.7,399727.49
4029,935,558.0,290,3183.0,923070.0
4030,935,480.0,341,2776.0,946616.0
4031,935,391.0,216,1335.0,288360.0
4032,935,202.0,212,4926.0,1044312.0
4033,935,262.0,298,2393.0,713114.0
4034,935,393.0,87,1480.0,128760.0
4035,936,126.0,228,526.0,119928.0
4036,936,570.0,176,4546.0,800096.0
4037,936,146.0,394,4766.0,1877804.0
4038,936,210.0,116,4906.0,569096.0
4039,936,432.0,315,4988.0,1571220.0
4040,937,537.0,270,1058.0,285660.0
4041,937,496.0,475,4139.0,1966025.0
4042,937,465.0,426,1752.0,746352.0
4043,938,231.0,361,4626.48,1670159.1
4044,938,274.0,365,5330.7,1945705.12
4045,938,55.0,410,1065.32,436779.47
4046,939,215.0,262,2344.42,614237.6
4047,939,287.0,422,4638.28,1957354.58
4048,939,238.0,219,5708.46,1250153.75
4049,940,486.0,191,23.78,4541.98
4050,940,515.0,320,25.01,8003.2
4051,940,38.0,459,1384.38,635430.42
4052,940,230.0,63,531.27,33470.01
4053,940,240.0,352,18.38,6469.76
4054,940,472.0,28,1736.8,48630.4
4055,940,440.0,299,46.22,13819.78
4056,941,451.0,150,2098.26,314738.29
4057,942,565.0,360,2849.17,1025702.71
4058,942,324.0,272,3870.72,1052835.38
4059,942,179.0,301,5545.47,1669185.87
4060,942,425.0,98,2614.08,256180.29
4061,942,407.0,130,997.75,129707.52
4062,943,487.0,451,4426.04,1996144.07
4063,943,532.0,427,1620.72,692047.12
4064,943,453.0,284,4857.15,1379429.55
4065,943,190.0,99,4791.39,474347.5
4066,943,274.0,423,4856.9,2054469.61
4067,943,555.0,477,3784.83,1805363.91
4068,944,421.0,63,343.06,21612.78
4069,944,53.0,236,37.85,8932.6
4070,944,588.0,218,3.19,695.42
4071,944,497.0,282,1467.48,413829.36
4072,945,283.0,279,10.29,2871.95
4073,945,13.0,196,22.6,4430.22
4074,945,424.0,112,27.27,3054.58
4075,945,282.0,284,478.27,135829.03
4076,946,119.0,396,30.41,12042.36
4077,946,422.0,240,32.81,7874.4
4078,946,439.0,342,8.96,3064.32
4079,947,179.0,12,5335.07,64020.84
4080,947,251.0,299,3101.03,927208.13
4081,947,108.0,57,5352.81,305110.31
4082,947,235.0,27,660.77,17840.73
4083,947,239.0,126,1249.14,157391.09
4084,948,22.0,22,1566.24,34457.28
4085,948,75.0,236,612.39,144524.04
4086,949,205.0,328,30.42,9977.76
4087,949,568.0,304,15.24,4632.96
4088,949,577.0,492,58.51,28786.92
4089,949,84.0,298,49.55,14765.9
4090,949,596.0,43,756.98,32550.14
4091,949,542.0,266,55.07,14648.62
4092,950,81.0,23,9.53,219.19
4093,950,306.0,238,4.71,1120.98
4094,950,287.0,95,49.31,4684.45
4095,950,48.0,249,2.05,510.45
4096,950,102.0,160,33.14,5302.4
4097,951,205.0,280,2586.0,724080.0
4098,951,28.0,311,4343.0,1350673.0
4099,951,450.0,103,1010.0,104030.0
4100,951,471.0,346,577.0,199642.0
4101,951,413.0,314,4355.0,1367470.0
4102,951,194.0,362,1927.0,697574.0
4103,951,469.0,432,1101.0,475632.0
4104,952,165.0,446,1325.0,590950.0
4105,952,597.0,157,1287.0,202059.0
4106,952,141.0,292,2660.0,776720.0
4107,952,391.0,21,1335.0,28035.0
4108,952,293.0,140,3065.0,429100.0
4109,952,291.0,210,4925.0,1034250.0
4110,953,317.0,426,5325.63,2268717.16
4111,953,446.0,71,4445.34,315619.15
4112,953,54.0,232,5059.71,1173853.3
4113,953,170.0,474,1694.82,803342.87
4114,953,89.0,131,2483.83,325381.81
4115,953,264.0,325,2599.1,844708.98
4116,953,33.0,73,2051.63,149768.91
4117,953,319.0,111,717.39,79630.48
4118,953,410.0,152,706.07,107323.1
4119,954,189.0,28,1235.22,34586.28
4120,954,424.0,443,29.72,13166.99
4121,954,571.0,302,1539.43,464908.2
4122,955,419.0,160,1934.55,309528.39
4123,955,489.0,92,543.4,49992.42
4124,955,570.0,409,5175.2,2116658.43
4125,955,424.0,322,2278.82,733780.24
4126,955,87.0,336,938.26,315256.5
4127,955,597.0,131,1497.75,196205.23
4128,955,515.0,301,2346.3,706235.85
4129,955,203.0,21,5119.11,107501.25
4130,956,58.0,91,1830.0,166530.0
4131,956,199.0,187,236.0,44132.0
4132,956,398.0,215,1720.0,369800.0
4133,956,97.0,87,3735.0,324945.0
4134,956,266.0,11,4966.0,54626.0
4135,956,51.0,328,851.0,279128.0
4136,956,83.0,376,3324.0,1249824.0
4137,956,137.0,467,2397.0,1119399.0
4138,957,303.0,84,1949.92,163792.92
4139,957,419.0,435,24.31,10576.65
4140,957,570.0,213,61.26,13048.53
4141,957,462.0,84,54.02,4537.95
4142,957,488.0,228,204.96,46730.67
4143,957,77.0,281,991.38,278576.44
4144,958,127.0,267,4704.93,1256217.1
4145,958,450.0,147,1128.07,165826.97
4146,958,304.0,313,1257.89,393719.28
4147,959,418.0,113,4840.07,546928.18
4148,959,287.0,380,4743.89,1802678.09
4149,959,201.0,83,5001.28,415106.1
4150,959,211.0,357,2305.64,823112.34
4151,959,578.0,290,2040.93,591869.21
4152,960,439.0,12,8.96,107.52
4153,961,167.0,250,5.99,1497.5
4154,961,574.0,239,58.55,13993.45
4155,961,160.0,372,27.65,10285.8
4156,961,585.0,158,579.64,91583.12
4157,961,89.0,238,25.01,5952.38
4158,962,301.0,323,3.19,1031.06
4159,962,560.0,222,6.09,1351.55
4160,962,49.0,19,569.95,10829.0
4161,962,483.0,69,43.39,2994.11
4162,962,182.0,42,6.47,271.82
4163,962,360.0,425,1366.53,580777.0
4164,962,243.0,18,1.8,32.46
4165,963,215.0,19,2042.0,38798.0
4166,964,283.0,459,891.13,409027.89
4167,964,56.0,62,1663.01,103106.41
4168,964,456.0,443,3578.63,1585335.21
4169,964,127.0,452,4836.26,2185991.7
4170,964,172.0,317,515.2,163317.12
4171,964,287.0,342,4814.66,1646613.56
4172,964,92.0,24,286.01,6864.23
4173,964,476.0,208,3089.62,642641.14
4174,965,558.0,201,3544.7,712484.79
4175,965,262.0,465,2655.18,1234656.44
4176,965,391.0,340,1513.36,514542.83
4177,965,393.0,76,1714.76,130321.7
4178,965,480.0,226,3290.66,743688.04
4179,966,15.0,428,1711.19,732387.58
4180,966,28.0,427,4641.34,1981851.69
4181,966,165.0,265,1466.91,388731.43
4182,967,21.0,400,8.27,3308.69
4183,967,483.0,54,41.58,2245.23
4184,967,301.0,141,3.48,490.42
4185,967,243.0,358,1.62,581.6
4186,968,243.0,453,154.92,70176.66
4187,968,300.0,134,4168.2,558538.68
4188,969,294.0,493,882.0,434826.0
4189,969,502.0,81,504.0,40824.0
4190,969,139.0,321,3683.0,1182243.0
4191,969,200.0,433,2361.0,1022313.0
4192,970,486.0,474,2021.0,957954.0
4193,971,319.0,36,8.97,322.89
4194,971,113.0,432,818.2,353460.96
4195,972,165.0,52,1580.95,82209.26
4196,972,175.0,343,2105.47,722176.06
4197,973,69.0,204,5069.95,1034270.36
4198,973,335.0,13,4867.49,63277.36
4199,973,170.0,104,1586.09,164953.72
4200,974,231.0,289,4560.07,1317859.84
4201,974,85.0,174,2870.51,499469.58
4202,974,27.0,320,408.56,130739.52
4203,974,96.0,81,2078.51,168359.65
4204,974,248.0,339,5254.02,1781113.09
4205,975,202.0,156,5224.03,814948.02
4206,976,541.0,249,2780.49,692342.9
4207,976,424.0,169,2500.33,422556.42
4208,976,508.0,282,3393.53,956976.8
4209,976,377.0,245,655.21,160525.59
4210,976,62.0,199,3119.31,620742.6
4211,976,567.0,242,5332.23,1290400.11
4212,977,460.0,238,1082.66,257673.44
4213,977,391.0,72,1500.31,108022.11
4214,977,175.0,280,2015.88,564445.13
4215,977,530.0,356,3407.47,1213060.02
4216,977,319.0,55,757.66,41671.24
4217,978,569.0,351,52.12,18295.3
4218,979,505.0,139,2229.0,309831.0
4219,979,48.0,165,174.0,28710.0
4220,979,89.0,301,2126.0,639926.0
4221,979,185.0,211,4197.0,885567.0
4222,979,335.0,333,4601.0,1532133.0
4223,979,15.0,355,1541.0,547055.0
4224,980,513.0,335,3697.0,1238495.0
4225,980,182.0,173,484.0,83732.0
4226,980,211.0,241,2054.0,495014.0
4227,981,56.0,80,1439.0,115120.0
4228,981,69.0,409,4407.0,1802463.0
4229,981,287.0,421,4191.0,1764411.0
4230,981,290.0,19,1315.0,24985.0
4231,981,422.0,460,2789.0,1282940.0
4232,981,476.0,19,2637.0,50103.0
4233,981,283.0,121,820.0,99220.0
4234,981,441.0,110,2400.0,264000.0
4235,982,513.0,67,3697.0,247699.0
4236,982,591.0,123,4978.0,612294.0
4237,983,359.0,19,202.0,3838.0
4238,983,249.0,139,3282.0,456198.0
4239,983,43.0,24,2880.0,69120.0
4240,984,311.0,349,3687.97,1287102.26
4241,985,153.0,496,2827.66,1402519.4
4242,985,393.0,351,1736.8,609616.22
4243,985,202.0,320,5757.07,1842263.92
4244,985,23.0,451,3356.15,1513624.21
4245,985,285.0,275,1179.91,324474.17
4246,986,262.0,423,2393.0,1012239.0
4247,986,480.0,294,2776.0,816144.0
4248,986,202.0,284,4926.0,1398984.0
4249,986,391.0,429,1335.0,572715.0
4250,986,393.0,198,1480.0,293040.0
4251,987,176.0,34,4829.34,164197.41
4252,987,306.0,421,462.32,194637.19
4253,988,173.0,281,2516.81,707222.77
4254,988,364.0,353,2926.61,1033093.28
4255,988,342.0,348,3775.03,1313709.91
4256,989,48.0,63,2.3,144.67
4257,990,175.0,359,2086.57,749078.02
4258,990,291.0,194,5402.04,1047996.36
4259,990,597.0,134,1517.05,203284.74
4260,991,543.0,123,2803.58,344840.25
4261,991,568.0,205,1499.22,307340.32
4262,991,476.0,378,2793.38,1055897.76
4263,992,459.0,48,4996.19,239817.08
4264,992,342.0,118,3896.7,459810.03
4265,992,351.0,493,3323.39,1638429.99
4266,992,529.0,229,1920.66,439830.08
4267,992,364.0,467,3033.51,1416648.31
4268,992,561.0,326,3407.37,1110804.06
4269,992,1.0,196,142.31,27892.16
4270,993,114.0,139,1448.13,201289.45
4271,994,188.0,12,4792.37,57508.46
4272,994,433.0,220,5042.2,1109283.39
4273,994,56.0,355,1550.35,550375.06
4274,994,275.0,310,4207.67,1304378.73
4275,994,375.0,12,3880.87,46570.39
4276,995,91.0,266,1136.78,302384.04
4277,995,80.0,378,32.84,12414.03
4278,995,160.0,264,31.25,8249.84
4279,996,151.0,40,31.39,1255.48
4280,996,9.0,72,15.06,1084.58
4281,996,360.0,279,1324.24,369462.47
4282,996,275.0,242,51.75,12522.98
4283,996,480.0,391,36.57,14299.65
4284,997,82.0,203,2055.0,417165.0
4285,997,232.0,114,3623.0,413022.0
4286,997,519.0,130,328.0,42640.0
4287,997,259.0,327,4411.0,1442397.0
4288,997,264.0,373,2345.0,874685.0
4289,998,87.0,404,920.75,371981.27
4290,998,273.0,294,2486.48,731026.03
4291,998,377.0,287,598.36,171728.11
4292,998,227.0,411,2094.19,860710.47
4293,999,240.0,300,1653.47,496041.37
4294,999,569.0,298,3951.75,1177621.66
4295,999,455.0,412,4158.43,1713271.6
4296,999,290.0,61,1529.61,93306.07
4297,999,330.0,248,3011.21,746780.42
4298,999,147.0,93,1493.66,138910.23
4299,999,110.0,88,5483.28,482528.53
4300,1000,571.0,11,1654.47,18199.2
4301,1000,483.0,214,39.47,8447.31
4302,1000,514.0,24,37.0,887.9
4303,1000,562.0,304,42.16,12815.26
4304,1000,372.0,199,10.16,2022.3
4305,1000,167.0,93,7.12,662.46
4306,1001,424.0,104,2155.0,224120.0
4307,1001,122.0,61,3706.0,226066.0
4308,1002,182.0,257,513.22,131898.64
4309,1002,69.0,125,4982.01,622751.36
4310,1002,53.0,427,3496.22,1492886.93
4311,1002,25.0,266,2236.44,594892.04
4312,1003,570.0,108,59.04,6376.42
4313,1003,303.0,43,1877.7,80741.27
4314,1004,395.0,106,61.05,6471.72
4315,1004,433.0,184,57.86,10645.9
4316,1004,472.0,389,1983.93,771747.96
4317,1004,12.0,283,1392.79,394159.99
4318,1004,325.0,319,656.78,209511.38
4319,1004,172.0,483,6.43,3106.85
4320,1004,273.0,60,30.61,1836.5
4321,1004,517.0,450,524.11,235850.36
4322,1004,375.0,76,42.44,3225.53
4323,1005,133.0,111,1325.63,147145.45
4324,1005,313.0,168,5227.33,878191.08
4325,1005,83.0,283,3906.37,1105502.33
4326,1005,561.0,68,3229.78,219625.06
4327,1005,1.0,183,132.59,24264.43
4328,1005,142.0,259,4566.46,1182713.59
4329,1005,563.0,131,4330.06,567237.51
4330,1005,207.0,134,2398.31,321373.79
4331,1005,507.0,292,329.82,96307.78
4332,1006,117.0,274,376.5,103160.36
4333,1006,285.0,389,1154.31,449025.71
4334,1006,102.0,222,3331.44,739578.72
4335,1006,175.0,224,2070.84,463868.99
4336,1007,233.0,203,4589.89,931748.38
4337,1007,531.0,228,1173.49,267554.96
4338,1007,545.0,333,929.94,309669.43
4339,1007,274.0,76,4870.76,370177.63
4340,1007,415.0,48,389.44,18693.15
4341,1008,273.0,11,27.65,304.15
4342,1008,113.0,42,773.14,32471.88
4343,1008,26.0,304,907.58,275904.32
4344,1008,421.0,22,343.06,7547.32
4345,1008,119.0,426,30.41,12954.66
4346,1008,489.0,500,5.76,2880.0
4347,1009,71.0,185,3169.0,586265.0
4348,1009,486.0,478,2021.0,966038.0
4349,1009,345.0,114,3805.0,433770.0
4350,1009,50.0,120,2622.0,314640.0
4351,1009,70.0,362,2412.0,873144.0
4352,1009,151.0,298,2260.0,673480.0
4353,1010,172.0,463,522.94,242120.74
4354,1010,357.0,212,647.05,137175.21
4355,1010,550.0,493,2161.12,1065433.81
4356,1011,512.0,401,2313.99,927909.72
4357,1011,368.0,338,3573.84,1207959.19
4358,1011,122.0,174,4216.96,733751.07
4359,1011,567.0,281,5287.7,1485842.79
4360,1011,541.0,329,2860.24,941017.75
4361,1011,301.0,248,290.28,71989.97
4362,1011,129.0,150,797.02,119552.85
4363,1011,441.0,180,2610.35,469863.81
4364,1011,583.0,274,998.88,273693.58
4365,1012,235.0,278,643.43,178874.51
4366,1012,239.0,179,1162.28,208048.47
4367,1013,401.0,378,2905.4,1098241.11
4368,1013,423.0,420,2997.3,1258866.53
4369,1013,587.0,200,442.4,88480.37
4370,1013,98.0,290,2424.33,703055.91
4371,1013,52.0,23,5921.02,136183.38
4372,1013,193.0,410,581.24,238309.96
4373,1013,66.0,101,160.18,16178.47
4374,1013,465.0,490,2033.25,996290.77
4375,1014,455.0,368,45.88,16883.84
4376,1014,538.0,302,1.62,489.24
4377,1014,38.0,141,1384.38,195197.58
4378,1015,529.0,369,1803.76,665586.52
4379,1016,345.0,498,44.76,22290.48
4380,1016,203.0,294,56.14,16505.16
4381,1016,568.0,201,15.24,3063.24
4382,1016,538.0,339,1.62,549.18
4383,1016,196.0,375,37.05,13893.75
4384,1016,306.0,209,4.71,984.39
4385,1017,211.0,141,2171.62,306198.5
4386,1017,578.0,124,2086.59,258736.72
4387,1017,23.0,389,3515.4,1367488.88
4388,1017,418.0,134,4951.7,663527.76
4389,1018,69.0,254,57.56,14619.51
4390,1018,244.0,338,57.44,19413.09
4391,1018,324.0,460,47.0,21617.84
4392,1018,460.0,246,13.27,3263.64
4393,1018,416.0,467,61.84,28881.38
4394,1018,197.0,172,59.56,10243.59
4395,1018,16.0,244,448.74,109492.17
4396,1019,589.0,447,2066.77,923847.36
4397,1019,122.0,107,49.58,5305.5
4398,1019,87.0,86,10.73,923.13
4399,1019,22.0,163,1739.73,283575.71
4400,1019,172.0,425,6.18,2628.24
4401,1019,408.0,320,27.61,8835.85
4402,1020,318.0,332,52.09,17293.1
4403,1020,185.0,316,58.95,18628.54
4404,1020,345.0,302,51.71,15616.76
4405,1020,272.0,414,1597.09,661193.47
4406,1021,395.0,100,4599.0,459900.0
4407,1021,368.0,218,3151.0,686918.0
4408,1021,300.0,470,3749.0,1762030.0
4409,1021,560.0,235,442.0,103870.0
4410,1021,242.0,393,2769.0,1088217.0
4411,1021,396.0,191,4173.0,797043.0
4412,1021,446.0,176,3913.0,688688.0
4413,1022,440.0,278,4648.09,1292170.14
4414,1022,50.0,183,2997.83,548602.52
4415,1022,481.0,310,1605.21,497614.75
4416,1022,562.0,362,3456.92,1251404.17
4417,1022,70.0,332,2861.29,949947.59
4418,1023,306.0,126,4.71,593.46
4419,1023,232.0,121,42.62,5157.02
4420,1023,550.0,112,21.44,2401.28
4421,1023,436.0,239,727.88,173963.32
4422,1023,363.0,112,32.52,3642.24
4423,1023,227.0,30,23.09,692.7
4424,1023,25.0,123,22.26,2737.98
4425,1024,230.0,410,624.32,255970.97
4426,1024,174.0,436,1197.38,522055.78
4427,1024,462.0,242,49.28,11926.94
4428,1024,588.0,419,3.78,1584.52
4429,1024,153.0,13,30.54,397.08
4430,1024,476.0,217,33.0,7161.4
4431,1024,10.0,43,1567.63,67408.15
4432,1025,51.0,360,918.69,330727.4
4433,1025,200.0,212,2799.87,593571.71
4434,1025,35.0,173,1838.29,318024.61
4435,1025,139.0,135,4343.57,586381.59
4436,1025,502.0,141,574.28,80974.12
4437,1026,127.0,252,4798.76,1209286.52
4438,1026,236.0,422,3337.63,1408478.92
4439,1026,439.0,314,805.05,252786.58
4440,1026,524.0,412,3515.81,1448513.5
4441,1027,50.0,273,2909.62,794325.29
4442,1027,433.0,56,4829.85,270471.35
4443,1027,179.0,448,5230.37,2343204.97
4444,1027,469.0,169,1190.8,201245.15
4445,1027,572.0,444,1055.02,468427.51
4446,1027,311.0,399,3513.91,1402050.06
4447,1027,41.0,434,3916.97,1699965.74
4448,1028,42.0,106,4870.0,516220.0
4449,1028,556.0,262,4496.0,1177952.0
4450,1028,476.0,48,2637.0,126576.0
4451,1028,566.0,128,302.0,38656.0
4452,1028,572.0,47,885.0,41595.0
4453,1028,588.0,173,271.0,46883.0
4454,1029,129.0,275,809.18,222525.04
4455,1029,42.0,18,5284.19,95115.41
4456,1029,194.0,91,2157.04,196290.68
4457,1029,499.0,184,5516.76,1015084.61
4458,1029,425.0,392,2762.06,1082728.24
4459,1029,513.0,371,4302.59,1596259.28
4460,1029,255.0,266,2949.57,784584.96
4461,1030,300.0,65,3749.0,243685.0
4462,1030,170.0,405,1441.0,583605.0
4463,1030,205.0,401,2586.0,1036986.0
4464,1030,33.0,352,1746.0,614592.0
4465,1030,508.0,332,3117.0,1034844.0
4466,1030,125.0,448,4723.0,2115904.0
4467,1030,158.0,311,466.0,144926.0
4468,1030,425.0,193,2484.0,479412.0
4469,1031,147.0,445,1469.46,653908.04
4470,1031,490.0,369,4202.93,1550880.84
4471,1031,175.0,453,2065.72,935769.16
4472,1031,366.0,320,1569.27,502165.59
4473,1031,308.0,462,1274.7,588911.49
4474,1031,123.0,190,856.66,162765.99
4475,1031,102.0,192,3123.08,599631.43
4476,1032,486.0,200,2021.0,404200.0
4477,1032,70.0,456,2412.0,1099872.0
4478,1032,176.0,104,4307.0,447928.0
4479,1033,42.0,408,62.34,25434.25
4480,1033,488.0,41,201.8,8273.99
4481,1033,360.0,287,1324.44,380115.04
4482,1033,419.0,29,22.14,642.11
4483,1034,562.0,262,39.67,10393.8
4484,1034,426.0,222,126.33,28046.37
4485,1034,330.0,490,32.38,15868.59
4486,1034,598.0,104,19.65,2044.05
4487,1034,519.0,354,4.57,1616.06
4488,1034,570.0,350,60.44,21153.58
4489,1035,598.0,485,1413.0,685305.0
4490,1035,240.0,181,1562.0,282722.0
4491,1035,316.0,405,4398.0,1781190.0
4492,1035,560.0,260,442.0,114920.0
4493,1035,410.0,270,655.0,176850.0
4494,1036,226.0,320,3157.83,1010506.12
4495,1036,43.0,35,3279.56,114784.63
4496,1037,286.0,372,4418.94,1643844.25
4497,1037,466.0,338,2114.14,714580.92
4498,1037,218.0,388,1758.15,682160.38
4499,1037,332.0,284,2818.37,800416.6
4500,1037,39.0,204,4612.59,940967.95
4501,1038,170.0,142,1441.0,204622.0
4502,1038,493.0,287,4911.0,1409457.0
4503,1038,582.0,246,3570.0,878220.0
4504,1039,391.0,442,1335.0,590070.0
4505,1039,175.0,228,1828.0,416784.0
4506,1039,141.0,76,2660.0,202160.0
4507,1040,525.0,398,1517.39,603920.77
4508,1041,359.0,289,2.6,751.48
4509,1041,79.0,305,20.72,6319.03
4510,1041,583.0,396,12.06,4775.89
4511,1041,494.0,122,48.72,5944.12
4512,1042,515.0,405,2290.26,927555.08
4513,1042,396.0,110,4457.33,490306.06
4514,1042,185.0,475,4603.47,2186649.28
4515,1043,340.0,455,42.94,19537.7
4516,1043,8.0,347,14.09,4889.23
4517,1043,476.0,99,31.02,3070.98
4518,1044,96.0,347,1983.24,688184.08
4519,1044,361.0,476,3653.06,1738858.32
4520,1044,540.0,385,2358.22,907913.72
4521,1045,50.0,225,2811.85,632665.82
4522,1045,476.0,209,2823.56,590123.44
4523,1045,568.0,142,1391.05,197528.43
4524,1045,300.0,179,4232.85,757679.3
4525,1046,129.0,245,746.0,182770.0
4526,1047,227.0,233,2193.97,511195.52
4527,1047,42.0,300,5660.89,1698265.68
4528,1047,146.0,97,5580.82,541339.15
4529,1047,185.0,272,4444.16,1208812.57
4530,1047,371.0,71,5429.56,385498.43
4531,1048,510.0,160,5448.29,871725.77
4532,1048,226.0,378,3224.34,1218801.83
4533,1049,53.0,360,3217.0,1158120.0
4534,1049,392.0,172,3698.0,636056.0
4535,1049,69.0,235,4407.0,1035645.0
4536,1049,30.0,445,2727.0,1213515.0
4537,1050,364.0,160,2623.0,419680.0
4538,1050,289.0,281,4338.0,1218978.0
4539,1050,279.0,458,4200.0,1923600.0
4540,1050,276.0,96,1979.0,189984.0
4541,1050,173.0,310,2246.0,696260.0
4542,1051,306.0,473,400.0,189200.0
4543,1051,42.0,482,4870.0,2347340.0
4544,1051,134.0,478,3387.0,1618986.0
4545,1051,582.0,244,3570.0,871080.0
4546,1051,519.0,128,328.0,41984.0
4547,1051,82.0,50,2055.0,102750.0
4548,1051,264.0,99,2345.0,232155.0
4549,1051,400.0,346,696.0,240816.0
4550,1052,499.0,159,4784.0,760656.0
4551,1052,591.0,192,4978.0,955776.0
4552,1052,42.0,161,4870.0,784070.0
4553,1053,26.0,101,907.58,91665.58
4554,1053,21.0,64,6.99,447.36
4555,1053,194.0,40,22.67,906.8
4556,1054,472.0,460,1736.8,798928.0
4557,1054,189.0,376,1073.75,403730.0
4558,1054,33.0,49,20.54,1006.46
4559,1054,395.0,385,54.11,20832.35
4560,1054,374.0,485,3.09,1498.65
4561,1054,172.0,19,5.74,109.06
4562,1054,375.0,157,39.69,6231.33
4563,1055,29.0,416,4730.0,1967680.0
4564,1055,249.0,479,3282.0,1572078.0
4565,1055,165.0,30,1325.0,39750.0
4566,1055,48.0,442,174.0,76908.0
4567,1055,127.0,136,4315.0,586840.0
4568,1056,293.0,203,3255.78,660923.43
4569,1056,513.0,378,4372.14,1652667.71
4570,1056,535.0,477,2842.76,1355998.26
4571,1056,23.0,281,3270.97,919142.44
4572,1056,318.0,23,4135.97,95127.28
4573,1057,399.0,267,3590.01,958532.43
4574,1057,395.0,54,5340.01,288360.32
4575,1057,175.0,18,2181.19,39261.46
4576,1057,519.0,146,355.64,51923.35
4577,1057,548.0,366,5206.57,1905606.4
4578,1058,115.0,349,202.49,70670.64
4579,1058,25.0,237,24.51,5809.98
4580,1058,497.0,398,1693.08,673847.4
4581,1059,570.0,207,53.48,11070.36
4582,1059,462.0,169,46.76,7902.44
4583,1059,303.0,440,1706.55,750882.0
4584,1059,419.0,40,20.59,823.6
4585,1059,42.0,118,57.29,6760.22
4586,1060,439.0,397,839.23,333172.4
4587,1060,48.0,34,202.98,6901.16
4588,1060,509.0,348,2558.96,890518.82
4589,1060,251.0,291,3031.35,882121.93
4590,1060,125.0,32,5136.31,164362.0
4591,1060,469.0,425,1259.89,535455.35
4592,1061,176.0,442,5115.15,2260896.55
4593,1061,243.0,279,151.73,42332.73
4594,1061,562.0,324,3178.26,1029756.73
4595,1061,456.0,467,3426.76,1600297.1
4596,1062,579.0,467,2334.63,1090270.8
4597,1062,335.0,240,5499.23,1319815.43
4598,1062,354.0,482,766.3,369356.99
4599,1062,306.0,10,446.98,4469.83
4600,1063,134.0,210,4048.67,850220.09
4601,1064,27.0,287,391.66,112405.69
4602,1064,85.0,186,2855.02,531033.99
4603,1064,72.0,95,5397.4,512752.82
4604,1065,377.0,59,553.0,32627.0
4605,1065,562.0,254,3011.0,764794.0
4606,1065,273.0,237,2350.0,556950.0
4607,1066,46.0,24,2362.13,56691.01
4608,1066,313.0,255,4887.12,1246215.16
4609,1066,434.0,260,2758.77,717279.99
4610,1066,414.0,272,2933.39,797880.98
4611,1066,177.0,212,4076.2,864154.45
4612,1066,35.0,294,1891.06,555970.9
4613,1066,487.0,390,5017.73,1956916.04
4614,1066,114.0,491,1453.45,713642.87
4615,1067,354.0,451,648.0,292248.0
4616,1067,306.0,48,400.0,19200.0
4617,1067,419.0,268,1750.0,469000.0
4618,1067,579.0,172,2182.0,375304.0
4619,1067,335.0,40,4601.0,184040.0
4620,1068,178.0,85,63.85,5427.36
4621,1068,57.0,61,722.31,44060.99
4622,1068,197.0,239,58.87,14070.71
4623,1068,583.0,255,12.18,3106.97
4624,1068,407.0,256,12.77,3268.61
4625,1068,78.0,321,1111.36,356746.16
4626,1068,32.0,387,58.01,22449.63
4627,1069,357.0,251,675.41,169527.47
4628,1069,42.0,388,5673.22,2201207.63
4629,1070,239.0,182,1282.98,233501.71
4630,1070,449.0,345,3690.4,1273187.53
4631,1070,509.0,112,2499.68,279964.16
4632,1070,493.0,119,5669.47,674666.6
4633,1070,192.0,196,1678.32,328950.57
4634,1070,29.0,149,5472.96,815470.97
4635,1070,547.0,292,3999.33,1167804.0
4636,1070,406.0,302,3266.69,986539.82
4637,1070,432.0,208,5418.48,1127043.01
4638,1071,43.0,302,3172.71,958159.92
4639,1071,359.0,318,214.0,68052.52
4640,1071,249.0,322,3873.15,1247155.8
4641,1072,556.0,193,52.89,10207.77
4642,1072,115.0,222,185.31,41138.82
4643,1072,25.0,276,22.26,6143.76
4644,1072,497.0,95,1467.48,139410.6
4645,1073,72.0,107,5686.63,608469.91
4646,1073,274.0,395,4761.49,1880789.21
4647,1074,596.0,352,756.98,266456.96
4648,1074,324.0,471,40.8,19216.8
4649,1074,29.0,445,55.65,24764.25
4650,1074,126.0,60,6.19,371.4
4651,1074,330.0,80,30.25,2420.0
4652,1074,314.0,105,127.69,13407.45
4653,1075,188.0,418,4638.94,1939076.31
4654,1075,56.0,330,1567.95,517424.76
4655,1075,433.0,198,5027.96,995536.41
4656,1075,566.0,477,355.77,169700.63
4657,1076,129.0,132,860.83,113629.88
4658,1076,486.0,58,2203.89,127825.81
4659,1076,92.0,339,316.53,107304.59
4660,1076,558.0,292,3761.73,1098426.1
4661,1076,13.0,493,1995.27,983670.16
4662,1076,375.0,479,3822.84,1831140.11
4663,1077,262.0,472,2620.97,1237095.94
4664,1078,211.0,438,2054.0,899652.0
4665,1078,508.0,187,3117.0,582879.0
4666,1078,236.0,354,3063.0,1084302.0
4667,1079,562.0,48,3163.08,151827.86
4668,1079,493.0,16,5326.96,85231.37
4669,1079,456.0,289,3572.48,1032446.68
4670,1080,393.0,236,1688.93,398588.62
4671,1080,462.0,498,4461.39,2221769.89
4672,1080,202.0,219,5615.63,1229823.66
4673,1080,262.0,465,2674.88,1243817.15
4674,1081,566.0,301,4.19,1262.4
4675,1081,128.0,255,37.47,9553.97
4676,1081,438.0,113,17.17,1940.35
4677,1081,123.0,15,10.69,160.29
4678,1082,301.0,182,262.63,47799.05
4679,1082,462.0,111,4562.37,506423.08
4680,1082,445.0,358,4618.27,1653342.21
4681,1082,165.0,124,1488.04,184517.07
4682,1082,319.0,115,727.88,83706.31
4683,1082,538.0,55,150.67,8286.82
4684,1083,439.0,362,9.85,3566.7
4685,1083,23.0,442,38.98,17227.36
4686,1083,352.0,477,21.19,10105.89
4687,1083,407.0,78,12.13,946.25
4688,1083,543.0,224,30.6,6853.33
4689,1084,127.0,419,4315.0,1807985.0
4690,1084,290.0,75,1315.0,98625.0
4691,1084,56.0,70,1439.0,100730.0
4692,1084,92.0,241,269.0,64829.0
4693,1084,476.0,297,2637.0,783189.0
4694,1085,377.0,307,616.2,189172.22
4695,1085,446.0,303,4611.08,1397156.21
4696,1085,273.0,453,2744.71,1243351.46
4697,1085,227.0,409,2090.11,854853.08
4698,1086,286.0,394,4215.21,1660791.02
4699,1087,593.0,74,33.49,2477.91
4700,1087,591.0,460,61.53,28305.79
4701,1087,232.0,454,48.59,22059.34
4702,1087,211.0,123,25.77,3169.84
4703,1087,578.0,490,24.29,11903.78
4704,1088,236.0,486,3388.57,1646843.86
4705,1088,102.0,295,3289.18,970306.96
4706,1088,483.0,483,3744.7,1808688.18
4707,1088,553.0,260,1141.91,296897.12
4708,1088,524.0,238,3359.11,799468.99
4709,1088,460.0,487,1219.73,594006.7
4710,1088,243.0,471,153.13,72123.31
4711,1089,320.0,231,4571.29,1055968.01
4712,1089,120.0,308,4719.88,1453721.72
4713,1089,315.0,255,5474.2,1395920.61
4714,1089,168.0,479,5441.61,2606533.46
4715,1090,574.0,71,58.55,4157.05
4716,1090,543.0,430,28.25,12147.5
4717,1090,291.0,400,57.94,23176.0
4718,1090,166.0,35,1320.04,46201.4
4719,1091,424.0,370,2155.0,797350.0
4720,1091,357.0,235,570.0,133950.0
4721,1091,176.0,451,4307.0,1942457.0
4722,1091,316.0,291,4398.0,1279818.0
4723,1092,503.0,343,3921.41,1345044.14
4724,1092,507.0,464,307.25,142564.21
4725,1093,543.0,114,2741.19,312495.17
4726,1093,368.0,275,3505.49,964009.89
4727,1093,8.0,223,1267.78,282715.44
4728,1093,446.0,35,4639.67,162388.35
4729,1093,236.0,451,3360.64,1515648.64
4730,1093,185.0,370,4879.67,1805477.53
4731,1093,330.0,52,2873.81,149437.89
4732,1093,560.0,206,466.42,96082.42
4733,1094,462.0,279,4178.75,1165871.92
4734,1094,290.0,452,1551.67,701355.74
4735,1094,422.0,199,3015.93,600170.38
4736,1094,111.0,250,1491.6,372901.03
4737,1095,558.0,443,3594.38,1592312.14
4738,1095,462.0,19,4293.31,81572.84
4739,1095,391.0,157,1581.49,248294.38
4740,1095,480.0,287,3163.43,907903.65
4741,1095,262.0,157,2741.47,430410.6
4742,1096,25.0,129,26.34,3397.55
4743,1097,203.0,35,56.14,1964.9
4744,1097,38.0,111,1384.38,153666.18
4745,1097,393.0,69,17.41,1201.29
4746,1097,524.0,178,34.64,6165.92
4747,1098,185.0,207,4874.83,1009090.44
4748,1099,279.0,123,4724.79,581149.51
4749,1099,347.0,406,3268.5,1327012.26
4750,1099,173.0,86,2377.4,204456.37
4751,1099,289.0,323,4692.76,1515761.79
4752,1099,555.0,191,3828.74,731288.53
4753,1099,348.0,382,1330.75,508348.37
4754,1100,189.0,69,1073.75,74088.75
4755,1100,123.0,286,9.27,2651.22
4756,1100,146.0,56,56.07,3139.92
4757,1100,349.0,156,283.02,44151.12
4758,1100,386.0,95,170.61,16207.95
4759,1101,330.0,437,32.13,14041.63
4760,1101,165.0,15,16.38,245.64
4761,1102,559.0,451,1429.0,644479.0
4762,1102,502.0,381,504.0,192024.0
4763,1103,77.0,325,920.21,299069.12
4764,1104,515.0,478,2414.3,1154033.58
4765,1104,111.0,123,1506.72,185326.28
4766,1104,165.0,139,1499.06,208369.73
4767,1105,43.0,352,2880.0,1013760.0
4768,1105,255.0,177,2763.0,489051.0
4769,1105,217.0,14,3256.0,45584.0
4770,1106,59.0,274,3631.86,995129.2
4771,1106,236.0,441,3613.76,1593669.12
4772,1106,127.0,164,4915.63,806163.74
4773,1106,508.0,229,3578.49,819474.65
4774,1106,439.0,211,897.85,189446.62
4775,1106,211.0,181,2195.87,397452.38
4776,1107,241.0,442,1614.0,713388.0
4777,1107,452.0,88,3812.0,335456.0
4778,1107,19.0,221,340.0,75140.0
4779,1107,173.0,45,2246.0,101070.0
4780,1108,375.0,91,39.69,3611.79
4781,1108,567.0,13,53.92,700.96
4782,1108,424.0,299,25.35,7579.65
4783,1108,550.0,374,21.44,8018.56
4784,1108,301.0,37,2.93,108.41
4785,1109,9.0,270,1254.26,338651.21
4786,1109,287.0,195,5027.97,980455.05
4787,1109,236.0,259,3371.59,873240.97
4788,1109,43.0,85,3386.57,287858.86
4789,1109,456.0,166,3648.18,605597.21
4790,1109,424.0,16,2396.88,38350.01
4791,1109,494.0,361,3759.36,1357130.11
4792,1110,11.0,446,1573.2,701647.2
4793,1110,570.0,386,53.48,20643.28
4794,1110,160.0,329,27.65,9096.85
4795,1110,71.0,305,37.28,11370.4
4796,1110,550.0,383,21.44,8211.52
4797,1111,517.0,83,508.45,42201.19
4798,1111,446.0,284,54.68,15529.52
4799,1111,439.0,194,10.26,1989.98
4800,1111,165.0,499,16.52,8245.57
4801,1111,113.0,47,820.59,38567.96
4802,1111,524.0,203,39.12,7940.37
4803,1111,368.0,96,44.06,4229.37
4804,1112,446.0,182,3913.0,712166.0
4805,1112,562.0,402,3011.0,1210422.0
4806,1112,227.0,46,1963.0,90298.0
4807,1112,273.0,198,2350.0,465300.0
4808,1112,377.0,112,553.0,61936.0
4809,1113,192.0,104,1693.66,176140.91
4810,1113,553.0,302,1144.3,345578.68
4811,1114,47.0,280,772.66,216343.78
4812,1114,372.0,39,9.35,364.72
4813,1114,481.0,363,20.72,7520.7
4814,1114,321.0,489,147.92,72334.91
4815,1114,91.0,278,1120.83,311591.23
4816,1115,561.0,30,3035.07,91052.18
4817,1115,503.0,473,4085.87,1932618.82
4818,1115,142.0,149,4623.3,688872.02
4819,1115,83.0,197,3562.46,701803.77
4820,1115,1.0,453,141.45,64078.87
4821,1115,207.0,32,2166.93,69341.87
4822,1115,118.0,197,4528.01,892017.66
4823,1116,227.0,500,2157.59,1078796.75
4824,1116,441.0,440,2559.81,1126316.45
4825,1117,357.0,425,6.71,2851.75
4826,1117,159.0,98,5.34,523.32
4827,1117,489.0,61,5.76,351.36
4828,1118,42.0,81,5181.66,419714.31
4829,1118,591.0,471,5361.79,2525402.27
4830,1118,194.0,46,2171.33,99881.16
4831,1118,499.0,386,5448.47,2103109.68
4832,1119,170.0,394,1441.0,567754.0
4833,1120,491.0,208,1718.0,357344.0
4834,1120,335.0,416,4601.0,1914016.0
4835,1120,551.0,109,1528.0,166552.0
4836,1120,48.0,71,174.0,12354.0
4837,1120,505.0,274,2229.0,610746.0
4838,1121,115.0,76,215.52,16379.18
4839,1121,185.0,448,54.97,24628.34
4840,1121,111.0,20,18.4,368.0
4841,1121,176.0,401,58.69,23536.52
4842,1122,393.0,433,1480.0,640840.0
4843,1123,486.0,104,2327.7,242080.33
4844,1123,70.0,236,2655.72,626748.91
4845,1124,82.0,293,28.53,8358.66
4846,1124,273.0,82,30.65,2512.9
4847,1124,187.0,206,41.93,8637.89
4848,1124,372.0,69,9.33,643.73
4849,1124,73.0,415,236.25,98042.2
4850,1124,110.0,324,67.45,21853.97
4851,1124,254.0,190,45.43,8632.08
4852,1125,13.0,258,23.65,6102.5
4853,1125,81.0,331,10.03,3319.01
4854,1125,395.0,296,60.42,17882.98
4855,1125,596.0,468,814.41,381142.1
4856,1125,570.0,155,61.42,9519.96
4857,1125,396.0,492,53.39,26266.21
4858,1126,126.0,80,526.0,42080.0
4859,1127,318.0,128,4209.47,538812.28
4860,1127,521.0,436,1362.76,594161.48
4861,1127,505.0,174,2661.86,463164.45
4862,1127,553.0,386,1203.59,464585.67
4863,1127,192.0,473,1651.06,780951.41
4864,1128,542.0,36,58.22,2095.99
4865,1128,249.0,123,44.35,5455.47
4866,1128,154.0,368,623.73,229533.58
4867,1128,392.0,479,52.11,24961.9
4868,1129,185.0,215,54.24,11661.17
4869,1129,305.0,496,1040.37,516024.39
4870,1129,410.0,83,8.63,716.26
4871,1129,446.0,428,54.64,23385.98
4872,1129,70.0,499,31.97,15955.49
4873,1129,400.0,371,9.17,3403.06
4874,1129,488.0,269,220.8,59393.92
4875,1129,232.0,487,50.43,24561.02
4876,1130,304.0,353,1243.05,438796.38
4877,1130,499.0,302,5206.71,1572426.4
4878,1130,25.0,461,2218.05,1022519.29
4879,1131,62.0,102,34.81,3550.39
4880,1131,217.0,363,40.36,14651.19
4881,1131,300.0,417,49.52,20649.83
4882,1131,525.0,175,1561.21,273211.29
4883,1131,202.0,321,66.55,21363.56
4884,1131,79.0,104,19.99,2078.94
4885,1131,318.0,476,49.19,23412.55
4886,1132,313.0,37,4362.0,161394.0
4887,1132,344.0,321,939.0,301419.0
4888,1132,269.0,244,416.0,101504.0
4889,1132,286.0,19,3848.0,73112.0
4890,1132,353.0,401,2193.0,879393.0
4891,1132,511.0,251,3023.0,758773.0
4892,1132,339.0,311,894.0,278034.0
4893,1132,281.0,16,287.0,4592.0
4894,1133,511.0,180,3624.75,652454.88
4895,1133,353.0,240,2400.49,576116.71
4896,1133,35.0,399,1840.84,734495.92
4897,1133,295.0,464,1127.23,523035.06
4898,1133,94.0,424,2650.54,1123830.64
4899,1133,246.0,471,1746.84,822763.82
4900,1133,209.0,493,5467.35,2695404.84
4901,1133,549.0,258,1032.12,266286.79
4902,1134,141.0,29,3160.23,91646.53
4903,1134,418.0,300,4725.63,1417689.27
4904,1134,70.0,448,2543.7,1139579.38
4905,1134,413.0,477,5154.38,2458637.18
4906,1135,577.0,54,65.22,3521.61
4907,1135,188.0,40,51.82,2072.66
4908,1136,39.0,202,4556.01,920313.33
4909,1136,286.0,458,4583.3,2099153.15
4910,1137,340.0,98,4330.76,424414.35
4911,1137,324.0,297,3901.62,1158781.44
4912,1137,395.0,26,5161.76,134205.67
4913,1137,432.0,131,5296.86,693888.02
4914,1137,81.0,303,866.59,262576.12
4915,1137,33.0,143,1963.93,280841.38
4916,1137,566.0,215,337.17,72492.59
4917,1137,377.0,85,651.95,55415.97
4918,1138,74.0,401,16.91,6780.91
4919,1138,321.0,166,135.12,22429.92
4920,1138,372.0,402,8.51,3421.02
4921,1138,407.0,163,10.73,1748.99
4922,1138,47.0,322,670.56,215920.32
4923,1139,574.0,139,62.47,8683.62
4924,1139,291.0,321,62.6,20093.94
4925,1140,179.0,414,58.97,24411.95
4926,1141,80.0,177,2462.0,435774.0
4927,1141,308.0,42,1192.0,50064.0
4928,1141,408.0,352,2142.0,753984.0
4929,1141,541.0,181,2560.0,463360.0
4930,1141,50.0,74,2622.0,194028.0
4931,1142,48.0,260,191.57,49808.71
4932,1142,89.0,316,2346.59,741521.97
4933,1142,335.0,324,5056.22,1638214.05
4934,1143,172.0,73,488.0,35624.0
4935,1143,370.0,364,1225.0,445900.0
4936,1143,306.0,244,400.0,97600.0
4937,1144,103.0,78,32.9,2566.05
4938,1144,205.0,311,32.65,10152.89
4939,1145,142.0,297,4421.58,1313208.47
4940,1145,501.0,111,952.05,105677.73
4941,1146,197.0,216,4558.0,984528.0
4942,1146,285.0,426,1054.0,449004.0
4943,1146,330.0,348,2571.0,894708.0
4944,1146,215.0,424,2042.0,865808.0
4945,1147,569.0,332,3714.0,1233048.0
4946,1147,50.0,484,2622.0,1269048.0
4947,1147,508.0,326,3117.0,1016142.0
4948,1147,196.0,441,3149.0,1388709.0
4949,1148,541.0,39,2788.21,108740.3
4950,1148,357.0,32,661.07,21154.14
4951,1148,240.0,53,1809.61,95909.48
4952,1148,175.0,237,2135.0,505995.29
4953,1148,319.0,499,701.39,349993.09
4954,1149,210.0,194,5505.96,1068156.12
4955,1149,392.0,64,4094.24,262031.06
4956,1150,8.0,137,1371.6,187909.21
4957,1150,203.0,96,5699.45,547147.05
4958,1150,534.0,430,2752.57,1183603.04
4959,1150,560.0,201,518.75,104269.29
4960,1150,242.0,490,3299.5,1616754.4
4961,1151,402.0,76,1629.0,123804.0
4962,1151,475.0,203,517.0,104951.0
4963,1152,469.0,189,1101.0,208089.0
4964,1152,122.0,406,3706.0,1504636.0
4965,1152,125.0,421,4723.0,1988383.0
4966,1152,28.0,480,4343.0,2084640.0
4967,1152,471.0,444,577.0,256188.0
4968,1152,439.0,492,762.0,374904.0
4969,1152,48.0,182,174.0,31668.0
4970,1152,251.0,59,2703.0,159477.0
4971,1153,211.0,95,26.18,2486.95
4972,1154,391.0,317,16.98,5382.96
4973,1154,109.0,401,1021.89,409776.64
4974,1154,426.0,154,135.49,20866.21
4975,1154,395.0,351,60.11,21097.23
4976,1154,170.0,330,19.19,6332.77
4977,1154,8.0,68,15.51,1054.96
4978,1155,70.0,260,2702.09,702542.9
4979,1156,541.0,192,2864.13,549913.41
4980,1156,239.0,166,1272.81,211285.64
4981,1156,179.0,345,5168.11,1782998.52
4982,1156,489.0,160,536.1,85776.6
4983,1156,560.0,68,517.84,35212.79
4984,1156,165.0,248,1470.93,364791.73
4985,1157,372.0,483,867.35,418930.88
4986,1157,217.0,21,3456.05,72577.13
4987,1157,151.0,224,2453.16,549506.97
4988,1157,176.0,251,5023.28,1260843.37
4989,1157,81.0,83,953.29,79123.29
4990,1157,50.0,219,2912.46,637828.44
4991,1157,569.0,40,4339.43,173577.03
4992,1157,543.0,130,2620.6,340677.5
4993,1157,108.0,319,5273.32,1682188.42
4994,1157,519.0,299,384.71,115028.56
4995,1158,517.0,96,571.13,54828.76
4996,1159,13.0,169,24.2,4089.09
4997,1159,407.0,228,12.83,2926.25
4998,1159,352.0,139,20.55,2855.93
4999,1159,8.0,134,15.25,2043.39
5000,1159,153.0,471,32.94,15514.9
5001,1159,591.0,490,66.38,32527.05
5002,1159,57.0,91,667.71,60761.81
5003,1160,70.0,401,30.4,12190.89
5004,1160,185.0,472,54.21,25589.32
5005,1160,111.0,317,17.71,5613.48
5006,1160,232.0,112,48.32,5411.65
5007,1160,446.0,430,52.1,22404.06
5008,1160,488.0,499,228.38,113959.98
5009,1161,239.0,434,1252.5,543584.21
5010,1161,287.0,185,4798.76,887771.04
5011,1161,170.0,102,1632.58,166523.3
5012,1161,13.0,44,2005.08,88223.46
5013,1161,179.0,309,5419.97,1674771.76
5014,1162,43.0,471,3345.42,1575691.67
5015,1162,391.0,32,1492.02,47744.58
5016,1162,217.0,88,3523.24,310044.71
5017,1163,102.0,248,2817.0,698616.0
5018,1164,48.0,18,2.05,36.9
5019,1165,275.0,191,48.47,9257.31
5020,1165,489.0,452,6.46,2918.54
5021,1165,79.0,130,20.69,2689.52
5022,1165,43.0,392,38.43,15062.65
5023,1165,78.0,350,1078.79,377577.53
5024,1165,314.0,71,151.28,10741.03
5025,1166,42.0,498,5289.01,2633929.34
5026,1166,471.0,377,656.89,247647.39
5027,1166,217.0,319,3739.35,1192851.42
5028,1166,264.0,185,2556.13,472883.63
5029,1167,83.0,243,3874.64,941538.72
5030,1167,503.0,259,3834.72,993192.73
5031,1167,501.0,287,1019.81,292684.47
5032,1167,207.0,55,2241.24,123268.17
5033,1167,561.0,453,3283.78,1487552.41
5034,1168,474.0,116,1364.17,158243.22
5035,1168,371.0,443,5019.35,2223572.55
5036,1168,572.0,81,944.74,76524.07
5037,1168,251.0,64,3101.47,198493.92
5038,1169,391.0,22,1429.43,31447.54
5039,1169,293.0,232,3324.02,771172.15
5040,1169,242.0,125,2985.11,373138.78
5041,1169,175.0,354,2105.32,745283.86
5042,1169,165.0,493,1476.48,727903.22
5043,1170,402.0,240,1629.0,390960.0
5044,1171,70.0,107,2697.04,288583.2
5045,1171,483.0,299,3650.91,1091621.94
5046,1172,53.0,148,37.85,5601.8
5047,1172,497.0,126,1467.48,184902.48
5048,1172,26.0,117,907.58,106186.86
5049,1173,262.0,118,2728.7,321986.51
5050,1173,480.0,359,3116.82,1118938.65
5051,1173,393.0,70,1566.19,109633.01
5052,1174,540.0,89,2358.62,209917.49
5053,1174,274.0,480,5150.5,2472239.83
5054,1175,318.0,299,3915.0,1170585.0
5055,1175,301.0,365,249.0,90885.0
5056,1175,170.0,473,1441.0,681593.0
5057,1175,335.0,142,4601.0,653342.0
5058,1175,486.0,53,2021.0,107113.0
5059,1175,375.0,179,3374.0,603946.0
5060,1176,582.0,181,4265.98,772143.14
5061,1176,565.0,465,2524.08,1173698.71
5062,1176,244.0,82,4899.98,401798.28
5063,1176,28.0,379,4592.95,1740726.36
5064,1176,570.0,455,4858.42,2210580.74
5065,1177,202.0,119,5331.0,634388.89
5066,1177,41.0,351,4044.64,1419669.6
5067,1178,357.0,472,653.69,308539.72
5068,1178,237.0,478,3067.27,1466156.4
5069,1178,556.0,394,5184.51,2042695.92
5070,1178,535.0,253,2766.27,699867.05
5071,1179,243.0,359,143.58,51545.08
5072,1180,301.0,184,2.93,539.12
5073,1180,125.0,218,55.56,12112.08
5074,1180,510.0,205,57.18,11721.9
5075,1180,157.0,14,1707.11,23899.54
5076,1180,567.0,450,53.92,24264.0
5077,1180,577.0,409,58.51,23930.59
5078,1180,251.0,477,31.8,15168.6
5079,1181,496.0,468,4570.82,2139145.98
5080,1181,587.0,256,429.21,109878.04
5081,1181,333.0,173,3509.39,607125.16
5082,1181,220.0,158,2832.66,447560.85
5083,1182,295.0,34,1051.0,35734.0
5084,1183,270.0,97,899.39,87240.58
5085,1183,245.0,99,4333.67,429033.38
5086,1183,500.0,467,3821.96,1784853.53
5087,1184,43.0,402,3055.29,1228228.54
5088,1184,359.0,196,213.29,41805.29
5089,1184,249.0,97,3660.55,355073.36
5090,1185,555.0,22,3528.0,77616.0
5091,1185,173.0,217,2246.0,487382.0
5092,1185,348.0,278,1214.0,337492.0
5093,1185,364.0,436,2623.0,1143628.0
5094,1185,281.0,247,287.0,70889.0
5095,1185,94.0,441,2252.0,993132.0
5096,1186,103.0,198,31.29,6194.88
5097,1186,146.0,78,60.12,4689.38
5098,1186,349.0,21,305.3,6411.26
5099,1187,308.0,421,1192.0,501832.0
5100,1188,392.0,48,3698.0,177504.0
5101,1188,483.0,90,3170.0,285300.0
5102,1188,23.0,279,3096.0,863784.0
5103,1188,300.0,245,3749.0,918505.0
5104,1188,264.0,62,2345.0,145390.0
5105,1188,556.0,173,4496.0,777808.0
5106,1189,419.0,214,20.59,4406.26
5107,1189,303.0,87,1706.55,148469.85
5108,1190,478.0,367,5324.3,1954016.43
5109,1191,395.0,408,4878.03,1990237.62
5110,1191,399.0,322,3567.11,1148610.79
5111,1191,211.0,148,2166.15,320590.39
5112,1191,172.0,169,547.03,92447.71
5113,1191,519.0,367,363.34,133346.8
5114,1191,449.0,433,3873.94,1677414.19
5115,1192,596.0,93,883.18,82135.28
5116,1192,84.0,401,57.36,23002.94
5117,1192,568.0,303,17.22,5217.82
5118,1193,582.0,459,45.3,20793.67
5119,1193,287.0,360,55.48,19971.68
5120,1194,218.0,357,1838.0,656167.35
5121,1194,286.0,381,4413.69,1681616.08
5122,1194,466.0,437,2191.3,957597.11
5123,1195,462.0,478,53.64,25637.86
5124,1195,70.0,439,32.85,14420.8
5125,1195,176.0,212,54.18,11487.12
5126,1195,48.0,154,2.25,347.19
5127,1195,185.0,54,54.0,2915.81
5128,1195,410.0,268,8.36,2240.0
5129,1196,190.0,125,4003.0,500375.0
5130,1196,114.0,354,1268.0,448872.0
5131,1196,532.0,175,1538.0,269150.0
5132,1196,36.0,31,1447.0,44857.0
5133,1196,545.0,209,853.0,178277.0
5134,1197,176.0,371,4307.0,1597897.0
5135,1197,424.0,337,2155.0,726235.0
5136,1197,357.0,165,570.0,94050.0
5137,1197,363.0,374,2764.0,1033736.0
5138,1198,531.0,148,1116.47,165236.88
5139,1199,240.0,289,20.19,5834.56
5140,1199,538.0,188,1.7,319.89
5141,1199,202.0,340,67.47,22941.0
5142,1199,460.0,68,13.81,938.95
5143,1199,244.0,91,61.1,5560.34
5144,1200,551.0,96,1739.64,167005.15
5145,1200,42.0,51,5678.06,289580.81
5146,1200,232.0,217,4025.91,873621.86
5147,1200,444.0,97,4544.05,440773.09
5148,1200,264.0,408,2790.74,1138623.46
5149,1200,519.0,396,353.61,140030.26
5150,1201,433.0,436,4604.46,2007543.11
5151,1201,23.0,471,3262.58,1536673.74
5152,1201,308.0,240,1408.89,338132.86
5153,1201,264.0,328,2782.97,912814.48
5154,1201,392.0,238,3999.93,951982.73
5155,1202,419.0,336,24.55,8250.06
5156,1202,462.0,297,52.73,15660.64
5157,1202,360.0,23,1487.3,34207.85
5158,1202,488.0,52,228.02,11857.27
5159,1203,530.0,315,2980.0,938700.0
5160,1203,551.0,439,1528.0,670792.0
5161,1203,304.0,374,1143.0,427482.0
5162,1204,176.0,70,4539.03,317731.9
5163,1204,538.0,299,155.89,46610.59
5164,1204,363.0,114,3214.71,366477.51
5165,1204,316.0,51,4803.84,244995.81
5166,1204,354.0,167,714.26,119281.25
5167,1205,593.0,159,32.6,5183.34
5168,1205,196.0,127,39.91,5068.96
5169,1205,205.0,21,36.22,760.61
5170,1205,227.0,51,25.71,1311.01
5171,1205,591.0,402,65.47,26318.72
5172,1205,242.0,19,37.13,705.54
5173,1205,391.0,25,17.86,446.55
5174,1206,565.0,227,30.05,6821.31
5175,1206,21.0,312,7.66,2391.45
5176,1206,160.0,467,30.45,14219.79
5177,1206,194.0,41,25.93,1062.93
5178,1206,141.0,441,36.15,15941.52
5179,1206,26.0,321,1073.79,344685.66
5180,1207,192.0,251,1527.25,383340.98
5181,1207,244.0,458,5403.85,2474962.56
5182,1208,238.0,402,4971.0,1998342.0
5183,1208,28.0,199,4343.0,864257.0
5184,1208,4.0,260,435.0,113100.0
5185,1208,13.0,210,1719.0,360990.0
5186,1208,176.0,311,4307.0,1339477.0
5187,1209,196.0,377,3753.6,1415106.4
5188,1209,141.0,149,3087.57,460047.49
5189,1210,218.0,162,1686.78,273258.19
5190,1210,39.0,205,4530.91,928836.37
5191,1210,466.0,276,2133.04,588717.97
5192,1210,599.0,36,1358.18,48894.33
5193,1211,165.0,218,15.59,3398.62
5194,1211,450.0,101,11.88,1199.88
5195,1211,210.0,221,57.72,12756.12
5196,1211,103.0,16,27.85,445.6
5197,1212,493.0,462,5276.17,2437591.53
5198,1212,147.0,166,1472.38,244415.43
5199,1212,300.0,182,4381.69,797468.35
5200,1213,306.0,210,4.71,989.1
5201,1214,320.0,141,4215.61,594401.67
5202,1214,315.0,393,5314.79,2088713.99
5203,1214,270.0,404,917.78,370784.2
5204,1214,120.0,34,5366.11,182447.78
5205,1214,470.0,243,1209.92,294010.78
5206,1214,364.0,222,2808.89,623573.83
5207,1214,437.0,422,5300.86,2236964.14
5208,1214,429.0,155,3667.77,568504.29
5209,1215,119.0,446,2585.0,1152910.0
5210,1215,304.0,459,1143.0,524637.0
5211,1215,551.0,337,1528.0,514936.0
5212,1215,515.0,167,2126.0,355042.0
5213,1215,530.0,275,2980.0,819500.0
5214,1215,565.0,103,2377.0,244831.0
5215,1216,200.0,12,2527.55,30330.65
5216,1216,502.0,276,589.98,162834.79
5217,1217,438.0,492,15.64,7694.88
5218,1217,236.0,483,36.04,17407.32
5219,1218,445.0,490,4408.0,2159918.07
5220,1218,566.0,408,357.17,145726.8
5221,1218,556.0,429,5138.1,2204243.15
5222,1218,550.0,398,2109.88,839733.13
5223,1218,476.0,314,3142.96,986887.95
5224,1219,45.0,261,860.75,224656.0
5225,1219,476.0,28,34.1,954.77
5226,1220,318.0,310,4457.05,1381686.7
5227,1221,502.0,423,601.19,254304.16
5228,1221,575.0,292,3169.86,925599.12
5229,1221,114.0,380,1344.49,510904.43
5230,1221,46.0,394,2471.42,973739.05
5231,1221,434.0,424,2687.67,1139571.42
5232,1221,313.0,412,4886.56,2013261.49
5233,1222,318.0,160,4671.85,747495.61
5234,1223,97.0,321,4053.72,1301243.37
5235,1223,423.0,167,2738.47,457323.74
5236,1223,405.0,213,4465.77,951208.81
5237,1223,281.0,148,311.58,46113.25
5238,1223,295.0,443,1136.73,503573.51
5239,1224,423.0,492,2500.0,1230000.0
5240,1224,295.0,254,1051.0,266954.0
5241,1224,183.0,187,2510.0,469370.0
5242,1224,405.0,26,3897.0,101322.0
5243,1224,97.0,277,3735.0,1034595.0
5244,1224,430.0,140,1069.0,149660.0
5245,1225,45.0,375,799.08,299655.0
5246,1225,38.0,202,1384.38,279644.76
5247,1225,375.0,402,39.69,15955.38
5248,1225,600.0,126,327.66,41285.16
5249,1225,255.0,405,32.51,13166.55
5250,1225,54.0,225,55.82,12559.5
5251,1225,230.0,460,531.27,244384.2
5252,1226,366.0,391,18.77,7339.62
5253,1226,48.0,432,2.43,1049.26
5254,1227,255.0,225,2763.0,621675.0
5255,1227,217.0,72,3256.0,234432.0
5256,1227,391.0,73,1335.0,97455.0
5257,1227,50.0,470,2622.0,1232340.0
5258,1227,43.0,236,2880.0,679680.0
5259,1228,465.0,466,2011.8,937500.8
5260,1228,36.0,314,1605.39,504090.94
5261,1228,35.0,226,1885.58,426140.33
5262,1228,148.0,430,671.96,288943.8
5263,1229,77.0,398,989.71,393905.57
5264,1229,515.0,255,26.88,6853.64
5265,1229,304.0,382,14.57,5564.92
5266,1229,244.0,465,60.37,28071.12
5267,1230,568.0,131,1526.25,199939.22
5268,1230,543.0,323,2572.35,830868.45
5269,1230,50.0,438,3083.03,1350366.76
5270,1230,558.0,488,3547.45,1731154.82
5271,1231,330.0,319,2753.59,878395.74
5272,1231,185.0,96,4435.18,425777.26
5273,1231,407.0,489,1067.06,521791.69
5274,1231,8.0,210,1423.91,299020.93
5275,1231,578.0,13,1960.24,25483.07
5276,1232,110.0,407,5402.4,2198776.16
5277,1232,308.0,197,1266.06,249414.71
5278,1232,117.0,332,379.6,126026.9
5279,1232,490.0,263,4338.28,1140968.02
5280,1232,175.0,413,1922.47,793980.23
5281,1232,444.0,124,5163.88,640320.64
5282,1232,222.0,215,3205.56,689196.47
5283,1232,236.0,247,3616.44,893261.59
5284,1232,102.0,360,3091.56,1112960.57
5285,1233,568.0,410,1295.0,530950.0
5286,1233,13.0,422,1719.0,725418.0
5287,1233,287.0,360,4191.0,1508760.0
5288,1234,222.0,110,36.72,4039.73
5289,1234,13.0,89,21.33,1898.72
5290,1234,572.0,26,11.29,293.6
5291,1234,57.0,150,680.83,102124.26
5292,1235,355.0,333,4696.68,1563992.91
5293,1235,276.0,419,2341.14,980936.93
5294,1235,190.0,466,4746.44,2211841.09
5295,1235,281.0,354,330.7,117067.89
5296,1235,258.0,309,4515.71,1395355.25
5297,1235,348.0,402,1376.24,553250.22
5298,1236,359.0,248,202.0,50096.0
5299,1236,249.0,112,3282.0,367584.0
5300,1237,359.0,226,236.75,53505.11
5301,1237,43.0,270,3314.57,894933.56
5302,1237,249.0,428,3571.93,1528783.91
5303,1238,456.0,398,3443.98,1370702.66
5304,1238,562.0,207,3413.31,706554.85
5305,1238,493.0,140,5338.4,747376.31
5306,1238,243.0,439,143.65,63061.1
5307,1238,129.0,463,880.56,407701.13
5308,1238,455.0,172,4552.74,783071.21
5309,1239,117.0,493,322.0,158746.0
5310,1239,319.0,266,647.0,172102.0
5311,1240,358.0,127,3406.83,432667.86
5312,1240,177.0,119,3717.22,442348.72
5313,1240,501.0,285,989.56,282023.58
5314,1240,51.0,252,905.87,228278.02
5315,1240,289.0,293,4874.2,1428141.71
5316,1240,212.0,433,1514.43,655749.89
5317,1241,540.0,143,2111.0,301873.0
5318,1241,72.0,216,4837.0,1044792.0
5319,1242,469.0,432,14.76,6374.16
5320,1242,491.0,462,23.63,10918.34
5321,1242,444.0,173,55.89,9669.6
5322,1242,71.0,106,39.2,4155.53
5323,1242,287.0,152,56.72,8620.84
5324,1242,251.0,36,35.36,1273.0
5325,1242,16.0,12,426.82,5121.79
5326,1243,571.0,492,1424.0,700608.0
5327,1243,53.0,66,37.85,2498.1
5328,1243,375.0,463,39.69,18376.47
5329,1243,26.0,227,907.58,206020.66
5330,1244,497.0,178,1467.48,261211.44
5331,1244,530.0,139,35.06,4873.34
5332,1245,64.0,279,1963.78,547895.22
5333,1246,392.0,59,4020.67,237219.75
5334,1246,69.0,481,5158.47,2481226.15
5335,1246,53.0,301,3795.26,1142374.49
5336,1246,30.0,145,2996.76,434530.13
5337,1246,182.0,468,514.82,240934.29
5338,1247,512.0,50,2215.65,110782.33
5339,1247,29.0,14,5057.34,70802.82
5340,1247,547.0,182,4107.55,747574.67
5341,1247,432.0,135,5751.43,776443.12
5342,1247,239.0,390,1243.75,485062.62
5343,1248,161.0,248,2593.11,643091.92
5344,1248,457.0,49,622.16,30485.7
5345,1248,381.0,18,2629.36,47328.4
5346,1248,355.0,129,5028.22,648640.31
5347,1249,550.0,85,24.31,2066.18
5348,1249,287.0,484,55.76,26987.16
5349,1249,439.0,77,10.01,770.97
5350,1249,424.0,32,27.81,889.94
5351,1249,16.0,360,420.55,151399.42
5352,1249,71.0,306,42.29,12940.21
5353,1250,62.0,237,35.83,8490.9
5354,1250,232.0,230,46.01,10582.86
5355,1250,567.0,189,61.19,11564.44
5356,1250,251.0,212,38.04,8065.29
5357,1250,285.0,380,14.55,5530.32
5358,1250,515.0,101,28.86,2915.18
5359,1250,54.0,148,65.66,9718.24
5360,1251,481.0,403,20.79,8378.22
5361,1251,141.0,112,34.88,3907.05
5362,1251,372.0,403,9.08,3658.27
5363,1252,74.0,116,19.9,2307.97
5364,1252,567.0,232,61.91,14363.61
5365,1252,553.0,180,13.69,2464.66
5366,1252,23.0,272,38.4,10445.83
5367,1252,109.0,25,952.26,23806.5
5368,1253,439.0,338,10.36,3500.41
5369,1253,251.0,248,36.2,8976.48
5370,1253,71.0,70,44.18,3092.61
5371,1253,424.0,381,26.75,10192.81
5372,1253,16.0,214,430.5,92128.05
5373,1254,481.0,381,1758.1,669837.08
5374,1255,416.0,490,4715.48,2310586.46
5375,1255,553.0,28,1208.01,33824.26
5376,1255,127.0,132,4934.45,651346.85
5377,1255,125.0,407,5587.04,2273925.93
5378,1255,170.0,408,1682.08,686290.02
5379,1255,304.0,462,1324.28,611818.72
5380,1255,439.0,397,823.81,327051.72
5381,1255,565.0,353,2636.38,930640.49
5382,1256,456.0,288,3440.97,990998.85
5383,1256,129.0,481,840.25,404161.24
5384,1256,455.0,406,4444.69,1804545.19
5385,1256,153.0,101,2757.54,278511.17
5386,1256,176.0,28,4975.55,139315.28
5387,1256,243.0,401,153.33,61486.67
5388,1256,54.0,170,5413.09,920225.78
5389,1256,493.0,475,5553.92,2638112.97
5390,1257,524.0,108,3222.06,347982.17
5391,1257,450.0,79,1175.96,92900.47
5392,1257,441.0,465,2679.86,1246134.61
5393,1258,474.0,395,15.06,5950.43
5394,1258,469.0,189,15.1,2854.42
5395,1258,551.0,125,19.36,2420.01
5396,1258,598.0,50,19.36,967.78
5397,1259,366.0,12,1444.0,17328.06
5398,1259,375.0,142,3968.71,563556.78
5399,1259,441.0,343,2529.56,867640.17
5400,1260,363.0,128,3077.77,393954.83
5401,1260,255.0,372,3291.45,1224420.82
5402,1260,446.0,20,4439.09,88781.86
5403,1260,335.0,270,5135.63,1386620.46
5404,1260,170.0,365,1542.66,563071.03
5405,1260,33.0,440,1914.92,842565.87
5406,1260,13.0,351,1883.51,661112.79
5407,1261,47.0,192,670.56,128747.52
5408,1261,407.0,147,10.73,1577.31
5409,1261,505.0,400,26.22,10488.0
5410,1261,481.0,91,17.4,1583.4
5411,1261,372.0,372,8.51,3165.72
5412,1262,80.0,451,31.73,14308.93
5413,1263,167.0,172,5.99,1030.28
5414,1263,424.0,82,25.35,2078.7
5415,1263,189.0,182,1073.75,195422.5
5416,1264,25.0,456,26.12,11909.45
5417,1264,556.0,60,60.45,3626.99
5418,1264,147.0,110,18.99,2089.22
5419,1264,497.0,236,1663.47,392579.6
5420,1265,146.0,250,65.45,16361.47
5421,1265,386.0,462,184.56,85267.49
5422,1265,189.0,117,1277.6,149479.57
5423,1266,565.0,198,2377.0,470646.0
5424,1267,79.0,130,20.58,2675.97
5425,1267,198.0,243,12.29,2985.48
5426,1267,489.0,258,6.32,1631.0
5427,1268,562.0,19,35.42,672.98
5428,1269,100.0,363,3726.37,1352671.19
5429,1269,452.0,291,4083.53,1188307.5
5430,1269,475.0,356,568.36,202334.71
5431,1270,157.0,153,1930.94,295433.72
5432,1270,197.0,157,63.44,9960.08
5433,1270,301.0,464,3.38,1566.87
5434,1270,375.0,39,43.79,1708.0
5435,1270,366.0,424,18.41,7806.86
5436,1271,60.0,326,3614.45,1178311.34
5437,1271,317.0,344,5431.26,1868352.09
5438,1271,69.0,278,4648.29,1292225.72
5439,1271,541.0,293,2974.69,871583.78
5440,1271,134.0,360,3792.06,1365140.84
5441,1271,486.0,67,2311.51,154870.95
5442,1272,505.0,310,2600.43,806132.24
5443,1272,318.0,333,4477.56,1491028.47
5444,1272,192.0,148,1616.75,239279.57
5445,1272,521.0,414,1366.62,565779.46
5446,1273,502.0,187,601.99,112572.7
5447,1273,135.0,74,3775.57,279392.04
5448,1273,503.0,146,3935.61,574599.12
5449,1273,204.0,183,3346.71,612448.73
5450,1273,405.0,237,4501.58,1066874.14
5451,1273,95.0,450,2047.15,921216.24
5452,1273,465.0,426,1851.74,788841.53
5453,1273,37.0,342,1299.67,444486.42
5454,1274,430.0,469,1069.0,501361.0
5455,1274,97.0,444,3735.0,1658340.0
5456,1275,560.0,490,5.2,2548.0
5457,1275,182.0,168,5.69,955.92
5458,1275,513.0,228,43.49,9915.72
5459,1275,483.0,109,37.29,4064.61
5460,1275,301.0,309,2.93,905.37
5461,1275,49.0,396,497.36,196954.56
5462,1275,243.0,19,1.54,29.26
5463,1276,249.0,467,3714.68,1734754.75
5464,1276,43.0,273,3356.63,916358.76
5465,1276,359.0,75,227.36,17052.06
5466,1277,557.0,303,308.0,93324.0
5467,1277,204.0,258,2821.0,727818.0
5468,1277,94.0,14,2252.0,31528.0
5469,1277,502.0,239,504.0,120456.0
5470,1277,485.0,69,2584.0,178296.0
5471,1278,42.0,70,66.5,4655.09
5472,1278,87.0,441,10.13,4467.01
5473,1278,38.0,61,1505.01,91805.71
5474,1278,272.0,365,1578.91,576301.53
5475,1279,102.0,471,2817.0,1326807.0
5476,1279,259.0,441,4411.0,1945251.0
5477,1279,510.0,132,4860.0,641520.0
5478,1279,211.0,261,2054.0,536094.0
5479,1280,165.0,231,1325.0,306075.0
5480,1280,242.0,446,2769.0,1234974.0
5481,1280,175.0,250,1828.0,457000.0
5482,1280,293.0,406,3065.0,1244390.0
5483,1280,391.0,222,1335.0,296370.0
5484,1281,433.0,348,4862.01,1691981.17
5485,1281,449.0,91,3840.79,349512.25
5486,1281,50.0,291,3018.71,878445.43
5487,1281,311.0,431,3344.33,1441404.84
5488,1281,508.0,169,3430.56,579764.72
5489,1281,469.0,64,1253.39,80216.91
5490,1282,129.0,306,798.67,244394.14
5491,1282,87.0,456,938.79,428086.09
5492,1282,441.0,311,2603.84,809793.15
5493,1283,395.0,174,5511.29,958965.2
5494,1283,187.0,313,3905.77,1222505.67
5495,1284,196.0,348,37.05,12893.4
5496,1284,591.0,187,58.56,10950.72
5497,1284,205.0,436,30.42,13263.12
5498,1284,227.0,82,23.09,1893.38
5499,1284,578.0,207,20.91,4328.37
5500,1284,391.0,249,15.71,3911.79
5501,1284,593.0,471,29.26,13781.46
5502,1284,211.0,156,24.16,3768.96
5503,1285,141.0,366,34.05,12461.99
5504,1285,505.0,91,29.28,2664.3
5505,1285,110.0,259,66.57,17241.38
5506,1285,73.0,39,231.75,9038.44
5507,1285,22.0,392,1732.08,678976.31
5508,1285,82.0,274,27.02,7402.99
5509,1285,57.0,368,700.79,257892.11
5510,1286,502.0,403,586.2,236240.14
5511,1286,540.0,336,2314.34,777617.51
5512,1287,91.0,24,1120.22,26885.17
5513,1287,407.0,229,11.78,2698.26
5514,1287,505.0,164,30.28,4966.45
5515,1287,74.0,443,19.76,8753.03
5516,1288,497.0,468,1705.33,798093.12
5517,1288,25.0,423,26.05,11017.35
5518,1288,147.0,436,18.85,8220.52
5519,1288,115.0,117,205.06,23991.79
5520,1289,313.0,105,4894.62,513935.5
5521,1289,177.0,110,4060.81,446689.41
5522,1289,434.0,152,3039.0,461927.46
5523,1290,146.0,467,5447.84,2544139.49
5524,1290,217.0,396,3630.42,1437646.02
5525,1290,480.0,130,3245.36,421896.84
5526,1290,87.0,80,859.03,68722.6
5527,1290,23.0,33,3637.72,120044.63
5528,1290,318.0,133,4181.11,556087.55
5529,1291,308.0,408,1300.44,530579.94
5530,1291,486.0,105,2146.47,225379.04
5531,1291,375.0,318,3783.51,1203155.7
5532,1291,92.0,331,320.83,106195.36
5533,1291,41.0,118,4170.13,492075.88
5534,1291,222.0,309,3036.5,938278.18
5535,1291,572.0,425,1041.2,442510.9
5536,1291,450.0,286,1078.6,308479.97
5537,1291,108.0,259,4895.69,1267983.33
5538,1292,77.0,305,827.84,252491.2
5539,1292,357.0,362,6.71,2429.02
5540,1292,185.0,201,49.38,9925.38
5541,1292,409.0,33,22.64,747.12
5542,1292,489.0,414,5.76,2384.64
5543,1293,593.0,58,2487.0,144246.0
5544,1293,62.0,160,2786.0,445760.0
5545,1293,441.0,363,2400.0,871200.0
5546,1293,165.0,164,1325.0,217300.0
5547,1293,570.0,155,4546.0,704630.0
5548,1293,368.0,39,3151.0,122889.0
5549,1293,86.0,429,872.0,374088.0
5550,1294,196.0,13,40.38,524.97
5551,1294,232.0,494,45.96,22703.37
5552,1294,293.0,275,41.85,11509.53
5553,1294,593.0,277,31.2,8641.8
5554,1294,287.0,456,55.38,25253.6
5555,1295,361.0,471,4014.23,1890702.73
5556,1295,281.0,500,329.62,164808.47
5557,1295,288.0,348,4587.0,1596277.07
5558,1295,37.0,72,1353.29,97437.2
5559,1295,452.0,368,4448.5,1637048.56
5560,1295,133.0,79,1310.08,103496.45
5561,1296,25.0,230,2183.8,502273.54
5562,1296,102.0,229,3380.26,774079.02
5563,1296,499.0,378,5660.52,2139677.56
5564,1296,48.0,286,206.66,59104.78
5565,1296,29.0,87,5578.37,485318.21
5566,1297,103.0,333,2695.91,897738.04
5567,1297,569.0,310,3991.29,1237300.52
5568,1297,242.0,277,2995.45,829739.65
5569,1298,555.0,259,3837.49,993909.34
5570,1298,281.0,411,337.21,138591.59
5571,1299,89.0,332,2239.0,743348.35
5572,1299,335.0,416,5323.62,2214624.96
5573,1299,15.0,344,1714.44,589769.07
5574,1300,499.0,444,5142.51,2283276.41
5575,1300,513.0,327,4373.4,1430101.86
5576,1300,598.0,460,1622.03,746133.29
5577,1300,42.0,390,5646.6,2202174.85
5578,1300,255.0,103,3127.9,322173.33
5579,1301,117.0,239,3.79,905.81
5580,1301,197.0,301,53.62,16139.62
5581,1301,151.0,326,26.59,8668.34
5582,1301,460.0,339,12.02,4074.78
5583,1301,202.0,257,57.95,14893.15
5584,1302,537.0,468,1058.0,495144.0
5585,1302,401.0,11,2462.0,27082.0
5586,1302,465.0,243,1752.0,425736.0
5587,1302,171.0,280,770.0,215600.0
5588,1302,417.0,222,3794.0,842268.0
5589,1302,220.0,421,2633.0,1108493.0
5590,1303,375.0,235,3790.46,890757.54
5591,1303,60.0,238,3582.46,852626.22
5592,1303,227.0,156,2109.11,329020.78
5593,1304,494.0,18,43.45,782.01
5594,1304,438.0,153,17.91,2739.76
5595,1304,388.0,37,451.87,16719.02
5596,1304,210.0,180,65.15,11726.4
5597,1304,598.0,279,19.11,5332.76
5598,1304,474.0,41,15.89,651.68
5599,1304,80.0,42,34.57,1452.09
5600,1304,542.0,135,59.1,7978.53
5601,1305,244.0,141,4522.0,637602.0
5602,1306,392.0,213,43.51,9267.63
5603,1306,251.0,483,31.8,15359.4
5604,1306,597.0,197,15.14,2982.58
5605,1307,176.0,103,5107.95,526119.21
5606,1307,160.0,327,2649.91,866521.62
5607,1307,548.0,433,5576.52,2414631.69
5608,1307,317.0,311,5025.9,1563053.43
5609,1307,141.0,142,2961.66,420555.11
5610,1307,556.0,481,4916.04,2364617.44
5611,1307,306.0,20,478.93,9578.65
5612,1308,210.0,186,65.22,12130.72
5613,1308,450.0,173,14.03,2427.19
5614,1308,330.0,151,33.59,5072.83
5615,1308,103.0,323,33.05,10675.18
5616,1309,285.0,305,1054.0,321470.0
5617,1309,319.0,394,647.0,254918.0
5618,1309,300.0,88,3749.0,329912.0
5619,1309,287.0,69,4191.0,289179.0
5620,1309,572.0,184,885.0,162840.0
5621,1309,598.0,488,1413.0,689544.0
5622,1310,342.0,406,3527.0,1431962.0
5623,1310,204.0,178,2821.0,502138.0
5624,1310,95.0,113,1796.0,202948.0
5625,1311,568.0,413,1539.09,635645.71
5626,1312,535.0,88,2771.63,243903.18
5627,1312,582.0,450,3942.07,1773932.67
5628,1312,202.0,234,5307.39,1241928.66
5629,1313,134.0,285,3614.76,1030205.49
5630,1314,165.0,264,1404.61,370818.14
5631,1314,499.0,368,5445.0,2003758.87
5632,1314,111.0,478,1472.83,704014.14
5633,1314,541.0,191,2996.76,572381.34
5634,1315,306.0,249,400.0,99600.0
5635,1315,597.0,209,1287.0,268983.0
5636,1316,421.0,488,361.84,176575.84
5637,1316,8.0,277,16.55,4584.35
5638,1316,41.0,61,44.64,2722.74
5639,1316,79.0,320,21.5,6880.61
5640,1316,571.0,282,1576.2,444489.35
5641,1316,569.0,302,49.28,14882.59
5642,1316,413.0,487,58.34,28410.91
5643,1317,39.0,374,4154.0,1553596.0
5644,1317,332.0,163,2679.0,436677.0
5645,1317,218.0,258,1591.0,410478.0
5646,1317,466.0,419,1909.0,799871.0
5647,1317,286.0,436,3848.0,1677728.0
5648,1317,599.0,23,1204.0,27692.0
5649,1318,238.0,254,58.48,14853.92
5650,1318,391.0,346,15.71,5435.66
5651,1318,383.0,494,943.55,466113.7
5652,1319,167.0,90,6.9,621.06
5653,1319,150.0,41,173.0,7093.0
5654,1319,147.0,63,18.19,1145.97
5655,1319,574.0,270,68.56,18511.07
5656,1319,528.0,383,1350.93,517406.92
5657,1320,596.0,458,825.8,378218.01
5658,1320,84.0,251,53.59,13450.31
5659,1320,335.0,20,59.69,1193.8
5660,1320,103.0,80,33.42,2673.38
5661,1321,524.0,181,3161.37,572208.13
5662,1321,486.0,445,2368.6,1054027.1
5663,1321,196.0,64,3669.69,234859.99
5664,1321,217.0,145,3812.96,552879.09
5665,1322,377.0,381,660.66,251709.59
5666,1322,490.0,203,4156.34,843736.64
5667,1322,530.0,257,3159.85,812081.83
5668,1322,480.0,252,3240.82,816685.77
5669,1322,146.0,351,5249.79,1842677.21
5670,1322,87.0,430,933.91,401582.77
5671,1323,324.0,264,3974.93,1049380.44
5672,1323,572.0,208,1040.26,216374.89
5673,1323,243.0,56,147.14,8240.02
5674,1324,240.0,197,1686.55,332250.3
5675,1324,242.0,472,3260.21,1538819.96
5676,1325,103.0,84,2367.0,198828.0
5677,1325,290.0,168,1315.0,220920.0
5678,1325,110.0,413,4946.0,2042698.0
5679,1325,455.0,192,3900.0,748800.0
5680,1325,240.0,26,1562.0,40612.0
5681,1325,147.0,194,1369.0,265586.0
5682,1326,433.0,241,4813.28,1160000.67
5683,1326,566.0,140,361.16,50561.96
5684,1326,188.0,146,4688.88,684576.61
5685,1326,275.0,13,4214.64,54790.34
5686,1327,71.0,166,3169.0,526054.0
5687,1327,179.0,417,4690.0,1955730.0
5688,1327,481.0,375,1479.0,554625.0
5689,1327,43.0,181,2880.0,521280.0
5690,1327,260.0,200,2282.0,456400.0
5691,1327,519.0,404,328.0,132512.0
5692,1328,335.0,201,57.4,11537.37
5693,1328,324.0,323,47.91,15475.75
5694,1328,319.0,109,8.49,925.07
5695,1329,275.0,107,4409.24,471788.34
5696,1329,153.0,287,2602.26,746847.75
5697,1329,238.0,118,5624.73,663718.27
5698,1329,259.0,252,4779.62,1204465.27
5699,1329,211.0,362,2452.73,887888.55
5700,1329,13.0,229,2049.75,469393.52
5701,1329,182.0,39,512.67,19993.96
5702,1329,306.0,241,475.99,114712.64
5703,1330,230.0,173,637.42,110274.46
5704,1330,476.0,203,34.26,6954.13
5705,1330,462.0,364,54.03,19665.79
5706,1330,157.0,144,1999.9,287986.31
5707,1330,445.0,109,55.11,6007.48
5708,1330,174.0,68,1152.76,78387.96
5709,1330,38.0,458,1548.59,709253.74
5710,1331,462.0,435,4385.86,1907847.39
5711,1331,480.0,82,3237.31,265459.16
5712,1331,558.0,444,3593.99,1595732.59
5713,1331,391.0,153,1589.24,243153.75
5714,1331,262.0,373,2837.69,1058459.48
5715,1331,393.0,499,1764.63,880549.03
5716,1332,367.0,101,137.69,13907.07
5717,1332,451.0,453,2309.0,1045975.1
5718,1332,498.0,301,5409.37,1628219.4
5719,1333,158.0,412,466.0,191992.0
5720,1334,119.0,241,30.41,7328.81
5721,1334,413.0,297,51.24,15218.28
5722,1334,109.0,230,895.66,206001.8
5723,1334,300.0,120,44.11,5293.2
5724,1334,314.0,482,127.69,61546.58
5725,1334,421.0,270,343.06,92626.2
5726,1334,79.0,454,18.75,8512.5
5727,1334,543.0,421,28.25,11893.25
5728,1335,396.0,279,4944.27,1379451.17
5729,1335,371.0,382,5528.67,2111951.98
5730,1335,237.0,470,2830.31,1330245.09
5731,1335,513.0,191,4017.54,767349.72
5732,1335,499.0,66,5155.31,340250.53
5733,1335,48.0,271,182.75,49525.9
5734,1335,127.0,474,5059.5,2398203.12
5735,1336,360.0,346,1448.93,501330.06
5736,1337,304.0,441,1207.0,532288.8
5737,1337,455.0,128,4665.23,597149.65
5738,1337,359.0,270,221.01,59671.43
5739,1338,335.0,227,62.75,14244.83
5740,1338,324.0,158,44.28,6995.62
5741,1338,103.0,133,30.75,4090.0
5742,1338,84.0,61,57.88,3530.56
5743,1338,188.0,63,56.13,3536.23
5744,1338,577.0,332,69.35,23024.47
5745,1339,572.0,228,10.41,2373.48
5746,1339,439.0,289,8.96,2589.44
5747,1340,316.0,131,4398.0,576138.0
5748,1340,538.0,394,138.0,54372.0
5749,1341,598.0,477,1521.31,725666.23
5750,1341,28.0,298,4660.37,1388788.98
5751,1342,438.0,44,18.26,803.3
5752,1342,178.0,327,63.0,20601.63
5753,1342,48.0,58,2.27,131.53
5754,1342,383.0,62,1038.12,64363.61
5755,1342,370.0,180,16.12,2901.55
5756,1342,421.0,410,398.34,163317.94
5757,1343,474.0,209,14.96,3127.31
5758,1343,244.0,483,61.96,29929.08
5759,1344,293.0,394,3065.0,1207610.0
5760,1344,141.0,406,2660.0,1079960.0
5761,1344,291.0,132,4925.0,650100.0
5762,1344,165.0,223,1325.0,295475.0
5763,1344,175.0,26,1828.0,47528.0
5764,1345,396.0,198,4500.99,891196.66
5765,1345,29.0,293,5349.13,1567295.21
5766,1345,499.0,283,5576.53,1578159.03
5767,1345,84.0,99,5016.67,496650.01
5768,1345,28.0,339,5065.25,1717121.1
5769,1345,304.0,22,1245.22,27394.78
5770,1345,25.0,403,2149.92,866416.12
5771,1346,47.0,195,670.56,130759.2
5772,1346,9.0,14,12.76,178.64
5773,1346,159.0,478,5.34,2552.52
5774,1346,535.0,129,27.95,3605.55
5775,1347,85.0,362,2839.77,1027997.37
5776,1347,529.0,188,1779.77,334597.17
5777,1347,27.0,468,406.08,190045.45
5778,1347,96.0,61,1844.61,112521.42
5779,1348,239.0,175,1305.72,228500.96
5780,1349,502.0,349,583.47,203630.12
5781,1349,94.0,351,2380.89,835693.14
5782,1349,557.0,167,339.55,56704.63
5783,1349,503.0,398,3689.82,1468546.98
5784,1349,465.0,289,1844.57,533082.05
5785,1349,95.0,448,2129.16,953863.82
5786,1349,485.0,212,2960.73,627675.07
5787,1350,582.0,295,3751.72,1106757.08
5788,1350,255.0,389,2989.32,1162846.36
5789,1350,409.0,467,2214.28,1034069.29
5790,1350,550.0,382,1946.62,743609.12
5791,1350,126.0,415,572.72,237679.21
5792,1350,481.0,180,1672.82,301107.0
5793,1351,60.0,206,3438.63,708357.76
5794,1351,577.0,34,5663.73,192566.95
5795,1351,69.0,435,4793.57,2085204.09
5796,1351,550.0,91,2107.87,191816.19
5797,1351,111.0,492,1655.74,814624.81
5798,1351,70.0,297,2562.83,761160.45
5799,1352,255.0,460,2984.09,1372680.36
5800,1352,409.0,279,2071.31,577896.86
5801,1352,126.0,71,581.29,41271.92
5802,1352,550.0,198,2153.3,426352.58
5803,1352,317.0,180,5422.28,976010.28
5804,1352,410.0,424,761.01,322667.92
5805,1352,392.0,317,4173.55,1323015.99
5806,1353,419.0,405,1985.06,803949.41
5807,1353,236.0,137,3468.55,475191.27
5808,1353,70.0,494,2693.11,1330397.53
5809,1354,131.0,372,3885.0,1445220.0
5810,1354,367.0,300,123.0,36900.0
5811,1354,451.0,124,1927.0,238948.0
5812,1354,498.0,377,4868.0,1835236.0
5813,1355,300.0,201,3749.0,753549.0
5814,1355,23.0,22,3096.0,68112.0
5815,1355,556.0,376,4496.0,1690496.0
5816,1355,392.0,223,3698.0,824654.0
5817,1355,483.0,401,3170.0,1271170.0
5818,1356,165.0,372,1488.02,553545.07
5819,1356,371.0,495,5271.42,2609353.14
5820,1356,25.0,475,2188.7,1039630.46
5821,1356,237.0,491,2955.04,1450925.75
5822,1356,450.0,86,1117.21,96080.39
5823,1356,396.0,345,4851.96,1673926.41
5824,1356,513.0,350,4244.24,1485482.46
5825,1356,28.0,329,4679.75,1539638.0
5826,1357,7.0,111,366.45,40676.13
5827,1357,437.0,404,5246.94,2119763.53
5828,1357,245.0,282,4231.49,1193279.44
5829,1357,168.0,292,5567.82,1625803.26
5830,1358,553.0,22,1202.81,26461.76
5831,1358,521.0,164,1312.32,215220.62
5832,1359,25.0,468,22.26,10417.68
5833,1359,196.0,452,37.05,16746.6
5834,1360,172.0,162,545.88,88433.11
5835,1360,597.0,279,1352.68,377399.03
5836,1360,370.0,330,1321.62,436136.02
5837,1360,306.0,471,446.9,210489.06
5838,1361,146.0,274,59.88,16407.23
5839,1362,577.0,11,61.5,676.47
5840,1362,103.0,388,29.99,11635.95
5841,1362,571.0,205,1598.21,327632.66
5842,1362,324.0,179,43.51,7788.08
5843,1362,596.0,95,893.92,84921.96
5844,1362,335.0,81,60.61,4909.7
5845,1363,189.0,96,1275.81,122477.68
5846,1363,571.0,202,1545.75,312240.84
5847,1364,568.0,448,16.51,7396.8
5848,1364,196.0,169,40.15,6785.14
5849,1364,524.0,180,39.59,7127.1
5850,1364,38.0,281,1633.43,458993.09
5851,1364,203.0,454,60.37,27406.43
5852,1365,199.0,265,249.96,66239.07
5853,1365,289.0,134,4684.01,627657.16
5854,1365,220.0,63,3073.59,193636.27
5855,1365,498.0,496,5622.15,2788584.24
5856,1365,276.0,464,2244.28,1041346.4
5857,1366,430.0,104,1069.0,111176.0
5858,1366,348.0,242,1214.0,293788.0
5859,1367,319.0,397,732.1,290643.63
5860,1367,42.0,496,5536.28,2745994.35
5861,1367,541.0,281,2812.77,790387.79
5862,1368,194.0,225,1927.0,433575.0
5863,1368,287.0,212,4191.0,888492.0
5864,1368,43.0,243,2880.0,699840.0
5865,1368,474.0,149,1159.0,172691.0
5866,1369,335.0,436,61.34,26745.8
5867,1369,151.0,460,31.32,14408.32
5868,1369,538.0,54,1.86,100.56
5869,1369,416.0,417,55.65,23206.41
5870,1369,370.0,220,17.07,3755.55
5871,1369,117.0,293,4.07,1192.87
5872,1370,304.0,399,1206.38,481346.6
5873,1370,359.0,394,226.71,89325.58
5874,1370,60.0,144,3344.99,481679.19
5875,1370,562.0,103,3500.12,360512.69
5876,1370,301.0,202,279.56,56470.39
5877,1370,588.0,470,285.11,133999.88
5878,1371,179.0,155,5603.22,868499.82
5879,1371,235.0,321,644.75,206964.67
5880,1372,531.0,24,1142.23,27413.57
5881,1372,532.0,127,1669.78,212062.63
5882,1372,544.0,299,794.1,237436.84
5883,1372,61.0,135,2732.68,368911.37
5884,1373,157.0,356,1935.76,689131.98
5885,1373,445.0,123,52.96,6513.6
5886,1373,600.0,265,359.97,95391.95
5887,1373,588.0,137,3.68,504.76
5888,1373,462.0,391,55.41,21664.02
5889,1373,354.0,212,9.12,1932.93
5890,1373,38.0,194,1578.09,306148.84
5891,1373,45.0,31,929.88,28826.35
5892,1373,153.0,389,31.41,12217.69
5893,1374,69.0,428,60.3,25807.93
5894,1374,324.0,113,46.12,5211.17
5895,1374,16.0,72,421.94,30379.86
5896,1374,197.0,223,58.84,13120.48
5897,1374,202.0,259,64.2,16627.8
5898,1375,433.0,385,4686.6,1804341.1
5899,1375,562.0,171,3549.13,606901.37
5900,1375,460.0,75,1109.04,83178.37
5901,1375,419.0,456,1846.21,841871.12
5902,1375,236.0,471,3622.8,1706336.97
5903,1376,579.0,359,2321.88,833555.25
5904,1376,50.0,19,3070.44,58338.28
5905,1376,335.0,398,5266.32,2095996.04
5906,1376,306.0,297,437.86,130043.14
5907,1377,318.0,233,4306.87,1003499.71
5908,1377,227.0,319,2103.21,670922.63
5909,1377,60.0,119,3591.84,427428.58
5910,1377,359.0,242,222.71,53894.66
5911,1377,556.0,470,5041.19,2369360.32
5912,1377,301.0,499,278.71,139075.45
5913,1377,368.0,81,3610.83,292477.16
5914,1378,89.0,498,2453.98,1222080.66
5915,1378,317.0,403,5541.06,2233045.81
5916,1378,374.0,248,285.95,70916.41
5917,1378,222.0,240,3136.88,752850.65
5918,1379,203.0,237,64.75,15345.43
5919,1379,84.0,254,53.17,13505.11
5920,1379,390.0,344,30.63,10536.18
5921,1379,12.0,303,1319.52,399815.48
5922,1379,79.0,39,20.89,814.61
5923,1380,383.0,219,1034.56,226568.64
5924,1380,421.0,86,390.04,33543.86
5925,1380,8.0,192,15.56,2988.35
5926,1381,324.0,369,3783.22,1396008.9
5927,1381,469.0,326,1277.4,416433.55
5928,1381,273.0,130,2525.26,328284.19
5929,1381,28.0,421,4877.33,2053355.4
5930,1381,450.0,60,1188.79,71327.51
5931,1381,175.0,227,2000.54,454123.22
5932,1381,442.0,162,637.13,103215.24
5933,1382,243.0,17,154.15,2620.59
5934,1382,301.0,326,273.91,89293.59
5935,1382,179.0,256,5054.08,1293844.1
5936,1382,249.0,119,3517.0,418522.79
5937,1382,217.0,350,3674.98,1286243.63
5938,1383,255.0,268,2763.0,740484.0
5939,1383,50.0,193,2622.0,506046.0
5940,1383,391.0,308,1335.0,411180.0
5941,1383,43.0,220,2880.0,633600.0
5942,1384,441.0,70,32.29,2260.29
5943,1384,374.0,179,3.38,604.42
5944,1384,574.0,162,69.75,11298.98
5945,1384,82.0,263,26.55,6983.87
5946,1385,319.0,476,7.61,3622.36
5947,1385,56.0,302,16.93,5112.86
5948,1385,562.0,458,35.42,16222.36
5949,1385,580.0,56,313.6,17561.6
5950,1386,285.0,270,1134.11,306209.86
5951,1386,300.0,491,3983.62,1955959.36
5952,1386,243.0,285,146.31,41699.15
5953,1387,301.0,68,272.83,18552.43
5954,1387,359.0,422,214.37,90463.68
5955,1387,588.0,383,315.26,120744.45
5956,1387,60.0,459,3602.48,1653539.95
5957,1388,141.0,335,2660.0,891100.0
5958,1388,293.0,45,3065.0,137925.0
5959,1388,175.0,456,1828.0,833568.0
5960,1389,86.0,480,968.39,464827.24
5961,1389,413.0,102,4608.4,470056.96
5962,1389,541.0,79,2758.41,217914.74
5963,1389,368.0,377,3691.69,1391765.29
5964,1389,324.0,410,3977.7,1630857.94
5965,1390,243.0,72,152.99,11015.5
5966,1391,319.0,195,707.62,137985.22
5967,1392,182.0,370,484.0,179080.0
5968,1392,306.0,240,400.0,96000.0
5969,1392,238.0,375,4971.0,1864125.0
5970,1392,211.0,207,2054.0,425178.0
5971,1392,293.0,63,3065.0,193095.0
5972,1393,55.0,189,1044.93,197490.93
5973,1393,44.0,272,237.45,64587.66
5974,1393,544.0,193,726.01,140120.14
5975,1394,137.0,326,2769.85,902970.03
5976,1394,97.0,52,3985.36,207238.79
5977,1394,31.0,448,4207.09,1884778.09
5978,1394,549.0,211,1053.96,222385.79
5979,1395,293.0,199,3561.63,708764.81
5980,1395,391.0,138,1488.67,205436.95
5981,1395,165.0,240,1518.09,364341.77
5982,1396,549.0,167,923.0,154141.0
5983,1396,511.0,125,3023.0,377875.0
5984,1396,295.0,358,1051.0,376258.0
5985,1396,209.0,384,4594.0,1764096.0
5986,1396,137.0,418,2397.0,1001946.0
5987,1396,313.0,308,4362.0,1343496.0
5988,1396,344.0,313,939.0,293907.0
5989,1396,339.0,415,894.0,371010.0
5990,1396,246.0,144,1626.0,234144.0
5991,1397,242.0,316,2769.0,875004.0
5992,1397,290.0,62,1315.0,81530.0
5993,1398,179.0,148,5435.19,804408.08
5994,1398,80.0,468,2749.2,1286626.91
5995,1398,446.0,322,4486.81,1444751.63
5996,1398,374.0,315,293.4,92420.0
5997,1398,141.0,283,2927.19,828394.67
5998,1398,574.0,349,5585.35,1949287.11
5999,1399,540.0,490,2285.14,1119717.04
6000,1399,156.0,126,3222.88,406082.86
6001,1399,96.0,154,1993.43,306988.69
6002,1399,351.0,112,3512.31,393378.79
6003,1399,378.0,348,2757.98,959778.51
6004,1399,518.0,387,5333.83,2064193.21
6005,1400,531.0,193,1011.0,195123.0
6006,1400,55.0,440,988.0,434720.0
6007,1400,61.0,303,2423.0,734169.0
6008,1400,544.0,30,664.0,19920.0
6009,1401,59.0,135,43.09,5817.32
6010,1401,528.0,39,1520.29,59291.31
6011,1401,404.0,407,1860.87,757373.22
6012,1401,211.0,395,28.89,11412.03
6013,1401,196.0,293,39.82,11667.54
6014,1402,232.0,252,3623.0,912996.0
6015,1402,553.0,372,1015.0,377580.0
6016,1402,304.0,138,1143.0,157734.0
6017,1402,127.0,463,4315.0,1997845.0
6018,1402,201.0,211,4745.0,1001195.0
6019,1402,206.0,393,1677.0,659061.0
6020,1403,290.0,215,1576.97,339047.67
6021,1403,89.0,289,2466.35,712774.67
6022,1404,469.0,350,1309.15,458202.15
6023,1404,494.0,315,3848.67,1212332.38
6024,1405,452.0,373,4357.54,1625362.41
6025,1405,302.0,452,5886.55,2660718.78
6026,1405,382.0,53,687.02,36411.84
6027,1405,181.0,331,3014.86,997919.1
6028,1405,6.0,107,3280.11,350971.43
6029,1405,544.0,72,746.25,53730.27
6030,1405,64.0,28,2013.73,56384.47
6031,1405,358.0,436,3510.83,1530723.1
6032,1406,274.0,215,5185.01,1114776.33
6033,1407,515.0,336,28.51,9580.38
6034,1407,62.0,469,37.06,17380.04
6035,1408,251.0,325,2703.0,878475.0
6036,1408,122.0,361,3706.0,1337866.0
6037,1409,82.0,181,27.74,5021.73
6038,1409,359.0,64,2.72,174.25
6039,1409,73.0,227,232.53,52783.76
6040,1409,159.0,420,5.78,2427.23
6041,1409,187.0,402,41.08,16513.33
6042,1410,555.0,452,3528.0,1594656.0
6043,1410,289.0,105,4338.0,455490.0
6044,1411,301.0,483,3.25,1570.04
6045,1411,483.0,78,39.76,3100.93
6046,1411,390.0,176,32.8,5773.47
6047,1411,360.0,291,1364.14,396965.7
6048,1411,237.0,44,36.55,1608.15
6049,1411,560.0,156,6.02,939.15
6050,1411,182.0,17,6.12,103.98
6051,1412,35.0,417,1852.29,772406.28
6052,1412,46.0,52,2327.01,121004.75
6053,1412,313.0,490,4913.57,2407650.05
6054,1413,306.0,90,473.31,42598.19
6055,1413,419.0,196,1875.18,367535.88
6056,1413,354.0,192,776.94,149173.31
6057,1414,75.0,426,612.39,260878.14
6058,1414,551.0,182,17.98,3272.36
6059,1415,285.0,304,1205.48,366465.93
6060,1415,205.0,123,3037.11,373565.11
6061,1416,146.0,405,56.07,22708.35
6062,1416,335.0,313,54.13,16942.69
6063,1416,319.0,414,7.61,3150.54
6064,1416,113.0,119,773.14,92003.66
6065,1417,135.0,33,3837.72,126644.87
6066,1417,465.0,467,1931.47,901997.0
6067,1418,540.0,143,2332.13,333495.16
6068,1418,163.0,39,2073.62,80871.22
6069,1418,487.0,122,4726.63,576648.93
6070,1418,313.0,317,4902.6,1554124.06
6071,1418,414.0,179,2875.59,514729.98
6072,1418,295.0,433,1184.71,512978.6
6073,1418,114.0,15,1427.24,21408.58
6074,1419,118.0,148,4070.0,602360.0
6075,1419,133.0,331,1154.0,381974.0
6076,1419,507.0,45,276.0,12420.0
6077,1419,1.0,151,119.0,17969.0
6078,1419,536.0,338,3268.0,1104584.0
6079,1419,561.0,386,2874.0,1109364.0
6080,1420,108.0,484,4798.64,2322541.78
6081,1421,335.0,222,58.35,12953.72
6082,1421,324.0,209,43.48,9088.14
6083,1421,113.0,13,920.39,11965.03
6084,1422,13.0,346,1933.01,668820.77
6085,1422,239.0,417,1162.66,484828.4
6086,1422,287.0,116,4648.87,539268.6
6087,1422,560.0,370,481.37,178105.32
6088,1422,541.0,354,2714.83,961049.64
6089,1423,286.0,366,3848.0,1408368.0
6090,1423,106.0,348,3273.0,1139004.0
6091,1423,500.0,262,3317.0,869054.0
6092,1423,295.0,86,1051.0,90386.0
6093,1423,339.0,344,894.0,307536.0
6094,1423,209.0,332,4594.0,1525208.0
6095,1423,137.0,131,2397.0,314007.0
6096,1423,549.0,224,923.0,206752.0
6097,1423,156.0,428,2815.0,1204820.0
6098,1424,50.0,207,2622.0,542754.0
6099,1424,217.0,453,3256.0,1474968.0
6100,1424,391.0,489,1335.0,652815.0
6101,1424,43.0,137,2880.0,394560.0
6102,1425,172.0,390,561.78,219094.61
6103,1425,597.0,344,1369.34,471054.5
6104,1426,89.0,482,2126.0,1024732.0
6105,1426,255.0,48,2763.0,132624.0
6106,1426,264.0,310,2345.0,726950.0
6107,1426,170.0,67,1441.0,96547.0
6108,1426,512.0,107,2054.0,219778.0
6109,1427,89.0,20,2393.96,47879.12
6110,1427,210.0,152,5621.95,854536.53
6111,1427,462.0,16,4592.65,73482.45
6112,1428,147.0,480,1470.56,705869.01
6113,1428,569.0,71,4179.29,296729.45
6114,1428,240.0,462,1657.52,765774.88
6115,1428,455.0,391,4658.73,1821561.66
6116,1429,189.0,373,1146.61,427686.89
6117,1429,146.0,315,65.97,20781.61
6118,1429,374.0,246,3.56,876.3
6119,1429,49.0,431,531.87,229235.53
6120,1430,142.0,438,4489.84,1966550.61
6121,1430,36.0,328,1628.18,534043.23
6122,1431,146.0,299,5231.21,1564131.38
6123,1431,126.0,443,620.7,274970.92
6124,1431,570.0,48,5142.61,246845.42
6125,1432,113.0,415,926.46,384481.74
6126,1432,324.0,28,45.02,1260.53
6127,1432,335.0,292,58.24,17004.87
6128,1432,259.0,56,55.83,3126.56
6129,1433,196.0,62,37.05,2297.1
6130,1433,542.0,271,55.07,14923.97
6131,1433,232.0,379,42.62,16152.98
6132,1433,159.0,162,5.34,865.08
6133,1434,94.0,68,2559.85,174069.6
6134,1435,227.0,384,2218.08,851744.51
6135,1435,377.0,121,590.43,71442.62
6136,1435,87.0,129,927.67,119669.12
6137,1436,517.0,92,568.55,52306.72
6138,1437,550.0,319,24.23,7728.94
6139,1437,510.0,151,67.06,10126.25
6140,1438,165.0,480,17.67,8483.97
6141,1438,450.0,473,14.08,6657.56
6142,1438,103.0,493,29.36,14476.7
6143,1438,210.0,131,68.43,8963.7
6144,1439,12.0,163,1195.14,194807.82
6145,1439,395.0,379,54.11,20507.69
6146,1440,519.0,475,4.08,1938.79
6147,1441,446.0,461,4405.67,2031012.02
6148,1441,273.0,309,2562.67,791865.27
6149,1441,87.0,406,837.79,340141.98
6150,1442,573.0,131,3711.84,486250.96
6151,1442,430.0,348,1210.65,421304.82
6152,1442,161.0,348,2483.08,864111.13
6153,1442,451.0,453,2275.0,1030573.46
6154,1443,77.0,295,827.84,244212.8
6155,1443,74.0,352,16.91,5952.32
6156,1443,23.0,59,36.42,2148.78
6157,1443,395.0,450,54.11,24349.5
6158,1443,553.0,119,11.94,1420.86
6159,1443,426.0,32,114.6,3667.2
6160,1444,210.0,466,5226.4,2435501.21
6161,1444,126.0,57,601.92,34309.22
6162,1444,432.0,370,5812.33,2150562.31
6163,1445,587.0,17,377.0,6409.0
6164,1445,220.0,276,2633.0,726708.0
6165,1445,537.0,151,1058.0,159758.0
6166,1445,279.0,330,4200.0,1386000.0
6167,1445,496.0,277,4139.0,1146503.0
6168,1445,193.0,271,537.0,145527.0
6169,1446,543.0,383,31.15,11930.52
6170,1446,166.0,276,1496.35,412992.8
6171,1446,574.0,457,65.86,30099.2
6172,1446,334.0,328,175.6,57596.24
6173,1447,175.0,140,2171.83,304056.22
6174,1448,172.0,31,5.74,177.94
6175,1448,392.0,277,43.51,12052.27
6176,1448,488.0,265,191.0,50615.0
6177,1448,25.0,100,22.26,2226.0
6178,1448,542.0,371,55.07,20430.97
6179,1449,242.0,58,2769.0,160602.0
6180,1449,165.0,46,1325.0,60950.0
6181,1449,175.0,144,1828.0,263232.0
6182,1449,597.0,33,1287.0,42471.0
6183,1450,56.0,424,20.12,8532.5
6184,1450,127.0,280,53.77,15056.9
6185,1450,192.0,447,19.49,8713.15
6186,1450,318.0,296,49.12,14538.05
6187,1450,597.0,91,16.26,1479.47
6188,1450,424.0,400,29.53,11812.93
6189,1451,558.0,214,3183.0,681162.0
6190,1451,391.0,342,1335.0,456570.0
6191,1451,202.0,151,4926.0,743826.0
6192,1452,449.0,155,3514.91,544811.21
6193,1452,179.0,178,5193.01,924356.45
6194,1452,176.0,380,4646.89,1765818.34
6195,1453,432.0,368,5789.3,2130462.38
6196,1453,244.0,341,4987.14,1700615.22
6197,1454,111.0,127,17.5,2221.97
6198,1454,176.0,253,53.89,13633.65
6199,1454,462.0,57,55.86,3183.97
6200,1455,392.0,196,4239.51,830944.72
6201,1455,598.0,224,1599.75,358343.79
6202,1455,317.0,119,5696.95,677937.59
6203,1456,96.0,212,1750.0,371000.0
6204,1457,290.0,48,1460.64,70110.72
6205,1457,103.0,289,2821.96,815546.02
6206,1457,110.0,448,5719.7,2562425.67
6207,1458,275.0,405,4149.47,1680536.24
6208,1458,56.0,159,1629.53,259095.14
6209,1458,433.0,264,4496.7,1187129.91
6210,1458,375.0,472,3554.87,1677899.44
6211,1459,197.0,208,59.67,12411.78
6212,1459,600.0,194,378.11,73352.59
6213,1459,129.0,200,10.32,2063.45
6214,1460,242.0,242,35.67,8633.03
6215,1460,528.0,110,1486.41,163504.64
6216,1461,66.0,292,165.0,48181.07
6217,1461,537.0,485,1202.57,583244.93
6218,1461,423.0,307,2723.86,836223.61
6219,1461,171.0,479,897.23,429772.36
6220,1461,465.0,170,1960.14,333223.74
6221,1461,163.0,183,2167.75,396698.81
6222,1461,279.0,391,4932.31,1928532.12
6223,1462,56.0,390,19.58,7637.26
6224,1463,572.0,146,885.0,129210.0
6225,1464,321.0,395,143.81,56804.22
6226,1464,407.0,442,12.59,5564.14
6227,1464,505.0,398,29.67,11809.54
6228,1465,102.0,269,3202.23,861400.66
6229,1465,23.0,198,3637.31,720186.76
6230,1465,306.0,124,434.08,53826.07
6231,1465,393.0,114,1632.01,186049.6
6232,1465,366.0,487,1421.25,692147.37
6233,1465,285.0,331,1112.42,368210.98
6234,1465,392.0,235,4322.22,1015721.95
6235,1466,59.0,219,3734.97,817958.87
6236,1466,524.0,87,3211.61,279409.68
6237,1466,439.0,22,885.47,19480.36
6238,1466,494.0,419,3881.93,1626527.19
6239,1466,211.0,82,2220.06,182045.07
6240,1466,127.0,268,4999.9,1339974.06
6241,1467,578.0,253,1777.0,449581.0
6242,1467,407.0,384,912.0,350208.0
6243,1467,560.0,20,442.0,8840.0
6244,1467,534.0,337,2500.0,842500.0
6245,1468,28.0,321,4343.0,1394103.0
6246,1469,108.0,350,5357.75,1875210.9
6247,1469,30.0,239,3188.1,761955.19
6248,1469,211.0,176,2416.33,425274.78
6249,1469,439.0,321,910.84,292380.5
6250,1469,25.0,52,2002.62,104136.08
6251,1470,366.0,282,1406.86,396734.18
6252,1470,285.0,121,1131.7,136935.35
6253,1470,316.0,269,4794.6,1289746.45
6254,1470,202.0,341,5870.75,2001924.37
6255,1470,330.0,336,3021.01,1015058.54
6256,1471,560.0,319,472.83,150832.16
6257,1471,330.0,387,2873.38,1111999.69
6258,1471,578.0,310,2071.61,642197.65
6259,1471,185.0,82,4768.35,391004.87
6260,1471,236.0,99,3418.79,338459.79
6261,1472,50.0,311,2898.59,901462.81
6262,1472,391.0,18,1528.24,27508.39
6263,1472,255.0,37,2956.97,109407.77
6264,1473,258.0,399,4034.0,1609566.0
6265,1474,115.0,374,209.05,78183.03
6266,1474,556.0,31,59.25,1836.79
6267,1474,25.0,135,24.12,3256.66
6268,1474,497.0,92,1549.94,142594.87
6269,1475,77.0,126,969.32,122133.73
6270,1475,395.0,153,58.12,8892.05
6271,1475,567.0,482,60.09,28962.78
6272,1476,568.0,180,1295.0,233100.0
6273,1476,560.0,347,442.0,153374.0
6274,1476,239.0,60,1092.0,65520.0
6275,1476,489.0,401,490.0,196490.0
6276,1476,170.0,18,1441.0,25938.0
6277,1476,165.0,245,1325.0,324625.0
6278,1476,179.0,276,4690.0,1294440.0
6279,1477,330.0,99,2964.15,293450.96
6280,1477,236.0,247,3534.24,872956.93
6281,1477,395.0,478,5190.02,2480831.13
6282,1477,185.0,462,4746.8,2193021.93
6283,1477,300.0,410,4170.46,1709889.93
6284,1477,578.0,487,2082.33,1014093.83
6285,1478,16.0,12,389.28,4671.36
6286,1478,91.0,286,990.69,283337.34
6287,1478,113.0,340,773.14,262867.6
6288,1478,517.0,161,482.06,77611.66
6289,1478,251.0,210,31.8,6678.0
6290,1478,272.0,215,1453.52,312506.8
6291,1479,391.0,10,1591.65,15916.52
6292,1479,262.0,485,2766.5,1341750.14
6293,1480,172.0,473,516.65,244376.37
6294,1480,377.0,180,591.82,106526.95
6295,1480,593.0,93,2856.31,265637.22
6296,1480,449.0,312,3953.69,1233552.39
6297,1480,556.0,262,4868.33,1275501.57
6298,1480,352.0,233,1802.88,420071.62
6299,1481,62.0,490,36.42,17846.12
6300,1481,285.0,337,13.92,4691.81
6301,1481,54.0,466,63.25,29473.25
6302,1482,580.0,209,367.7,76848.32
6303,1482,598.0,53,18.31,970.5
6304,1482,519.0,478,4.25,2031.6
6305,1482,570.0,480,61.3,29424.56
6306,1482,562.0,174,40.36,7023.04
6307,1483,170.0,258,1524.31,393271.3
6308,1483,226.0,142,3328.91,472705.56
6309,1483,345.0,182,4280.14,778985.7
6310,1483,201.0,195,5677.44,1107100.44
6311,1483,553.0,212,1204.14,255278.57
6312,1483,357.0,93,629.99,58589.34
6313,1484,432.0,379,5863.04,2222090.94
6314,1484,210.0,381,5571.08,2122581.76
6315,1484,570.0,263,4864.73,1279423.33
6316,1484,126.0,133,563.33,74922.89
6317,1485,282.0,25,437.77,10944.14
6318,1485,486.0,485,25.83,12525.24
6319,1485,13.0,263,24.06,6327.85
6320,1485,424.0,186,29.92,5564.86
6321,1485,596.0,254,825.75,209740.71
6322,1485,25.0,357,26.11,9322.74
6323,1485,81.0,46,10.85,498.99
6324,1486,345.0,244,44.76,10921.44
6325,1486,572.0,434,10.41,4517.94
6326,1487,197.0,429,58.07,24910.36
6327,1487,391.0,492,16.84,8286.96
6328,1487,375.0,271,47.16,12780.73
6329,1487,424.0,66,28.89,1906.92
6330,1487,60.0,33,40.56,1338.34
6331,1487,251.0,261,37.58,9808.4
6332,1487,577.0,146,64.19,9372.27
6333,1487,354.0,212,8.85,1875.17
6334,1487,509.0,422,31.02,13089.11
6335,1488,396.0,382,4777.53,1825017.08
6336,1488,493.0,392,5888.52,2308301.08
6337,1488,440.0,216,4379.64,946002.95
6338,1488,483.0,14,3380.51,47327.08
6339,1488,524.0,478,3302.37,1578531.3
6340,1488,433.0,381,4896.85,1865700.03
6341,1489,496.0,414,4383.48,1814759.53
6342,1489,333.0,15,3615.54,54233.17
6343,1489,279.0,406,4979.31,2021599.34
6344,1489,423.0,19,2710.09,51491.66
6345,1489,171.0,287,848.5,243518.22
6346,1490,70.0,14,2538.89,35544.45
6347,1490,80.0,148,2596.74,384317.55
6348,1491,72.0,489,5198.3,2541968.29
6349,1491,274.0,100,4681.91,468190.56
6350,1491,248.0,488,5383.73,2627258.14
6351,1491,27.0,372,402.72,149813.18
6352,1492,62.0,338,38.77,13103.39
6353,1492,160.0,10,29.06,290.61
6354,1493,217.0,48,3808.04,182786.01
6355,1493,43.0,300,3048.54,914562.88
6356,1493,255.0,87,3097.15,269451.78
6357,1494,456.0,182,3652.31,664720.23
6358,1494,363.0,103,3240.51,333772.84
6359,1495,493.0,116,4911.0,569676.0
6360,1495,243.0,65,131.0,8515.0
6361,1495,81.0,343,810.0,277830.0
6362,1495,102.0,12,2817.0,33804.0
6363,1495,370.0,198,1225.0,242550.0
6364,1495,562.0,108,3011.0,325188.0
6365,1495,62.0,225,2786.0,626850.0
6366,1496,170.0,123,1704.0,209592.37
6367,1496,410.0,95,782.17,74306.45
6368,1497,491.0,187,1901.53,355585.92
6369,1497,15.0,192,1645.02,315844.03
6370,1497,551.0,171,1621.33,277247.5
6371,1497,335.0,210,4965.34,1042722.21
6372,1497,185.0,98,4650.51,455750.38
6373,1497,505.0,143,2664.57,381034.2
6374,1497,89.0,150,2547.77,382165.33
6375,1498,232.0,478,50.51,24145.13
6376,1498,550.0,166,23.26,3861.48
6377,1499,571.0,14,1550.98,21713.69
6378,1499,53.0,66,39.88,2631.95
6379,1499,26.0,445,961.15,427709.83
6380,1499,33.0,13,23.8,309.41
6381,1500,244.0,99,5306.76,525369.71
6382,1500,509.0,422,2635.28,1112086.57
6383,1500,151.0,423,2498.77,1056978.01
6384,1500,547.0,19,3856.63,73275.96
6385,1500,29.0,257,5291.43,1359897.76
6386,1500,419.0,113,2088.36,235984.49
6387,1500,239.0,398,1204.23,479281.96
6388,1501,96.0,40,1750.0,70000.0
6389,1501,540.0,438,2111.0,924618.0
6390,1501,351.0,92,3111.0,286212.0
6391,1501,473.0,10,2674.0,26740.0
6392,1501,156.0,421,2815.0,1185115.0
6393,1501,39.0,284,4154.0,1179736.0
6394,1501,136.0,446,110.0,49060.0
6395,1502,391.0,431,1518.63,654528.19
6396,1502,43.0,442,3062.28,1353525.92
6397,1503,319.0,422,647.0,273034.0
6398,1503,598.0,113,1413.0,159669.0
6399,1503,43.0,474,2880.0,1365120.0
6400,1503,548.0,472,4721.0,2228312.0
6401,1503,530.0,333,2980.0,992340.0
6402,1503,409.0,119,1924.0,228956.0
6403,1503,391.0,112,1335.0,149520.0
6404,1504,449.0,172,3958.48,680858.36
6405,1504,151.0,154,2384.91,367275.81
6406,1504,509.0,443,2585.99,1145594.59
6407,1504,244.0,395,5271.85,2082380.23
6408,1504,406.0,85,3190.05,271154.04
6409,1504,446.0,433,4339.72,1879098.45
6410,1504,205.0,435,2786.12,1211964.27
6411,1505,202.0,313,64.49,20186.26
6412,1505,460.0,431,14.26,6147.02
6413,1505,335.0,109,61.9,6747.38
6414,1505,69.0,278,56.7,15762.76
6415,1505,77.0,203,909.46,184621.01
6416,1505,151.0,300,29.41,8822.68
6417,1505,538.0,404,1.88,761.01
6418,1506,560.0,346,442.0,152932.0
6419,1506,160.0,14,2350.0,32900.0
6420,1507,50.0,290,2826.87,819791.92
6421,1507,41.0,191,3783.24,722598.45
6422,1507,433.0,427,4935.21,2107336.59
6423,1507,449.0,311,3769.83,1172415.68
6424,1508,189.0,447,1266.03,565914.48
6425,1508,260.0,11,30.4,334.45
6426,1508,172.0,413,6.28,2592.7
6427,1508,395.0,371,61.59,22848.69
6428,1508,154.0,181,628.97,113843.2
6429,1509,393.0,299,1686.24,504184.92
6430,1509,572.0,229,1028.83,235602.25
6431,1509,287.0,122,4878.58,595186.15
6432,1509,80.0,460,2874.18,1322125.03
6433,1509,194.0,355,2267.61,805002.46
6434,1509,550.0,96,2058.19,197586.6
6435,1510,54.0,470,66.73,31365.11
6436,1511,198.0,286,12.66,3621.96
6437,1511,185.0,425,52.27,22216.82
6438,1511,242.0,398,36.45,14508.79
6439,1511,151.0,42,28.28,1187.74
6440,1511,79.0,347,22.48,7800.25
6441,1511,497.0,109,1579.08,172120.13
6442,1512,172.0,111,6.17,684.9
6443,1512,232.0,482,50.36,24275.67
6444,1512,488.0,133,223.07,29668.74
6445,1513,48.0,59,2.2,130.05
6446,1513,287.0,377,55.91,21077.93
6447,1513,582.0,457,46.21,21120.05
6448,1514,159.0,122,481.43,58734.44
6449,1514,243.0,54,143.96,7773.84
6450,1514,217.0,493,3789.78,1868363.42
6451,1514,211.0,120,2458.62,295034.11
6452,1514,249.0,96,3460.33,332191.85
6453,1514,187.0,210,3503.95,735830.32
6454,1514,574.0,316,5344.99,1689017.07
6455,1514,301.0,498,282.53,140700.64
6456,1515,314.0,360,134.18,48306.32
6457,1515,574.0,98,64.59,6329.45
6458,1515,126.0,162,6.52,1056.49
6459,1515,123.0,463,10.53,4877.04
6460,1515,172.0,146,6.78,989.37
6461,1515,70.0,372,31.89,11864.7
6462,1515,580.0,135,330.81,44659.54
6463,1516,462.0,171,46.76,7995.96
6464,1516,400.0,380,8.19,3112.2
6465,1516,48.0,234,2.05,479.7
6466,1516,70.0,197,28.38,5590.86
6467,1516,185.0,195,49.38,9629.1
6468,1516,232.0,342,42.62,14576.04
6469,1516,446.0,280,46.04,12891.2
6470,1517,318.0,378,4165.26,1574467.34
6471,1517,293.0,229,3426.54,784676.89
6472,1517,513.0,459,4132.01,1896594.65
6473,1517,535.0,73,2672.02,195057.11
6474,1517,23.0,261,3526.98,920542.05
6475,1518,285.0,211,12.4,2616.4
6476,1518,54.0,74,55.82,4130.68
6477,1518,62.0,143,32.78,4687.54
6478,1519,48.0,120,200.28,24033.32
6479,1519,515.0,355,2495.75,885990.1
6480,1520,255.0,403,2763.0,1113489.0
6481,1520,15.0,163,1541.0,251183.0
6482,1520,210.0,403,4906.0,1977118.0
6483,1520,232.0,110,3623.0,398530.0
6484,1520,370.0,91,1225.0,111475.0
6485,1520,249.0,209,3282.0,685938.0
6486,1520,89.0,81,2126.0,172206.0
6487,1521,123.0,459,895.99,411261.6
6488,1521,366.0,255,1446.76,368924.69
6489,1521,102.0,250,3151.13,787783.75
6490,1521,110.0,55,5882.07,323514.01
6491,1521,308.0,199,1255.58,249861.27
6492,1521,147.0,81,1507.55,122111.3
6493,1521,490.0,243,4422.97,1074780.95
6494,1521,285.0,486,1156.95,562275.8
6495,1522,23.0,33,36.42,1201.86
6496,1522,426.0,267,114.6,30598.2
6497,1523,395.0,356,60.98,21708.76
6498,1523,325.0,483,708.32,342116.65
6499,1523,172.0,346,6.67,2309.3
6500,1523,273.0,19,31.64,601.18
6501,1523,517.0,379,537.95,203884.66
6502,1523,33.0,470,21.6,10152.09
6503,1523,75.0,210,691.85,145289.0
6504,1523,189.0,41,1271.62,52136.36
6505,1524,304.0,223,1143.0,254889.0
6506,1524,588.0,192,271.0,52032.0
6507,1524,359.0,367,202.0,74134.0
6508,1524,301.0,473,249.0,117777.0
6509,1524,60.0,469,3127.0,1466563.0
6510,1525,176.0,250,4307.0,1076750.0
6511,1525,538.0,366,138.0,50508.0
6512,1525,354.0,90,648.0,58320.0
6513,1526,156.0,155,3090.21,478982.69
6514,1526,136.0,449,120.26,53997.46
6515,1526,378.0,244,2699.72,658731.57
6516,1526,281.0,398,305.6,121627.32
6517,1527,178.0,308,63.77,19641.03
6518,1527,49.0,309,544.55,168265.49
6519,1528,474.0,102,14.61,1490.72
6520,1528,469.0,261,15.04,3925.59
6521,1528,74.0,90,18.58,1672.47
6522,1528,102.0,407,37.69,15341.8
6523,1528,167.0,144,7.02,1010.82
6524,1528,582.0,433,49.06,21243.48
6525,1528,82.0,439,25.68,11272.68
6526,1529,577.0,94,5807.79,545931.96
6527,1529,23.0,219,3613.11,791270.2
6528,1529,450.0,128,1101.1,140941.21
6529,1529,570.0,320,5247.38,1679161.97
6530,1529,205.0,449,3014.07,1353317.85
6531,1530,532.0,101,1655.41,167196.12
6532,1530,531.0,331,1205.68,399078.57
6533,1530,44.0,283,215.73,61052.99
6534,1530,55.0,411,1074.29,441533.74
6535,1530,475.0,259,546.14,141449.06
6536,1531,281.0,72,321.07,23116.82
6537,1531,94.0,89,2368.02,210754.16
6538,1531,173.0,52,2450.32,127416.63
6539,1531,231.0,305,4457.64,1359579.1
6540,1531,279.0,361,4744.7,1712836.37
6541,1531,355.0,432,5252.79,2269204.93
6542,1531,289.0,489,4958.73,2424819.6
6543,1532,240.0,126,21.19,2670.34
6544,1532,314.0,462,134.48,62131.25
6545,1532,38.0,260,1481.92,385298.41
6546,1533,126.0,344,6.85,2356.84
6547,1533,89.0,470,26.78,12585.3
6548,1533,48.0,287,2.3,658.67
6549,1534,110.0,23,58.19,1338.37
6550,1534,273.0,31,27.65,857.15
6551,1534,75.0,284,612.39,173918.76
6552,1534,82.0,431,24.18,10421.58
6553,1534,254.0,288,38.13,10981.44
6554,1534,187.0,370,39.09,14463.3
6555,1534,505.0,345,26.22,9045.9
6556,1534,571.0,274,1424.0,390176.0
6557,1535,49.0,157,497.36,78085.52
6558,1535,146.0,132,56.07,7401.24
6559,1535,123.0,158,9.27,1464.66
6560,1535,349.0,49,283.02,13867.98
6561,1535,159.0,320,5.34,1708.8
6562,1535,374.0,141,3.09,435.69
6563,1536,550.0,358,23.29,8337.64
6564,1536,71.0,298,44.39,13227.85
6565,1536,483.0,225,44.16,9935.81
6566,1536,16.0,164,452.14,74151.47
6567,1537,240.0,118,1562.0,184316.0
6568,1537,330.0,462,2571.0,1187802.0
6569,1537,569.0,157,3714.0,583098.0
6570,1537,147.0,353,1369.0,483257.0
6571,1538,206.0,33,19.73,651.09
6572,1538,535.0,179,27.95,5003.05
6573,1538,560.0,281,5.2,1461.2
6574,1539,345.0,11,3805.0,41855.0
6575,1539,304.0,270,1143.0,308610.0
6576,1540,81.0,82,10.51,862.17
6577,1540,287.0,170,54.12,9200.03
6578,1540,48.0,28,2.27,63.51
6579,1540,102.0,202,35.22,7114.39
6580,1540,582.0,464,48.5,22504.76
6581,1541,551.0,228,20.23,4611.49
6582,1541,22.0,490,1779.51,871962.25
6583,1541,589.0,106,2079.65,220442.45
6584,1541,490.0,185,52.38,9690.27
6585,1541,87.0,384,11.01,4228.8
6586,1542,70.0,72,2412.0,173664.0
6587,1542,111.0,150,1402.0,210300.0
6588,1542,264.0,36,2345.0,84420.0
6589,1543,388.0,367,442.35,162343.56
6590,1543,393.0,338,19.53,6599.6
6591,1543,419.0,199,24.61,4898.08
6592,1543,598.0,199,18.85,3750.86
6593,1544,335.0,292,60.18,17573.85
6594,1544,571.0,406,1516.66,615763.27
6595,1544,577.0,460,63.26,29101.01
6596,1544,103.0,500,31.43,15717.02
6597,1544,568.0,447,17.6,7865.05
6598,1544,205.0,220,34.91,7679.72
6599,1544,84.0,307,52.29,16052.56
6600,1545,211.0,174,2054.0,357396.0
6601,1545,153.0,467,2442.0,1140414.0
6602,1545,510.0,319,4860.0,1550340.0
6603,1545,102.0,200,2817.0,563400.0
6604,1546,74.0,357,18.28,6525.8
6605,1546,91.0,462,1091.94,504478.33
6606,1546,47.0,496,716.79,355528.01
6607,1546,407.0,146,12.02,1754.96
6608,1546,321.0,131,158.61,20777.72
6609,1547,57.0,115,616.47,70894.05
6610,1547,243.0,192,1.54,295.68
6611,1547,13.0,103,20.22,2082.66
6612,1547,360.0,130,1252.56,162832.8
6613,1547,439.0,399,8.96,3575.04
6614,1547,572.0,421,10.41,4382.61
6615,1547,600.0,435,327.66,142532.1
6616,1548,175.0,249,1924.93,479307.1
6617,1548,54.0,471,5129.68,2416080.93
6618,1548,541.0,367,2888.48,1060072.01
6619,1548,450.0,300,1087.97,326390.36
6620,1548,240.0,264,1704.36,449951.88
6621,1549,375.0,324,3374.0,1093176.0
6622,1549,56.0,38,1439.0,54682.0
6623,1549,433.0,180,4231.0,761580.0
6624,1549,275.0,363,3721.0,1350723.0
6625,1549,188.0,179,4138.0,740702.0
6626,1550,313.0,350,5072.75,1775463.66
6627,1551,515.0,388,2313.03,897456.92
6628,1551,122.0,259,4436.38,1149022.44
6629,1551,111.0,247,1475.96,364560.92
6630,1551,471.0,79,607.65,48004.1
6631,1551,499.0,156,5616.77,876215.81
6632,1551,541.0,76,2968.57,225611.44
6633,1552,413.0,131,4577.94,599710.63
6634,1552,551.0,257,1707.09,438723.14
6635,1552,82.0,32,2221.94,71102.24
6636,1552,510.0,355,5197.35,1845058.18
6637,1552,444.0,40,4796.11,191844.36
6638,1552,192.0,194,1643.56,318849.96
6639,1553,392.0,305,47.08,14360.3
6640,1553,227.0,221,24.5,5414.91
6641,1554,91.0,384,1047.6,402278.52
6642,1555,556.0,79,52.89,4178.31
6643,1555,497.0,120,1467.48,176097.6
6644,1555,115.0,328,185.31,60781.68
6645,1555,147.0,465,16.11,7491.15
6646,1556,129.0,177,746.0,132042.0
6647,1556,202.0,139,4926.0,684714.0
6648,1557,293.0,49,3432.6,168197.64
6649,1557,15.0,298,1692.76,504443.02
6650,1557,165.0,411,1481.3,608814.12
6651,1557,319.0,238,747.66,177942.63
6652,1557,462.0,331,4419.96,1463007.61
6653,1557,445.0,471,4721.9,2224015.25
6654,1558,196.0,218,43.79,9546.17
6655,1558,203.0,156,66.3,10342.74
6656,1558,345.0,177,53.62,9491.58
6657,1558,306.0,377,5.08,1914.72
6658,1559,503.0,312,3843.93,1199305.7
6659,1559,465.0,204,1983.97,404729.6
6660,1559,68.0,383,5143.73,1970048.04
6661,1559,37.0,142,1344.9,190976.18
6662,1559,351.0,34,3385.62,115110.99
6663,1559,94.0,309,2550.71,788170.35
6664,1560,326.0,182,5688.91,1035381.57
6665,1560,296.0,443,3766.17,1668413.09
6666,1560,133.0,359,1310.9,470613.1
6667,1560,72.0,32,5127.93,164093.72
6668,1560,573.0,104,3722.02,387089.57
6669,1561,596.0,52,865.47,45004.7
6670,1561,571.0,203,1576.85,320099.57
6671,1561,542.0,301,63.33,19063.23
6672,1561,568.0,155,17.78,2755.63
6673,1561,335.0,369,57.72,21298.44
6674,1561,103.0,75,32.5,2437.72
6675,1562,236.0,248,40.56,10059.17
6676,1562,577.0,21,66.81,1402.92
6677,1562,407.0,87,11.88,1033.6
6678,1562,222.0,110,35.13,3864.23
6679,1562,472.0,324,1998.44,647494.83
6680,1562,543.0,421,30.15,12694.12
6681,1563,578.0,326,1777.0,579302.0
6682,1563,442.0,289,596.0,172244.0
6683,1563,570.0,230,4546.0,1045580.0
6684,1563,205.0,216,2586.0,558576.0
6685,1563,582.0,100,3570.0,357000.0
6686,1563,175.0,484,1828.0,884752.0
6687,1563,194.0,76,1927.0,146452.0
6688,1564,71.0,242,3708.9,897553.79
6689,1564,363.0,138,2929.35,404250.71
6690,1564,551.0,87,1828.57,159085.94
6691,1564,264.0,321,2550.31,818650.71
6692,1564,54.0,172,5259.81,904687.25
6693,1564,335.0,173,5501.13,951694.82
6694,1564,13.0,383,1891.89,724592.74
6695,1565,231.0,228,4454.86,1015708.43
6696,1565,279.0,414,4991.76,2066587.47
6697,1566,210.0,312,63.26,19736.01
6698,1566,80.0,141,33.42,4712.6
6699,1566,167.0,472,6.52,3077.6
6700,1567,493.0,164,5836.18,957133.84
6701,1567,243.0,55,151.01,8305.63
6702,1567,481.0,145,1638.41,237569.02
6703,1568,410.0,216,7.71,1665.36
6704,1568,176.0,84,50.67,4256.28
6705,1569,490.0,192,4312.35,827970.89
6706,1569,480.0,206,2971.26,612080.09
6707,1569,530.0,103,3200.39,329640.21
6708,1569,543.0,184,2575.75,473937.86
6709,1569,318.0,470,4664.66,2192390.85
6710,1569,146.0,479,5497.75,2633422.57
6711,1570,433.0,443,54.47,24129.45
6712,1570,374.0,215,3.38,726.35
6713,1570,110.0,138,69.2,9549.32
6714,1570,260.0,252,31.17,7855.68
6715,1570,12.0,206,1304.97,268823.14
6716,1571,74.0,130,19.76,2568.22
6717,1571,91.0,496,1108.4,549765.9
6718,1571,47.0,58,803.41,46598.02
6719,1571,407.0,18,12.86,231.42
6720,1571,372.0,88,9.47,833.46
6721,1571,505.0,114,29.52,3365.7
6722,1571,321.0,351,153.32,53816.7
6723,1572,53.0,288,3217.0,926496.0
6724,1572,25.0,261,1892.0,493812.0
6725,1573,578.0,344,1892.68,651080.74
6726,1573,456.0,74,3419.79,253064.75
6727,1573,396.0,134,4448.83,596142.56
6728,1573,551.0,261,1756.82,458529.54
6729,1573,119.0,152,2904.91,441545.63
6730,1573,565.0,463,2780.89,1287551.83
6731,1574,102.0,101,2817.0,284517.0
6732,1574,392.0,341,3698.0,1261018.0
6733,1574,153.0,365,2442.0,891330.0
6734,1574,23.0,325,3096.0,1006200.0
6735,1575,59.0,118,43.7,5156.79
6736,1575,404.0,296,1976.13,584935.72
6737,1576,302.0,177,4979.0,881283.0
6738,1576,90.0,41,1616.0,66256.0
6739,1576,382.0,298,602.0,179396.0
6740,1576,100.0,329,3321.0,1092609.0
6741,1576,6.0,110,2988.0,328680.0
6742,1577,498.0,256,4868.0,1246208.0
6743,1577,451.0,359,1927.0,691793.0
6744,1578,232.0,495,4247.13,2102330.55
6745,1578,471.0,182,617.05,112303.26
6746,1578,82.0,60,2392.0,143519.74
6747,1578,444.0,50,5125.02,256251.01
6748,1578,551.0,183,1669.5,305518.08
6749,1578,582.0,288,3811.37,1097675.19
6750,1578,134.0,172,3906.27,671878.62
6751,1579,72.0,135,4837.0,652995.0
6752,1579,326.0,218,4803.0,1047054.0
6753,1579,554.0,244,588.0,143472.0
6754,1579,274.0,444,4455.0,1978020.0
6755,1580,109.0,262,1030.69,270040.84
6756,1580,77.0,157,963.13,151211.33
6757,1580,553.0,14,13.84,193.81
6758,1581,304.0,282,15.95,4497.6
6759,1581,359.0,435,2.62,1138.81
6760,1581,474.0,284,15.0,4260.05
6761,1581,77.0,158,890.71,140732.86
6762,1581,244.0,16,62.57,1001.12
6763,1581,170.0,173,17.84,3087.18
6764,1582,249.0,430,3869.36,1663825.15
6765,1582,102.0,284,3177.76,902483.07
6766,1582,48.0,45,195.08,8778.82
6767,1583,499.0,91,4784.0,435344.0
6768,1583,111.0,336,1402.0,471072.0
6769,1583,515.0,397,2126.0,844022.0
6770,1583,165.0,121,1325.0,160325.0
6771,1583,122.0,240,3706.0,889440.0
6772,1583,541.0,340,2560.0,870400.0
6773,1584,431.0,66,1840.0,121440.0
6774,1584,31.0,199,3587.0,713813.0
6775,1584,101.0,359,843.0,302637.0
6776,1584,51.0,254,851.0,216154.0
6777,1585,117.0,470,369.07,173461.89
6778,1585,275.0,211,4453.79,939748.81
6779,1585,300.0,293,4008.83,1174587.69
6780,1585,62.0,310,2948.95,914175.38
6781,1585,110.0,274,5809.91,1591915.13
6782,1585,202.0,369,5276.48,1947020.59
6783,1585,572.0,421,996.17,419387.31
6784,1586,462.0,160,4679.59,748735.09
6785,1586,202.0,109,5858.98,638628.77
6786,1586,393.0,300,1635.14,490541.9
6787,1586,262.0,158,2574.72,406805.42
6788,1587,220.0,53,3148.25,166857.04
6789,1587,467.0,439,3366.42,1477859.92
6790,1587,241.0,86,1820.27,156543.32
6791,1587,199.0,272,276.32,75157.78
6792,1587,276.0,411,2303.03,946545.86
6793,1588,486.0,37,23.78,879.86
6794,1588,283.0,211,9.65,2036.15
6795,1589,62.0,433,34.55,14961.1
6796,1589,251.0,478,34.13,16314.54
6797,1589,54.0,123,61.17,7523.89
6798,1589,285.0,273,13.96,3811.32
6799,1590,430.0,167,1069.0,178523.0
6800,1591,113.0,494,773.14,381931.16
6801,1591,259.0,157,51.89,8146.73
6802,1591,146.0,357,56.07,20016.99
6803,1591,335.0,220,54.13,11908.6
6804,1592,131.0,212,4228.54,896451.44
6805,1592,367.0,272,139.5,37945.34
6806,1592,451.0,145,2198.68,318808.76
6807,1592,498.0,466,5222.7,2433777.24
6808,1593,200.0,387,2361.0,913707.0
6809,1593,451.0,338,1927.0,651326.0
6810,1594,541.0,401,2737.06,1097560.69
6811,1594,87.0,81,879.46,71236.56
6812,1594,146.0,478,5325.82,2545741.81
6813,1595,160.0,346,31.0,10724.48
6814,1595,26.0,275,990.36,272348.69
6815,1595,141.0,282,33.71,9505.67
6816,1595,21.0,132,7.83,1033.32
6817,1596,330.0,348,32.61,11347.56
6818,1596,210.0,124,66.63,8262.5
6819,1596,165.0,409,17.45,7137.57
6820,1596,450.0,56,13.78,771.75
6821,1596,103.0,131,31.45,4119.8
6822,1597,359.0,165,220.63,36403.49
6823,1598,513.0,280,4105.04,1149412.07
6824,1598,153.0,480,2584.76,1240684.7
6825,1598,13.0,172,1951.25,335614.68
6826,1598,259.0,188,5076.06,954299.25
6827,1598,238.0,423,5799.06,2453003.55
6828,1599,39.0,330,4154.0,1370820.0
6829,1599,540.0,461,2111.0,973171.0
6830,1599,518.0,451,4445.0,2004695.0
6831,1599,378.0,284,2467.0,700628.0
6832,1599,361.0,444,3388.0,1504272.0
6833,1599,473.0,395,2674.0,1056230.0
6834,1600,28.0,438,5155.59,2258148.32
6835,1600,469.0,464,1303.15,604663.29
6836,1600,471.0,322,607.86,195730.5
6837,1600,251.0,232,3053.81,708484.84
6838,1600,509.0,262,2571.8,673812.86
6839,1601,290.0,177,1518.62,268795.66
6840,1601,330.0,385,2704.61,1041274.47
6841,1602,41.0,307,3489.0,1071123.0
6842,1602,222.0,313,2718.0,850734.0
6843,1603,249.0,130,3282.0,426660.0
6844,1603,359.0,335,202.0,67670.0
6845,1603,43.0,61,2880.0,175680.0
6846,1604,488.0,360,213.34,76802.03
6847,1605,243.0,467,146.18,68265.7
6848,1605,456.0,393,3350.94,1316918.01
6849,1605,493.0,31,5829.74,180721.88
6850,1605,176.0,239,4909.32,1173326.55
6851,1606,185.0,308,4197.0,1292676.0
6852,1607,512.0,100,2054.0,205400.0
6853,1607,519.0,312,328.0,102336.0
6854,1607,71.0,210,3169.0,665490.0
6855,1607,275.0,89,3721.0,331169.0
6856,1607,553.0,303,1015.0,307545.0
6857,1607,43.0,447,2880.0,1287360.0
6858,1607,170.0,422,1441.0,608102.0
6859,1608,439.0,434,762.0,330708.0
6860,1608,524.0,368,2944.0,1083392.0
6861,1609,236.0,32,3063.0,98016.0
6862,1609,308.0,449,1192.0,535208.0
6863,1609,222.0,332,2718.0,902376.0
6864,1610,185.0,153,58.74,8986.94
6865,1610,230.0,328,586.15,192256.65
6866,1610,71.0,78,43.3,3377.5
6867,1610,260.0,73,31.57,2304.28
6868,1610,486.0,43,26.43,1136.37
6869,1610,12.0,131,1428.21,187095.45
6870,1611,19.0,89,380.99,33907.8
6871,1611,173.0,62,2570.26,159355.99
6872,1611,452.0,224,4122.06,923341.64
6873,1611,241.0,453,1696.1,768332.58
6874,1612,30.0,367,2878.92,1056564.03
6875,1612,392.0,337,4121.6,1388978.63
6876,1612,53.0,64,3633.65,232553.48
6877,1612,182.0,486,572.69,278329.64
6878,1612,69.0,90,5214.53,469307.52
6879,1613,141.0,100,35.88,3587.57
6880,1613,26.0,487,964.85,469881.92
6881,1613,21.0,404,8.04,3246.99
6882,1613,194.0,401,24.05,9645.63
6883,1613,62.0,282,37.74,10642.65
6884,1613,565.0,300,32.55,9764.22
6885,1614,25.0,379,24.19,9169.17
6886,1615,489.0,236,571.31,134828.2
6887,1615,287.0,265,4740.42,1256211.48
6888,1615,170.0,421,1516.1,638279.66
6889,1616,111.0,372,1402.0,521544.0
6890,1616,122.0,458,3706.0,1697348.0
6891,1617,596.0,382,865.47,330609.35
6892,1618,375.0,453,45.5,20610.92
6893,1618,255.0,444,37.95,16849.42
6894,1618,230.0,13,631.96,8215.42
6895,1618,462.0,419,49.46,20725.15
6896,1618,354.0,89,9.12,811.31
6897,1619,217.0,78,3840.54,299562.01
6898,1619,255.0,447,3162.71,1413730.24
6899,1619,50.0,47,2780.59,130687.84
6900,1619,391.0,447,1421.32,635331.53
6901,1620,141.0,174,2854.58,496697.52
6902,1620,406.0,355,3359.91,1192769.12
6903,1620,548.0,375,5079.57,1904838.54
6904,1620,306.0,332,476.88,158323.11
6905,1620,308.0,263,1323.32,348033.62
6906,1620,160.0,318,2723.68,866128.91
6907,1620,176.0,255,4968.94,1267079.81
6908,1621,132.0,301,2349.43,707179.64
6909,1621,294.0,219,1020.48,223485.55
6910,1621,561.0,167,3439.19,574344.49
6911,1621,351.0,453,3386.47,1534072.17
6912,1621,342.0,289,4004.47,1157290.86
6913,1622,528.0,80,1447.92,115833.32
6914,1623,375.0,175,3374.0,590450.0
6915,1623,275.0,264,3721.0,982344.0
6916,1623,566.0,130,302.0,39260.0
6917,1623,56.0,185,1439.0,266215.0
6918,1624,422.0,87,3074.51,267482.12
6919,1624,568.0,10,1484.27,14842.72
6920,1624,238.0,44,5284.77,232529.8
6921,1624,215.0,466,2443.46,1138650.32
6922,1624,69.0,346,4717.56,1632275.22
6923,1624,424.0,499,2495.3,1245156.95
6924,1624,476.0,116,2821.11,327248.31
6925,1625,283.0,250,886.45,221612.28
6926,1625,69.0,480,5164.58,2478999.9
6927,1625,568.0,472,1412.76,666820.72
6928,1625,172.0,471,580.18,273265.95
6929,1625,370.0,435,1313.75,571480.17
6930,1626,291.0,170,4925.0,837250.0
6931,1626,165.0,232,1325.0,307400.0
6932,1626,242.0,98,2769.0,271362.0
6933,1626,141.0,315,2660.0,837900.0
6934,1626,391.0,189,1335.0,252315.0
6935,1626,293.0,29,3065.0,88885.0
6936,1626,175.0,489,1828.0,893892.0
6937,1627,393.0,68,1706.43,116037.25
6938,1627,23.0,88,3475.67,305858.78
6939,1627,197.0,361,4826.28,1742288.32
6940,1627,366.0,483,1500.1,724548.43
6941,1628,567.0,258,4877.7,1258445.66
6942,1628,368.0,429,3643.72,1563156.06
6943,1628,324.0,290,3834.2,1111916.97
6944,1628,301.0,396,284.67,112728.45
6945,1628,122.0,359,3936.59,1413234.75
6946,1629,408.0,454,28.04,12730.01
6947,1629,122.0,34,46.81,1591.63
6948,1629,22.0,186,1748.2,325164.41
6949,1629,87.0,134,10.16,1361.23
6950,1629,172.0,166,6.35,1054.21
6951,1629,589.0,267,1868.52,498895.61
6952,1629,490.0,63,48.96,3084.58
6953,1630,591.0,199,69.53,13836.82
6954,1630,578.0,380,22.1,8397.56
6955,1630,593.0,116,32.49,3769.33
6956,1630,293.0,391,40.39,15790.55
6957,1630,227.0,401,27.25,10926.49
6958,1631,95.0,110,1796.0,197560.0
6959,1631,342.0,348,3527.0,1227396.0
6960,1632,306.0,21,465.56,9776.72
6961,1632,255.0,485,3007.62,1458695.42
6962,1632,570.0,258,5122.62,1321635.08
6963,1633,548.0,295,5544.44,1635610.75
6964,1633,460.0,30,1088.42,32652.74
6965,1633,175.0,74,2170.15,160591.02
6966,1633,102.0,376,3293.64,1238410.17
6967,1633,28.0,248,4928.16,1222184.73
6968,1633,319.0,214,740.59,158485.63
6969,1633,577.0,81,5853.28,474115.74
6970,1633,409.0,396,2071.04,820133.76
6971,1634,486.0,304,2021.0,614384.0
6972,1635,281.0,155,337.26,52275.44
6973,1635,133.0,277,1296.0,358993.37
6974,1635,482.0,371,4578.39,1698581.01
6975,1635,142.0,399,4415.39,1761739.83
6976,1635,148.0,445,677.59,301525.78
6977,1635,94.0,135,2389.95,322643.89
6978,1635,478.0,278,5179.75,1439969.9
6979,1635,37.0,325,1241.42,403459.88
6980,1636,577.0,193,61.96,11958.12
6981,1636,572.0,57,12.24,697.8
6982,1636,57.0,413,730.85,301841.01
6983,1636,591.0,458,68.9,31558.27
6984,1636,472.0,214,2066.04,442132.87
6985,1636,222.0,456,33.94,15478.67
6986,1636,543.0,92,32.57,2996.25
6987,1637,146.0,231,65.26,15075.33
6988,1637,335.0,201,57.09,11475.2
6989,1638,319.0,18,647.0,11646.0
6990,1638,446.0,283,3913.0,1107379.0
6991,1638,170.0,45,1441.0,64845.0
6992,1638,374.0,198,263.0,52074.0
6993,1638,54.0,279,4745.0,1323855.0
6994,1639,462.0,25,54.05,1351.15
6995,1639,235.0,426,7.8,3323.99
6996,1640,70.0,408,2412.0,984096.0
6997,1640,371.0,34,4754.0,161636.0
6998,1640,146.0,13,4766.0,61958.0
6999,1640,418.0,172,4157.0,715004.0
7000,1640,541.0,263,2560.0,673280.0
7001,1640,489.0,176,490.0,86240.0
7002,1640,413.0,18,4355.0,78390.0
7003,1641,471.0,105,683.2,71735.61
7004,1641,324.0,394,3939.27,1552073.07
7005,1641,541.0,500,3010.71,1505352.55
7006,1641,102.0,169,3117.43,526845.82
7007,1642,165.0,407,1466.32,596792.56
7008,1642,424.0,219,2329.88,510244.04
7009,1642,512.0,386,2463.71,950993.02
7010,1642,62.0,216,3141.25,678509.75
7011,1642,570.0,247,5021.04,1240197.62
7012,1642,301.0,341,290.79,99158.21
7013,1642,368.0,99,3313.53,328039.29
7014,1643,410.0,251,8.4,2107.78
7015,1643,400.0,397,9.74,3864.89
7016,1643,462.0,154,49.45,7615.43
7017,1643,115.0,384,215.06,82582.46
7018,1643,70.0,345,32.45,11194.94
7019,1644,4.0,216,519.48,112208.13
7020,1644,422.0,92,3205.46,294902.55
7021,1644,92.0,262,292.81,76715.5
7022,1644,441.0,295,2820.77,832125.82
7023,1644,370.0,281,1465.22,411726.51
7024,1644,287.0,13,4546.42,59103.48
7025,1644,283.0,364,959.34,349199.87
7026,1645,358.0,114,3541.58,403739.99
7027,1645,452.0,477,4399.52,2098572.32
7028,1645,302.0,152,5917.58,899472.72
7029,1646,439.0,337,9.95,3351.78
7030,1646,16.0,367,410.26,150565.42
7031,1646,251.0,84,34.12,2866.09
7032,1646,491.0,346,21.89,7572.33
7033,1646,71.0,99,40.36,3995.88
7034,1646,483.0,427,42.38,18096.59
7035,1646,424.0,393,27.33,10739.33
7036,1646,469.0,92,14.28,1313.63
7037,1647,273.0,440,2780.03,1223214.28
7038,1647,446.0,311,4133.8,1285610.74
7039,1647,377.0,374,614.83,229948.22
7040,1647,562.0,108,3458.04,373467.91
7041,1648,426.0,302,132.5,40014.85
7042,1648,395.0,197,64.44,12694.16
7043,1648,23.0,145,42.53,6167.43
7044,1648,553.0,196,12.93,2534.25
7045,1648,109.0,227,1059.28,240456.5
7046,1648,567.0,260,62.18,16166.93
7047,1649,547.0,303,3886.54,1177622.8
7048,1650,197.0,361,53.62,19356.82
7049,1650,16.0,428,389.28,166611.84
7050,1650,117.0,186,3.79,704.94
7051,1650,370.0,29,14.41,417.89
7052,1650,416.0,231,52.08,12030.48
7053,1650,240.0,371,18.38,6818.98
7054,1650,538.0,136,1.62,220.32
7055,1651,433.0,339,4231.0,1434309.0
7056,1651,300.0,423,3749.0,1585827.0
7057,1651,23.0,366,3096.0,1133136.0
7058,1651,556.0,377,4496.0,1694992.0
7059,1651,483.0,342,3170.0,1084140.0
7060,1651,392.0,184,3698.0,680432.0
7061,1652,71.0,474,41.04,19451.23
7062,1653,393.0,496,1679.08,832822.96
7063,1653,262.0,29,2707.88,78528.4
7064,1653,462.0,233,4698.51,1094752.56
7065,1653,480.0,341,3083.79,1051572.36
7066,1653,558.0,444,3492.81,1550809.6
7067,1653,391.0,274,1506.49,412778.87
7068,1654,190.0,313,4003.0,1252939.0
7069,1654,545.0,308,853.0,262724.0
7070,1654,414.0,117,2465.0,288405.0
7071,1655,393.0,361,1480.0,534280.0
7072,1655,80.0,228,2462.0,561336.0
7073,1655,43.0,219,2880.0,630720.0
7074,1655,371.0,151,4754.0,717854.0
7075,1655,251.0,250,2703.0,675750.0
7076,1656,556.0,37,4496.0,166352.0
7077,1656,141.0,109,2660.0,289940.0
7078,1656,406.0,414,2801.0,1159614.0
7079,1656,481.0,108,1479.0,159732.0
7080,1656,317.0,154,4777.0,735658.0
7081,1656,308.0,323,1192.0,385016.0
7082,1656,560.0,479,442.0,211718.0
7083,1657,500.0,183,3733.23,683181.1
7084,1657,315.0,419,5768.54,2417019.97
7085,1658,556.0,327,57.36,18755.87
7086,1658,115.0,10,213.42,2134.18
7087,1658,25.0,91,24.29,2210.45
7088,1658,147.0,326,18.41,6002.49
7089,1659,51.0,27,943.5,25474.6
7090,1659,233.0,285,4185.9,1192980.74
7091,1659,220.0,289,2904.17,839305.74
7092,1660,378.0,344,2884.29,992195.3
7093,1660,248.0,244,5287.96,1290261.45
7094,1660,94.0,471,2440.13,1149299.15
7095,1660,430.0,374,1192.12,445851.66
7096,1660,482.0,371,4430.61,1643755.64
7097,1660,199.0,48,253.87,12185.6
7098,1661,370.0,254,16.5,4192.07
7099,1661,438.0,159,18.54,2947.91
7100,1662,391.0,244,1554.32,379253.45
7101,1662,165.0,434,1488.75,646115.47
7102,1662,141.0,237,2940.03,696787.64
7103,1662,597.0,227,1524.53,346069.05
7104,1663,25.0,59,26.39,1556.79
7105,1663,81.0,156,10.63,1657.54
7106,1663,570.0,299,57.03,17052.67
7107,1663,424.0,303,28.88,8749.47
7108,1663,486.0,427,27.74,11845.16
7109,1664,598.0,273,17.76,4847.78
7110,1664,600.0,476,351.75,167431.45
7111,1665,119.0,293,36.07,10569.55
7112,1665,109.0,465,954.05,443635.21
7113,1665,569.0,107,46.98,5026.91
7114,1665,8.0,344,16.16,5558.17
7115,1665,78.0,455,1097.95,499565.17
7116,1665,426.0,369,136.5,50366.97
7117,1665,314.0,163,139.98,22816.85
7118,1665,41.0,449,48.57,21807.56
7119,1666,179.0,304,4690.0,1425760.0
7120,1666,449.0,314,3340.0,1048760.0
7121,1666,433.0,340,4231.0,1438540.0
7122,1667,562.0,178,3440.37,612386.69
7123,1668,211.0,74,28.46,2106.33
7124,1668,227.0,255,24.27,6188.69
7125,1668,591.0,394,63.62,25067.35
7126,1668,391.0,474,18.84,8929.14
7127,1668,242.0,384,38.41,14748.05
7128,1669,456.0,132,3708.46,489516.59
7129,1669,129.0,424,812.29,344410.42
7130,1669,562.0,416,3560.14,1481016.93
7131,1670,407.0,432,912.0,393984.0
7132,1670,534.0,377,2500.0,942500.0
7133,1671,251.0,35,2703.0,94605.0
7134,1671,179.0,267,4690.0,1252230.0
7135,1671,108.0,213,4469.0,951897.0
7136,1671,235.0,70,602.0,42140.0
7137,1672,274.0,448,4905.8,2197799.22
7138,1672,501.0,382,978.98,373969.25
7139,1672,326.0,311,5301.88,1648884.16
7140,1672,72.0,435,5539.18,2409545.45
7141,1672,554.0,91,666.87,60685.14
7142,1672,540.0,150,2291.78,343767.31
7143,1673,167.0,27,573.2,15476.43
7144,1673,449.0,401,3776.18,1514249.87
7145,1673,59.0,198,3594.3,711671.11
7146,1673,23.0,96,3477.1,333802.07
7147,1673,87.0,318,915.37,291088.28
7148,1673,597.0,113,1352.59,152842.31
7149,1674,111.0,143,1473.9,210767.95
7150,1674,515.0,100,2494.03,249403.07
7151,1674,165.0,134,1533.04,205427.64
7152,1674,187.0,363,3912.54,1420253.13
7153,1675,508.0,190,3293.09,625687.77
7154,1675,236.0,315,3642.52,1147395.37
7155,1676,74.0,75,19.88,1490.66
7156,1677,4.0,305,435.0,132675.0
7157,1677,176.0,267,4307.0,1149969.0
7158,1677,439.0,47,762.0,35814.0
7159,1677,211.0,376,2054.0,772304.0
7160,1677,259.0,391,4411.0,1724701.0
7161,1677,449.0,88,3340.0,293920.0
7162,1678,281.0,24,343.09,8234.23
7163,1678,452.0,115,4235.2,487047.77
7164,1678,361.0,295,3658.62,1079294.03
7165,1678,540.0,389,2494.2,970244.67
7166,1678,378.0,315,2596.96,818043.23
7167,1678,482.0,154,4468.16,688096.08
7168,1678,142.0,304,4379.75,1331442.81
7169,1679,197.0,217,61.63,13372.94
7170,1679,567.0,358,60.03,21490.24
7171,1679,354.0,130,8.05,1047.0
7172,1679,509.0,48,31.59,1516.29
7173,1680,489.0,337,5.76,1941.12
7174,1680,119.0,49,30.41,1490.09
7175,1680,588.0,425,3.19,1355.75
7176,1680,519.0,60,3.86,231.6
7177,1680,53.0,354,37.85,13398.9
7178,1680,372.0,85,8.51,723.35
7179,1680,497.0,434,1467.48,636886.32
7180,1681,29.0,292,64.7,18892.13
7181,1681,48.0,211,2.44,515.74
7182,1681,179.0,267,58.59,15642.31
7183,1681,123.0,399,10.1,4030.52
7184,1681,314.0,91,138.57,12610.07
7185,1682,469.0,402,1210.14,486476.94
7186,1682,409.0,458,2070.23,948165.17
7187,1682,43.0,263,3312.75,871254.53
7188,1682,175.0,382,2172.03,829717.16
7189,1682,446.0,67,4549.07,304787.93
7190,1682,319.0,277,680.23,188423.52
7191,1682,548.0,263,5030.13,1322924.05
7192,1682,598.0,30,1489.66,44689.87
7193,1683,231.0,240,4535.73,1088574.59
7194,1683,274.0,73,4804.92,350759.07
7195,1683,55.0,372,1169.28,434973.11
7196,1683,529.0,128,1993.43,255158.45
7197,1683,27.0,305,430.22,131216.75
7198,1683,85.0,454,2808.88,1275231.29
7199,1683,72.0,252,5538.44,1395687.08
7200,1684,542.0,234,60.68,14199.68
7201,1684,103.0,127,31.82,4040.83
7202,1684,84.0,108,58.34,6300.6
7203,1685,289.0,338,5192.99,1755229.22
7204,1685,241.0,190,1834.56,348565.55
7205,1685,199.0,498,264.86,131898.45
7206,1685,220.0,283,2796.1,791297.22
7207,1685,498.0,479,5170.51,2476671.96
7208,1685,276.0,64,2315.75,148208.06
7209,1686,306.0,477,5.01,2387.48
7210,1686,203.0,267,65.26,17424.69
7211,1686,493.0,161,62.96,10136.32
7212,1686,38.0,327,1526.11,499038.51
7213,1686,345.0,304,47.13,14326.65
7214,1686,524.0,441,40.9,18038.7
7215,1686,393.0,176,18.47,3251.2
7216,1687,317.0,218,5634.06,1228225.6
7217,1687,579.0,417,2328.05,970798.66
7218,1687,275.0,358,4455.78,1595170.22
7219,1687,374.0,150,314.25,47137.69
7220,1688,319.0,311,8.53,2654.02
7221,1688,426.0,19,121.19,2302.53
7222,1688,519.0,440,4.08,1796.45
7223,1688,580.0,277,369.19,102264.42
7224,1689,524.0,459,37.73,17320.1
7225,1689,165.0,499,17.48,8724.72
7226,1689,517.0,368,554.05,203891.51
7227,1689,446.0,39,53.03,2068.33
7228,1689,510.0,195,64.8,12636.94
7229,1689,591.0,269,70.22,18890.38
7230,1689,16.0,201,413.79,83172.21
7231,1690,588.0,227,3.36,762.6
7232,1690,54.0,355,62.08,22038.93
7233,1690,153.0,408,34.04,13887.43
7234,1690,425.0,442,33.27,14704.1
7235,1691,560.0,359,519.35,186446.27
7236,1692,160.0,102,2733.21,278787.57
7237,1693,441.0,216,28.24,6099.84
7238,1693,82.0,192,24.18,4642.56
7239,1693,167.0,478,5.99,2863.22
7240,1694,148.0,161,614.0,98854.0
7241,1694,482.0,31,4142.0,128402.0
7242,1694,133.0,95,1154.0,109630.0
7243,1694,281.0,58,287.0,16646.0
7244,1694,248.0,48,4971.0,238608.0
7245,1694,68.0,21,4293.0,90153.0
7246,1694,361.0,32,3388.0,108416.0
7247,1695,19.0,103,340.0,35020.0
7248,1695,258.0,241,4034.0,972194.0
7249,1695,95.0,130,1796.0,233480.0
7250,1695,475.0,415,517.0,214555.0
7251,1695,173.0,388,2246.0,871448.0
7252,1695,241.0,167,1614.0,269538.0
7253,1696,358.0,47,3657.23,171889.67
7254,1697,485.0,227,2990.27,678791.89
7255,1697,405.0,94,4456.89,418947.37
7256,1697,437.0,432,5478.78,2366832.59
7257,1697,351.0,176,3429.3,603556.07
7258,1697,37.0,101,1365.13,137877.91
7259,1697,199.0,100,253.54,25354.04
7260,1697,204.0,108,3121.43,337114.2
7261,1698,578.0,138,1866.01,257508.85
7262,1698,565.0,54,2512.19,135658.3
7263,1698,551.0,240,1769.64,424712.95
7264,1698,493.0,269,5384.05,1448309.05
7265,1699,491.0,365,1919.82,700734.09
7266,1699,505.0,225,2365.87,532320.21
7267,1699,48.0,95,205.55,19527.68
7268,1699,15.0,471,1749.09,823819.74
7269,1699,185.0,500,4908.29,2454145.77
7270,1700,558.0,230,3183.0,732090.0
7271,1700,391.0,57,1335.0,76095.0
7272,1700,462.0,332,3975.0,1319700.0
7273,1701,21.0,500,7.67,3836.06
7274,1702,503.0,421,3879.38,1633218.45
7275,1702,351.0,365,3542.24,1292919.39
7276,1702,437.0,309,5461.86,1687716.05
7277,1702,342.0,79,3772.07,297993.74
7278,1703,276.0,104,2312.63,240513.44
7279,1703,199.0,143,260.45,37244.69
7280,1703,241.0,34,1914.74,65101.03
7281,1704,551.0,169,1713.13,289519.08
7282,1704,89.0,347,2549.91,884817.55
7283,1705,560.0,425,465.8,197966.39
7284,1705,240.0,167,1700.68,284013.2
7285,1705,179.0,380,5073.97,1928106.75
7286,1705,4.0,192,474.68,91137.66
7287,1705,432.0,452,5914.51,2673359.84
7288,1705,222.0,174,2943.9,512238.88
7289,1706,455.0,396,45.88,18168.48
7290,1706,203.0,333,56.14,18694.62
7291,1706,538.0,146,1.62,236.52
7292,1706,345.0,458,44.76,20500.08
7293,1706,568.0,266,15.24,4053.84
7294,1707,330.0,224,2953.37,661554.18
7295,1707,562.0,329,3374.48,1110203.21
7296,1708,483.0,241,3170.0,763970.0
7297,1708,264.0,120,2345.0,281400.0
7298,1708,556.0,277,4496.0,1245392.0
7299,1708,308.0,248,1192.0,295616.0
7300,1709,600.0,197,348.08,68571.47
7301,1709,192.0,399,19.02,7587.75
7302,1709,86.0,333,11.14,3708.35
7303,1710,558.0,250,3183.0,795750.0
7304,1710,300.0,55,3749.0,206195.0
7305,1710,568.0,25,1295.0,32375.0
7306,1710,50.0,423,2622.0,1109106.0
7307,1710,476.0,206,2637.0,543222.0
7308,1711,153.0,336,2752.47,924830.41
7309,1711,455.0,260,4239.97,1102390.98
7310,1711,243.0,290,142.85,41425.69
7311,1711,562.0,450,3462.27,1558022.93
7312,1711,129.0,280,792.23,221825.14
7313,1711,330.0,444,3058.35,1357905.21
7314,1712,54.0,200,59.52,11903.01
7315,1712,251.0,486,36.93,17945.92
7316,1712,515.0,243,28.22,6857.96
7317,1712,285.0,435,13.51,5877.84
7318,1713,159.0,253,5.34,1351.02
7319,1713,409.0,77,22.64,1743.28
7320,1713,201.0,306,55.82,17080.92
7321,1713,579.0,181,25.67,4646.27
7322,1714,548.0,295,5174.88,1526589.2
7323,1714,308.0,324,1389.31,450137.55
7324,1714,556.0,464,5385.49,2498865.97
7325,1714,317.0,439,5276.91,2316561.73
7326,1715,347.0,383,3417.06,1308732.15
7327,1715,531.0,95,1101.64,104656.12
7328,1715,190.0,231,4455.64,1029251.72
7329,1715,36.0,397,1622.69,644208.5
7330,1715,233.0,171,4080.16,697708.06
7331,1716,131.0,267,4348.49,1161046.67
7332,1716,200.0,338,2570.73,868905.58
7333,1716,367.0,209,133.55,27910.99
7334,1716,498.0,436,5603.97,2443332.7
7335,1716,451.0,18,2133.79,38408.15
7336,1717,97.0,71,4329.23,307375.33
7337,1717,183.0,421,2925.03,1231437.76
7338,1717,295.0,263,1230.75,323688.34
7339,1718,74.0,490,18.32,8978.94
7340,1718,481.0,353,18.83,6648.55
7341,1718,91.0,237,1095.31,259588.17
7342,1718,321.0,220,159.78,35152.56
7343,1719,326.0,432,4803.0,2074896.0
7344,1719,532.0,14,1538.0,21532.0
7345,1719,487.0,321,4196.0,1346916.0
7346,1719,114.0,192,1268.0,243456.0
7347,1719,453.0,386,4232.0,1633552.0
7348,1720,25.0,252,1892.0,476784.0
7349,1721,172.0,92,6.87,631.68
7350,1721,110.0,206,65.0,13390.53
7351,1721,433.0,394,53.46,21064.87
7352,1721,189.0,249,1170.45,291443.27
7353,1721,375.0,197,46.3,9121.28
7354,1722,525.0,485,1581.09,766828.49
7355,1723,505.0,69,2469.56,170399.55
7356,1723,192.0,232,1677.17,389102.62
7357,1723,521.0,202,1348.94,272486.72
7358,1723,318.0,299,4692.93,1403186.43
7359,1724,222.0,268,2960.43,793395.75
7360,1724,33.0,207,1862.69,385577.4
7361,1724,512.0,179,2378.89,425821.98
7362,1724,551.0,143,1828.43,261465.34
7363,1724,255.0,200,3133.47,626694.3
7364,1724,317.0,131,5205.99,681984.85
7365,1725,286.0,114,3848.0,438672.0
7366,1725,332.0,219,2679.0,586701.0
7367,1725,39.0,451,4154.0,1873454.0
7368,1726,248.0,248,5851.67,1451213.14
7369,1726,55.0,160,1061.54,169846.2
7370,1726,27.0,303,417.06,126370.67
7371,1727,342.0,137,4095.85,561132.03
7372,1727,132.0,113,2584.12,292005.95
7373,1728,290.0,223,1413.3,315166.78
7374,1728,103.0,403,2699.78,1088010.71
7375,1728,242.0,129,3242.48,418279.87
7376,1728,569.0,405,3928.52,1591049.06
7377,1728,330.0,370,3083.75,1140987.15
7378,1728,110.0,14,5519.08,77267.13
7379,1728,147.0,182,1466.88,266972.5
7380,1729,211.0,49,2054.0,100646.0
7381,1729,275.0,368,3721.0,1369328.0
7382,1729,13.0,267,1719.0,458973.0
7383,1729,474.0,38,1159.0,44042.0
7384,1729,153.0,50,2442.0,122100.0
7385,1729,238.0,440,4971.0,2187240.0
7386,1730,568.0,263,16.27,4279.93
7387,1730,78.0,49,1009.54,49467.7
7388,1730,360.0,180,1330.32,239458.19
7389,1730,449.0,385,46.89,18053.62
7390,1731,358.0,464,3209.0,1488976.0
7391,1731,212.0,71,1324.0,94004.0
7392,1731,233.0,230,3836.0,882280.0
7393,1732,300.0,348,4420.77,1538427.21
7394,1732,317.0,256,5663.64,1449892.76
7395,1733,513.0,52,3947.7,205280.19
7396,1733,48.0,207,189.21,39165.68
7397,1733,396.0,277,4510.53,1249416.96
7398,1734,525.0,171,1640.79,280574.24
7399,1734,13.0,274,22.64,6203.71
7400,1734,311.0,100,40.54,4054.4
7401,1734,240.0,158,21.84,3451.25
7402,1734,583.0,139,12.69,1763.95
7403,1734,197.0,182,58.61,10666.7
7404,1735,439.0,407,762.0,310134.0
7405,1735,59.0,476,3377.0,1607452.0
7406,1735,494.0,474,3471.0,1645254.0
7407,1735,236.0,368,3063.0,1127184.0
7408,1736,591.0,81,58.56,4743.36
7409,1736,404.0,135,1646.96,222339.6
7410,1736,391.0,376,15.71,5906.96
7411,1736,578.0,267,20.91,5582.97
7412,1737,525.0,308,1558.23,479935.53
7413,1737,134.0,257,45.9,11796.58
7414,1737,30.0,235,35.31,8298.47
7415,1737,54.0,310,61.43,19043.59
7416,1737,551.0,83,21.33,1770.66
7417,1737,493.0,239,61.33,14657.46
7418,1737,217.0,165,45.09,7440.42
7419,1738,558.0,310,3612.57,1119896.65
7420,1738,242.0,423,3286.98,1390390.85
7421,1738,357.0,138,678.52,93636.0
7422,1738,287.0,423,4940.16,2089687.19
7423,1738,175.0,407,2020.07,822169.17
7424,1738,42.0,265,5763.58,1527349.35
7425,1738,450.0,128,1137.17,145557.55
7426,1739,521.0,61,1175.0,71675.0
7427,1740,110.0,473,64.91,30700.14
7428,1740,189.0,428,1187.27,508152.51
7429,1741,475.0,30,561.51,16845.16
7430,1741,302.0,380,5891.96,2238942.98
7431,1741,358.0,359,3602.07,1293141.35
7432,1741,64.0,203,1868.46,379297.68
7433,1741,100.0,310,3857.53,1195832.97
7434,1741,90.0,228,1747.03,398321.88
7435,1741,6.0,48,3203.29,153757.86
7436,1742,285.0,295,12.4,3658.0
7437,1742,567.0,475,53.92,25612.0
7438,1742,54.0,196,55.82,10940.72
7439,1743,285.0,28,1258.61,35241.19
7440,1743,425.0,478,2825.32,1350504.58
7441,1744,202.0,308,4926.0,1517208.0
7442,1744,265.0,342,4018.0,1374156.0
7443,1744,319.0,165,647.0,106755.0
7444,1744,406.0,82,2801.0,229682.0
7445,1744,553.0,211,1015.0,214165.0
7446,1744,285.0,478,1054.0,503812.0
7447,1745,391.0,26,16.93,440.31
7448,1745,370.0,220,15.74,3462.47
7449,1745,238.0,267,69.14,18461.45
7450,1745,438.0,411,17.47,7180.57
7451,1745,178.0,205,60.62,12426.55
7452,1746,311.0,203,3619.46,734750.68
7453,1747,597.0,117,1452.67,169962.05
7454,1747,370.0,403,1303.94,525486.97
7455,1747,306.0,362,443.86,160676.57
7456,1747,172.0,391,560.17,219027.52
7457,1748,598.0,354,1488.12,526793.22
7458,1748,553.0,326,1069.63,348698.78
7459,1748,41.0,162,4005.03,648814.81
7460,1749,304.0,444,1143.0,507492.0
7461,1749,588.0,363,271.0,98373.0
7462,1749,359.0,431,202.0,87062.0
7463,1749,196.0,30,3149.0,94470.0
7464,1749,301.0,427,249.0,106323.0
7465,1750,483.0,157,40.12,6298.93
7466,1750,21.0,430,7.73,3323.64
7467,1750,49.0,112,534.84,59902.43
7468,1751,7.0,188,342.0,64296.0
7469,1752,202.0,277,4926.0,1364502.0
7470,1752,558.0,185,3183.0,588855.0
7471,1752,393.0,338,1480.0,500240.0
7472,1753,568.0,198,1529.55,302851.11
7473,1753,300.0,310,3974.24,1232014.38
7474,1753,558.0,291,3691.14,1074121.85
7475,1753,476.0,314,2849.98,894893.14
7476,1753,50.0,372,3030.88,1127486.62
7477,1754,72.0,401,5092.14,2041949.26
7478,1754,540.0,75,2504.43,187832.56
7479,1754,274.0,270,5002.42,1350652.83
7480,1754,554.0,453,668.61,302880.81
7481,1754,326.0,436,5094.4,2221156.64
7482,1755,242.0,236,3049.91,719779.07
7483,1755,550.0,433,1990.22,861765.33
7484,1755,335.0,403,5402.31,2177132.9
7485,1755,566.0,429,330.64,141844.5
7486,1755,445.0,61,4745.44,289471.94
7487,1755,237.0,489,2896.91,1416590.67
7488,1755,264.0,437,2638.99,1153237.33
7489,1755,572.0,235,947.13,222575.78
7490,1755,418.0,427,4434.07,1893349.36
7491,1756,355.0,47,5040.74,236914.99
7492,1756,161.0,25,2345.41,58635.21
7493,1756,378.0,323,2594.72,838094.77
7494,1756,478.0,434,5622.48,2440157.23
7495,1756,133.0,215,1367.52,294015.93
7496,1756,498.0,13,5504.83,71562.85
7497,1756,296.0,65,4155.62,270115.21
7498,1757,196.0,213,40.77,8683.22
7499,1758,319.0,112,9.11,1020.68
7500,1758,335.0,437,64.3,28099.36
7501,1758,113.0,262,845.77,221591.66
7502,1758,324.0,449,45.43,20397.56
7503,1758,259.0,458,55.56,25447.79
7504,1758,146.0,480,63.77,30608.03
7505,1759,596.0,253,893.4,226029.44
7506,1759,424.0,26,27.34,710.87
7507,1759,13.0,345,21.63,7461.54
7508,1759,486.0,71,26.68,1893.98
7509,1760,62.0,62,3309.32,205177.88
7510,1760,572.0,391,1049.45,410333.79
7511,1760,317.0,476,5705.03,2715593.53
7512,1760,275.0,376,3938.13,1480735.23
7513,1760,300.0,357,4104.43,1465280.27
7514,1760,117.0,378,367.32,138847.74
7515,1760,103.0,240,2620.27,628864.12
7516,1761,497.0,450,1597.94,719071.03
7517,1761,79.0,95,20.01,1900.93
7518,1761,530.0,95,40.02,3802.05
7519,1761,151.0,465,30.75,14299.73
7520,1761,242.0,171,36.36,6216.99
7521,1761,407.0,132,12.15,1603.75
7522,1762,38.0,176,1384.38,243650.88
7523,1762,455.0,462,45.88,21196.56
7524,1762,393.0,349,17.41,6076.09
7525,1762,493.0,184,57.78,10631.52
7526,1762,306.0,457,4.71,2152.47
7527,1763,126.0,456,7.17,3271.12
7528,1763,330.0,159,31.98,5084.4
7529,1764,470.0,286,1089.0,311454.0
7530,1764,245.0,170,3645.0,619650.0
7531,1764,364.0,346,2623.0,907558.0
7532,1764,429.0,320,3233.0,1034560.0
7533,1764,120.0,26,4489.0,116714.0
7534,1764,437.0,233,4744.0,1105352.0
7535,1764,320.0,484,3907.0,1890988.0
7536,1765,308.0,10,1352.06,13520.56
7537,1765,23.0,470,3432.19,1613130.45
7538,1765,300.0,320,4222.98,1351354.82
7539,1765,556.0,499,5209.0,2599289.89
7540,1766,103.0,201,2367.0,475767.0
7541,1766,566.0,221,302.0,66742.0
7542,1766,318.0,288,3915.0,1127520.0
7543,1767,142.0,174,4642.05,807716.52
7544,1767,563.0,495,4383.48,2169822.11
7545,1767,313.0,94,5011.34,471066.39
7546,1767,118.0,424,4882.07,2069999.1
7547,1767,83.0,219,3870.43,847623.92
7548,1767,561.0,65,3394.8,220661.78
7549,1767,501.0,207,927.6,192013.61
7550,1767,1.0,382,141.18,53932.43
7551,1768,551.0,191,1621.0,309610.07
7552,1769,562.0,98,3607.49,353533.55
7553,1769,227.0,71,2141.62,152055.35
7554,1769,377.0,99,643.81,63737.05
7555,1770,70.0,31,2884.24,89411.31
7556,1770,424.0,296,2400.59,710575.03
7557,1770,80.0,255,2953.04,753024.76
7558,1771,220.0,182,2633.0,479206.0
7559,1771,501.0,303,860.0,260580.0
7560,1771,177.0,322,3518.0,1132796.0
7561,1771,358.0,160,3209.0,513440.0
7562,1771,233.0,66,3836.0,253176.0
7563,1772,236.0,60,3063.0,183780.0
7564,1773,514.0,148,33.47,4953.56
7565,1773,490.0,81,44.78,3627.18
7566,1773,167.0,229,5.99,1371.71
7567,1773,424.0,99,25.35,2509.65
7568,1773,572.0,343,10.41,3570.63
7569,1773,372.0,107,8.51,910.57
7570,1774,53.0,138,44.4,6127.81
7571,1774,571.0,147,1570.7,230893.55
7572,1775,530.0,60,38.97,2338.05
7573,1775,489.0,43,6.24,268.19
7574,1775,185.0,169,53.13,8979.04
7575,1775,198.0,411,13.31,5470.06
7576,1776,408.0,328,25.2,8265.6
7577,1777,274.0,229,4838.86,1108099.71
7578,1777,529.0,472,1894.28,894100.27
7579,1777,55.0,404,1175.42,474870.38
7580,1777,248.0,444,5276.58,2342800.98
7581,1777,27.0,329,427.22,140555.33
7582,1777,72.0,57,5688.03,324217.73
7583,1778,570.0,78,62.82,4899.59
7584,1778,426.0,138,123.92,17101.4
7585,1778,319.0,223,8.0,1783.61
7586,1778,56.0,111,18.19,2019.37
7587,1778,580.0,329,331.72,109136.26
7588,1779,80.0,151,33.19,5011.22
7589,1779,566.0,47,4.12,193.56
7590,1779,542.0,47,63.02,2961.85
7591,1780,348.0,360,1214.0,437040.0
7592,1780,430.0,79,1069.0,84451.0
7593,1780,183.0,131,2510.0,328810.0
7594,1780,296.0,412,3586.0,1477432.0
7595,1781,81.0,325,957.33,311132.35
7596,1781,79.0,266,1716.54,456600.32
7597,1781,42.0,70,5522.47,386573.17
7598,1781,553.0,267,1146.14,306020.6
7599,1781,439.0,356,852.37,303444.23
7600,1781,481.0,56,1614.27,90399.16
7601,1782,38.0,42,1485.58,62394.57
7602,1782,476.0,221,35.51,7846.93
7603,1782,375.0,275,46.8,12869.76
7604,1782,230.0,493,615.71,303546.47
7605,1782,54.0,357,63.21,22566.11
7606,1782,354.0,41,8.12,332.92
7607,1782,157.0,136,2040.55,277514.73
7608,1782,10.0,448,1500.78,672350.87
7609,1783,501.0,327,860.0,281220.0
7610,1783,326.0,473,4803.0,2271819.0
7611,1783,554.0,125,588.0,73500.0
7612,1783,540.0,451,2111.0,952061.0
7613,1783,274.0,156,4455.0,694980.0
7614,1784,242.0,297,32.58,9676.26
7615,1784,300.0,460,44.11,20290.6
7616,1784,150.0,182,151.15,27509.3
7617,1784,497.0,129,1467.48,189304.92
7618,1784,158.0,66,5.48,361.68
7619,1784,456.0,112,36.67,4107.04
7620,1785,446.0,159,4136.84,657757.39
7621,1785,187.0,333,3500.67,1165724.16
7622,1785,153.0,311,2920.77,908358.75
7623,1785,582.0,203,4161.33,844749.82
7624,1785,550.0,133,2113.2,281055.35
7625,1785,547.0,149,3967.89,591215.34
7626,1785,158.0,37,545.61,20187.51
7627,1786,588.0,349,271.0,94579.0
7628,1786,318.0,252,3915.0,986580.0
7629,1786,42.0,181,4870.0,881470.0
7630,1787,452.0,340,4004.04,1361374.29
7631,1787,90.0,255,1731.44,441516.85
7632,1787,64.0,499,1855.26,925774.12
7633,1787,475.0,147,546.02,80265.17
7634,1787,358.0,157,3395.81,533142.23
7635,1787,544.0,451,748.49,337569.06
7636,1788,306.0,373,400.0,149200.0
7637,1788,582.0,372,3570.0,1328040.0
7638,1788,194.0,21,1927.0,40467.0
7639,1788,15.0,355,1541.0,547055.0
7640,1788,535.0,281,2376.0,667656.0
7641,1788,255.0,301,2763.0,831663.0
7642,1789,276.0,249,2282.16,568258.64
7643,1790,148.0,413,648.24,267723.45
7644,1790,139.0,249,4217.2,1050081.95
7645,1790,36.0,204,1636.16,333776.86
7646,1790,51.0,173,969.33,167694.41
7647,1790,200.0,315,2626.91,827475.63
7648,1791,452.0,51,3812.0,194412.0
7649,1791,35.0,34,1686.0,57324.0
7650,1791,258.0,66,4034.0,266244.0
7651,1791,95.0,224,1796.0,402304.0
7652,1792,524.0,48,36.77,1764.83
7653,1792,368.0,389,39.36,15309.58
7654,1792,16.0,281,440.48,123775.45
7655,1793,425.0,125,2705.24,338155.28
7656,1793,515.0,436,2275.77,992236.8
7657,1793,486.0,26,2190.79,56960.56
7658,1793,48.0,463,197.21,91307.87
7659,1793,324.0,12,4059.15,48709.78
7660,1793,151.0,450,2510.65,1129791.12
7661,1793,179.0,97,5245.67,508830.27
7662,1794,464.0,284,1461.5,415066.42
7663,1794,355.0,398,5282.59,2102469.78
7664,1795,81.0,27,890.19,24035.02
7665,1795,483.0,311,3381.28,1051578.68
7666,1795,70.0,416,2824.83,1175128.36
7667,1795,62.0,124,3177.44,394002.03
7668,1795,243.0,338,141.51,47831.68
7669,1795,236.0,172,3246.4,558380.89
7670,1795,524.0,64,3149.48,201566.66
7671,1796,559.0,105,1713.84,179952.8
7672,1796,148.0,209,712.76,148967.38
7673,1796,465.0,306,2077.95,635853.24
7674,1796,294.0,10,1010.88,10108.82
7675,1796,200.0,477,2785.11,1328496.83
7676,1797,43.0,398,3210.29,1277696.68
7677,1797,249.0,486,3701.42,1798887.96
7678,1797,359.0,116,224.57,26049.99
7679,1798,598.0,250,1573.59,393397.7
7680,1798,432.0,299,5836.21,1745027.68
7681,1798,176.0,328,4748.88,1557631.75
7682,1799,549.0,82,999.25,81938.61
7683,1799,431.0,51,2020.56,103048.33
7684,1799,516.0,42,5346.15,224538.15
7685,1799,101.0,239,974.73,232960.64
7686,1800,558.0,300,3552.9,1065870.65
7687,1800,568.0,73,1510.36,110256.06
7688,1800,50.0,210,2929.66,615228.39
7689,1800,300.0,450,3978.17,1790174.69
7690,1800,543.0,97,2678.13,259778.75
7691,1800,476.0,127,3105.32,394375.84
7692,1801,30.0,297,38.34,11387.16
7693,1802,129.0,334,9.84,3285.26
7694,1803,190.0,122,4566.94,557166.2
7695,1803,555.0,465,4203.05,1954417.12
7696,1803,414.0,361,2642.93,954098.21
7697,1803,114.0,195,1429.49,278750.68
7698,1803,36.0,32,1657.73,53047.39
7699,1803,347.0,437,3112.17,1360016.16
7700,1803,453.0,469,5058.69,2372527.08
7701,1803,274.0,167,4683.79,782193.66
7702,1803,531.0,225,1175.84,264563.46
7703,1804,577.0,242,66.05,15983.2
7704,1804,509.0,161,29.98,4826.58
7705,1804,354.0,458,8.65,3961.64
7706,1804,366.0,396,18.15,7189.37
7707,1805,13.0,203,1886.44,382946.5
7708,1806,393.0,102,1480.0,150960.0
7709,1806,462.0,466,3975.0,1852350.0
7710,1806,262.0,440,2393.0,1052920.0
7711,1806,558.0,415,3183.0,1320945.0
7712,1807,213.0,40,2098.62,83944.82
7713,1807,266.0,440,5297.63,2330957.94
7714,1807,549.0,482,1067.45,514510.72
7715,1807,137.0,403,2766.73,1114993.54
7716,1807,101.0,30,956.04,28681.2
7717,1808,401.0,211,2462.0,519482.0
7718,1808,220.0,331,2633.0,871523.0
7719,1808,98.0,152,2102.0,319504.0
7720,1808,279.0,166,4200.0,697200.0
7721,1808,465.0,79,1752.0,138408.0
7722,1808,537.0,212,1058.0,224296.0
7723,1809,9.0,69,13.73,947.34
7724,1809,157.0,266,1905.6,506888.73
7725,1809,255.0,418,36.45,15235.53
7726,1810,167.0,479,6.62,3169.44
7727,1811,451.0,500,1927.0,963500.0
7728,1811,367.0,244,123.0,30012.0
7729,1811,498.0,75,4868.0,365100.0
7730,1811,131.0,445,3885.0,1728825.0
7731,1812,532.0,113,1690.21,190993.34
7732,1812,475.0,423,548.14,231863.12
7733,1812,61.0,178,2822.19,502350.19
7734,1812,44.0,39,217.15,8468.87
7735,1813,87.0,263,9.85,2590.41
7736,1813,490.0,337,50.63,17063.1
7737,1813,22.0,305,1682.45,513147.85
7738,1814,591.0,152,70.01,10640.8
7739,1814,119.0,81,33.32,2698.8
7740,1814,368.0,471,42.17,19863.93
7741,1814,113.0,214,835.27,178748.03
7742,1814,510.0,201,65.56,13177.86
7743,1814,165.0,11,17.08,187.9
7744,1815,540.0,83,2281.73,189383.66
7745,1815,554.0,148,671.14,99328.08
7746,1815,72.0,249,5646.02,1405860.13
7747,1815,326.0,46,5759.47,264935.71
7748,1816,505.0,296,27.7,8198.86
7749,1816,372.0,364,9.52,3466.18
7750,1816,47.0,447,742.8,332031.08
7751,1816,407.0,405,12.47,5048.94
7752,1817,80.0,43,28.96,1245.28
7753,1818,59.0,246,3619.53,890404.06
7754,1818,508.0,455,3546.79,1613788.57
7755,1819,405.0,117,4604.45,538720.38
7756,1819,183.0,304,2665.55,810326.69
7757,1819,430.0,178,1219.79,217122.33
7758,1820,580.0,282,365.31,103018.76
7759,1821,425.0,16,31.09,497.45
7760,1821,255.0,437,37.38,16333.55
7761,1821,230.0,357,633.66,226218.07
7762,1821,10.0,337,1590.46,535983.57
7763,1821,9.0,209,14.6,3051.7
7764,1822,210.0,63,4906.0,309078.0
7765,1822,255.0,18,2763.0,49734.0
7766,1822,392.0,194,3698.0,717412.0
7767,1822,550.0,68,1822.0,123896.0
7768,1822,175.0,265,1828.0,484420.0
7769,1822,153.0,356,2442.0,869352.0
7770,1823,531.0,246,1011.0,248706.0
7771,1823,44.0,379,198.0,75042.0
7772,1823,55.0,57,988.0,56316.0
7773,1824,185.0,380,56.79,21581.57
7774,1824,111.0,88,19.6,1725.23
7775,1824,410.0,439,8.82,3871.45
7776,1824,446.0,235,50.02,11755.6
7777,1824,305.0,78,939.6,73289.02
7778,1824,462.0,371,53.66,19909.5
7779,1825,165.0,368,1325.0,487600.0
7780,1825,538.0,258,138.0,35604.0
7781,1825,558.0,180,3183.0,572940.0
7782,1826,551.0,440,20.55,9041.41
7783,1827,414.0,226,2601.45,587927.99
7784,1828,170.0,391,1554.61,607851.0
7785,1828,287.0,323,4725.09,1526204.8
7786,1828,541.0,217,2719.98,590235.12
7787,1828,489.0,266,586.8,156087.56
7788,1828,239.0,287,1298.22,372590.17
7789,1829,565.0,47,2622.41,123253.27
7790,1829,582.0,296,3941.79,1166769.29
7791,1829,442.0,102,653.47,66654.0
7792,1829,446.0,114,4466.68,509201.23
7793,1829,158.0,323,529.56,171049.04
7794,1829,514.0,143,3048.38,435918.11
7795,1830,70.0,140,2579.67,361153.51
7796,1830,60.0,45,3743.44,168454.7
7797,1830,598.0,348,1694.51,589687.8
7798,1830,111.0,415,1631.27,676978.91
7799,1830,317.0,359,5458.95,1959764.28
7800,1830,553.0,223,1212.48,270382.35
7801,1830,462.0,462,4610.37,2129989.33
7802,1830,583.0,99,1071.59,106087.55
7803,1831,399.0,42,3614.45,151806.71
7804,1831,513.0,251,4316.02,1083322.19
7805,1831,293.0,118,3219.78,379934.2
7806,1831,275.0,327,4365.44,1427498.13
7807,1831,306.0,256,478.11,122395.25
7808,1831,211.0,342,2160.91,739031.24
7809,1832,293.0,233,3518.76,819870.27
7810,1832,577.0,245,5269.19,1290951.39
7811,1832,319.0,90,774.08,69667.13
7812,1832,445.0,333,4491.49,1495664.99
7813,1832,15.0,298,1678.76,500270.38
7814,1832,301.0,181,288.85,52281.76
7815,1833,395.0,316,5187.71,1639317.75
7816,1833,407.0,348,1042.74,362874.36
7817,1833,8.0,67,1393.73,93379.89
7818,1833,534.0,433,2653.22,1148845.12
7819,1833,396.0,81,4548.62,368438.51
7820,1833,242.0,42,3318.03,139357.18
7821,1834,505.0,265,2480.86,657429.15
7822,1834,491.0,242,1966.61,475918.44
7823,1834,185.0,488,4827.38,2355760.38
7824,1834,89.0,388,2332.25,904914.77
7825,1835,317.0,385,4777.0,1839145.0
7826,1836,340.0,474,4312.77,2044251.85
7827,1836,392.0,66,4047.59,267140.98
7828,1836,410.0,434,774.31,336051.57
7829,1836,255.0,307,3212.58,986262.34
7830,1837,544.0,291,748.66,217859.07
7831,1837,532.0,402,1766.98,710326.16
7832,1837,531.0,172,1109.23,190787.59
7833,1837,44.0,281,209.99,59006.52
7834,1838,48.0,421,174.0,73254.0
7835,1838,439.0,415,762.0,316230.0
7836,1838,122.0,376,3706.0,1393456.0
7837,1838,251.0,259,2703.0,700077.0
7838,1838,125.0,179,4723.0,845417.0
7839,1839,348.0,411,1376.74,565841.49
7840,1839,402.0,32,1870.27,59848.68
7841,1839,475.0,175,578.08,101163.37
7842,1839,258.0,278,4669.52,1298125.39
7843,1839,183.0,286,2801.94,801356.03
7844,1840,580.0,128,363.93,46582.98
7845,1840,324.0,326,43.15,14068.42
7846,1840,48.0,241,2.41,579.64
7847,1840,89.0,392,30.01,11762.49
7848,1840,172.0,383,6.52,2497.72
7849,1841,441.0,302,2850.53,860860.68
7850,1841,593.0,56,2913.12,163134.91
7851,1841,508.0,90,3354.4,301896.14
7852,1841,541.0,277,2745.05,760378.99
7853,1841,512.0,300,2381.83,714547.87
7854,1841,377.0,373,635.53,237054.3
7855,1842,133.0,156,1270.21,198152.1
7856,1842,199.0,172,278.64,47926.21
7857,1842,94.0,425,2547.42,1082653.92
7858,1842,68.0,234,5131.39,1200745.89
7859,1843,424.0,283,25.35,7174.05
7860,1843,282.0,301,398.69,120005.69
7861,1843,570.0,10,53.48,534.8
7862,1843,396.0,280,49.09,13745.2
7863,1843,486.0,341,23.78,8108.98
7864,1843,596.0,21,756.98,15896.58
7865,1844,126.0,365,620.59,226515.56
7866,1845,159.0,220,5.82,1280.21
7867,1845,151.0,220,28.15,6193.01
7868,1845,113.0,349,900.36,314226.98
7869,1845,535.0,230,30.08,6919.2
7870,1845,9.0,33,15.2,501.49
7871,1845,179.0,261,63.08,16462.79
7872,1845,275.0,249,48.48,12071.55
7873,1846,39.0,365,4522.77,1650812.37
7874,1846,218.0,454,1808.07,820865.47
7875,1846,599.0,369,1300.94,480046.82
7876,1846,286.0,368,4301.49,1582948.9
7877,1847,444.0,221,4823.1,1065904.48
7878,1847,400.0,24,742.54,17820.88
7879,1847,259.0,291,4994.52,1453406.31
7880,1848,568.0,466,1528.41,712240.41
7881,1848,558.0,351,3548.14,1245395.73
7882,1848,476.0,473,3129.11,1480070.69
7883,1849,25.0,496,24.51,12157.49
7884,1849,396.0,437,57.58,25161.98
7885,1849,486.0,488,26.84,13099.28
7886,1849,424.0,216,28.66,6189.95
7887,1850,378.0,344,2467.0,848648.0
7888,1850,156.0,38,2815.0,106970.0
7889,1851,543.0,192,2763.11,530517.06
7890,1851,50.0,168,2873.08,482677.54
7891,1851,300.0,199,4250.25,845799.13
7892,1851,568.0,471,1537.15,723995.73
7893,1851,558.0,191,3490.62,666708.27
7894,1852,505.0,332,30.25,10043.88
7895,1852,47.0,111,758.32,84173.11
7896,1853,122.0,469,4103.77,1924668.43
7897,1853,48.0,30,205.82,6174.69
7898,1853,28.0,477,4884.7,2330002.3
7899,1853,125.0,395,5031.74,1987538.8
7900,1853,251.0,332,3111.84,1033131.96
7901,1854,340.0,202,4107.6,829736.1
7902,1854,392.0,244,3912.87,954739.44
7903,1854,317.0,313,5382.43,1684700.68
7904,1854,210.0,16,5702.91,91246.62
7905,1855,599.0,99,1302.42,128939.95
7906,1855,218.0,294,1782.35,524011.87
7907,1855,286.0,201,4239.9,852218.96
7908,1855,39.0,60,4510.49,270629.5
7909,1855,466.0,460,2026.18,932040.67
7910,1856,445.0,59,4621.46,272666.4
7911,1856,541.0,284,3062.22,869670.88
7912,1856,70.0,105,2624.56,275578.61
7913,1856,424.0,214,2456.75,525744.33
7914,1856,450.0,399,1190.62,475055.94
7915,1856,308.0,215,1395.04,299934.14
7916,1857,87.0,109,888.57,96854.65
7917,1857,508.0,256,3512.29,899145.4
7918,1857,41.0,358,4153.28,1486873.91
7919,1857,202.0,142,5278.32,749521.02
7920,1857,489.0,116,585.99,67974.6
7921,1857,570.0,15,5073.32,76099.87
7922,1857,449.0,263,3951.56,1039259.17
7923,1858,536.0,396,3905.36,1546523.33
7924,1858,261.0,86,4571.08,393112.85
7925,1858,133.0,17,1359.66,23114.2
7926,1858,118.0,456,4499.39,2051721.1
7927,1859,317.0,184,5564.91,1023944.28
7928,1859,227.0,381,2304.65,878073.52
7929,1859,541.0,390,2964.42,1156122.27
7930,1859,359.0,211,216.21,45620.55
7931,1859,375.0,355,3611.3,1282010.5
7932,1860,582.0,267,46.42,12395.19
7933,1860,70.0,155,30.94,4795.37
7934,1860,102.0,242,35.55,8602.98
7935,1861,591.0,30,4978.0,149340.0
7936,1861,244.0,461,4522.0,2084642.0
7937,1861,129.0,63,746.0,46998.0
7938,1861,499.0,391,4784.0,1870544.0
7939,1862,493.0,253,4911.0,1242483.0
7940,1863,488.0,494,191.0,94354.0
7941,1863,115.0,117,185.31,21681.27
7942,1863,70.0,48,28.38,1362.24
7943,1864,102.0,362,37.21,13469.66
7944,1864,598.0,296,17.77,5259.39
7945,1864,469.0,338,14.14,4777.81
7946,1864,600.0,271,356.6,96637.77
7947,1864,167.0,306,6.89,2108.66
7948,1864,474.0,214,14.44,3090.19
7949,1865,35.0,21,1797.05,37738.11
7950,1865,575.0,202,3251.71,656844.68
7951,1865,434.0,443,2973.18,1317117.89
7952,1865,46.0,149,2361.83,351911.98
7953,1865,295.0,62,1251.28,77579.34
7954,1866,560.0,165,513.03,84649.46
7955,1866,242.0,78,3050.78,237960.48
7956,1866,407.0,60,1088.56,65313.89
7957,1866,185.0,216,4486.44,969071.42
7958,1866,203.0,16,5400.11,86401.74
7959,1866,543.0,96,2865.6,275097.75
7960,1866,534.0,381,2627.28,1000992.9
7961,1866,395.0,331,4881.74,1615855.86
7962,1867,167.0,102,6.84,697.5
7963,1867,89.0,119,26.37,3137.61
7964,1868,460.0,472,1148.57,542125.19
7965,1868,433.0,204,4857.3,990888.92
7966,1868,419.0,257,2073.58,532909.35
7967,1868,524.0,305,3162.03,964419.86
7968,1868,493.0,164,5190.87,851301.92
7969,1869,396.0,94,49.09,4614.46
7970,1869,81.0,213,9.53,2029.89
7971,1869,486.0,34,23.78,808.52
7972,1870,304.0,356,13.45,4788.2
7973,1870,244.0,174,53.2,9256.8
7974,1870,170.0,32,16.95,542.4
7975,1871,440.0,335,3929.0,1316215.0
7976,1871,460.0,39,1022.0,39858.0
7977,1871,62.0,112,2786.0,312032.0
7978,1871,562.0,415,3011.0,1249565.0
7979,1872,286.0,30,4516.62,135498.5
7980,1872,466.0,484,2106.78,1019679.12
7981,1872,599.0,238,1358.89,323416.21
7982,1872,332.0,472,2884.68,1361569.46
7983,1873,507.0,396,305.99,121170.91
7984,1873,561.0,20,3273.92,65478.31
7985,1873,503.0,292,3717.16,1085411.85
7986,1873,261.0,325,4770.1,1550282.06
7987,1873,536.0,36,3654.36,131556.87
7988,1873,1.0,201,134.28,26990.71
7989,1874,515.0,342,2426.67,829922.43
7990,1874,407.0,478,1016.67,485967.74
7991,1874,53.0,177,3724.16,659177.15
7992,1874,179.0,45,5575.37,250891.8
7993,1874,582.0,285,4076.78,1161883.72
7994,1874,217.0,123,3679.89,452625.9
7995,1875,490.0,279,3806.0,1061874.0
7996,1875,236.0,489,3063.0,1497807.0
7997,1875,308.0,23,1192.0,27416.0
7998,1876,493.0,145,67.82,9833.22
7999,1876,21.0,339,7.53,2552.26
8000,1876,483.0,170,39.79,6763.78
8001,1876,360.0,294,1359.12,399581.71
8002,1877,287.0,207,4191.0,867537.0
8003,1877,141.0,250,2660.0,665000.0
8004,1877,194.0,233,1927.0,448991.0
8005,1877,474.0,257,1159.0,297863.0
8006,1877,550.0,414,1822.0,754308.0
8007,1877,572.0,117,885.0,103545.0
8008,1878,235.0,358,7.89,2825.43
8009,1879,270.0,128,883.64,113105.53
8010,1880,236.0,488,3300.27,1610530.65
8011,1880,370.0,483,1338.85,646663.86
8012,1880,50.0,75,2781.36,208602.12
8013,1880,243.0,23,156.44,3598.06
8014,1880,62.0,26,3163.83,82259.64
8015,1881,438.0,477,15.64,7460.28
8016,1881,78.0,197,930.56,183320.32
8017,1882,240.0,381,1759.09,670211.97
8018,1882,541.0,497,2775.41,1379377.77
8019,1882,316.0,405,4984.94,2018901.04
8020,1882,450.0,186,1195.73,222405.5
8021,1882,449.0,204,3708.76,756587.01
8022,1882,238.0,141,5319.08,749990.84
8023,1882,432.0,319,5287.77,1686799.22
8024,1882,598.0,481,1588.87,764246.43
8025,1883,416.0,68,57.68,3922.09
8026,1883,474.0,216,16.06,3469.0
8027,1884,316.0,47,4844.91,227710.72
8028,1884,215.0,135,2434.54,328663.04
8029,1884,330.0,454,2956.02,1342033.19
8030,1884,285.0,440,1141.41,502218.98
8031,1884,153.0,37,2639.69,97668.5
8032,1885,47.0,106,670.56,71079.36
8033,1885,372.0,140,8.51,1191.4
8034,1886,237.0,401,2685.0,1076685.0
8035,1886,264.0,86,2345.0,201670.0
8036,1886,318.0,489,3915.0,1914435.0
8037,1886,357.0,123,570.0,70110.0
8038,1887,387.0,171,4372.27,747658.63
8039,1887,120.0,42,4828.72,202806.21
8040,1887,270.0,68,896.36,60952.16
8041,1887,320.0,408,4560.68,1860759.17
8042,1887,437.0,364,5142.54,1871884.09
8043,1887,245.0,301,3873.57,1165944.43
8044,1888,23.0,130,3096.0,402480.0
8045,1888,574.0,129,4977.0,642033.0
8046,1888,236.0,111,3063.0,339993.0
8047,1888,578.0,111,1777.0,197247.0
8048,1888,211.0,462,2054.0,948948.0
8049,1888,392.0,148,3698.0,547304.0
8050,1889,270.0,127,932.58,118437.39
8051,1889,168.0,239,5884.42,1406376.2
8052,1889,320.0,132,4590.08,605890.45
8053,1889,500.0,81,3772.54,305575.81
8054,1889,429.0,370,3639.97,1346787.5
8055,1890,371.0,175,4754.0,831950.0
8056,1890,393.0,490,1480.0,725200.0
8057,1890,141.0,498,2660.0,1324680.0
8058,1890,194.0,410,1927.0,790070.0
8059,1891,304.0,67,1225.6,82115.17
8060,1891,493.0,433,5892.12,2551286.29
8061,1891,119.0,316,2870.25,906997.53
8062,1891,551.0,333,1639.52,545960.12
8063,1891,565.0,209,2562.71,535606.18
8064,1891,456.0,461,3422.28,1577668.92
8065,1891,578.0,436,2101.9,916429.19
8066,1892,127.0,202,4315.0,871630.0
8067,1892,524.0,369,2944.0,1086336.0
8068,1892,236.0,442,3063.0,1353846.0
8069,1892,439.0,278,762.0,211836.0
8070,1892,211.0,497,2054.0,1020838.0
8071,1892,59.0,330,3377.0,1114410.0
8072,1893,438.0,357,15.64,5583.48
8073,1894,301.0,304,291.48,88609.82
8074,1894,359.0,124,216.12,26798.66
8075,1894,60.0,169,3540.5,598344.59
8076,1894,588.0,407,321.53,130863.87
8077,1895,574.0,371,62.51,23190.88
8078,1895,291.0,127,69.23,8792.25
8079,1895,334.0,469,186.71,87567.8
8080,1895,166.0,197,1491.4,293805.87
8081,1896,353.0,154,2437.11,375315.29
8082,1896,313.0,433,4984.57,2158318.53
8083,1896,549.0,328,1107.12,363136.97
8084,1896,246.0,233,1766.36,411562.68
8085,1896,292.0,285,4972.06,1417036.05
8086,1897,319.0,172,717.94,123486.13
8087,1897,413.0,488,5182.38,2529000.57
8088,1898,509.0,156,2422.0,377832.0
8089,1898,125.0,340,5136.84,1746526.17
8090,1898,471.0,254,633.9,161011.39
8091,1898,469.0,370,1250.13,462549.92
8092,1898,48.0,113,202.86,22923.08
8093,1898,439.0,454,816.35,370623.82
8094,1899,425.0,11,33.22,365.41
8095,1899,230.0,36,559.18,20130.43
8096,1899,476.0,106,36.71,3890.88
8097,1899,445.0,72,53.24,3833.05
8098,1899,38.0,71,1637.36,116252.51
8099,1899,588.0,248,3.4,844.04
8100,1899,354.0,213,8.98,1912.19
8101,1899,375.0,122,43.34,5287.84
8102,1900,391.0,155,1335.0,206925.0
8103,1900,43.0,39,2880.0,112320.0
8104,1900,255.0,258,2763.0,712854.0
8105,1901,558.0,500,3491.26,1745628.77
8106,1901,70.0,453,2640.46,1196127.56
8107,1901,9.0,427,1227.61,524189.84
8108,1902,51.0,107,851.0,91057.0
8109,1902,177.0,350,3518.0,1231300.0
8110,1902,289.0,66,4338.0,286308.0
8111,1902,220.0,20,2633.0,52660.0
8112,1902,501.0,72,860.0,61920.0
8113,1903,74.0,460,16.91,7778.6
8114,1903,481.0,150,17.4,2610.0
8115,1903,321.0,438,135.12,59182.56
8116,1903,91.0,422,990.69,418071.18
8117,1903,407.0,229,10.73,2457.17
8118,1904,509.0,438,2539.47,1112287.44
8119,1904,311.0,480,3298.24,1583155.43
8120,1904,494.0,377,4103.09,1546865.12
8121,1904,70.0,336,2600.5,873768.16
8122,1904,469.0,270,1307.42,353003.89
8123,1905,321.0,313,144.72,45298.39
8124,1905,481.0,381,20.26,7718.1
8125,1905,407.0,84,12.73,1069.73
8126,1905,74.0,38,18.87,716.98
8127,1905,372.0,396,9.44,3737.69
8128,1906,597.0,250,1287.0,321750.0
8129,1906,285.0,150,1054.0,158100.0
8130,1906,129.0,141,746.0,105186.0
8131,1906,205.0,305,2586.0,788730.0
8132,1907,192.0,153,1659.34,253878.29
8133,1907,553.0,454,1115.73,506541.41
8134,1907,521.0,44,1372.79,60402.65
8135,1908,200.0,286,2581.65,738351.24
8136,1908,451.0,221,2092.95,462543.01
8137,1908,498.0,87,5401.42,469923.21
8138,1908,131.0,20,4505.61,90112.18
8139,1908,367.0,372,136.52,50784.08
8140,1909,33.0,271,24.17,6548.86
8141,1909,571.0,37,1574.32,58249.88
8142,1910,476.0,293,3049.01,893361.3
8143,1910,572.0,363,998.15,362327.22
8144,1910,357.0,241,601.82,145037.78
8145,1910,242.0,417,3272.85,1364776.54
8146,1910,264.0,297,2621.28,778519.16
8147,1910,556.0,274,5205.27,1426243.38
8148,1911,255.0,44,2974.29,130868.63
8149,1911,89.0,170,2370.57,402997.57
8150,1911,222.0,76,3170.29,240942.39
8151,1911,170.0,57,1668.07,95079.85
8152,1911,71.0,18,3350.53,60309.48
8153,1912,368.0,421,3363.59,1416070.84
8154,1913,275.0,96,4024.36,386338.89
8155,1913,566.0,199,324.12,64500.36
8156,1914,359.0,403,2.75,1107.15
8157,1914,232.0,258,45.02,11614.27
8158,1914,273.0,52,32.38,1683.91
8159,1914,505.0,353,29.6,10449.31
8160,1915,238.0,148,5303.4,784903.4
8161,1916,345.0,167,48.12,8036.63
8162,1916,582.0,85,50.18,4265.57
8163,1916,514.0,13,35.24,458.1
8164,1916,189.0,314,1155.82,362926.28
8165,1917,542.0,488,59.19,28886.56
8166,1917,187.0,288,45.62,13139.26
8167,1917,25.0,265,23.44,6212.68
8168,1917,580.0,46,354.08,16287.72
8169,1918,23.0,74,36.42,2695.08
8170,1918,426.0,344,114.6,39422.4
8171,1918,77.0,96,827.84,79472.64
8172,1919,217.0,127,3256.0,413512.0
8173,1919,530.0,82,2980.0,244360.0
8174,1919,318.0,319,3915.0,1248885.0
8175,1919,23.0,121,3096.0,374616.0
8176,1920,249.0,424,3540.43,1501144.28
8177,1920,232.0,336,3898.22,1309801.68
8178,1921,194.0,314,2241.88,703950.65
8179,1921,513.0,137,3957.07,542118.8
8180,1921,591.0,265,5392.16,1428921.56
8181,1921,42.0,168,5118.29,859872.21
8182,1921,499.0,426,5211.86,2220251.64
8183,1921,598.0,321,1662.58,533689.08
8184,1922,249.0,498,38.61,19227.78
8185,1922,87.0,425,9.29,3948.25
8186,1923,258.0,266,4034.0,1073044.0
8187,1923,51.0,239,851.0,203389.0
8188,1923,83.0,79,3324.0,262596.0
8189,1924,577.0,303,5917.72,1793068.19
8190,1924,462.0,471,4674.32,2201602.44
8191,1924,264.0,158,2573.08,406545.94
8192,1925,114.0,337,1381.51,465567.99
8193,1925,46.0,88,2387.68,210116.19
8194,1925,177.0,204,3885.85,792713.72
8195,1925,540.0,163,2245.26,365977.4
8196,1926,514.0,373,38.9,14508.98
8197,1926,167.0,453,7.02,3178.99
8198,1926,562.0,73,40.98,2991.24
8199,1926,345.0,33,51.43,1697.31
8200,1926,572.0,410,12.12,4968.2
8201,1926,372.0,233,9.88,2301.27
8202,1927,597.0,403,1287.0,518661.0
8203,1927,110.0,279,4946.0,1379934.0
8204,1927,308.0,391,1192.0,466072.0
8205,1928,493.0,284,5281.8,1500032.06
8206,1928,396.0,45,4807.65,216344.47
8207,1928,419.0,336,1883.18,632747.0
8208,1928,440.0,346,4411.7,1526447.31
8209,1928,483.0,159,3720.41,591545.67
8210,1928,433.0,451,4950.23,2232555.09
8211,1928,70.0,395,2788.88,1101607.23
8212,1928,481.0,151,1610.8,243230.36
8213,1929,91.0,216,990.69,213989.04
8214,1929,517.0,70,482.06,33744.2
8215,1929,439.0,37,8.96,331.52
8216,1929,251.0,493,31.8,15677.4
8217,1929,422.0,320,32.81,10499.2
8218,1930,9.0,359,1246.34,447435.17
8219,1930,129.0,446,886.0,395157.94
8220,1930,366.0,55,1568.71,86279.02
8221,1930,534.0,456,2839.24,1294693.09
8222,1930,43.0,141,3163.43,446043.89
8223,1930,375.0,439,3904.6,1714120.31
8224,1930,363.0,234,2974.17,695956.63
8225,1930,317.0,258,5267.13,1358920.47
8226,1931,255.0,490,2971.74,1456153.03
8227,1931,15.0,461,1808.51,833725.39
8228,1931,570.0,316,5291.75,1672193.72
8229,1932,597.0,481,1287.0,619047.0
8230,1933,157.0,457,1846.07,843654.1
8231,1933,424.0,18,27.2,489.65
8232,1933,577.0,404,70.15,28341.46
8233,1933,125.0,444,58.82,26114.49
8234,1933,375.0,385,44.54,17147.52
8235,1934,251.0,145,3170.85,459772.64
8236,1934,141.0,199,2933.38,583742.21
8237,1934,80.0,334,2776.4,927318.01
8238,1934,371.0,118,5438.29,641717.84
8239,1934,43.0,340,3402.93,1156996.87
8240,1935,289.0,403,4338.0,1748214.0
8241,1935,199.0,109,236.0,25724.0
8242,1935,467.0,104,3167.0,329368.0
8243,1935,276.0,403,1979.0,797537.0
8244,1935,498.0,362,4868.0,1762216.0
8245,1936,109.0,418,895.66,374385.88
8246,1936,79.0,265,18.75,4968.75
8247,1937,77.0,173,917.09,158656.18
8248,1937,515.0,25,28.44,711.08
8249,1937,346.0,249,1031.96,256958.9
8250,1937,244.0,481,58.57,28171.03
8251,1937,170.0,154,20.23,3115.47
8252,1937,474.0,399,16.06,6408.82
8253,1938,475.0,350,598.72,209551.75
8254,1938,258.0,352,4365.44,1536636.1
8255,1938,452.0,409,4227.12,1728890.92
8256,1938,241.0,334,1836.62,613430.9
8257,1938,142.0,51,4527.92,230924.03
8258,1938,173.0,96,2453.96,235580.36
8259,1939,49.0,104,537.49,55899.17
8260,1939,182.0,12,6.55,78.59
8261,1939,390.0,298,30.45,9074.92
8262,1939,560.0,25,5.72,143.01
8263,1939,360.0,179,1448.72,259320.15
8264,1939,483.0,290,44.28,12842.6
8265,1939,237.0,409,37.53,15349.94
8266,1940,599.0,69,1265.55,87323.15
8267,1940,218.0,134,1844.9,247217.16
8268,1940,332.0,82,3069.24,251677.77
8269,1941,244.0,454,5302.54,2407353.3
8270,1941,312.0,394,5224.95,2058629.72
8271,1941,469.0,50,1198.32,59916.03
8272,1941,311.0,56,3484.81,195149.33
8273,1941,205.0,145,2937.87,425991.27
8274,1942,19.0,498,340.0,169320.0
8275,1942,35.0,441,1686.0,743526.0
8276,1942,95.0,64,1796.0,114944.0
8277,1942,241.0,432,1614.0,697248.0
8278,1943,177.0,61,3700.95,225757.98
8279,1943,434.0,259,2891.75,748963.78
8280,1943,575.0,282,3009.47,848670.23
8281,1943,114.0,236,1356.08,320034.78
8282,1943,163.0,442,1981.17,875678.58
8283,1943,540.0,493,2367.49,1167174.52
8284,1943,573.0,494,3664.09,1810058.67
8285,1943,414.0,246,2715.43,667995.87
8286,1944,535.0,168,2522.1,423713.09
8287,1945,456.0,150,3117.0,467550.0
8288,1945,530.0,33,2980.0,98340.0
8289,1945,515.0,275,2126.0,584650.0
8290,1946,203.0,26,61.82,1607.32
8291,1947,311.0,360,3287.84,1183622.47
8292,1947,494.0,343,3898.28,1337110.32
8293,1948,42.0,295,57.29,16900.55
8294,1948,488.0,18,191.0,3438.0
8295,1948,462.0,260,46.76,12157.6
8296,1949,556.0,377,4774.99,1800172.25
8297,1949,23.0,279,3388.46,945380.26
8298,1949,300.0,49,4311.35,211255.96
8299,1949,392.0,438,4054.03,1775663.48
8300,1950,509.0,241,2693.87,649223.31
8301,1950,244.0,311,5166.7,1606844.5
8302,1951,39.0,311,4154.0,1291894.0
8303,1951,332.0,34,2679.0,91086.0
8304,1952,60.0,157,39.67,6228.61
8305,1952,424.0,217,26.81,5818.73
8306,1952,301.0,209,3.21,671.51
8307,1952,197.0,410,60.7,24888.93
8308,1952,550.0,480,25.72,12346.78
8309,1952,510.0,254,60.17,15284.06
8310,1952,375.0,332,46.75,15522.06
8311,1953,571.0,286,1694.02,484490.95
8312,1953,53.0,381,42.02,16010.35
8313,1953,33.0,345,22.41,7730.72
8314,1953,26.0,108,1078.23,116448.87
8315,1953,368.0,101,40.32,4072.6
8316,1954,114.0,495,1356.47,671453.25
8317,1954,295.0,384,1251.56,480597.63
8318,1954,177.0,342,3786.04,1294824.66
8319,1954,575.0,123,3149.19,387350.03
8320,1954,35.0,17,1786.16,30364.75
8321,1954,487.0,326,4456.07,1452679.23
8322,1955,306.0,481,469.15,225663.11
8323,1955,565.0,341,2555.28,871350.67
8324,1955,535.0,229,2595.53,594376.07
8325,1955,582.0,363,4085.42,1483008.87
8326,1955,255.0,100,3161.82,316181.63
8327,1955,15.0,478,1632.78,780466.49
8328,1956,324.0,107,3468.0,371076.0
8329,1956,227.0,471,1963.0,924573.0
8330,1956,582.0,453,3570.0,1617210.0
8331,1956,192.0,19,1433.0,27227.0
8332,1956,25.0,239,1892.0,452188.0
8333,1956,243.0,25,131.0,3275.0
8334,1956,4.0,168,435.0,73080.0
8335,1956,577.0,74,4973.0,368002.0
8336,1957,54.0,107,65.9,7051.46
8337,1957,62.0,237,37.5,8887.0
8338,1957,285.0,423,14.38,6082.2
8339,1957,232.0,289,49.76,14381.43
8340,1957,515.0,266,27.93,7430.65
8341,1957,567.0,417,61.15,25499.65
8342,1958,244.0,151,5137.67,775788.15
8343,1959,273.0,81,30.87,2500.7
8344,1959,75.0,311,708.67,220396.93
8345,1960,242.0,307,36.15,11099.24
8346,1960,185.0,248,58.3,14458.65
8347,1960,530.0,426,38.5,16402.32
8348,1961,85.0,25,2420.0,60500.0
8349,1962,318.0,13,3915.0,50895.0
8350,1963,147.0,444,1369.0,607836.0
8351,1963,222.0,221,2718.0,600678.0
8352,1964,396.0,220,56.74,12483.68
8353,1964,424.0,401,27.89,11184.68
8354,1964,570.0,120,58.51,7021.78
8355,1964,282.0,439,453.07,198899.46
8356,1965,232.0,169,48.02,8116.07
8357,1965,391.0,241,16.75,4036.24
8358,1965,591.0,158,61.65,9741.05
8359,1965,593.0,263,33.73,8869.92
8360,1966,480.0,164,32.66,5356.24
8361,1966,251.0,292,31.8,9285.6
8362,1966,565.0,263,27.96,7353.48
8363,1966,597.0,410,15.14,6207.4
8364,1967,577.0,198,65.51,12971.85
8365,1967,205.0,406,33.65,13661.04
8366,1967,103.0,370,31.98,11832.11
8367,1967,542.0,491,63.13,30994.87
8368,1967,324.0,154,47.89,7374.7
8369,1967,596.0,34,854.88,29066.09
8370,1968,42.0,275,68.46,18826.23
8371,1968,570.0,21,57.44,1206.31
8372,1968,488.0,376,215.48,81019.09
8373,1969,582.0,214,4232.49,905751.81
8374,1969,176.0,263,5098.44,1340890.58
8375,1969,577.0,97,5655.92,548624.08
8376,1970,370.0,460,1371.76,631009.13
8377,1970,493.0,142,5507.67,782089.02
8378,1970,483.0,213,3738.87,796378.55
8379,1970,460.0,455,1204.34,547973.19
8380,1970,81.0,174,914.15,159062.07
8381,1971,418.0,275,4757.65,1308353.46
8382,1971,23.0,49,3577.96,175320.06
8383,1972,562.0,477,3011.0,1436247.0
8384,1972,153.0,467,2442.0,1140414.0
8385,1972,330.0,269,2571.0,691599.0
8386,1972,243.0,142,131.0,18602.0
8387,1972,54.0,348,4745.0,1651260.0
8388,1973,115.0,71,185.31,13157.01
8389,1973,497.0,19,1467.48,27882.12
8390,1973,147.0,51,16.11,821.61
8391,1973,25.0,249,22.26,5542.74
8392,1973,556.0,209,52.89,11054.01
8393,1974,535.0,315,2698.81,850124.16
8394,1974,42.0,216,5133.54,1108844.23
8395,1974,237.0,485,3136.51,1521206.89
8396,1975,81.0,390,810.0,315900.0
8397,1975,493.0,195,4911.0,957645.0
8398,1975,481.0,158,1479.0,233682.0
8399,1975,236.0,374,3063.0,1145562.0
8400,1976,572.0,205,967.22,198281.04
8401,1976,287.0,404,4590.82,1854689.6
8402,1976,129.0,150,784.47,117669.79
8403,1976,317.0,53,5447.83,288734.94
8404,1976,425.0,48,2709.72,130066.75
8405,1977,275.0,387,4220.23,1633227.21
8406,1977,433.0,390,4977.87,1941369.28
8407,1977,566.0,277,355.9,98585.14
8408,1977,56.0,209,1521.71,318037.3
8409,1977,375.0,420,3799.33,1595717.0
8410,1977,188.0,169,4948.28,836259.35
8411,1978,264.0,125,2735.81,341975.79
8412,1978,483.0,182,3478.68,633119.44
8413,1978,308.0,16,1271.27,20340.25
8414,1978,392.0,261,4174.04,1089423.29
8415,1978,300.0,179,3943.28,705846.59
8416,1979,115.0,299,197.18,58956.56
8417,1979,446.0,426,50.54,21530.98
8418,1980,469.0,484,14.89,7206.25
8419,1980,483.0,424,44.13,18710.09
8420,1980,251.0,128,33.45,4281.2
8421,1980,550.0,471,25.62,12066.17
8422,1980,439.0,190,10.52,1998.06
8423,1980,424.0,438,29.37,12863.41
8424,1981,78.0,403,984.6,396794.5
8425,1981,300.0,205,51.38,10531.99
8426,1981,79.0,249,20.05,4992.46
8427,1981,438.0,153,16.94,2592.57
8428,1982,182.0,362,5.69,2059.78
8429,1982,243.0,69,1.54,106.26
8430,1982,390.0,482,27.61,13308.02
8431,1982,237.0,114,31.59,3601.26
8432,1982,49.0,415,497.36,206404.4
8433,1982,483.0,426,37.29,15885.54
8434,1982,493.0,422,57.78,24383.16
8435,1983,237.0,227,3127.57,709958.02
8436,1983,335.0,127,5431.57,689809.61
8437,1983,550.0,449,2127.31,955162.77
8438,1984,318.0,51,4544.06,231747.17
8439,1984,146.0,334,5123.6,1711281.99
8440,1984,217.0,295,3544.52,1045632.04
8441,1984,23.0,21,3601.95,75640.91
8442,1984,87.0,251,896.6,225047.32
8443,1985,574.0,316,62.08,19618.85
8444,1985,291.0,140,68.57,9599.78
8445,1986,87.0,335,9.83,3292.08
8446,1986,70.0,11,31.61,347.75
8447,1986,583.0,166,11.45,1901.3
8448,1986,227.0,470,24.71,11614.11
8449,1986,494.0,305,48.32,14736.91
8450,1986,12.0,285,1287.88,367047.16
8451,1986,42.0,240,62.9,15096.68
8452,1986,368.0,442,43.45,19206.99
8453,1987,185.0,487,49.38,24048.06
8454,1987,530.0,262,35.06,9185.72
8455,1987,497.0,373,1467.48,547370.04
8456,1987,244.0,42,53.2,2234.4
8457,1988,26.0,48,907.58,43563.84
8458,1988,489.0,47,5.76,270.72
8459,1988,444.0,441,50.84,22420.44
8460,1988,53.0,55,37.85,2081.75
8461,1988,119.0,472,30.41,14353.52
8462,1988,372.0,448,8.51,3812.48
8463,1989,262.0,299,2622.48,784121.11
8464,1989,393.0,404,1572.16,635152.6
8465,1989,391.0,232,1498.77,347714.4
8466,1989,558.0,82,3804.54,311972.34
8467,1989,202.0,401,5572.1,2234412.79
8468,1990,43.0,316,3046.42,962667.55
8469,1990,50.0,310,3101.64,961509.4
8470,1991,524.0,347,34.64,12020.08
8471,1991,306.0,40,4.71,188.4
8472,1991,493.0,130,57.78,7511.4
8473,1991,568.0,247,15.24,3764.28
8474,1991,196.0,431,37.05,15968.55
8475,1992,244.0,207,5127.74,1061441.74
8476,1992,29.0,254,5342.71,1357048.63
8477,1992,483.0,39,3525.72,137503.18
8478,1993,54.0,345,62.86,21686.09
8479,1993,550.0,315,24.78,7806.4
8480,1993,91.0,486,1134.37,551302.92
8481,1993,275.0,119,50.32,5988.32
8482,1994,258.0,270,4771.41,1288280.71
8483,1994,241.0,13,1719.55,22354.12
8484,1995,81.0,231,810.0,187110.0
8485,1996,110.0,112,66.11,7404.72
8486,1996,82.0,376,26.87,10101.98
8487,1996,187.0,178,45.01,8012.1
8488,1996,359.0,448,2.6,1166.46
8489,1996,372.0,360,9.58,3448.89
8490,1996,141.0,269,37.33,10042.22
8491,1996,73.0,480,245.75,117959.69
8492,1997,62.0,136,37.71,5128.34
8493,1997,21.0,55,7.41,407.42
8494,1997,565.0,246,33.33,8198.15
8495,1998,446.0,395,4672.86,1845779.41
8496,1998,87.0,450,840.78,378351.72
8497,1998,227.0,343,2315.95,794369.3
8498,1998,377.0,422,601.13,253675.88
8499,1998,273.0,178,2653.45,472313.74
8500,1999,367.0,351,129.51,45458.49
8501,1999,131.0,60,4567.64,274058.62
8502,1999,200.0,276,2502.83,690779.95
8503,1999,498.0,236,5767.28,1361078.94
8504,2000,185.0,71,4197.0,297987.0
8505,2000,15.0,472,1541.0,727352.0
8506,2000,48.0,375,174.0,65250.0
8507,2000,335.0,213,4601.0,980013.0
8508,2001,113.0,419,773.14,323945.66
8509,2001,324.0,238,40.8,9710.4
8510,2001,319.0,369,7.61,2808.09
8511,2001,335.0,345,54.13,18674.85
8512,2002,296.0,23,4274.8,98320.32
8513,2003,43.0,333,3277.06,1091260.8
8514,2003,359.0,264,233.59,61668.78
8515,2003,249.0,320,3795.26,1214484.72
8516,2004,43.0,380,3153.73,1198418.56
8517,2004,141.0,229,2925.94,670039.96
8518,2005,345.0,16,44.76,716.16
8519,2005,514.0,223,33.47,7463.81
8520,2005,424.0,320,25.35,8112.0
8521,2005,562.0,155,35.42,5490.1
8522,2005,167.0,405,5.99,2425.95
8523,2005,572.0,379,10.41,3945.39
8524,2005,189.0,289,1073.75,310313.75
8525,2005,571.0,195,1424.0,277680.0
8526,2006,293.0,371,3065.0,1137115.0
8527,2006,318.0,85,3915.0,332775.0
8528,2006,513.0,283,3697.0,1046251.0
8529,2007,217.0,309,3798.68,1173793.56
8530,2007,175.0,401,1953.21,783236.37
8531,2007,524.0,349,3367.1,1175118.68
8532,2007,519.0,134,376.02,50386.2
8533,2008,335.0,232,54.13,12558.16
8534,2008,146.0,246,56.07,13793.22
8535,2008,319.0,152,7.61,1156.72
8536,2008,113.0,449,773.14,347139.86
8537,2008,324.0,262,40.8,10689.6
8538,2009,568.0,176,16.37,2880.99
8539,2009,345.0,42,49.23,2067.49
8540,2009,196.0,383,40.91,15668.11
8541,2009,455.0,45,48.39,2177.43
8542,2010,456.0,93,3607.61,335507.27
8543,2010,111.0,377,1582.71,596682.33
8544,2010,462.0,72,4750.5,342036.12
8545,2011,330.0,241,35.25,8495.23
8546,2011,165.0,82,17.8,1459.4
8547,2011,103.0,409,31.86,13031.76
8548,2011,210.0,207,62.08,12849.62
8549,2012,511.0,460,3353.87,1542781.04
8550,2012,137.0,161,2601.46,418834.32
8551,2013,70.0,260,2594.4,674545.17
8552,2013,509.0,10,2695.93,26959.27
8553,2014,498.0,334,4868.0,1625912.0
8554,2014,199.0,287,236.0,67732.0
8555,2014,289.0,104,4338.0,451152.0
8556,2014,276.0,432,1979.0,854928.0
8557,2014,467.0,15,3167.0,47505.0
8558,2015,515.0,380,28.65,10887.23
8559,2015,244.0,168,62.3,10466.07
8560,2015,77.0,183,948.57,173588.15
8561,2015,359.0,454,2.7,1227.27
8562,2015,304.0,211,15.14,3195.24
8563,2016,308.0,78,1370.86,106927.15
8564,2016,374.0,255,279.16,71185.05
8565,2016,368.0,308,3319.78,1022492.95
8566,2016,317.0,336,5355.89,1799580.13
8567,2016,300.0,131,3944.25,516696.62
8568,2016,572.0,314,1047.43,328894.39
8569,2016,597.0,497,1533.78,762290.8
8570,2017,115.0,214,185.31,39656.34
8571,2017,556.0,303,52.89,16025.67
8572,2018,452.0,436,4563.22,1989563.1
8573,2019,600.0,237,365.77,86687.47
8574,2019,439.0,367,10.34,3796.37
8575,2019,57.0,61,733.83,44763.55
8576,2019,243.0,434,1.81,787.58
8577,2019,577.0,214,66.32,14193.37
8578,2019,543.0,424,30.56,12956.29
8579,2020,565.0,302,2687.11,811507.57
8580,2021,165.0,323,1514.87,489301.46
8581,2021,597.0,261,1423.08,371424.82
8582,2021,242.0,473,3001.41,1419666.07
8583,2021,291.0,442,5189.27,2293655.76
8584,2021,293.0,14,3457.88,48410.26
8585,2021,175.0,471,2029.86,956065.76
8586,2022,438.0,45,17.18,773.29
8587,2022,8.0,362,15.71,5688.66
8588,2022,178.0,444,62.0,27528.43
8589,2022,238.0,202,69.09,13956.88
8590,2023,147.0,326,1467.68,478462.69
8591,2023,242.0,490,3297.98,1616009.52
8592,2023,240.0,437,1799.42,786344.91
8593,2023,569.0,356,4035.52,1436644.23
8594,2024,455.0,422,4274.05,1803650.58
8595,2024,103.0,288,2649.53,763065.18
8596,2024,569.0,113,3938.63,445065.2
8597,2024,147.0,417,1530.18,638083.14
8598,2025,56.0,480,18.59,8925.6
8599,2025,519.0,81,4.16,337.26
8600,2026,129.0,47,746.0,35062.0
8601,2027,476.0,238,33.58,7992.26
8602,2027,174.0,445,1058.71,471124.29
8603,2027,462.0,215,50.29,10811.61
8604,2027,255.0,342,36.28,12407.47
8605,2027,38.0,457,1513.87,691837.58
8606,2027,153.0,134,31.35,4201.22
8607,2027,10.0,482,1555.8,749895.44
8608,2027,54.0,225,64.28,14462.69
8609,2027,425.0,477,33.28,15872.69
8610,2028,577.0,449,4973.0,2232877.0
8611,2028,301.0,93,249.0,23157.0
8612,2028,558.0,480,3183.0,1527840.0
8613,2028,538.0,494,138.0,68172.0
8614,2029,43.0,176,3200.21,563236.92
8615,2029,141.0,277,3093.98,857031.88
8616,2029,460.0,221,1094.95,241982.93
8617,2029,391.0,454,1441.07,654244.87
8618,2029,469.0,44,1319.48,58056.97
8619,2029,409.0,292,2042.67,596461.08
8620,2030,179.0,198,55.18,10925.64
8621,2031,110.0,197,4946.0,974362.0
8622,2031,572.0,94,885.0,83190.0
8623,2031,317.0,113,4777.0,539801.0
8624,2031,368.0,48,3151.0,151248.0
8625,2031,352.0,333,1644.0,547452.0
8626,2031,308.0,428,1192.0,510176.0
8627,2031,597.0,245,1287.0,315315.0
8628,2032,419.0,484,2011.04,973345.52
8629,2032,578.0,156,2080.64,324579.82
8630,2032,335.0,150,4893.26,733988.33
8631,2032,579.0,377,2455.54,925736.83
8632,2032,41.0,253,3964.34,1002978.1
8633,2032,306.0,167,478.32,79879.03
8634,2033,476.0,170,2961.74,503496.03
8635,2033,300.0,102,4305.52,439163.04
8636,2033,543.0,127,2680.76,340457.15
8637,2033,50.0,86,2874.83,247235.66
8638,2033,558.0,279,3512.6,980014.78
8639,2034,210.0,304,4906.0,1491424.0
8640,2034,570.0,67,4546.0,304582.0
8641,2034,126.0,141,526.0,74166.0
8642,2034,146.0,61,4766.0,290726.0
8643,2035,378.0,36,2467.0,88812.0
8644,2036,334.0,435,179.28,77987.29
8645,2036,291.0,475,64.36,30572.27
8646,2036,166.0,257,1449.84,372609.72
8647,2037,464.0,359,1405.21,504471.4
8648,2037,555.0,387,4038.12,1562753.92
8649,2038,202.0,205,5336.31,1093943.12
8650,2038,203.0,317,5488.45,1739838.02
8651,2038,508.0,469,3700.26,1735424.11
8652,2038,59.0,32,3941.78,126136.83
8653,2038,41.0,293,4013.3,1175897.03
8654,2039,43.0,126,2880.0,362880.0
8655,2039,391.0,318,1335.0,424530.0
8656,2039,255.0,97,2763.0,268011.0
8657,2039,50.0,229,2622.0,600438.0
8658,2040,233.0,447,4131.22,1846657.51
8659,2040,501.0,53,913.38,48408.95
8660,2040,177.0,113,3790.92,428373.63
8661,2040,220.0,387,2861.26,1107308.53
8662,2041,326.0,363,4803.0,1743489.0
8663,2041,72.0,463,4837.0,2239531.0
8664,2042,212.0,309,1324.0,409116.0
8665,2042,501.0,307,860.0,264020.0
8666,2042,51.0,261,851.0,222111.0
8667,2042,289.0,338,4338.0,1466244.0
8668,2042,220.0,193,2633.0,508169.0
8669,2042,177.0,410,3518.0,1442380.0
8670,2043,245.0,490,3645.0,1786050.0
8671,2043,120.0,191,4489.0,857399.0
8672,2043,315.0,435,4868.0,2117580.0
8673,2043,387.0,484,4137.0,2002308.0
8674,2043,500.0,359,3317.0,1190803.0
8675,2043,274.0,427,4455.0,1902285.0
8676,2043,270.0,87,816.0,70992.0
8677,2044,28.0,142,4343.0,616706.0
8678,2044,450.0,147,1010.0,148470.0
8679,2045,471.0,53,606.89,32164.95
8680,2045,444.0,158,4912.61,776192.43
8681,2045,551.0,88,1794.17,157886.64
8682,2045,424.0,196,2580.89,505853.84
8683,2045,42.0,199,5271.09,1048945.96
8684,2045,217.0,220,3620.35,796476.6
8685,2045,519.0,189,374.25,70734.15
8686,2046,136.0,83,123.97,10289.73
8687,2046,39.0,55,4658.79,256233.62
8688,2046,361.0,316,3881.43,1226533.22
8689,2046,473.0,383,2828.64,1083369.72
8690,2046,378.0,133,2623.7,348951.52
8691,2047,258.0,251,4802.96,1205544.0
8692,2047,398.0,311,1884.19,585982.76
8693,2047,431.0,41,1984.81,81377.36
8694,2047,101.0,244,959.99,234237.82
8695,2047,97.0,221,4415.11,975738.84
8696,2048,251.0,300,31.8,9540.0
8697,2048,157.0,153,1707.11,261187.83
8698,2049,28.0,342,4934.92,1687743.78
8699,2049,170.0,291,1536.75,447194.98
8700,2050,49.0,301,497.36,149705.36
8701,2050,383.0,192,943.55,181161.6
8702,2051,291.0,447,4925.0,2201475.0
8703,2051,293.0,54,3065.0,165510.0
8704,2052,424.0,29,2155.0,62495.0
8705,2053,287.0,111,4561.95,506376.91
8706,2053,201.0,458,5265.41,2411559.19
8707,2053,574.0,229,5590.74,1280280.4
8708,2053,23.0,383,3282.45,1257178.93
8709,2053,42.0,81,5120.02,414721.46
8710,2054,514.0,393,33.47,13153.71
8711,2054,582.0,477,42.0,20034.0
8712,2054,490.0,84,44.78,3761.52
8713,2054,483.0,245,37.29,9136.05
8714,2054,189.0,164,1073.75,176095.0
8715,2054,562.0,193,35.42,6836.06
8716,2054,424.0,234,25.35,5931.9
8717,2055,282.0,173,472.19,81689.1
8718,2056,227.0,145,2196.24,318455.14
8719,2056,301.0,137,298.03,40830.31
8720,2057,501.0,366,860.0,314760.0
8721,2057,1.0,445,119.0,52955.0
8722,2057,133.0,247,1154.0,285038.0
8723,2057,563.0,425,3939.0,1674075.0
8724,2057,536.0,14,3268.0,45752.0
8725,2058,574.0,434,4977.0,2160018.0
8726,2059,251.0,362,33.89,12269.74
8727,2059,192.0,95,19.58,1860.29
8728,2059,416.0,273,55.54,15161.81
8729,2059,480.0,375,35.54,13327.15
8730,2060,430.0,319,1158.51,369563.29
8731,2060,183.0,157,2651.65,416309.11
8732,2060,281.0,242,322.48,78039.67
8733,2060,97.0,205,4067.03,833740.33
8734,2060,423.0,62,2862.87,177497.71
8735,2060,295.0,381,1123.65,428108.8
8736,2061,346.0,10,1081.72,10817.17
8737,2061,304.0,56,14.59,816.78
8738,2061,474.0,182,15.24,2772.78
8739,2061,515.0,471,29.43,13859.8
8740,2061,77.0,49,943.55,46234.05
8741,2062,26.0,312,1042.76,325341.34
8742,2062,571.0,412,1661.79,684655.78
8743,2062,368.0,62,39.27,2434.65
8744,2062,33.0,198,23.38,4628.26
8745,2063,84.0,319,4699.16,1499031.58
8746,2063,249.0,395,3603.39,1423340.93
8747,2063,201.0,368,5268.71,1938886.11
8748,2063,301.0,467,274.93,128390.53
8749,2064,368.0,242,41.25,9982.38
8750,2064,375.0,195,43.89,8559.25
8751,2064,53.0,123,44.07,5420.76
8752,2065,287.0,176,53.27,9374.77
8753,2066,467.0,161,3328.23,535845.38
8754,2067,483.0,178,3356.55,597466.77
8755,2067,524.0,79,3290.91,259981.57
8756,2068,125.0,121,5294.08,640584.27
8757,2068,201.0,260,5484.94,1426084.57
8758,2068,127.0,171,4532.33,775028.64
8759,2068,553.0,187,1088.21,203495.52
8760,2068,304.0,52,1242.63,64616.76
8761,2068,206.0,48,1862.87,89417.78
8762,2068,416.0,156,5166.89,806034.22
8763,2068,232.0,271,3895.19,1055596.77
8764,2069,499.0,354,5322.01,1883991.03
8765,2069,165.0,320,1458.03,466568.46
8766,2069,84.0,100,4932.16,493215.78
8767,2069,102.0,202,3279.4,662439.42
8768,2069,25.0,397,2064.12,819455.42
8769,2069,48.0,79,207.52,16394.02
8770,2069,371.0,43,5003.11,215133.56
8771,2070,582.0,152,45.02,6843.75
8772,2071,23.0,211,3309.36,698274.91
8773,2071,111.0,400,1616.72,646688.28
8774,2071,392.0,472,4123.13,1946117.64
8775,2071,418.0,142,4406.98,625791.56
8776,2071,201.0,259,5677.46,1470461.52
8777,2072,210.0,109,4906.0,534754.0
8778,2072,456.0,258,3117.0,804186.0
8779,2072,422.0,72,2789.0,200808.0
8780,2072,111.0,261,1402.0,365922.0
8781,2072,290.0,106,1315.0,139390.0
8782,2073,289.0,30,4976.81,149304.38
8783,2073,361.0,149,3784.6,563904.93
8784,2073,430.0,226,1262.31,285282.53
8785,2073,37.0,39,1411.76,55058.76
8786,2073,540.0,255,2353.71,600196.78
8787,2073,452.0,268,4030.95,1080295.68
8788,2073,94.0,343,2440.64,837141.21
8789,2073,133.0,328,1298.85,426023.47
8790,2074,133.0,239,1154.0,275806.0
8791,2074,498.0,183,4868.0,890844.0
8792,2074,427.0,479,4436.0,2124844.0
8793,2074,72.0,229,4837.0,1107673.0
8794,2074,348.0,265,1214.0,321710.0
8795,2074,451.0,149,1927.0,287123.0
8796,2075,53.0,66,43.31,2858.42
8797,2075,375.0,367,46.13,16929.77
8798,2075,33.0,167,22.58,3770.73
8799,2075,571.0,444,1701.24,755350.24
8800,2075,26.0,213,1005.93,214263.37
8801,2075,368.0,56,40.36,2260.06
8802,2076,314.0,230,150.51,34617.51
8803,2076,426.0,370,134.2,49655.4
8804,2077,56.0,150,20.09,3013.59
8805,2077,570.0,231,61.42,14187.02
8806,2077,578.0,280,23.0,6438.9
8807,2077,598.0,28,17.53,490.81
8808,2077,580.0,339,370.48,125591.12
8809,2077,319.0,97,8.96,869.12
8810,2078,566.0,470,3.55,1668.5
8811,2078,393.0,28,17.41,487.48
8812,2078,80.0,209,28.96,6052.64
8813,2078,569.0,294,43.69,12844.86
8814,2078,438.0,482,15.64,7538.48
8815,2078,388.0,175,416.92,72961.0
8816,2078,70.0,213,28.38,6044.94
8817,2078,128.0,374,32.31,12083.94
8818,2079,285.0,399,1192.35,475747.57
8819,2079,202.0,482,5325.03,2566663.87
8820,2079,129.0,270,809.14,218468.48
8821,2079,243.0,345,150.43,51898.94
8822,2079,483.0,172,3559.6,612252.0
8823,2079,265.0,17,4499.27,76487.59
8824,2080,306.0,150,441.38,66207.38
8825,2080,597.0,210,1399.45,293884.46
8826,2080,370.0,262,1341.74,351536.89
8827,2080,172.0,453,572.13,259173.87
8828,2081,82.0,287,27.36,7853.63
8829,2081,359.0,288,2.69,775.1
8830,2081,141.0,484,36.1,17471.58
8831,2082,368.0,53,3151.0,167003.0
8832,2082,242.0,225,2769.0,623025.0
8833,2082,534.0,441,2500.0,1102500.0
8834,2082,407.0,117,912.0,106704.0
8835,2082,396.0,187,4173.0,780351.0
8836,2083,438.0,407,15.64,6365.48
8837,2083,12.0,309,1195.14,369298.26
8838,2083,254.0,25,38.13,953.25
8839,2083,240.0,379,18.38,6966.02
8840,2083,185.0,405,49.38,19998.9
8841,2083,38.0,99,1384.38,137053.62
8842,2084,103.0,449,27.85,12504.65
8843,2085,290.0,408,1493.34,609283.11
8844,2085,240.0,36,1741.95,62710.18
8845,2085,147.0,365,1638.63,598101.77
8846,2086,96.0,376,1990.1,748277.39
8847,2086,281.0,249,317.3,79007.58
8848,2087,72.0,266,5755.92,1531073.6
8849,2087,274.0,50,4949.29,247464.59
8850,2087,27.0,463,385.81,178629.0
8851,2087,96.0,204,1954.35,398687.74
8852,2088,158.0,422,5.48,2312.56
8853,2089,456.0,415,36.67,15218.05
8854,2089,158.0,372,5.48,2038.56
8855,2089,462.0,75,46.76,3507.0
8856,2089,317.0,266,56.2,14949.2
8857,2090,593.0,131,2487.0,325797.0
8858,2090,357.0,337,570.0,192090.0
8859,2090,211.0,262,2054.0,538148.0
8860,2090,399.0,84,3386.0,284424.0
8861,2090,550.0,449,1822.0,818078.0
8862,2090,377.0,123,553.0,68019.0
8863,2090,565.0,405,2377.0,962685.0
8864,2090,449.0,199,3340.0,664660.0
8865,2090,556.0,390,4496.0,1753440.0
8866,2091,147.0,87,17.73,1542.11
8867,2091,497.0,367,1572.07,576950.69
8868,2091,556.0,24,62.97,1511.24
8869,2091,115.0,191,216.8,41409.71
8870,2091,25.0,284,25.14,7139.84
8871,2092,368.0,171,42.6,7284.24
8872,2092,53.0,149,42.53,6337.0
8873,2092,375.0,202,42.04,8491.13
8874,2093,58.0,262,1983.33,519633.16
8875,2093,83.0,204,3951.01,806005.56
8876,2093,213.0,269,2120.78,570490.67
8877,2094,486.0,194,2021.0,392074.0
8878,2094,13.0,145,1719.0,249255.0
8879,2094,41.0,394,3489.0,1374666.0
8880,2094,375.0,108,3374.0,364392.0
8881,2094,572.0,302,885.0,267270.0
8882,2094,129.0,333,746.0,248418.0
8883,2095,35.0,476,1814.78,863836.51
8884,2095,137.0,118,2624.28,309665.4
8885,2095,313.0,386,4809.86,1856606.27
8886,2095,209.0,396,5327.12,2109538.1
8887,2095,156.0,151,3291.39,496999.73
8888,2096,233.0,359,4042.73,1451341.25
8889,2096,555.0,398,4014.53,1597783.55
8890,2096,532.0,392,1718.26,673557.81
8891,2096,190.0,234,4239.57,992059.14
8892,2096,274.0,155,4801.62,744250.98
8893,2096,414.0,399,2769.41,1104992.96
8894,2097,176.0,94,4621.7,434439.84
8895,2097,129.0,79,851.59,67275.29
8896,2097,54.0,438,5213.84,2283660.02
8897,2097,562.0,317,3445.96,1092369.51
8898,2097,455.0,397,4556.47,1808916.64
8899,2097,243.0,431,147.61,63620.26
8900,2098,294.0,51,882.0,44982.0
8901,2099,474.0,412,1309.34,539447.23
8902,2100,582.0,395,4241.63,1675444.22
8903,2100,4.0,361,487.07,175832.22
8904,2100,176.0,103,4865.83,501180.22
8905,2100,550.0,71,2022.55,143600.89
8906,2101,87.0,470,843.48,396433.85
8907,2101,273.0,332,2525.9,838599.11
8908,2101,377.0,252,581.66,146578.24
8909,2101,562.0,134,3237.43,433815.52
8910,2101,227.0,212,2079.73,440903.54
8911,2102,579.0,61,2599.0,158538.85
8912,2102,424.0,264,2297.45,606527.23
8913,2102,352.0,472,1912.33,902620.92
8914,2102,368.0,155,3558.52,551570.8
8915,2103,550.0,483,22.75,10986.98
8916,2103,71.0,15,44.25,663.8
8917,2104,363.0,190,3203.87,608734.7
8918,2104,441.0,243,2849.55,692439.76
8919,2104,375.0,362,3746.36,1356183.51
8920,2104,494.0,23,3847.13,88483.88
8921,2104,227.0,499,2154.44,1075063.39
8922,2104,534.0,172,2979.18,512418.97
8923,2105,244.0,232,53.2,12342.4
8924,2105,77.0,478,827.84,395707.52
8925,2105,346.0,367,973.13,357138.71
8926,2106,423.0,271,2718.55,736725.92
8927,2106,405.0,194,4630.48,898314.01
8928,2106,183.0,457,2813.33,1285692.43
8929,2106,281.0,146,337.36,49254.59
8930,2106,430.0,280,1154.19,323172.79
8931,2107,146.0,311,5377.56,1672420.23
8932,2107,432.0,279,5460.99,1523615.81
8933,2107,210.0,15,5313.68,79705.17
8934,2107,126.0,452,603.12,272612.23
8935,2108,77.0,215,967.08,207923.05
8936,2108,151.0,62,28.66,1777.0
8937,2108,146.0,258,66.91,17263.53
8938,2108,202.0,17,63.89,1086.2
8939,2108,416.0,209,62.46,13054.44
8940,2108,197.0,370,58.01,21462.09
8941,2109,36.0,329,1447.0,476063.0
8942,2109,465.0,59,1752.0,103368.0
8943,2109,200.0,355,2361.0,838155.0
8944,2109,139.0,98,3683.0,360934.0
8945,2109,502.0,405,504.0,204120.0
8946,2110,212.0,338,1483.12,501293.32
8947,2110,501.0,397,922.32,366159.63
8948,2110,177.0,236,3864.78,912087.13
8949,2110,233.0,44,4448.7,195742.99
8950,2110,220.0,280,3078.9,862090.99
8951,2110,358.0,474,3610.8,1711519.35
8952,2111,540.0,469,2302.28,1079769.82
8953,2111,281.0,141,336.39,47431.06
8954,2112,424.0,367,2582.94,947938.02
8955,2113,392.0,363,46.89,17020.92
8956,2113,363.0,465,38.17,17747.83
8957,2113,550.0,24,24.75,594.03
8958,2114,119.0,315,35.07,11045.9
8959,2115,60.0,120,3322.85,398742.2
8960,2115,69.0,19,5267.34,100079.37
8961,2116,64.0,230,1992.04,458169.01
8962,2116,100.0,396,3525.46,1396081.67
8963,2116,302.0,140,5372.62,752167.38
8964,2116,181.0,292,3180.94,928833.61
8965,2116,475.0,32,557.96,17854.85
8966,2116,90.0,63,1899.94,119696.32
8967,2117,179.0,415,4690.0,1946350.0
8968,2117,499.0,291,4784.0,1392144.0
8969,2118,366.0,427,18.09,7724.22
8970,2118,167.0,172,6.47,1112.46
8971,2118,474.0,10,15.65,156.55
8972,2119,227.0,90,2329.86,209687.14
8973,2119,87.0,468,898.14,420330.57
8974,2119,562.0,424,3558.29,1508714.29
8975,2119,446.0,354,4393.95,1555460.02
8976,2119,273.0,38,2579.19,98009.16
8977,2119,377.0,220,621.42,136711.32
8978,2120,142.0,427,4320.26,1844752.51
8979,2120,452.0,447,4245.9,1897919.19
8980,2121,368.0,108,3151.0,340308.0
8981,2121,103.0,242,2367.0,572814.0
8982,2121,444.0,448,4321.0,1935808.0
8983,2121,308.0,102,1192.0,121584.0
8984,2121,352.0,421,1644.0,692124.0
8985,2121,579.0,314,2182.0,685148.0
8986,2122,575.0,214,2826.0,604764.0
8987,2122,46.0,350,2193.0,767550.0
8988,2122,502.0,417,504.0,210168.0
8989,2122,414.0,62,2465.0,152830.0
8990,2122,573.0,133,3282.0,436506.0
8991,2122,295.0,118,1051.0,124018.0
8992,2122,114.0,141,1268.0,178788.0
8993,2123,419.0,234,2071.32,484688.49
8994,2123,509.0,62,2601.92,161318.95
8995,2123,493.0,451,5229.85,2358660.32
8996,2123,151.0,74,2465.22,182426.46
8997,2123,192.0,133,1712.68,227786.92
8998,2123,483.0,33,3546.3,117027.96
8999,2123,449.0,497,3836.84,1906910.85
9000,2124,483.0,447,37.29,16668.63
9001,2125,175.0,357,2053.67,733159.34
9002,2125,399.0,116,3920.93,454827.92
9003,2125,335.0,75,5457.45,409308.84
9004,2125,377.0,333,581.04,193487.26
9005,2125,211.0,323,2332.22,753306.62
9006,2126,318.0,277,4377.56,1212583.55
9007,2126,480.0,67,3323.94,222704.2
9008,2126,217.0,171,3773.82,645323.3
9009,2126,87.0,247,920.38,227333.5
9010,2126,146.0,161,5080.27,817923.27
9011,2127,114.0,293,1345.28,394167.41
9012,2127,545.0,130,950.41,123553.51
9013,2127,190.0,212,4734.37,1003686.89
9014,2127,487.0,352,4742.53,1669369.65
9015,2127,532.0,74,1771.08,131059.84
9016,2127,274.0,69,5124.89,353617.32
9017,2127,347.0,176,3367.68,592711.97
9018,2127,36.0,13,1544.54,20079.05
9019,2128,194.0,124,22.67,2811.08
9020,2128,141.0,240,31.29,7509.6
9021,2128,21.0,475,6.99,3320.25
9022,2129,176.0,136,4307.0,585752.0
9023,2130,70.0,83,2651.67,220088.93
9024,2130,424.0,26,2378.55,61842.34
9025,2130,80.0,187,2822.39,527787.18
9026,2130,445.0,350,4480.37,1568130.39
9027,2130,541.0,488,2694.4,1314868.75
9028,2130,450.0,355,1138.45,404150.75
9029,2130,408.0,365,2469.43,901342.65
9030,2130,50.0,467,2892.7,1350893.18
9031,2131,450.0,89,1197.61,106587.26
9032,2131,165.0,323,1559.58,503743.68
9033,2131,304.0,123,1310.34,161172.32
9034,2132,185.0,245,49.38,12098.1
9035,2132,407.0,122,10.73,1309.06
9036,2132,79.0,84,18.75,1575.0
9037,2132,242.0,413,32.58,13455.54
9038,2132,489.0,159,5.76,915.84
9039,2132,151.0,349,26.59,9279.91
9040,2133,474.0,14,14.9,208.57
9041,2134,281.0,425,312.88,132975.81
9042,2134,173.0,272,2419.45,658090.69
9043,2134,231.0,143,4816.19,688715.57
9044,2134,276.0,186,2367.17,440294.52
9045,2135,70.0,168,2853.03,479308.69
9046,2135,419.0,123,2000.22,246027.07
9047,2135,562.0,10,3487.7,34876.96
9048,2135,493.0,488,5293.55,2583252.32
9049,2136,203.0,338,60.81,20552.5
9050,2136,38.0,98,1609.01,157683.14
9051,2136,455.0,268,50.33,13489.03
9052,2136,393.0,105,18.76,1970.08
9053,2136,196.0,128,39.87,5103.53
9054,2136,568.0,204,16.14,3293.31
9055,2137,167.0,414,5.99,2479.86
9056,2137,542.0,190,55.07,10463.3
9057,2138,476.0,344,2637.0,907128.0
9058,2138,300.0,288,3749.0,1079712.0
9059,2138,543.0,238,2401.0,571438.0
9060,2138,568.0,155,1295.0,200725.0
9061,2138,558.0,411,3183.0,1308213.0
9062,2139,367.0,251,130.08,32649.61
9063,2139,451.0,37,2158.2,79853.24
9064,2139,200.0,215,2486.6,534619.78
9065,2139,498.0,80,5649.37,451949.45
9066,2140,176.0,118,50.67,5979.06
9067,2140,462.0,41,46.76,1917.16
9068,2140,446.0,26,46.04,1197.04
9069,2140,115.0,495,185.31,91728.45
9070,2140,400.0,149,8.19,1220.31
9071,2140,232.0,253,42.62,10782.86
9072,2140,488.0,271,191.0,51761.0
9073,2141,187.0,223,3323.0,741029.0
9074,2141,471.0,239,577.0,137903.0
9075,2141,499.0,143,4784.0,684112.0
9076,2141,324.0,127,3468.0,440436.0
9077,2142,508.0,418,3117.0,1302906.0
9078,2142,572.0,265,885.0,234525.0
9079,2143,530.0,417,2980.0,1242660.0
9080,2144,232.0,122,42.62,5199.64
9081,2144,515.0,461,25.01,11529.61
9082,2144,62.0,72,32.78,2360.16
9083,2145,519.0,137,4.33,593.71
9084,2145,444.0,318,57.43,18262.63
9085,2145,113.0,276,898.71,248043.84
9086,2145,26.0,382,1069.63,408597.09
9087,2146,167.0,223,5.99,1335.77
9088,2146,469.0,293,12.95,3794.35
9089,2147,131.0,57,4100.96,233754.86
9090,2147,367.0,128,131.87,16879.88
9091,2147,498.0,148,5374.29,795395.18
9092,2147,451.0,430,2273.7,977691.93
9093,2148,391.0,214,1464.65,313436.02
9094,2148,262.0,450,2592.27,1166520.49
9095,2148,202.0,249,5787.11,1440989.47
9096,2148,462.0,173,4465.51,772533.6
9097,2148,480.0,454,2949.87,1339239.65
9098,2148,558.0,44,3692.25,162459.13
9099,2149,317.0,340,66.88,22740.32
9100,2150,236.0,486,3063.0,1488618.0
9101,2150,42.0,43,4870.0,209410.0
9102,2150,201.0,21,4745.0,99645.0
9103,2150,392.0,163,3698.0,602774.0
9104,2150,23.0,77,3096.0,238392.0
9105,2150,578.0,452,1777.0,803204.0
9106,2150,418.0,253,4157.0,1051721.0
9107,2150,170.0,34,1441.0,48994.0
9108,2151,359.0,344,202.0,69488.0
9109,2151,249.0,199,3282.0,653118.0
9110,2152,529.0,144,1681.0,242064.0
9111,2152,248.0,451,4971.0,2241921.0
9112,2152,55.0,340,988.0,335920.0
9113,2152,96.0,66,1750.0,115500.0
9114,2152,85.0,420,2420.0,1016400.0
9115,2152,72.0,434,4837.0,2099258.0
9116,2152,27.0,359,362.0,129958.0
9117,2153,488.0,62,216.76,13439.24
9118,2153,462.0,474,51.08,24212.54
9119,2153,77.0,143,967.57,138362.96
9120,2153,360.0,210,1423.26,298884.91
9121,2153,570.0,355,60.25,21389.29
9122,2154,478.0,496,5407.28,2682012.14
9123,2154,281.0,373,338.4,126221.84
9124,2154,378.0,77,2771.07,213372.13
9125,2154,452.0,254,4312.06,1095263.94
9126,2154,37.0,75,1336.1,100207.82
9127,2154,289.0,415,5084.86,2110215.54
9128,2154,288.0,242,4107.44,994000.91
9129,2154,199.0,237,280.29,66428.26
9130,2154,68.0,14,4669.75,65376.53
9131,2155,582.0,188,49.36,9279.83
9132,2155,189.0,223,1210.23,269881.43
9133,2155,562.0,485,42.35,20539.96
9134,2156,566.0,336,318.51,107020.36
9135,2156,535.0,435,2718.29,1182455.2
9136,2156,418.0,134,4762.87,638225.14
9137,2156,588.0,386,293.98,113477.0
9138,2157,201.0,184,5691.37,1047212.11
9139,2157,84.0,204,4752.36,969481.28
9140,2157,159.0,201,492.27,98945.83
9141,2157,187.0,259,3529.08,914030.82
9142,2157,160.0,94,2571.03,241676.67
9143,2157,54.0,202,5399.12,1090622.84
9144,2158,508.0,135,3510.57,473927.3
9145,2158,108.0,98,5062.09,496084.49
9146,2158,543.0,444,2583.44,1147048.2
9147,2159,62.0,301,3024.88,910488.72
9148,2159,597.0,259,1524.83,394931.22
9149,2159,110.0,219,5698.57,1247987.09
9150,2160,23.0,489,36.42,17809.38
9151,2160,567.0,154,53.92,8303.68
9152,2160,426.0,69,114.6,7907.4
9153,2160,553.0,275,11.94,3283.5
9154,2161,359.0,439,2.75,1207.2
9155,2161,244.0,427,57.62,24603.28
9156,2161,77.0,360,892.38,321257.24
9157,2161,515.0,67,27.3,1828.91
9158,2161,304.0,349,15.7,5480.61
9159,2161,474.0,292,16.05,4686.55
9160,2162,325.0,189,658.77,124506.89
9161,2162,154.0,436,625.19,272583.2
9162,2162,33.0,473,22.13,10467.92
9163,2162,433.0,496,53.83,26700.57
9164,2162,374.0,177,3.51,621.38
9165,2163,317.0,186,5727.56,1065325.89
9166,2163,141.0,101,3057.39,308795.92
9167,2163,560.0,65,522.12,33937.52
9168,2163,406.0,164,3043.6,499150.2
9169,2163,160.0,62,2764.83,171419.18
9170,2164,549.0,460,923.0,424580.0
9171,2164,94.0,352,2252.0,792704.0
9172,2164,246.0,414,1626.0,673164.0
9173,2165,110.0,328,5505.69,1805865.85
9174,2165,15.0,166,1747.74,290124.97
9175,2166,544.0,250,775.61,193903.36
9176,2167,588.0,84,3.19,267.96
9177,2168,340.0,203,4151.42,842737.35
9178,2168,317.0,207,5277.35,1092411.32
9179,2168,409.0,19,2029.76,38565.46
9180,2168,582.0,65,3821.76,248414.17
9181,2168,550.0,327,2132.02,697169.3
9182,2168,126.0,433,603.1,261143.39
9183,2169,471.0,307,577.0,177139.0
9184,2169,122.0,213,3706.0,789378.0
9185,2169,499.0,337,4784.0,1612208.0
9186,2169,102.0,352,2817.0,991584.0
9187,2169,111.0,292,1402.0,409384.0
9188,2170,90.0,231,1907.54,440642.02
9189,2170,544.0,344,790.56,271952.7
9190,2170,382.0,301,648.88,195312.2
9191,2170,164.0,394,2542.83,1001875.09
9192,2170,452.0,457,4202.94,1920741.38
9193,2170,100.0,199,3669.01,730133.63
9194,2171,502.0,60,535.69,32141.57
9195,2171,139.0,156,4212.03,657077.28
9196,2171,35.0,104,1777.14,184822.99
9197,2171,294.0,296,958.64,283758.31
9198,2171,36.0,372,1614.95,600761.15
9199,2171,148.0,61,721.9,44035.95
9200,2171,200.0,266,2783.45,740398.44
9201,2171,51.0,322,935.86,301345.71
9202,2171,465.0,371,1938.58,719213.25
9203,2172,418.0,245,4431.84,1085800.85
9204,2172,227.0,36,2086.64,75119.16
9205,2172,287.0,255,4417.85,1126550.55
9206,2172,413.0,60,5102.53,306151.53
9207,2172,42.0,379,5506.17,2086839.73
9208,2172,185.0,140,4755.1,665714.43
9209,2172,541.0,497,2819.87,1401473.98
9210,2172,141.0,290,2826.91,819804.07
9211,2172,13.0,146,1869.42,272934.89
9212,2173,6.0,210,3554.85,746519.4
9213,2173,181.0,441,3049.82,1344972.05
9214,2173,164.0,366,2465.87,902509.67
9215,2173,544.0,463,792.83,367079.07
9216,2174,558.0,236,3789.7,894369.06
9217,2174,568.0,407,1460.53,594436.38
9218,2174,543.0,120,2810.02,337202.28
9219,2175,570.0,492,61.93,30467.74
9220,2175,77.0,38,970.02,36860.93
9221,2175,303.0,443,2041.35,904317.0
9222,2175,462.0,287,50.7,14550.58
9223,2175,42.0,373,62.19,23197.21
9224,2175,488.0,322,213.11,68621.75
9225,2175,419.0,258,22.75,5870.3
9226,2176,530.0,55,3575.91,196674.96
9227,2176,515.0,293,2392.61,701035.16
9228,2176,304.0,67,1240.14,83089.41
9229,2176,119.0,79,3039.41,240113.25
9230,2176,578.0,259,1905.35,493486.51
9231,2177,351.0,494,3356.37,1658048.05
9232,2177,341.0,399,5315.12,2120732.87
9233,2177,173.0,428,2589.23,1108191.43
9234,2177,294.0,304,975.75,296628.82
9235,2177,342.0,425,4178.05,1775673.16
9236,2178,189.0,212,1073.75,227635.0
9237,2178,146.0,288,56.07,16148.16
9238,2178,126.0,413,6.19,2556.47
9239,2179,577.0,182,67.4,12267.24
9240,2179,103.0,268,32.67,8755.7
9241,2179,560.0,221,6.14,1357.71
9242,2179,335.0,420,58.55,24591.29
9243,2179,571.0,63,1551.62,97752.1
9244,2179,542.0,86,62.61,5384.39
9245,2180,531.0,348,1203.81,418924.93
9246,2180,545.0,155,944.44,146388.52
9247,2180,415.0,195,423.74,82628.61
9248,2180,233.0,282,4566.83,1287846.35
9249,2180,347.0,170,3054.91,519334.09
9250,2180,114.0,92,1356.34,124783.66
9251,2180,190.0,217,4591.18,996286.13
9252,2180,326.0,489,5625.79,2751009.35
9253,2181,324.0,458,43.06,19723.07
9254,2181,70.0,133,30.71,4084.29
9255,2181,574.0,66,61.79,4077.9
9256,2181,596.0,442,832.07,367776.71
9257,2182,597.0,181,1287.0,232947.0
9258,2182,508.0,321,3117.0,1000557.0
9259,2182,87.0,221,790.0,174590.0
9260,2182,515.0,376,2126.0,799376.0
9261,2182,203.0,107,4772.0,510604.0
9262,2182,489.0,237,490.0,116130.0
9263,2182,202.0,42,4926.0,206892.0
9264,2182,59.0,40,3377.0,135080.0
9265,2183,393.0,264,1649.62,435500.17
9266,2183,462.0,92,4520.95,415927.63
9267,2183,480.0,111,3137.33,348243.89
9268,2183,262.0,174,2707.74,471146.06
9269,2183,558.0,198,3582.64,709363.41
9270,2184,438.0,287,18.01,5167.6
9271,2184,460.0,248,13.38,3318.12
9272,2184,78.0,124,1061.56,131632.94
9273,2184,43.0,370,38.29,14166.42
9274,2184,41.0,150,43.87,6579.89
9275,2184,275.0,456,48.68,22200.35
9276,2184,543.0,73,30.32,2213.64
9277,2184,413.0,225,60.44,13598.63
9278,2185,489.0,299,6.07,1815.91
9279,2185,273.0,460,29.72,13669.49
9280,2185,588.0,414,3.48,1441.19
9281,2185,372.0,77,9.4,723.68
9282,2185,519.0,484,4.1,1985.97
9283,2186,540.0,244,2348.71,573086.39
9284,2186,554.0,164,676.87,111006.76
9285,2186,326.0,128,5264.84,673898.97
9286,2186,72.0,82,5088.36,417245.35
9287,2186,274.0,337,5277.62,1778558.66
9288,2187,398.0,31,1720.0,53320.0
9289,2188,102.0,131,2817.0,369027.0
9290,2188,215.0,333,2042.0,679986.0
9291,2188,153.0,245,2442.0,598290.0
9292,2188,23.0,207,3096.0,640872.0
9293,2189,235.0,232,7.76,1801.17
9294,2190,345.0,378,4361.53,1648660.01
9295,2190,508.0,21,3567.88,74925.51
9296,2190,50.0,231,2890.18,667630.65
9297,2190,108.0,239,4833.11,1155112.47
9298,2190,175.0,143,1945.45,278198.87
9299,2190,151.0,392,2680.02,1050567.6
9300,2191,258.0,267,4755.95,1269838.75
9301,2191,348.0,454,1318.32,598517.36
9302,2191,402.0,428,1954.12,836364.0
9303,2191,430.0,42,1261.94,53001.38
9304,2191,475.0,456,548.71,250213.55
9305,2191,183.0,263,2719.57,715247.27
9306,2192,501.0,228,1019.38,232418.63
9307,2192,51.0,87,895.62,77918.81
9308,2192,177.0,460,3740.91,1720820.56
9309,2192,289.0,386,5017.56,1936777.11
9310,2193,366.0,84,1500.39,126032.85
9311,2193,512.0,217,2204.23,478317.79
9312,2193,597.0,142,1414.23,200821.28
9313,2193,494.0,119,3784.67,450375.83
9314,2193,317.0,102,5325.18,543168.24
9315,2193,534.0,332,2686.1,891786.49
9316,2193,424.0,148,2296.09,339820.68
9317,2193,59.0,181,3945.66,714164.03
9318,2194,571.0,339,1519.55,515126.01
9319,2194,33.0,283,22.81,6453.87
9320,2195,476.0,20,2637.0,52740.0
9321,2195,127.0,99,4315.0,427185.0
9322,2195,4.0,448,435.0,194880.0
9323,2195,92.0,427,269.0,114863.0
9324,2195,134.0,278,3387.0,941586.0
9325,2195,370.0,383,1225.0,469175.0
9326,2195,441.0,429,2400.0,1029600.0
9327,2195,568.0,10,1295.0,12950.0
9328,2196,13.0,311,1719.0,534609.0
9329,2196,179.0,141,4690.0,661290.0
9330,2196,541.0,160,2560.0,409600.0
9331,2196,560.0,438,442.0,193596.0
9332,2197,59.0,358,45.84,16411.9
9333,2197,391.0,482,16.93,8158.81
9334,2197,205.0,216,34.29,7406.28
9335,2197,593.0,57,33.72,1922.22
9336,2197,242.0,170,34.88,5929.14
9337,2197,287.0,243,56.92,13832.39
9338,2198,562.0,343,3011.0,1032773.0
9339,2198,273.0,388,2350.0,911800.0
9340,2198,446.0,416,3913.0,1627808.0
9341,2199,598.0,37,1693.95,62676.11
9342,2199,391.0,111,1484.92,164826.12
9343,2199,530.0,179,3328.51,595803.86
9344,2199,469.0,61,1171.66,71470.97
9345,2199,89.0,468,2463.8,1153058.57
9346,2199,577.0,198,5306.44,1050674.45
9347,2199,117.0,382,350.16,133762.21
9348,2199,460.0,137,1109.74,152034.47
9349,2200,432.0,24,4988.0,119712.0
9350,2200,570.0,483,4546.0,2195718.0
9351,2201,517.0,262,538.39,141058.95
9352,2202,444.0,243,53.4,12976.18
9353,2203,321.0,427,152.61,65163.11
9354,2203,481.0,240,18.98,4555.37
9355,2203,505.0,135,30.86,4166.5
9356,2203,372.0,102,9.74,993.07
9357,2203,47.0,229,765.26,175243.94
9358,2203,91.0,99,1045.32,103486.2
9359,2204,391.0,323,1513.83,488968.37
9360,2204,165.0,49,1478.73,72457.65
9361,2204,175.0,273,1977.13,539756.42
9362,2204,242.0,161,3182.13,512322.6
9363,2205,131.0,305,4656.22,1420146.77
9364,2205,451.0,392,2249.16,881669.83
9365,2205,200.0,331,2714.38,898459.01
9366,2205,498.0,493,5594.05,2757865.46
9367,2206,560.0,300,442.0,132600.0
9368,2206,287.0,248,4191.0,1039368.0
9369,2207,276.0,215,2362.36,507908.19
9370,2208,425.0,481,2648.1,1273738.46
9371,2208,508.0,220,3419.94,752387.67
9372,2208,170.0,390,1585.37,618295.16
9373,2208,512.0,99,2419.5,239530.8
9374,2209,289.0,271,4689.0,1270720.11
9375,2209,233.0,82,4349.37,356647.93
9376,2209,212.0,484,1529.51,740281.68
9377,2209,358.0,358,3486.26,1248081.16
9378,2210,151.0,449,2619.12,1175984.01
9379,2210,547.0,344,3952.89,1359795.62
9380,2211,345.0,361,48.77,17607.05
9381,2211,568.0,193,17.14,3308.77
9382,2211,306.0,232,5.52,1280.52
9383,2211,38.0,108,1538.92,166202.9
9384,2211,393.0,281,18.93,5320.3
9385,2211,203.0,371,60.97,22619.77
9386,2212,53.0,321,41.0,13160.71
9387,2212,375.0,206,47.02,9686.78
9388,2212,33.0,373,22.73,8478.88
9389,2213,441.0,97,2528.05,245220.43
9390,2214,480.0,382,3288.17,1256079.11
9391,2214,202.0,443,5799.81,2569313.95
9392,2214,462.0,308,4397.69,1354487.4
9393,2214,393.0,226,1716.24,387870.65
9394,2215,556.0,255,4496.0,1146480.0
9395,2215,352.0,439,1644.0,721716.0
9396,2216,574.0,321,70.0,22468.65
9397,2216,543.0,67,30.0,2010.11
9398,2216,291.0,48,65.79,3157.96
9399,2217,541.0,298,2835.0,844830.28
9400,2217,345.0,356,4375.16,1557556.06
9401,2217,70.0,413,2702.61,1116178.05
9402,2218,54.0,41,4745.0,194545.0
9403,2218,176.0,176,4307.0,758032.0
9404,2218,330.0,365,2571.0,938415.0
9405,2218,129.0,181,746.0,135026.0
9406,2219,53.0,60,43.3,2598.07
9407,2219,588.0,398,3.53,1403.39
9408,2219,196.0,487,43.12,21000.62
9409,2220,335.0,180,4838.45,870920.86
9410,2220,264.0,491,2528.96,1241721.0
9411,2220,237.0,473,3064.38,1449450.21
9412,2220,550.0,95,1970.39,187187.06
9413,2221,553.0,88,1015.0,89320.0
9414,2221,264.0,143,2345.0,335335.0
9415,2221,60.0,50,3127.0,156350.0
9416,2222,571.0,32,1660.79,53145.2
9417,2222,33.0,284,24.02,6822.97
9418,2222,26.0,297,974.68,289481.07
9419,2222,368.0,481,41.03,19735.84
9420,2223,82.0,187,2344.49,438419.62
9421,2223,43.0,321,3166.24,1016361.93
9422,2223,232.0,429,3912.22,1678343.42
9423,2223,192.0,353,1654.46,584023.1
9424,2223,23.0,499,3415.89,1704529.67
9425,2224,22.0,405,1746.58,707365.89
9426,2224,505.0,324,29.45,9540.75
9427,2224,481.0,42,18.94,795.33
9428,2224,57.0,50,682.98,34149.04
9429,2224,159.0,208,6.24,1297.65
9430,2224,75.0,199,684.77,136269.44
9431,2225,304.0,412,1241.33,511427.37
9432,2225,127.0,259,4554.08,1179506.22
9433,2225,211.0,277,2252.52,623949.05
9434,2225,25.0,482,2094.62,1009606.89
9435,2225,499.0,478,5399.13,2580783.85
9436,2225,28.0,107,4622.37,494593.79
9437,2225,396.0,142,4833.76,686393.69
9438,2226,185.0,359,54.16,19445.15
9439,2227,303.0,339,1706.55,578520.45
9440,2228,48.0,128,2.21,282.3
9441,2228,366.0,178,17.73,3155.43
9442,2228,330.0,420,33.07,13888.69
9443,2228,580.0,46,374.37,17221.24
9444,2228,70.0,359,30.92,11101.26
9445,2228,324.0,14,48.55,679.72
9446,2229,296.0,243,3849.26,935371.05
9447,2229,183.0,477,2915.51,1390696.43
9448,2229,402.0,154,1838.42,283116.05
9449,2229,348.0,150,1290.37,193555.61
9450,2229,430.0,212,1184.13,251035.49
9451,2229,258.0,486,4747.48,2307275.43
9452,2230,156.0,115,2815.0,323725.0
9453,2230,39.0,169,4154.0,702026.0
9454,2230,281.0,354,287.0,101598.0
9455,2230,540.0,111,2111.0,234321.0
9456,2231,507.0,452,307.66,139063.29
9457,2231,501.0,289,917.22,265076.69
9458,2231,133.0,261,1288.75,336364.98
9459,2231,1.0,56,135.58,7592.43
9460,2231,261.0,363,4843.72,1758268.84
9461,2231,503.0,221,4101.83,906505.05
9462,2232,538.0,82,1.62,132.84
9463,2232,335.0,69,54.13,3734.97
9464,2232,317.0,117,56.2,6575.4
9465,2233,308.0,50,1429.91,71495.26
9466,2233,141.0,197,2817.73,555092.7
9467,2233,306.0,392,423.84,166146.28
9468,2233,406.0,362,3186.34,1153453.92
9469,2234,123.0,183,788.0,144204.0
9470,2234,117.0,306,322.0,98532.0
9471,2234,147.0,66,1369.0,90354.0
9472,2234,366.0,414,1331.0,551034.0
9473,2234,285.0,284,1054.0,299336.0
9474,2234,236.0,346,3063.0,1059798.0
9475,2234,110.0,326,4946.0,1612396.0
9476,2234,222.0,151,2718.0,410418.0
9477,2235,218.0,164,1832.66,300556.75
9478,2235,599.0,69,1282.43,88487.74
9479,2235,466.0,271,2051.92,556070.32
9480,2235,286.0,33,4233.09,139691.96
9481,2235,332.0,41,3043.2,124771.21
9482,2236,35.0,408,1862.33,759831.35
9483,2236,511.0,264,3348.02,883876.47
9484,2236,344.0,100,1012.16,101216.2
9485,2236,246.0,375,1803.77,676414.57
9486,2236,156.0,379,2973.61,1126999.97
9487,2237,12.0,301,1195.14,359737.14
9488,2237,206.0,160,19.73,3156.8
9489,2237,560.0,270,5.2,1404.0
9490,2237,535.0,196,27.95,5478.2
9491,2237,480.0,125,32.66,4082.5
9492,2237,275.0,266,43.78,11645.48
9493,2237,450.0,308,11.88,3659.04
9494,2237,243.0,460,1.54,708.4
9495,2237,179.0,68,55.18,3752.24
9496,2238,38.0,232,1384.38,321176.16
9497,2238,568.0,252,15.24,3840.48
9498,2238,493.0,464,57.78,26809.92
9499,2238,538.0,96,1.62,155.52
9500,2239,596.0,121,854.86,103438.32
9501,2239,282.0,331,420.45,139167.36
9502,2239,396.0,124,58.22,7219.13
9503,2239,25.0,164,23.61,3872.51
9504,2240,217.0,435,3461.72,1505849.45
9505,2240,43.0,200,3384.98,676996.25
9506,2240,391.0,297,1477.53,438827.3
9507,2240,50.0,121,2893.22,350079.95
9508,2240,255.0,377,3052.68,1150861.5
9509,2241,211.0,456,2262.42,1031663.89
9510,2242,103.0,207,27.85,5764.95
9511,2243,43.0,47,3358.07,157829.29
9512,2244,354.0,13,8.06,104.8
9513,2244,10.0,473,1481.22,700618.72
9514,2245,560.0,316,6.16,1946.71
9515,2245,237.0,372,35.23,13106.5
9516,2245,12.0,393,1289.29,506691.47
9517,2245,535.0,250,32.78,8194.75
9518,2246,505.0,141,31.45,4434.05
9519,2246,91.0,145,1041.76,151055.42
9520,2246,372.0,146,9.95,1452.02
9521,2246,47.0,348,730.76,254303.12
9522,2247,597.0,301,1366.25,411242.75
9523,2247,370.0,427,1382.49,590322.37
9524,2247,306.0,371,421.21,156268.57
9525,2248,285.0,474,13.82,6550.68
9526,2248,232.0,151,49.62,7492.71
9527,2248,515.0,244,29.44,7183.1
9528,2248,62.0,160,37.59,6013.79
9529,2248,567.0,27,56.85,1535.01
9530,2249,41.0,112,41.05,4597.6
9531,2249,109.0,281,895.66,251680.46
9532,2249,543.0,422,28.25,11921.5
9533,2249,8.0,321,14.09,4522.89
9534,2249,413.0,236,51.24,12092.64
9535,2250,583.0,24,10.68,256.32
9536,2250,78.0,102,930.56,94917.12
9537,2251,37.0,495,1258.34,622876.24
9538,2251,289.0,145,4763.61,690722.77
9539,2251,452.0,315,4122.75,1298664.96
9540,2251,199.0,280,251.13,70317.32
9541,2251,94.0,45,2380.79,107135.61
9542,2251,133.0,350,1220.66,427232.51
9543,2251,142.0,51,4237.46,216110.55
9544,2252,491.0,410,21.24,8709.19
9545,2252,54.0,182,61.49,11191.66
9546,2252,300.0,137,52.35,7171.99
9547,2252,551.0,24,20.43,490.39
9548,2252,79.0,339,20.33,6891.4
9549,2252,41.0,375,44.86,16823.58
9550,2252,440.0,320,54.11,17313.72
9551,2253,553.0,98,1015.0,99470.0
9552,2253,505.0,38,2229.0,84702.0
9553,2253,318.0,232,3915.0,908280.0
9554,2253,521.0,348,1175.0,408900.0
9555,2254,167.0,158,509.0,80422.0
9556,2254,370.0,214,1225.0,262150.0
9557,2254,508.0,248,3117.0,773016.0
9558,2254,449.0,150,3340.0,501000.0
9559,2254,570.0,53,4546.0,240938.0
9560,2254,597.0,326,1287.0,419562.0
9561,2254,424.0,218,2155.0,469790.0
9562,2255,574.0,139,70.17,9753.93
9563,2255,147.0,410,17.34,7110.8
9564,2255,160.0,118,32.16,3795.12
9565,2256,147.0,141,1369.0,193029.0
9566,2257,505.0,322,2426.28,781262.75
9567,2257,521.0,266,1267.71,337211.45
9568,2257,318.0,97,4204.4,407826.78
9569,2258,48.0,321,191.02,61318.07
9570,2258,15.0,340,1790.91,608909.47
9571,2258,89.0,407,2424.28,986683.23
9572,2258,185.0,131,4717.05,617933.04
9573,2259,556.0,427,5371.77,2293746.46
9574,2259,300.0,353,3987.3,1407516.08
9575,2259,264.0,144,2470.91,355811.46
9576,2259,23.0,85,3450.1,293258.39
9577,2259,308.0,203,1365.3,277155.63
9578,2260,70.0,80,2412.0,192960.0
9579,2260,345.0,255,3805.0,970275.0
9580,2260,424.0,133,2155.0,286615.0
9581,2261,59.0,387,3702.75,1432964.7
9582,2261,494.0,406,3932.01,1596394.08
9583,2262,79.0,302,21.14,6385.16
9584,2262,202.0,395,66.21,26151.0
9585,2262,525.0,170,1569.47,266809.86
9586,2262,318.0,36,49.82,1793.58
9587,2262,551.0,71,19.56,1388.54
9588,2262,300.0,278,49.24,13688.9
9589,2262,134.0,166,43.81,7272.73
9590,2262,562.0,126,41.82,5269.18
9591,2262,62.0,128,36.89,4721.77
9592,2263,176.0,211,5026.36,1060561.83
9593,2263,317.0,292,5032.62,1469524.26
9594,2263,481.0,157,1686.58,264793.63
9595,2263,160.0,306,2708.28,828732.69
9596,2263,141.0,343,3031.64,1039850.99
9597,2264,562.0,425,39.58,16819.99
9598,2264,493.0,141,60.89,8585.73
9599,2265,291.0,307,4925.0,1511975.0
9600,2265,175.0,465,1828.0,850020.0
9601,2266,548.0,117,5003.43,585401.1
9602,2266,469.0,428,1283.59,549374.6
9603,2266,530.0,279,3433.54,957956.75
9604,2266,598.0,140,1561.0,218539.5
9605,2266,28.0,373,4695.26,1751332.11
9606,2266,577.0,418,5720.39,2391121.24
9607,2266,117.0,492,350.38,172387.34
9608,2266,89.0,41,2277.02,93357.89
9609,2266,460.0,307,1080.2,331621.34
9610,2267,562.0,227,3175.17,720763.05
9611,2267,196.0,484,3672.31,1777395.73
9612,2268,476.0,437,2809.28,1227654.7
9613,2268,50.0,394,2784.85,1097232.29
9614,2268,568.0,227,1541.47,349914.18
9615,2269,177.0,194,4208.05,816361.31
9616,2269,501.0,262,1025.89,268784.38
9617,2269,212.0,256,1469.27,376132.45
9618,2269,289.0,396,4944.31,1957947.72
9619,2269,233.0,114,4540.29,517593.33
9620,2269,220.0,421,2815.62,1185377.48
9621,2270,359.0,12,217.21,2606.58
9622,2270,43.0,437,3046.02,1331111.5
9623,2271,392.0,407,43.51,17708.57
9624,2271,306.0,262,4.71,1234.02
9625,2271,488.0,452,191.0,86332.0
9626,2271,25.0,492,22.26,10951.92
9627,2271,550.0,270,21.44,5788.8
9628,2271,580.0,452,313.6,141747.2
9629,2271,172.0,173,5.74,993.02
9630,2272,375.0,284,3905.29,1109101.64
9631,2272,300.0,418,4304.92,1799458.04
9632,2273,295.0,64,1147.59,73445.49
9633,2273,423.0,296,2965.35,877742.81
9634,2273,281.0,466,307.43,143262.72
9635,2273,97.0,86,4191.67,360483.32
9636,2273,405.0,485,4165.54,2020288.05
9637,2274,556.0,64,5023.29,321490.27
9638,2274,141.0,176,2917.43,513467.17
9639,2274,406.0,92,3310.33,304549.92
9640,2274,160.0,255,2793.49,712339.83
9641,2274,548.0,204,5098.39,1040071.36
9642,2275,372.0,71,8.51,604.21
9643,2275,588.0,166,3.19,529.54
9644,2275,53.0,54,37.85,2043.9
9645,2275,489.0,53,5.76,305.28
9646,2275,26.0,222,907.58,201482.76
9647,2276,439.0,500,9.72,4859.11
9648,2277,103.0,468,27.85,13033.8
9649,2277,210.0,364,57.72,21010.08
9650,2277,450.0,25,11.88,297.0
9651,2277,165.0,126,15.59,1964.34
9652,2278,15.0,323,1770.36,571826.98
9653,2278,505.0,17,2527.99,42975.78
9654,2278,335.0,196,5116.76,1002885.85
9655,2278,185.0,187,4457.09,833476.45
9656,2278,491.0,186,1899.97,353394.76
9657,2279,465.0,258,1920.53,495497.16
9658,2279,35.0,118,1783.64,210469.88
9659,2279,36.0,92,1728.35,159008.13
9660,2279,200.0,13,2502.72,32535.37
9661,2280,281.0,140,305.75,42804.96
9662,2280,295.0,349,1177.65,410998.94
9663,2280,405.0,133,4174.04,555147.84
9664,2280,97.0,235,4044.33,950416.7
9665,2281,211.0,223,2201.21,490869.56
9666,2281,550.0,258,2131.39,549898.68
9667,2282,432.0,259,4988.0,1291892.0
9668,2282,126.0,14,526.0,7364.0
9669,2282,146.0,282,4766.0,1344012.0
9670,2283,330.0,362,2710.45,981183.03
9671,2284,418.0,407,4925.87,2004830.09
9672,2285,502.0,404,592.42,239337.84
9673,2285,200.0,500,2803.76,1401880.41
9674,2285,139.0,49,4173.04,204478.89
9675,2285,36.0,407,1679.59,683593.32
9676,2286,197.0,97,58.42,5666.58
9677,2286,240.0,83,22.02,1827.95
9678,2286,38.0,170,1630.42,277170.9
9679,2287,497.0,97,1639.38,159020.07
9680,2287,25.0,446,26.68,11900.88
9681,2287,147.0,453,18.11,8202.39
9682,2287,115.0,26,199.09,5176.3
9683,2288,452.0,185,3812.0,705220.0
9684,2288,36.0,284,1447.0,410948.0
9685,2289,450.0,16,1184.84,18957.45
9686,2289,70.0,422,2571.43,1085145.31
9687,2289,408.0,169,2278.05,384990.5
9688,2289,50.0,204,2906.25,592875.2
9689,2290,587.0,96,421.56,40469.35
9690,2290,163.0,156,2152.79,335834.89
9691,2290,279.0,209,5001.15,1045239.69
9692,2290,529.0,72,2006.58,144473.8
9693,2291,465.0,69,2071.46,142930.7
9694,2292,359.0,496,237.91,118001.32
9695,2292,368.0,205,3427.3,702596.65
9696,2293,220.0,363,2633.0,955779.0
9697,2293,467.0,143,3167.0,452881.0
9698,2293,276.0,173,1979.0,342367.0
9699,2294,505.0,32,2449.61,78387.43
9700,2294,491.0,298,1847.65,550599.42
9701,2295,516.0,417,5297.89,2209218.35
9702,2296,141.0,141,3173.94,447525.05
9703,2296,354.0,202,718.4,145116.1
9704,2296,42.0,152,5275.87,801933.0
9705,2296,81.0,489,969.23,473952.03
9706,2296,371.0,400,5197.88,2079152.32
9707,2297,165.0,159,18.49,2939.77
9708,2297,210.0,66,61.55,4062.27
9709,2297,330.0,310,32.49,10071.49
9710,2298,258.0,461,4472.75,2061936.04
9711,2298,289.0,84,5029.94,422515.1
9712,2298,464.0,38,1503.97,57151.0
9713,2298,434.0,475,2850.63,1354049.25
9714,2299,232.0,121,42.62,5157.02
9715,2299,285.0,143,12.4,1773.2
9716,2299,54.0,392,55.82,21881.44
9717,2299,515.0,440,25.01,11004.4
9718,2300,251.0,115,3097.75,356241.43
9719,2300,235.0,460,656.31,301901.6
9720,2300,108.0,93,4919.21,457486.13
9721,2300,179.0,470,5428.67,2551473.64
9722,2301,222.0,45,3159.86,142193.81
9723,2302,81.0,389,10.72,4169.77
9724,2303,370.0,421,15.45,6503.9
9725,2303,178.0,340,66.64,22656.07
9726,2303,391.0,56,18.33,1026.55
9727,2303,49.0,203,596.32,121053.37
9728,2303,438.0,34,16.66,566.28
9729,2303,8.0,71,16.49,1170.78
9730,2303,238.0,142,69.65,9890.37
9731,2304,50.0,43,2909.14,125093.01
9732,2304,102.0,494,3120.57,1541561.09
9733,2305,352.0,330,21.28,7020.77
9734,2306,575.0,335,3273.89,1096752.42
9735,2306,295.0,315,1193.72,376021.81
9736,2306,35.0,151,1973.75,298036.08
9737,2306,434.0,485,2898.16,1405609.6
9738,2307,108.0,448,5332.41,2388921.55
9739,2307,239.0,450,1179.22,530650.03
9740,2307,251.0,190,3214.15,610688.39
9741,2307,235.0,43,666.89,28676.28
9742,2307,499.0,312,5720.75,1784873.88
9743,2307,359.0,390,233.29,90981.55
9744,2308,345.0,311,4005.8,1245802.26
9745,2308,70.0,22,2726.64,59986.12
9746,2308,541.0,230,2793.1,642413.37
9747,2308,80.0,304,2714.67,825260.47
9748,2308,408.0,150,2558.42,383762.66
9749,2309,251.0,168,31.8,5342.4
9750,2309,119.0,164,30.41,4987.24
9751,2309,422.0,260,32.81,8530.6
9752,2309,446.0,277,46.04,12753.08
9753,2309,272.0,309,1453.52,449137.68
9754,2310,291.0,192,5316.85,1020834.68
9755,2311,352.0,172,19.34,3326.48
9756,2311,153.0,15,28.73,430.95
9757,2311,13.0,274,20.22,5540.28
9758,2311,407.0,118,10.73,1266.14
9759,2312,43.0,379,2880.0,1091520.0
9760,2312,359.0,429,202.0,86658.0
9761,2313,196.0,155,3648.41,565503.81
9762,2314,248.0,172,4971.0,855012.0
9763,2314,68.0,405,4293.0,1738665.0
9764,2314,361.0,258,3388.0,874104.0
9765,2314,94.0,166,2252.0,373832.0
9766,2314,452.0,444,3812.0,1692528.0
9767,2314,133.0,386,1154.0,445444.0
9768,2314,148.0,150,614.0,92100.0
9769,2314,540.0,48,2111.0,101328.0
9770,2315,596.0,340,831.4,282676.81
9771,2315,395.0,40,64.15,2566.14
9772,2315,81.0,158,10.84,1712.93
9773,2315,282.0,92,436.66,40172.69
9774,2315,486.0,467,25.82,12056.31
9775,2315,396.0,215,55.7,11974.91
9776,2316,354.0,130,7.62,990.6
9777,2317,151.0,79,30.51,2410.36
9778,2317,56.0,273,19.24,5251.96
9779,2317,318.0,161,50.79,8177.85
9780,2318,175.0,339,1946.36,659815.26
9781,2318,50.0,370,2901.55,1073574.28
9782,2318,151.0,350,2560.07,896024.52
9783,2318,108.0,351,4897.53,1719031.44
9784,2318,372.0,242,776.45,187900.95
9785,2318,196.0,425,3358.13,1427203.14
9786,2319,515.0,349,2126.0,741974.0
9787,2319,119.0,226,2585.0,584210.0
9788,2319,578.0,209,1777.0,371393.0
9789,2319,185.0,248,4197.0,1040856.0
9790,2320,12.0,158,1362.07,215207.8
9791,2320,260.0,256,30.08,7699.99
9792,2320,433.0,412,52.78,21745.06
9793,2320,472.0,249,1845.37,459495.93
9794,2320,375.0,434,41.7,18098.43
9795,2320,517.0,307,540.52,165939.96
9796,2321,462.0,497,4345.13,2159531.36
9797,2321,111.0,18,1624.46,29240.32
9798,2322,210.0,120,5755.09,690610.54
9799,2322,146.0,498,5243.98,2611503.6
9800,2322,126.0,281,628.34,176562.94
9801,2322,432.0,487,5620.73,2737295.3
9802,2323,196.0,403,3149.0,1269047.0
9803,2323,102.0,195,2817.0,549315.0
9804,2323,80.0,420,2462.0,1034040.0
9805,2323,530.0,394,2980.0,1174120.0
9806,2323,141.0,280,2660.0,744800.0
9807,2324,505.0,25,31.41,785.32
9808,2325,572.0,30,10.41,312.3
9809,2326,593.0,289,2899.1,837838.74
9810,2326,413.0,409,4816.49,1969945.66
9811,2326,567.0,44,5045.26,221991.55
9812,2327,559.0,74,1517.71,112310.66
9813,2327,36.0,57,1575.3,89792.03
9814,2327,148.0,140,716.25,100274.98
9815,2327,51.0,185,1006.54,186210.64
9816,2327,465.0,333,1931.76,643276.7
9817,2328,287.0,444,4783.44,2123847.03
9818,2328,319.0,218,757.96,165235.38
9819,2328,357.0,189,656.36,124052.62
9820,2329,459.0,267,4662.0,1244754.0
9821,2329,529.0,257,1681.0,432017.0
9822,2329,364.0,191,2623.0,500993.0
9823,2330,363.0,387,35.39,13697.57
9824,2330,542.0,112,64.58,7232.91
9825,2330,392.0,379,45.71,17322.43
9826,2330,25.0,213,25.54,5440.54
9827,2330,232.0,241,47.1,11351.87
9828,2330,159.0,441,6.16,2714.53
9829,2330,436.0,324,843.6,273325.29
9830,2330,580.0,185,340.35,62963.83
9831,2330,187.0,410,42.01,17222.76
9832,2330,227.0,71,27.12,1925.24
9833,2331,578.0,428,2110.86,903449.08
9834,2331,41.0,469,3848.75,1805063.66
9835,2331,579.0,46,2398.48,110329.87
9836,2332,430.0,106,1156.18,122555.56
9837,2332,94.0,374,2503.1,936160.23
9838,2332,478.0,122,5510.83,672321.64
9839,2332,133.0,57,1246.95,71076.02
9840,2332,142.0,136,4392.54,597385.2
9841,2332,289.0,245,4836.01,1184823.37
9842,2332,452.0,280,4078.16,1141884.75
9843,2332,248.0,23,5597.23,128736.32
9844,2333,348.0,98,1214.0,118972.0
9845,2333,430.0,142,1069.0,151798.0
9846,2333,475.0,257,517.0,132869.0
9847,2334,374.0,305,279.09,85121.52
9848,2334,89.0,43,2374.46,102101.74
9849,2334,446.0,218,4472.41,974985.0
9850,2335,439.0,435,848.74,369202.74
9851,2335,48.0,121,202.03,24446.17
9852,2335,125.0,288,5069.47,1460008.51
9853,2335,509.0,225,2387.79,537251.77
9854,2335,28.0,419,4564.35,1912463.54
9855,2335,471.0,298,684.02,203837.87
9856,2335,251.0,329,3138.22,1032475.87
9857,2336,572.0,348,1023.36,356129.38
9858,2336,103.0,488,2791.17,1362090.14
9859,2336,117.0,275,384.82,105825.88
9860,2337,235.0,59,663.67,39156.74
9861,2337,499.0,287,5330.02,1529715.08
9862,2337,251.0,211,2864.72,604455.64
9863,2337,108.0,240,5274.36,1265845.25
9864,2337,239.0,310,1223.83,379386.67
9865,2338,251.0,192,35.7,6853.48
9866,2338,424.0,295,29.67,8751.97
9867,2339,574.0,407,66.55,27084.13
9868,2340,358.0,66,3598.02,237469.29
9869,2340,475.0,193,548.07,105777.23
9870,2340,6.0,451,3514.31,1584953.56
9871,2340,452.0,469,4102.25,1923953.02
9872,2341,535.0,244,2515.39,613755.5
9873,2341,566.0,338,349.62,118170.15
9874,2341,237.0,479,2982.76,1428744.17
9875,2341,264.0,26,2557.75,66501.5
9876,2341,242.0,274,3071.82,841679.84
9877,2342,82.0,89,27.85,2478.46
9878,2342,551.0,244,19.98,4874.92
9879,2343,71.0,230,3169.0,728870.0
9880,2343,553.0,95,1015.0,96425.0
9881,2343,79.0,382,1594.0,608908.0
9882,2343,275.0,148,3721.0,550708.0
9883,2343,481.0,399,1479.0,590121.0
9884,2344,308.0,208,14.02,2916.16
9885,2344,167.0,48,5.99,287.52
9886,2344,251.0,296,31.8,9412.8
9887,2344,366.0,198,15.66,3100.68
9888,2344,392.0,412,43.51,17926.12
9889,2345,285.0,471,1054.0,496434.0
9890,2345,598.0,117,1413.0,165321.0
9891,2345,425.0,380,2484.0,943920.0
9892,2345,597.0,309,1287.0,397683.0
9893,2345,62.0,426,2786.0,1186836.0
9894,2345,205.0,403,2586.0,1042158.0
9895,2345,395.0,166,4599.0,763434.0
9896,2346,450.0,241,1121.02,270164.94
9897,2346,570.0,39,5261.93,205215.36
9898,2346,23.0,162,3559.96,576713.02
9899,2346,578.0,305,2081.98,635004.59
9900,2346,469.0,96,1246.09,119624.33
9901,2346,205.0,421,3048.04,1283223.02
9902,2346,471.0,372,661.83,246201.73
9903,2347,570.0,285,5406.34,1540806.83
9904,2347,84.0,416,4829.73,2009166.13
9905,2347,54.0,360,5528.42,1990230.6
9906,2347,160.0,236,2636.2,622142.45
9907,2348,449.0,179,3841.15,687566.1
9908,2348,170.0,303,1553.5,470711.39
9909,2349,197.0,278,53.62,14906.36
9910,2349,240.0,319,18.38,5863.22
9911,2349,272.0,198,1453.52,287796.96
9912,2349,42.0,258,57.29,14780.82
9913,2349,170.0,22,16.95,372.9
9914,2349,185.0,475,49.38,23455.5
9915,2349,600.0,71,327.66,23263.86
9916,2349,259.0,58,51.89,3009.62
9917,2350,205.0,201,30.42,6114.42
9918,2350,593.0,461,29.26,13488.86
9919,2350,211.0,154,24.16,3720.64
9920,2350,404.0,332,1646.96,546790.72
9921,2350,242.0,42,32.58,1368.36
9922,2350,232.0,77,42.62,3281.74
9923,2351,123.0,389,11.0,4280.65
9924,2351,374.0,74,3.64,269.56
9925,2351,386.0,344,183.18,63012.29
9926,2352,242.0,84,2769.0,232596.0
9927,2352,446.0,86,3913.0,336518.0
9928,2352,185.0,199,4197.0,835203.0
9929,2352,8.0,357,1198.0,427686.0
9930,2353,572.0,111,1010.31,112144.62
9931,2353,43.0,187,3087.2,577306.04
9932,2353,474.0,439,1219.46,535343.79
9933,2353,251.0,321,3194.5,1025435.54
9934,2353,194.0,219,2292.58,502075.65
9935,2354,56.0,440,18.54,8158.1
9936,2355,558.0,186,3183.0,592038.0
9937,2355,493.0,419,4911.0,2057709.0
9938,2355,541.0,55,2560.0,140800.0
9939,2355,287.0,472,4191.0,1978152.0
9940,2355,357.0,269,570.0,153330.0
9941,2356,23.0,155,3096.0,479880.0
9942,2356,236.0,65,3063.0,199095.0
9943,2357,574.0,283,70.22,19871.46
9944,2358,80.0,309,2750.98,850051.56
9945,2358,251.0,497,2889.02,1435841.5
9946,2359,115.0,60,214.22,12853.26
9947,2359,111.0,393,17.65,6935.28
9948,2359,400.0,249,8.78,2186.19
9949,2359,446.0,282,51.95,14650.78
9950,2360,565.0,351,2725.11,956512.45
9951,2361,300.0,111,3749.0,416139.0
9952,2361,265.0,337,4018.0,1354066.0
9953,2361,243.0,454,131.0,59474.0
9954,2361,319.0,10,647.0,6470.0
9955,2362,424.0,43,2155.0,92665.0
9956,2362,541.0,243,2560.0,622080.0
9957,2362,450.0,249,1010.0,251490.0
9958,2362,408.0,31,2142.0,66402.0
9959,2363,36.0,203,1596.14,324015.93
9960,2363,294.0,65,932.56,60616.21
9961,2363,200.0,242,2819.05,682210.94
9962,2363,148.0,16,676.31,10821.02
9963,2363,139.0,459,3873.27,1777829.67
9964,2363,51.0,30,1005.3,30158.92
9965,2364,239.0,71,1092.0,77532.0
9966,2364,406.0,155,2801.0,434155.0
9967,2365,202.0,417,4926.0,2054142.0
9968,2365,489.0,30,490.0,14700.0
9969,2366,410.0,108,7.71,832.68
9970,2366,232.0,279,42.62,11890.98
9971,2366,400.0,449,8.19,3677.31
9972,2366,70.0,277,28.38,7861.26
9973,2366,185.0,71,49.38,3505.98
9974,2367,108.0,259,5068.95,1312858.28
9975,2367,251.0,194,2854.15,553704.2
9976,2367,235.0,213,690.87,147154.69
9977,2367,359.0,362,227.22,82255.29
9978,2368,469.0,15,1244.64,18669.57
9979,2369,577.0,100,5734.07,573407.2
9980,2369,553.0,420,1140.93,479191.73
9981,2369,70.0,306,2764.73,846008.49
9982,2370,456.0,162,3725.03,603454.36
9983,2370,185.0,215,4764.73,1024417.0
9984,2370,396.0,333,4693.33,1562877.42
9985,2371,450.0,256,13.51,3459.24
9986,2371,103.0,306,30.29,9268.16
9987,2371,210.0,121,66.48,8044.14
9988,2372,486.0,365,2021.0,737665.0
9989,2372,556.0,445,4496.0,2000720.0
9990,2372,301.0,396,249.0,98604.0
9991,2372,134.0,471,3387.0,1595277.0
9992,2373,462.0,83,50.98,4231.02
9993,2373,360.0,88,1429.42,125788.63
9994,2373,570.0,338,56.71,19168.32
9995,2373,77.0,119,982.99,116975.96
9996,2374,438.0,214,17.85,3820.0
9997,2374,472.0,299,1913.85,572240.95
9998,2374,440.0,204,54.02,11020.95
9999,2374,12.0,136,1286.56,174971.65
10000,2375,77.0,351,827.84,290571.84
10001,2375,553.0,64,11.94,764.16
10002,2375,567.0,404,53.92,21783.68
10003,2376,83.0,351,3324.0,1166724.0
10004,2377,33.0,48,20.54,985.92
10005,2378,273.0,165,2798.31,461721.78
10006,2378,87.0,62,903.08,55991.05
10007,2378,377.0,438,656.63,287605.76
10008,2378,562.0,63,3217.75,202718.0
10009,2379,358.0,171,3655.01,625005.96
10010,2380,335.0,203,56.91,11553.32
10011,2380,560.0,434,5.65,2450.93
10012,2380,596.0,100,823.33,82332.7
10013,2381,172.0,276,6.67,1841.71
10014,2382,167.0,466,7.02,3273.2
10015,2382,102.0,304,36.56,11113.43
10016,2382,551.0,284,20.16,5726.22
10017,2382,582.0,468,44.95,21038.04
10018,2382,441.0,64,32.01,2048.39
10019,2382,598.0,430,18.26,7853.36
10020,2383,110.0,400,5473.98,2189593.28
10021,2383,103.0,80,2495.35,199627.94
10022,2384,483.0,473,37.29,17638.17
10023,2384,189.0,230,1073.75,246962.5
10024,2384,345.0,214,44.76,9578.64
10025,2384,572.0,317,10.41,3299.97
10026,2384,514.0,92,33.47,3079.24
10027,2384,424.0,395,25.35,10013.25
10028,2385,27.0,84,383.27,32194.35
10029,2385,250.0,433,1613.55,698669.24
10030,2385,213.0,311,2295.86,714013.68
10031,2386,170.0,45,1617.57,72790.52
10032,2386,287.0,280,4421.23,1237944.97
10033,2387,487.0,428,4424.4,1893642.63
10034,2387,434.0,301,2953.51,889005.65
10035,2387,114.0,147,1470.82,216210.74
10036,2388,165.0,151,1539.65,232487.5
10037,2388,13.0,250,1850.3,462575.79
10038,2388,170.0,334,1543.75,515611.46
10039,2389,476.0,296,3146.01,931218.85
10040,2389,543.0,42,2602.41,109301.42
10041,2389,300.0,241,4210.01,1014613.09
10042,2389,568.0,408,1380.61,563289.96
10043,2389,558.0,428,3429.43,1467797.03
10044,2390,419.0,47,1750.0,82250.0
10045,2390,50.0,384,2622.0,1006848.0
10046,2390,354.0,273,648.0,176904.0
10047,2391,556.0,359,4496.0,1614064.0
10048,2391,23.0,267,3096.0,826632.0
10049,2392,368.0,395,3694.17,1459196.39
10050,2392,597.0,24,1459.0,35016.07
10051,2392,110.0,260,5792.01,1505921.64
10052,2392,308.0,233,1389.81,323826.15
10053,2393,498.0,197,5722.02,1127238.18
10054,2393,467.0,30,3485.03,104550.88
10055,2394,359.0,473,202.0,95546.0
10056,2394,69.0,427,4407.0,1881789.0
10057,2395,141.0,239,3109.64,743204.08
10058,2395,291.0,498,5570.98,2774350.13
10059,2395,293.0,220,3446.79,758294.02
10060,2395,597.0,477,1453.72,693425.01
10061,2396,71.0,275,37.28,10252.0
10062,2396,469.0,399,12.95,5167.05
10063,2396,424.0,272,25.35,6895.2
10064,2396,251.0,24,31.8,763.2
10065,2397,591.0,366,68.96,25237.7
10066,2397,236.0,271,39.67,10749.92
10067,2397,543.0,26,32.94,856.37
10068,2397,153.0,240,33.68,8082.32
10069,2397,243.0,51,1.62,82.73
10070,2397,13.0,77,24.24,1866.1
10071,2397,439.0,348,10.7,3724.97
10072,2397,600.0,366,351.91,128800.01
10073,2398,562.0,170,3289.05,559137.91
10074,2398,227.0,213,2256.19,480568.83
10075,2398,87.0,188,831.38,156300.25
10076,2398,377.0,459,646.13,296572.09
10077,2398,273.0,282,2737.15,771877.18
10078,2399,582.0,78,42.0,3276.0
10079,2399,167.0,479,5.99,2869.21
10080,2399,490.0,315,44.78,14105.7
10081,2399,483.0,377,37.29,14058.33
10082,2400,43.0,444,3340.22,1483056.44
10083,2400,260.0,198,2511.25,497226.84
10084,2400,170.0,481,1627.25,782708.06
10085,2400,439.0,425,840.58,357246.59
10086,2400,202.0,228,5664.59,1291526.58
10087,2401,486.0,477,2184.43,1041973.68
10088,2401,48.0,186,197.25,36688.74
10089,2401,515.0,95,2322.57,220643.7
10090,2401,8.0,268,1320.84,353985.77
10091,2401,179.0,393,4979.75,1957040.53
10092,2401,217.0,415,3662.15,1519790.96
10093,2401,407.0,143,1078.02,154157.4
10094,2402,58.0,43,2033.02,87420.05
10095,2402,398.0,70,2038.58,142700.65
10096,2402,97.0,273,4166.75,1137522.34
10097,2402,431.0,282,1996.88,563121.06
10098,2402,250.0,219,1590.81,348387.72
10099,2402,266.0,318,5425.15,1725197.33
10100,2402,516.0,323,4778.05,1543309.21
10101,2403,59.0,218,3899.38,850065.17
10102,2403,508.0,102,3605.67,367778.39
10103,2403,524.0,299,3289.31,983503.67
10104,2403,439.0,126,816.03,102819.54
10105,2403,211.0,85,2460.01,209100.45
10106,2404,39.0,140,4695.78,657409.64
10107,2404,96.0,428,1886.74,807526.85
10108,2404,518.0,269,4804.03,1292284.39
10109,2404,156.0,385,3035.14,1168530.49
10110,2404,136.0,459,120.3,55218.64
10111,2404,473.0,333,3010.38,1002456.77
10112,2405,190.0,299,4540.66,1357657.72
10113,2405,415.0,487,418.45,203784.01
10114,2405,414.0,204,2950.05,601810.01
10115,2406,159.0,344,5.34,1836.96
10116,2406,357.0,375,6.71,2516.25
10117,2406,579.0,39,25.67,1001.13
10118,2407,211.0,426,2180.37,928838.98
10119,2407,236.0,347,3385.01,1174598.87
10120,2407,494.0,170,3975.86,675896.38
10121,2407,508.0,263,3537.65,930402.7
10122,2407,127.0,431,5140.12,2215393.22
10123,2408,96.0,87,2089.03,181745.78
10124,2408,248.0,359,5510.99,1978446.69
10125,2409,554.0,219,588.0,128772.0
10126,2410,146.0,402,4766.0,1915932.0
10127,2410,210.0,292,4906.0,1432552.0
10128,2411,449.0,419,3596.85,1507079.64
10129,2411,572.0,239,937.85,224145.87
10130,2411,508.0,128,3510.4,449330.95
10131,2412,285.0,228,1173.98,267667.16
10132,2412,129.0,326,893.04,291129.78
10133,2413,364.0,279,2923.76,815728.11
10134,2413,173.0,404,2693.42,1088139.79
10135,2413,347.0,309,3422.44,1057535.47
10136,2413,464.0,285,1496.54,426515.04
10137,2413,555.0,34,4162.06,141510.13
10138,2413,434.0,332,2910.31,966224.14
10139,2413,289.0,118,4806.53,567170.81
10140,2413,281.0,36,341.79,12304.28
10141,2414,391.0,210,17.66,3708.07
10142,2414,340.0,273,46.53,12701.91
10143,2414,375.0,187,43.98,8224.37
10144,2414,449.0,247,41.76,10315.45
10145,2414,551.0,457,19.47,8899.47
10146,2414,272.0,103,1614.54,166297.5
10147,2414,360.0,493,1490.77,734950.7
10148,2415,565.0,113,32.33,3653.55
10149,2415,480.0,253,38.72,9796.13
10150,2415,542.0,169,63.17,10675.75
10151,2416,71.0,329,37.28,12265.12
10152,2416,570.0,55,53.48,2941.4
10153,2416,160.0,88,27.65,2433.2
10154,2416,54.0,83,55.82,4633.06
10155,2416,275.0,190,43.78,8318.2
10156,2416,80.0,159,28.96,4604.64
10157,2417,62.0,234,3187.65,745909.88
10158,2417,243.0,97,156.44,15175.06
10159,2417,4.0,355,481.5,170931.7
10160,2417,210.0,483,5163.32,2493882.97
10161,2417,25.0,448,2185.51,979107.98
10162,2417,324.0,403,4014.33,1617773.79
10163,2418,160.0,284,29.52,8382.6
10164,2418,21.0,279,7.72,2154.07
10165,2418,141.0,365,33.97,12399.14
10166,2418,565.0,88,31.6,2781.13
10167,2419,89.0,483,2428.41,1172920.27
10168,2419,374.0,312,294.01,91730.74
10169,2419,71.0,83,3757.48,311870.82
10170,2419,13.0,323,1844.81,595873.62
10171,2419,33.0,202,1869.21,377580.3
10172,2419,413.0,347,5034.76,1747060.29
10173,2419,551.0,156,1721.71,268586.14
10174,2419,446.0,48,4252.58,204123.65
10175,2419,512.0,281,2397.05,673571.07
10176,2420,13.0,49,20.22,990.78
10177,2420,236.0,146,36.04,5261.84
10178,2420,352.0,30,19.34,580.2
10179,2421,515.0,178,2496.56,444388.24
10180,2421,122.0,253,4348.77,1100239.61
10181,2422,395.0,199,4599.0,915201.0
10182,2423,306.0,232,5.59,1297.97
10183,2423,550.0,473,23.94,11323.64
10184,2423,25.0,147,25.22,3707.19
10185,2423,227.0,475,26.26,12474.98
10186,2424,304.0,79,13.45,1062.55
10187,2424,515.0,243,25.01,6077.43
10188,2424,170.0,94,16.95,1593.3
10189,2424,359.0,16,2.38,38.08
10190,2424,474.0,394,13.64,5374.16
10191,2424,77.0,327,827.84,270703.68
10192,2425,473.0,69,2871.73,198149.55
10193,2425,39.0,180,4450.08,801015.19
10194,2425,281.0,157,319.75,50200.73
10195,2425,378.0,163,2927.09,477116.38
10196,2425,96.0,26,2031.24,52812.35
10197,2425,518.0,309,5122.52,1582858.15
10198,2426,446.0,224,3913.0,876512.0
10199,2426,374.0,486,263.0,127818.0
10200,2426,530.0,372,2980.0,1108560.0
10201,2426,196.0,253,3149.0,796697.0
10202,2426,352.0,296,1644.0,486624.0
10203,2426,89.0,139,2126.0,295514.0
10204,2427,572.0,472,885.0,417720.0
10205,2427,194.0,208,1927.0,400816.0
10206,2427,287.0,468,4191.0,1961388.0
10207,2427,371.0,44,4754.0,209176.0
10208,2428,160.0,143,29.18,4173.15
10209,2428,585.0,258,670.76,173055.4
10210,2428,574.0,139,68.58,9532.41
10211,2428,150.0,437,163.92,71631.95
10212,2428,167.0,300,6.48,1943.66
10213,2428,147.0,494,16.93,8361.81
10214,2428,89.0,422,29.95,12638.76
10215,2429,133.0,359,1280.99,459876.95
10216,2429,348.0,172,1440.95,247843.3
10217,2429,85.0,21,2677.8,56233.86
10218,2429,161.0,488,2361.57,1152447.35
10219,2429,381.0,436,2715.15,1183805.9
10220,2430,91.0,190,1105.36,210019.19
10221,2430,275.0,29,49.2,1426.81
10222,2431,541.0,452,2742.95,1239811.38
10223,2431,368.0,72,3577.79,257600.82
10224,2431,318.0,376,4265.41,1603792.61
10225,2431,556.0,32,5013.93,160445.7
10226,2431,227.0,83,2332.67,193611.74
10227,2431,538.0,453,154.47,69977.12
10228,2431,335.0,198,5106.66,1011118.17
10229,2431,317.0,477,5664.4,2701920.75
10230,2432,410.0,362,784.76,284082.4
10231,2432,335.0,390,5052.39,1970431.78
10232,2432,374.0,206,285.09,58729.05
10233,2433,449.0,157,3811.74,598442.85
10234,2433,508.0,436,3716.84,1620542.47
10235,2433,399.0,134,3740.23,501190.54
10236,2433,324.0,92,4117.61,378819.67
10237,2433,311.0,138,3409.91,470567.96
10238,2433,56.0,48,1557.15,74743.08
10239,2434,48.0,149,2.3,343.08
10240,2435,565.0,249,2561.05,637701.37
10241,2435,439.0,495,834.37,413013.65
10242,2435,206.0,114,2006.57,228749.49
10243,2435,127.0,381,4654.73,1773450.59
10244,2435,232.0,188,4239.64,797052.46
10245,2435,553.0,464,1132.61,525532.65
10246,2435,125.0,116,5367.69,622652.29
10247,2435,345.0,327,4545.22,1486288.25
10248,2436,50.0,101,2963.96,299360.28
10249,2436,81.0,380,941.45,357750.25
10250,2437,55.0,302,1154.69,348715.94
10251,2437,231.0,219,4856.87,1063653.85
10252,2437,27.0,444,413.94,183788.25
10253,2437,96.0,370,1873.45,693175.2
10254,2437,248.0,447,5454.9,2438339.83
10255,2437,529.0,123,1938.07,238382.52
10256,2438,279.0,340,4555.62,1548911.25
10257,2438,289.0,38,5050.69,191926.22
10258,2438,231.0,129,4522.63,583419.46
10259,2439,142.0,196,4612.18,903987.55
10260,2439,19.0,392,371.97,145813.09
10261,2439,95.0,275,1899.39,522332.37
10262,2439,475.0,286,590.76,168956.27
10263,2439,241.0,40,1742.32,69692.96
10264,2440,476.0,449,2954.8,1326703.86
10265,2440,300.0,39,3977.6,155126.51
10266,2440,543.0,97,2665.87,258589.03
10267,2441,26.0,113,1005.41,113611.77
10268,2441,21.0,211,7.36,1552.32
10269,2441,194.0,481,26.29,12647.3
10270,2441,565.0,88,29.84,2625.59
10271,2442,170.0,277,18.32,5075.97
10272,2442,562.0,453,39.32,17810.63
10273,2442,525.0,70,1622.89,113602.6
10274,2442,318.0,17,54.08,919.38
10275,2443,200.0,338,2513.85,849682.37
10276,2443,367.0,435,130.39,56719.71
10277,2443,498.0,46,5295.42,243589.23
10278,2443,131.0,317,4645.53,1472633.6
10279,2443,451.0,22,2047.77,45050.99
10280,2444,497.0,235,1624.59,381778.08
10281,2444,147.0,487,16.92,8240.67
10282,2444,556.0,185,56.46,10444.42
10283,2445,61.0,432,2423.0,1046736.0
10284,2445,544.0,342,664.0,227088.0
10285,2446,33.0,55,20.54,1129.7
10286,2447,113.0,300,773.14,231942.0
10287,2447,259.0,33,51.89,1712.37
10288,2448,375.0,447,4017.97,1796034.47
10289,2448,41.0,185,3666.28,678261.88
10290,2448,158.0,322,549.16,176830.59
10291,2449,147.0,267,1531.59,408934.19
10292,2450,441.0,230,2604.49,599032.62
10293,2450,366.0,14,1510.2,21142.86
10294,2450,445.0,155,4564.53,707501.49
10295,2450,129.0,247,868.2,214446.27
10296,2450,227.0,291,2227.41,648175.5
10297,2450,59.0,136,3584.23,487455.2
10298,2450,456.0,90,3694.76,332528.72
10299,2450,597.0,382,1446.2,552447.66
10300,2450,9.0,171,1254.93,214593.07
10301,2451,70.0,400,2535.92,1014369.36
10302,2451,572.0,50,982.76,49137.89
10303,2451,486.0,293,2270.57,665276.55
10304,2451,308.0,28,1309.7,36671.53
10305,2451,41.0,195,4065.72,792815.04
10306,2451,9.0,231,1214.41,280527.97
10307,2452,32.0,33,54.71,1805.43
10308,2452,542.0,124,55.07,6828.68
10309,2452,129.0,130,8.78,1141.4
10310,2452,392.0,343,43.51,14923.93
10311,2452,192.0,60,16.86,1011.6
10312,2453,434.0,240,2861.7,686808.03
10313,2453,555.0,223,4187.63,933842.25
10314,2453,276.0,403,2136.17,860875.19
10315,2453,348.0,296,1436.76,425281.59
10316,2453,355.0,193,4933.72,952208.24
10317,2454,395.0,195,62.93,12272.31
10318,2454,77.0,206,920.31,189583.3
10319,2454,553.0,42,13.4,563.0
10320,2454,567.0,22,57.8,1271.63
10321,2454,426.0,98,123.53,12105.86
10322,2454,74.0,105,19.18,2013.99
10323,2455,551.0,410,19.92,8168.57
10324,2455,129.0,154,10.21,1571.78
10325,2455,456.0,103,40.02,4122.44
10326,2455,185.0,481,52.55,25275.93
10327,2455,416.0,233,61.88,14417.24
10328,2456,111.0,324,1656.3,536639.81
10329,2456,456.0,234,3373.95,789504.68
10330,2456,89.0,276,2530.89,698526.6
10331,2456,462.0,159,4319.68,686829.87
10332,2456,422.0,224,3196.01,715906.37
10333,2457,59.0,176,3377.0,594352.0
10334,2457,211.0,42,2054.0,86268.0
10335,2457,439.0,421,762.0,320802.0
10336,2457,127.0,248,4315.0,1070120.0
10337,2457,524.0,360,2944.0,1059840.0
10338,2458,548.0,474,5120.56,2427145.45
10339,2458,460.0,459,1181.48,542301.06
10340,2458,530.0,334,3163.92,1056748.53
10341,2458,577.0,88,5600.15,492813.33
10342,2458,43.0,462,3289.24,1519629.46
10343,2458,117.0,458,383.51,175649.66
10344,2458,469.0,278,1214.54,337642.95
10345,2458,409.0,408,2154.25,878933.47
10346,2459,71.0,165,44.11,7277.57
10347,2459,54.0,328,63.53,20839.39
10348,2459,160.0,240,30.36,7287.05
10349,2459,11.0,397,1838.32,729811.84
10350,2459,80.0,285,31.69,9031.92
10351,2459,550.0,333,24.69,8220.37
10352,2460,374.0,227,3.09,701.43
10353,2461,4.0,335,476.7,159693.49
10354,2461,514.0,329,3369.39,1108528.21
10355,2461,153.0,399,2752.7,1098328.14
10356,2461,582.0,357,4032.54,1439618.09
10357,2461,158.0,459,534.59,245375.13
10358,2461,566.0,482,346.51,167016.66
10359,2462,37.0,486,1179.0,572994.0
10360,2462,503.0,317,3428.0,1086676.0
10361,2462,437.0,394,4744.0,1869136.0
10362,2462,95.0,31,1796.0,55676.0
10363,2462,557.0,405,308.0,124740.0
10364,2462,204.0,279,2821.0,787059.0
10365,2463,446.0,101,4164.57,420621.78
10366,2463,176.0,156,4589.06,715893.09
10367,2463,153.0,101,2719.29,274648.7
10368,2463,196.0,427,3773.55,1611303.88
10369,2464,345.0,468,44.76,20947.68
10370,2464,455.0,471,45.88,21609.48
10371,2464,493.0,467,57.78,26983.26
10372,2464,203.0,225,56.14,12631.5
10373,2464,196.0,82,37.05,3038.1
10374,2465,480.0,134,2965.36,397357.96
10375,2465,318.0,119,4346.43,517224.69
10376,2465,530.0,293,3277.52,960312.14
10377,2465,87.0,134,864.93,115900.07
10378,2465,377.0,438,631.39,276548.95
10379,2465,490.0,238,4093.77,974318.35
10380,2465,217.0,15,3558.5,53377.57
10381,2465,543.0,190,2654.81,504413.37
10382,2466,529.0,472,1681.0,793432.0
10383,2466,98.0,452,2102.0,950104.0
10384,2466,417.0,115,3794.0,436310.0
10385,2466,465.0,498,1752.0,872496.0
10386,2466,333.0,143,3256.0,465608.0
10387,2467,316.0,335,4719.16,1580918.23
10388,2467,283.0,198,920.48,182255.53
10389,2468,416.0,20,5134.49,102689.71
10390,2468,201.0,269,5400.44,1452717.61
10391,2468,345.0,395,4325.7,1708650.2
10392,2469,122.0,103,4411.61,454395.59
10393,2469,111.0,36,1573.96,56662.63
10394,2469,499.0,374,5367.75,2007537.87
10395,2469,102.0,208,3116.05,648138.86
10396,2469,515.0,424,2342.58,993251.84
10397,2469,541.0,492,2888.54,1421162.71
10398,2470,303.0,230,2023.21,465337.53
10399,2470,360.0,104,1454.07,151222.8
10400,2470,488.0,458,225.01,103055.46
10401,2470,570.0,295,63.07,18606.68
10402,2470,77.0,337,976.62,329122.45
10403,2470,419.0,335,23.95,8023.78
10404,2471,222.0,487,31.98,15574.26
10405,2471,360.0,30,1252.56,37576.8
10406,2471,243.0,375,1.54,577.5
10407,2471,577.0,408,58.51,23872.08
10408,2471,13.0,253,20.22,5115.66
10409,2471,23.0,193,36.42,7029.06
10410,2472,9.0,448,1284.95,575657.38
10411,2472,129.0,399,841.11,335601.3
10412,2472,41.0,373,3947.58,1472445.85
10413,2472,375.0,245,3973.57,973524.38
10414,2472,70.0,180,2789.43,502097.04
10415,2472,450.0,154,1071.28,164976.6
10416,2472,308.0,467,1324.22,618411.62
10417,2472,486.0,476,2399.79,1142298.93
10418,2472,222.0,391,2924.88,1143628.87
10419,2472,108.0,331,5306.48,1756446.34
10420,2473,360.0,80,1476.47,118117.48
10421,2473,577.0,323,69.56,22469.07
10422,2474,70.0,123,2412.0,296676.0
10423,2474,311.0,399,3102.0,1237698.0
10424,2474,192.0,51,1433.0,73083.0
10425,2474,244.0,372,4522.0,1682184.0
10426,2474,494.0,77,3471.0,267267.0
10427,2474,205.0,360,2586.0,930960.0
10428,2475,550.0,432,21.44,9262.08
10429,2475,287.0,33,49.31,1627.23
10430,2475,251.0,137,31.8,4356.6
10431,2475,483.0,227,37.29,8464.83
10432,2476,313.0,406,4362.0,1770972.0
10433,2476,561.0,150,2874.0,431100.0
10434,2476,503.0,301,3428.0,1031828.0
10435,2476,563.0,411,3939.0,1618929.0
10436,2476,133.0,367,1154.0,423518.0
10437,2476,83.0,31,3324.0,103044.0
10438,2476,501.0,307,860.0,264020.0
10439,2477,570.0,272,5201.83,1414896.87
10440,2477,210.0,298,5152.51,1535449.42
10441,2477,432.0,97,5383.37,522186.92
10442,2478,157.0,126,1707.11,215095.86
10443,2478,354.0,153,7.62,1165.86
10444,2478,255.0,448,32.51,14564.48
10445,2478,600.0,27,327.66,8846.82
10446,2478,153.0,446,28.73,12813.58
10447,2478,462.0,216,46.76,10100.16
10448,2479,446.0,424,4122.31,1747857.76
10449,2479,368.0,444,3458.65,1535640.41
10450,2479,395.0,359,5176.87,1858496.88
10451,2479,441.0,377,2542.65,958578.71
10452,2479,242.0,170,3001.73,510293.31
10453,2479,396.0,58,4743.5,275123.11
10454,2479,330.0,293,3004.9,880436.7
10455,2479,560.0,222,477.62,106032.3
10456,2479,185.0,392,4842.9,1898415.88
10457,2480,77.0,356,897.56,319530.64
10458,2480,426.0,216,135.36,29237.48
10459,2481,84.0,113,54.36,6142.61
10460,2481,568.0,360,16.45,5920.93
10461,2481,542.0,21,60.35,1267.33
10462,2481,324.0,329,45.94,15114.65
10463,2482,342.0,474,4092.24,1939723.88
10464,2482,557.0,77,367.68,28311.53
10465,2482,135.0,374,3720.01,1391282.4
10466,2482,405.0,425,4201.29,1785546.84
10467,2483,287.0,245,49.31,12080.95
10468,2483,491.0,188,20.21,3799.48
10469,2484,274.0,339,4455.0,1510245.0
10470,2484,168.0,166,4949.0,821534.0
10471,2484,470.0,266,1089.0,289674.0
10472,2484,245.0,430,3645.0,1567350.0
10473,2484,429.0,178,3233.0,575474.0
10474,2484,120.0,104,4489.0,466856.0
10475,2485,227.0,264,1963.0,518232.0
10476,2485,562.0,410,3011.0,1234510.0
10477,2485,377.0,451,553.0,249403.0
10478,2485,446.0,135,3913.0,528255.0
10479,2485,273.0,217,2350.0,509950.0
10480,2486,153.0,24,30.95,742.79
10481,2486,445.0,49,55.85,2736.65
10482,2486,38.0,143,1626.23,232550.83
10483,2486,255.0,331,36.38,12043.33
10484,2486,588.0,75,3.74,280.14
10485,2486,174.0,168,1125.57,189095.74
10486,2486,476.0,368,34.87,12830.38
10487,2487,291.0,247,69.49,17163.84
10488,2487,574.0,149,62.41,9298.96
10489,2487,334.0,207,185.44,38385.31
10490,2487,543.0,257,32.73,8410.63
10491,2488,232.0,349,50.84,17743.25
10492,2488,528.0,153,1404.14,214833.46
10493,2488,293.0,188,41.78,7853.73
10494,2488,59.0,57,45.43,2589.35
10495,2489,21.0,30,8.03,241.03
10496,2490,460.0,260,14.08,3661.68
10497,2490,56.0,300,18.09,5427.76
10498,2490,439.0,123,10.53,1295.56
10499,2490,192.0,57,17.77,1013.07
10500,2491,28.0,113,4343.0,490759.0
10501,2491,194.0,178,1927.0,343006.0
10502,2491,244.0,419,4522.0,1894718.0
10503,2491,582.0,186,3570.0,664020.0
10504,2491,535.0,350,2376.0,831600.0
10505,2491,306.0,349,400.0,139600.0
10506,2491,202.0,183,4926.0,901458.0
10507,2491,255.0,17,2763.0,46971.0
10508,2492,396.0,396,4549.82,1801728.39
10509,2492,185.0,58,5000.2,290011.67
10510,2492,203.0,88,5036.0,443168.39
10511,2492,543.0,263,2731.77,718454.85
10512,2493,87.0,278,835.61,232300.82
10513,2493,562.0,462,3502.57,1618188.45
10514,2493,446.0,162,4559.14,738581.3
10515,2493,273.0,301,2527.34,760729.69
10516,2494,407.0,489,1036.26,506728.91
10517,2494,217.0,261,3890.33,1015375.37
10518,2494,201.0,114,4996.35,569583.71
10519,2494,515.0,151,2294.32,346441.83
10520,2495,452.0,488,3812.0,1860256.0
10521,2495,95.0,194,1796.0,348424.0
10522,2496,27.0,255,380.41,97004.74
10523,2496,72.0,412,5119.62,2109282.14
10524,2496,248.0,405,5477.18,2218256.29
10525,2496,529.0,83,1934.86,160593.46
10526,2496,274.0,104,5299.4,551137.76
10527,2497,237.0,207,35.72,7393.55
10528,2497,21.0,377,8.11,3057.02
10529,2497,49.0,106,589.44,62480.81
10530,2497,560.0,381,5.96,2271.36
10531,2497,360.0,287,1478.96,424462.81
10532,2497,182.0,135,6.44,869.52
10533,2497,513.0,418,51.67,21599.08
10534,2498,251.0,177,2964.09,524644.46
10535,2498,122.0,179,3959.47,708745.93
10536,2498,509.0,466,2363.76,1101513.15
10537,2498,471.0,182,608.95,110829.77
10538,2499,568.0,483,1295.0,625485.0
10539,2499,560.0,267,442.0,118014.0
10540,2500,81.0,344,9.53,3278.32
10541,2501,450.0,61,12.69,773.86
10542,2501,165.0,364,17.92,6521.46
10543,2501,330.0,19,32.23,612.28
10544,2501,210.0,164,68.17,11179.38
10545,2501,103.0,423,31.8,13453.36
10546,2502,357.0,199,672.63,133852.75
10547,2502,363.0,149,3265.34,486535.82
10548,2502,538.0,355,150.91,53572.87
10549,2502,176.0,48,4912.0,235775.87
10550,2503,439.0,429,10.26,4402.3
10551,2503,243.0,256,1.72,440.72
10552,2503,236.0,93,42.15,3920.18
10553,2503,407.0,229,12.08,2765.45
10554,2503,23.0,281,42.77,12017.05
10555,2503,352.0,153,23.09,3533.13
10556,2503,153.0,148,32.82,4857.09
10557,2503,472.0,353,1950.7,688596.61
10558,2504,554.0,247,588.0,145236.0
10559,2504,326.0,179,4803.0,859737.0
10560,2504,540.0,244,2111.0,515084.0
10561,2504,274.0,134,4455.0,596970.0
10562,2505,211.0,381,2054.0,782574.0
10563,2505,222.0,106,2718.0,288108.0
10564,2505,170.0,230,1441.0,331430.0
10565,2505,418.0,138,4157.0,573666.0
10566,2505,23.0,467,3096.0,1445832.0
10567,2506,570.0,158,53.48,8449.84
10568,2506,598.0,497,16.62,8260.14
10569,2506,580.0,439,313.6,137670.4
10570,2506,578.0,246,20.91,5143.86
10571,2506,319.0,171,7.61,1301.31
10572,2506,56.0,295,16.93,4994.35
10573,2506,330.0,406,30.25,12281.5
10574,2507,165.0,322,17.59,5664.88
10575,2507,330.0,441,31.88,14057.19
10576,2507,210.0,106,66.36,7033.86
10577,2507,103.0,354,30.12,10660.79
10578,2508,44.0,450,198.0,89100.0
10579,2508,55.0,260,988.0,256880.0
10580,2508,532.0,366,1538.0,562908.0
10581,2508,61.0,460,2423.0,1114580.0
10582,2508,531.0,372,1011.0,376092.0
10583,2509,551.0,350,20.61,7212.26
10584,2509,74.0,120,19.88,2386.19
10585,2509,374.0,370,3.65,1349.36
10586,2509,167.0,166,6.63,1099.79
10587,2509,102.0,442,38.13,16855.34
10588,2510,42.0,259,4870.0,1261330.0
10589,2510,129.0,90,746.0,67140.0
10590,2510,499.0,281,4784.0,1344304.0
10591,2510,591.0,211,4978.0,1050358.0
10592,2511,69.0,436,4883.33,2129131.08
10593,2512,521.0,368,1307.09,481008.5
10594,2512,553.0,33,1096.65,36189.47
10595,2512,318.0,115,4303.02,494847.59
10596,2512,192.0,341,1588.05,541526.53
10597,2512,505.0,292,2469.04,720959.41
10598,2513,439.0,193,866.91,167314.28
10599,2513,176.0,499,4567.62,2279242.72
10600,2513,210.0,82,5859.88,480509.82
10601,2513,227.0,476,2122.79,1010446.19
10602,2513,577.0,226,5620.16,1270156.25
10603,2514,255.0,97,34.86,3381.1
10604,2514,157.0,247,1899.4,469152.31
10605,2515,201.0,482,5492.46,2647367.08
10606,2515,416.0,341,5276.16,1799171.26
10607,2515,206.0,360,1956.55,704356.28
10608,2515,553.0,376,1207.48,454013.36
10609,2515,125.0,376,5445.64,2047562.4
10610,2515,439.0,290,817.46,237063.17
10611,2515,304.0,398,1359.71,541166.07
10612,2515,226.0,144,3217.41,463307.33
10613,2515,128.0,358,2899.0,1037842.68
10614,2516,577.0,465,5510.05,2562173.61
10615,2516,538.0,290,150.65,43689.46
10616,2516,319.0,79,735.41,58097.58
10617,2516,301.0,158,273.98,43288.99
10618,2516,445.0,63,4647.5,292792.38
10619,2516,165.0,360,1468.31,528591.3
10620,2516,558.0,78,3653.26,284954.48
10621,2516,110.0,310,5576.34,1728666.61
10622,2517,598.0,294,16.62,4886.28
10623,2518,296.0,377,3966.41,1495334.78
10624,2519,91.0,190,1074.64,204181.78
10625,2519,196.0,333,44.21,14720.84
10626,2519,456.0,442,41.32,18262.51
10627,2519,462.0,30,51.74,1552.25
10628,2519,300.0,277,48.76,13505.84
10629,2519,235.0,280,8.17,2287.61
10630,2519,242.0,455,37.51,17065.83
10631,2520,232.0,187,45.57,8521.69
10632,2520,251.0,83,34.51,2864.55
10633,2520,567.0,85,62.55,5317.06
10634,2520,285.0,419,14.26,5974.59
10635,2521,446.0,462,4326.73,1998947.87
10636,2521,374.0,399,314.87,125634.25
10637,2522,490.0,264,44.78,11821.92
10638,2522,372.0,316,8.51,2689.16
10639,2522,514.0,34,33.47,1137.98
10640,2522,167.0,428,5.99,2563.72
10641,2523,295.0,146,1224.71,178808.24
10642,2524,29.0,459,4730.0,2171070.0
10643,2524,371.0,185,4754.0,879490.0
10644,2524,84.0,306,4212.0,1288872.0
10645,2524,249.0,178,3282.0,584196.0
10646,2524,102.0,200,2817.0,563400.0
10647,2524,25.0,481,1892.0,910052.0
10648,2524,450.0,259,1010.0,261590.0
10649,2524,237.0,115,2685.0,308775.0
10650,2524,48.0,378,174.0,65772.0
10651,2525,335.0,187,5226.88,977425.91
10652,2525,134.0,195,3750.42,731331.47
10653,2525,538.0,88,163.5,14387.78
10654,2525,60.0,195,3336.09,650537.36
10655,2525,368.0,26,3598.09,93550.26
10656,2526,125.0,180,55.56,10000.8
10657,2526,301.0,318,2.93,931.74
10658,2526,550.0,497,21.44,10655.68
10659,2526,197.0,214,53.62,11474.68
10660,2526,366.0,127,15.66,1988.82
10661,2526,391.0,284,15.71,4461.64
10662,2526,354.0,385,7.62,2933.7
10663,2526,60.0,222,36.79,8167.38
10664,2527,460.0,400,12.84,5135.69
10665,2527,202.0,410,61.47,25204.11
10666,2527,335.0,123,58.7,7219.99
10667,2527,240.0,470,21.97,10326.15
10668,2528,25.0,244,23.87,5823.99
10669,2528,147.0,417,18.42,7680.98
10670,2528,556.0,74,59.66,4414.99
10671,2529,582.0,454,3570.0,1620780.0
10672,2529,565.0,84,2377.0,199668.0
10673,2529,535.0,16,2376.0,38016.0
10674,2529,202.0,249,4926.0,1226574.0
10675,2530,300.0,281,3944.83,1108497.34
10676,2531,568.0,90,16.91,1521.83
10677,2532,501.0,187,1009.46,188769.81
10678,2532,540.0,218,2268.34,494497.52
10679,2532,554.0,122,700.31,85437.89
10680,2532,326.0,309,5097.6,1575157.73
10681,2532,274.0,433,4922.67,2131515.85
10682,2532,72.0,300,5238.8,1571640.18
10683,2533,395.0,373,4599.0,1715427.0
10684,2533,593.0,296,2487.0,736152.0
10685,2533,550.0,312,1822.0,568464.0
10686,2533,548.0,143,4721.0,675103.0
10687,2533,449.0,147,3340.0,490980.0
10688,2533,211.0,442,2054.0,907868.0
10689,2533,377.0,333,553.0,184149.0
10690,2533,172.0,443,488.0,216184.0
10691,2534,42.0,426,57.29,24405.54
10692,2534,419.0,453,20.59,9327.27
10693,2534,77.0,227,827.84,187919.68
10694,2534,570.0,11,53.48,588.28
10695,2534,488.0,378,191.0,72198.0
10696,2535,166.0,88,1439.79,126701.13
10697,2535,334.0,62,171.92,10658.84
10698,2535,291.0,474,66.75,31640.37
10699,2536,102.0,489,38.31,18732.23
10700,2536,306.0,283,4.95,1401.52
10701,2536,70.0,384,32.3,12402.16
10702,2536,582.0,53,45.61,2417.08
10703,2536,287.0,325,58.2,18913.6
10704,2537,399.0,456,3666.61,1671974.02
10705,2537,565.0,431,2547.98,1098177.43
10706,2537,474.0,38,1388.66,52769.16
10707,2537,259.0,185,4713.68,872030.97
10708,2537,306.0,335,461.55,154619.2
10709,2538,324.0,352,3468.0,1220736.0
10710,2538,441.0,296,2400.0,710400.0
10711,2538,577.0,444,4973.0,2208012.0
10712,2538,210.0,96,4906.0,470976.0
10713,2538,227.0,396,1963.0,777348.0
10714,2538,243.0,86,131.0,11266.0
10715,2538,30.0,17,2727.0,46359.0
10716,2539,251.0,21,2703.0,56763.0
10717,2539,141.0,398,2660.0,1058680.0
10718,2540,110.0,325,5315.0,1727373.55
10719,2541,430.0,288,1069.0,307872.0
10720,2542,72.0,354,5369.21,1900699.61
10721,2542,540.0,396,2473.5,979505.31
10722,2542,274.0,205,4707.26,964988.2
10723,2542,326.0,73,5645.5,412121.23
10724,2542,501.0,47,984.33,46263.49
10725,2542,554.0,39,646.4,25209.54
10726,2543,183.0,368,2844.36,1046725.56
10727,2543,423.0,168,2976.61,500069.82
10728,2543,430.0,391,1181.58,461997.1
10729,2543,295.0,421,1156.03,486686.7
10730,2543,281.0,371,335.49,124468.39
10731,2544,126.0,46,591.43,27205.58
10732,2544,317.0,104,5463.21,568174.35
10733,2545,95.0,67,1897.48,127131.22
10734,2545,173.0,442,2526.26,1116607.52
10735,2545,35.0,341,1935.45,659987.12
10736,2545,142.0,425,4418.18,1877728.1
10737,2545,19.0,139,396.36,55094.54
10738,2545,452.0,482,4523.09,2180131.16
10739,2545,36.0,39,1640.05,63962.12
10740,2546,33.0,364,20.54,7476.56
10741,2546,571.0,311,1424.0,442864.0
10742,2546,368.0,58,37.07,2150.06
10743,2546,375.0,428,39.69,16987.32
10744,2546,53.0,404,37.85,15291.4
10745,2547,244.0,268,4993.06,1338140.61
10746,2547,28.0,403,4777.52,1925341.35
10747,2547,194.0,497,2196.72,1091771.06
10748,2547,565.0,208,2797.79,581941.1
10749,2547,15.0,221,1648.48,364314.73
10750,2548,525.0,352,1381.12,486154.24
10751,2548,54.0,470,55.82,26235.4
10752,2548,440.0,335,46.22,15483.7
10753,2548,493.0,426,57.78,24614.28
10754,2548,217.0,330,38.31,12642.3
10755,2548,202.0,74,57.95,4288.3
10756,2548,79.0,485,18.75,9093.75
10757,2548,562.0,203,35.42,7190.26
10758,2549,46.0,208,2486.85,517265.39
10759,2549,414.0,471,2900.74,1366247.26
10760,2550,255.0,147,3064.43,450471.27
10761,2550,194.0,41,2150.27,88161.16
10762,2550,165.0,108,1499.05,161897.34
10763,2550,28.0,199,5188.75,1032561.84
10764,2550,582.0,116,4175.93,484408.43
10765,2550,202.0,106,5863.56,621537.69
10766,2550,535.0,466,2679.31,1248559.55
10767,2550,15.0,246,1628.15,400526.1
10768,2551,15.0,307,1752.22,537931.5
10769,2552,23.0,300,36.42,10926.0
10770,2552,352.0,304,19.34,5879.36
10771,2552,572.0,241,10.41,2508.81
10772,2552,591.0,444,58.56,26000.64
10773,2552,360.0,202,1252.56,253017.12
10774,2553,77.0,404,827.84,334447.36
10775,2553,360.0,389,1252.56,487245.84
10776,2553,570.0,440,53.48,23531.2
10777,2553,488.0,81,191.0,15471.0
10778,2553,42.0,126,57.29,7218.54
10779,2553,303.0,155,1706.55,264515.25
10780,2554,129.0,257,813.01,208943.26
10781,2554,424.0,69,2309.83,159378.53
10782,2554,122.0,31,3984.61,123522.77
10783,2554,570.0,269,5403.12,1453438.07
10784,2554,593.0,87,2642.61,229907.17
10785,2554,413.0,312,5029.94,1569342.43
10786,2554,165.0,489,1544.95,755479.12
10787,2555,446.0,342,4485.02,1533876.55
10788,2555,512.0,300,2195.71,658713.12
10789,2555,244.0,317,4847.44,1536638.89
10790,2555,151.0,413,2505.07,1034593.76
10791,2555,483.0,87,3577.87,311274.81
10792,2555,239.0,44,1225.11,53904.73
10793,2556,366.0,118,1574.1,185744.13
10794,2556,512.0,415,2378.11,986916.94
10795,2556,59.0,248,3816.9,946590.04
10796,2556,317.0,157,5333.06,837291.13
10797,2556,129.0,105,871.6,91517.77
10798,2557,481.0,238,1724.7,410478.16
10799,2557,102.0,350,3307.27,1157545.77
10800,2557,395.0,55,5395.53,296753.98
10801,2557,129.0,28,787.03,22036.77
10802,2557,425.0,328,2803.82,919651.62
10803,2558,319.0,452,742.69,335695.46
10804,2558,460.0,434,1109.68,481599.2
10805,2558,175.0,420,2175.07,913531.47
10806,2558,548.0,17,5498.13,93468.25
10807,2558,469.0,384,1194.34,458626.67
10808,2559,466.0,127,2008.32,255056.57
10809,2559,39.0,365,4412.87,1610696.46
10810,2559,218.0,93,1684.06,156617.58
10811,2559,332.0,115,2982.17,342949.26
10812,2559,599.0,305,1344.01,409922.13
10813,2560,413.0,46,4355.0,200330.0
10814,2560,122.0,203,3706.0,752318.0
10815,2560,86.0,210,872.0,183120.0
10816,2560,556.0,97,4496.0,436112.0
10817,2560,129.0,125,746.0,93250.0
10818,2561,560.0,239,465.69,111300.45
10819,2561,170.0,148,1529.92,226428.12
10820,2561,239.0,212,1264.65,268105.07
10821,2562,103.0,479,32.6,15616.53
10822,2562,577.0,313,67.34,21076.83
10823,2562,560.0,265,5.51,1460.34
10824,2563,108.0,294,4822.71,1417876.26
10825,2563,239.0,120,1224.35,146922.16
10826,2563,235.0,299,659.84,197292.71
10827,2564,335.0,444,57.98,25744.98
10828,2564,571.0,17,1518.34,25811.7
10829,2564,542.0,132,59.32,7830.14
10830,2564,205.0,487,35.81,17440.41
10831,2564,560.0,98,5.82,570.4
10832,2564,103.0,385,30.98,11925.76
10833,2564,568.0,315,16.02,5044.88
10834,2565,304.0,203,1230.08,249705.94
10835,2565,370.0,25,1335.19,33379.67
10836,2565,232.0,392,4014.09,1573522.9
10837,2565,510.0,69,5347.22,368958.4
10838,2566,364.0,69,2907.91,200645.89
10839,2566,464.0,222,1477.66,328041.18
10840,2566,279.0,225,4427.15,996108.37
10841,2566,355.0,133,4894.63,650985.44
10842,2566,190.0,243,4516.79,1097580.28
10843,2566,555.0,222,3833.54,851046.46
10844,2567,402.0,61,1629.0,99369.0
10845,2567,183.0,264,2510.0,662640.0
10846,2568,377.0,224,621.78,139278.88
10847,2568,227.0,70,2230.12,156108.5
10848,2568,562.0,123,3203.54,394035.08
10849,2568,273.0,323,2653.29,857013.46
10850,2568,446.0,446,4651.96,2074772.27
10851,2569,30.0,145,32.08,4651.6
10852,2570,494.0,165,44.43,7330.63
10853,2570,70.0,255,31.07,7921.97
10854,2571,359.0,265,2.77,733.95
10855,2572,173.0,107,2666.16,285279.13
10856,2572,132.0,57,2484.27,141603.57
10857,2572,341.0,436,4954.11,2159993.61
10858,2572,437.0,78,5651.56,440821.85
10859,2572,1.0,380,132.93,50511.89
10860,2572,138.0,324,1759.87,570197.87
10861,2572,351.0,90,3277.62,294985.74
10862,2573,531.0,279,1166.28,325391.17
10863,2573,532.0,22,1691.46,37212.22
10864,2573,61.0,376,2894.21,1088224.83
10865,2573,44.0,22,211.07,4643.57
10866,2574,425.0,230,2484.0,571320.0
10867,2574,147.0,355,1369.0,485995.0
10868,2574,486.0,282,2021.0,569922.0
10869,2574,205.0,275,2586.0,711150.0
10870,2574,300.0,343,3749.0,1285907.0
10871,2574,82.0,37,2055.0,76035.0
10872,2574,125.0,25,4723.0,118075.0
10873,2575,175.0,278,1828.0,508184.0
10874,2575,519.0,446,328.0,146288.0
10875,2575,508.0,499,3117.0,1555383.0
10876,2575,71.0,224,3169.0,709856.0
10877,2575,486.0,308,2021.0,622468.0
10878,2575,345.0,29,3805.0,110345.0
10879,2575,217.0,262,3256.0,853072.0
10880,2576,110.0,325,5924.73,1925537.32
10881,2576,490.0,343,4007.75,1374657.0
10882,2576,236.0,290,3399.71,985914.64
10883,2576,285.0,330,1202.26,396746.38
10884,2576,366.0,116,1483.57,172093.62
10885,2576,481.0,223,1572.93,350762.45
10886,2576,308.0,217,1259.57,273327.76
10887,2576,175.0,286,2063.74,590229.19
10888,2576,444.0,379,4971.72,1884283.26
10889,2577,325.0,129,674.97,87071.14
10890,2577,375.0,29,46.52,1349.12
10891,2578,432.0,482,5349.45,2578437.11
10892,2578,146.0,480,5261.66,2525596.3
10893,2578,210.0,306,5872.73,1797056.38
10894,2578,126.0,359,607.01,217917.16
10895,2578,570.0,159,5309.92,844277.8
10896,2579,450.0,395,1171.88,462893.19
10897,2579,558.0,116,3613.73,419192.48
10898,2579,493.0,347,5394.21,1871791.13
10899,2579,54.0,442,5075.54,2243386.5
10900,2580,582.0,233,4055.09,944836.03
10901,2580,187.0,66,3860.38,254785.19
10902,2580,196.0,350,3611.61,1264064.39
10903,2580,153.0,472,2654.58,1252959.5
10904,2580,446.0,330,4311.22,1422703.19
10905,2581,551.0,434,17.98,7803.32
10906,2582,311.0,313,3102.0,970926.0
10907,2582,70.0,374,2412.0,902088.0
10908,2582,205.0,304,2586.0,786144.0
10909,2582,469.0,292,1101.0,321492.0
10910,2582,192.0,48,1433.0,68784.0
10911,2582,509.0,322,2248.0,723856.0
10912,2582,312.0,187,4537.0,848419.0
10913,2583,334.0,493,165.69,81684.62
10914,2583,574.0,314,63.47,19930.08
10915,2584,588.0,52,3.53,183.77
10916,2584,273.0,451,31.05,14002.16
10917,2584,519.0,350,4.17,1461.18
10918,2584,53.0,419,42.94,17992.02
10919,2584,196.0,477,43.51,20752.06
10920,2584,113.0,372,900.19,334870.71
10921,2584,497.0,445,1689.75,751938.71
10922,2585,562.0,477,3609.26,1721615.02
10923,2585,153.0,293,2769.31,811407.98
10924,2585,456.0,119,3733.24,444255.16
10925,2586,146.0,390,64.92,25319.68
10926,2586,374.0,248,3.45,854.51
10927,2586,159.0,194,5.8,1125.35
10928,2586,386.0,384,187.53,72009.68
10929,2586,103.0,169,30.5,5154.32
10930,2586,123.0,195,10.23,1994.34
10931,2586,126.0,226,7.39,1671.16
10932,2587,486.0,367,2307.53,846863.78
10933,2587,582.0,116,3955.79,458871.7
10934,2587,515.0,133,2397.39,318852.62
10935,2587,48.0,270,183.39,49516.47
10936,2588,185.0,155,57.84,8965.51
10937,2588,409.0,268,23.91,6407.36
10938,2589,242.0,253,2769.0,700557.0
10939,2589,293.0,102,3065.0,312630.0
10940,2590,23.0,372,3096.0,1151712.0
10941,2590,215.0,209,2042.0,426778.0
10942,2590,197.0,189,4558.0,861462.0
10943,2590,330.0,266,2571.0,683886.0
10944,2590,316.0,317,4398.0,1394166.0
10945,2591,82.0,313,24.18,7568.34
10946,2591,441.0,194,28.24,5478.56
10947,2591,551.0,306,17.98,5501.88
10948,2591,469.0,52,12.95,673.4
10949,2591,205.0,349,30.42,10616.58
10950,2591,598.0,161,16.62,2675.82
10951,2591,74.0,87,16.91,1471.17
10952,2592,304.0,330,1143.0,377190.0
10953,2592,170.0,490,1441.0,706090.0
10954,2592,553.0,362,1015.0,367430.0
10955,2592,232.0,38,3623.0,137674.0
10956,2592,127.0,106,4315.0,457390.0
10957,2592,206.0,154,1677.0,258258.0
10958,2592,128.0,58,2746.0,159268.0
10959,2593,236.0,325,42.75,13893.67
10960,2593,260.0,166,31.0,5145.19
10961,2593,440.0,259,55.34,14332.15
10962,2593,515.0,395,28.95,11435.92
10963,2594,561.0,500,2874.0,1437000.0
10964,2594,364.0,400,2623.0,1049200.0
10965,2594,459.0,264,4662.0,1230768.0
10966,2594,294.0,430,882.0,379260.0
10967,2594,342.0,139,3527.0,490253.0
10968,2594,138.0,278,1614.0,448692.0
10969,2595,424.0,483,2334.7,1127659.55
10970,2595,127.0,26,4628.11,120330.83
10971,2595,283.0,237,979.11,232048.73
10972,2595,568.0,262,1410.04,369429.53
10973,2595,422.0,471,3278.34,1544095.99
10974,2596,541.0,433,2909.68,1259890.04
10975,2596,308.0,405,1429.41,578910.66
10976,2596,345.0,262,4020.47,1053364.31
10977,2596,80.0,277,2875.06,796390.54
10978,2597,410.0,294,655.0,192570.0
10979,2597,54.0,474,4745.0,2249130.0
10980,2597,512.0,30,2054.0,61620.0
10981,2597,551.0,185,1528.0,282680.0
10982,2597,264.0,332,2345.0,778540.0
10983,2597,413.0,403,4355.0,1755065.0
10984,2597,13.0,456,1719.0,783864.0
10985,2598,591.0,23,58.56,1346.88
10986,2598,600.0,230,327.66,75361.8
10987,2598,23.0,318,36.42,11581.56
10988,2598,153.0,194,28.73,5573.62
10989,2598,243.0,440,1.54,677.6
10990,2599,387.0,479,4137.0,1981623.0
10991,2599,270.0,478,816.0,390048.0
10992,2599,245.0,156,3645.0,568620.0
10993,2599,500.0,19,3317.0,63023.0
10994,2599,364.0,208,2623.0,545584.0
10995,2599,429.0,427,3233.0,1380491.0
10996,2599,168.0,189,4949.0,935361.0
10997,2600,392.0,331,4083.42,1351612.17
10998,2600,556.0,144,4725.45,680464.61
10999,2600,300.0,409,4126.27,1687644.17
11000,2600,433.0,413,4506.86,1861331.39
11001,2601,43.0,486,3145.96,1528937.79
11002,2602,567.0,209,53.92,11269.28
11003,2602,232.0,110,42.62,4688.2
11004,2602,62.0,494,32.78,16193.32
11005,2602,515.0,119,25.01,2976.19
11006,2603,470.0,160,1200.75,192120.53
11007,2603,94.0,235,2584.27,607302.67
11008,2603,500.0,318,3716.23,1181762.56
11009,2603,286.0,380,4486.89,1705019.19
11010,2604,242.0,82,2769.0,227058.0
11011,2605,430.0,55,1069.0,58795.0
11012,2605,281.0,218,287.0,62566.0
11013,2605,405.0,77,3897.0,300069.0
11014,2605,183.0,35,2510.0,87850.0
11015,2606,187.0,28,3509.33,98261.15
11016,2606,111.0,487,1530.0,745110.54
11017,2606,515.0,220,2446.75,538286.08
11018,2606,102.0,143,2987.36,427193.07
11019,2606,122.0,33,4028.6,132943.81
11020,2606,471.0,129,665.04,85789.83
11021,2606,541.0,374,3040.05,1136979.45
11022,2607,41.0,219,3895.84,853189.29
11023,2608,368.0,410,3344.96,1371434.8
11024,2608,301.0,302,270.41,81663.14
11025,2608,122.0,100,4248.09,424809.01
11026,2609,192.0,307,19.45,5970.52
11027,2609,480.0,181,36.83,6666.19
11028,2609,565.0,236,30.19,7124.79
11029,2609,527.0,174,1830.24,318461.31
11030,2609,366.0,471,16.73,7878.83
11031,2609,474.0,498,16.18,8056.62
11032,2610,89.0,87,2260.28,196644.76
11033,2610,196.0,102,3388.45,345621.7
11034,2610,446.0,342,4385.64,1499887.69
11035,2610,102.0,211,2977.91,628338.81
11036,2610,80.0,151,2688.21,405919.94
11037,2610,530.0,343,3436.86,1178841.46
11038,2611,205.0,247,32.06,7918.41
11039,2611,242.0,349,34.83,12156.13
11040,2612,439.0,348,849.65,295679.04
11041,2612,291.0,440,5890.67,2591892.8
11042,2612,553.0,162,1082.57,175375.89
11043,2612,179.0,234,5147.3,1204468.74
11044,2612,79.0,276,1732.47,478162.34
11045,2612,577.0,423,5936.44,2511114.58
11046,2612,275.0,192,4257.82,817501.16
11047,2613,84.0,197,4522.3,890892.82
11048,2613,354.0,269,726.92,195541.6
11049,2614,174.0,480,1072.35,514728.82
11050,2614,462.0,406,55.09,22366.92
11051,2614,354.0,274,8.16,2235.66
11052,2614,45.0,344,865.86,297855.37
11053,2614,255.0,79,35.45,2800.85
11054,2615,542.0,442,60.57,26772.63
11055,2615,335.0,275,59.98,16494.39
11056,2615,103.0,240,30.24,7257.55
11057,2615,568.0,429,17.84,7653.14
11058,2616,91.0,308,1094.92,337234.6
11059,2616,119.0,22,34.47,758.43
11060,2616,251.0,264,33.72,8901.61
11061,2616,524.0,14,40.58,568.1
11062,2616,165.0,32,17.57,562.25
11063,2616,16.0,129,438.52,56568.52
11064,2617,335.0,80,4601.0,368080.0
11065,2618,332.0,190,2962.44,562862.92
11066,2619,306.0,273,472.13,128890.39
11067,2619,597.0,92,1494.85,137526.43
11068,2619,172.0,481,552.75,265872.58
11069,2620,240.0,211,20.14,4249.54
11070,2620,202.0,80,61.06,4884.48
11071,2621,69.0,222,4407.0,978354.0
11072,2621,30.0,214,2727.0,583578.0
11073,2622,230.0,311,531.27,165224.97
11074,2623,319.0,411,8.96,3682.9
11075,2623,598.0,65,19.85,1290.52
11076,2623,519.0,359,4.33,1554.06
11077,2624,352.0,452,20.43,9236.25
11078,2624,543.0,182,33.65,6125.0
11079,2624,236.0,427,38.97,16640.19
11080,2624,243.0,347,1.66,574.67
11081,2624,577.0,69,68.96,4758.52
11082,2624,572.0,439,12.35,5420.58
11083,2625,260.0,236,2494.0,588583.36
11084,2625,43.0,228,3241.1,738971.22
11085,2625,42.0,75,5214.41,391080.46
11086,2625,481.0,160,1722.56,275609.33
11087,2625,512.0,374,2193.07,820208.19
11088,2625,439.0,305,855.66,260975.88
11089,2625,170.0,428,1553.23,664781.37
11090,2626,87.0,274,859.4,235475.95
11091,2626,318.0,289,4296.32,1241636.21
11092,2626,23.0,18,3257.16,58628.89
11093,2627,519.0,206,381.89,78669.32
11094,2627,357.0,338,632.27,213708.11
11095,2627,352.0,119,1828.29,217566.29
11096,2627,172.0,495,563.72,279040.41
11097,2627,399.0,459,3582.97,1644584.14
11098,2627,550.0,475,2005.3,952516.81
11099,2628,437.0,152,4744.0,721088.0
11100,2628,485.0,315,2584.0,813960.0
11101,2628,204.0,182,2821.0,513422.0
11102,2628,351.0,368,3111.0,1144848.0
11103,2629,588.0,186,295.94,55044.33
11104,2629,42.0,370,5637.01,2085693.0
11105,2629,242.0,230,2936.13,675308.84
11106,2629,418.0,71,4575.46,324857.99
11107,2629,550.0,86,1983.61,170590.13
11108,2629,445.0,262,4736.71,1241017.58
11109,2629,476.0,423,3041.86,1286706.36
11110,2629,556.0,64,5304.25,339472.28
11111,2630,238.0,36,63.25,2276.99
11112,2630,421.0,144,361.66,52078.65
11113,2630,438.0,383,17.14,6565.93
11114,2630,8.0,456,15.14,6903.11
11115,2630,391.0,427,17.86,7625.88
11116,2630,49.0,291,546.26,158961.8
11117,2631,577.0,433,5326.85,2306525.77
11118,2631,129.0,198,827.16,163777.83
11119,2631,70.0,371,2802.16,1039602.0
11120,2631,409.0,87,2063.2,179498.39
11121,2631,399.0,195,3636.17,709052.23
11122,2631,264.0,161,2789.27,449072.37
11123,2631,41.0,205,4142.57,849226.4
11124,2632,235.0,289,682.55,197256.95
11125,2632,499.0,314,5069.19,1591725.24
11126,2632,108.0,196,4832.95,947257.75
11127,2632,251.0,475,3211.79,1525602.43
11128,2632,179.0,129,5275.32,680516.62
11129,2633,518.0,472,4814.04,2272225.56
11130,2634,493.0,245,4911.0,1203195.0
11131,2634,153.0,132,2442.0,322344.0
11132,2634,562.0,229,3011.0,689519.0
11133,2634,455.0,11,3900.0,42900.0
11134,2635,560.0,34,5.69,193.54
11135,2635,301.0,462,3.47,1600.86
11136,2635,513.0,241,50.94,12277.22
11137,2635,237.0,293,37.3,10929.59
11138,2635,243.0,427,1.8,768.04
11139,2635,488.0,35,215.57,7545.09
11140,2636,497.0,123,1655.08,203574.82
11141,2636,372.0,275,9.95,2735.06
11142,2636,519.0,247,4.12,1017.73
11143,2636,53.0,185,44.9,8305.92
11144,2637,122.0,362,49.77,18016.76
11145,2637,249.0,43,43.17,1856.14
11146,2637,87.0,462,10.07,4651.93
11147,2637,490.0,22,51.27,1127.97
11148,2637,589.0,105,2039.33,214129.37
11149,2637,472.0,325,1829.84,594697.24
11150,2637,408.0,494,29.43,14538.52
11151,2638,249.0,334,3525.64,1177563.96
11152,2639,530.0,451,3433.32,1548426.57
11153,2639,179.0,474,5397.5,2558414.55
11154,2639,196.0,42,3349.66,140685.71
11155,2639,141.0,357,2855.64,1019462.87
11156,2639,446.0,94,4637.12,435889.56
11157,2639,89.0,394,2346.18,924395.45
11158,2639,217.0,304,3734.6,1135316.89
11159,2640,87.0,397,9.29,3688.13
11160,2640,490.0,287,44.78,12851.86
11161,2641,151.0,159,29.97,4765.22
11162,2641,69.0,165,56.49,9321.21
11163,2641,460.0,327,12.65,4135.11
11164,2641,197.0,350,58.22,20376.11
11165,2641,16.0,275,434.9,119598.21
11166,2642,438.0,398,15.64,6224.72
11167,2642,230.0,231,531.27,122723.37
11168,2642,179.0,135,55.18,7449.3
11169,2642,396.0,466,49.09,22875.94
11170,2642,12.0,388,1195.14,463714.32
11171,2643,176.0,251,5142.89,1290866.26
11172,2643,441.0,157,2588.43,406383.52
11173,2643,62.0,220,3257.81,716719.14
11174,2643,108.0,346,5116.2,1770205.29
11175,2643,210.0,80,5555.17,444413.33
11176,2643,192.0,209,1654.7,345832.45
11177,2644,264.0,38,2640.52,100339.82
11178,2644,317.0,92,5121.77,471202.96
11179,2644,41.0,196,3743.29,733684.11
11180,2644,462.0,446,4223.17,1883535.72
11181,2644,550.0,130,2002.43,260315.99
11182,2644,598.0,110,1494.36,164379.24
11183,2644,70.0,376,2766.38,1040157.28
11184,2645,378.0,21,2467.0,51807.0
11185,2645,351.0,412,3111.0,1281732.0
11186,2646,196.0,475,42.62,20245.8
11187,2647,153.0,54,2834.05,153038.92
11188,2648,306.0,464,434.51,201611.39
11189,2648,354.0,416,760.56,316391.82
11190,2648,578.0,408,1913.77,780817.8
11191,2648,419.0,183,1894.71,346732.22
11192,2649,50.0,464,3004.22,1393957.8
11193,2649,558.0,197,3769.28,742548.87
11194,2649,476.0,223,2922.92,651810.09
11195,2649,300.0,35,3948.77,138206.95
11196,2649,568.0,388,1488.63,577588.68
11197,2650,425.0,403,2780.68,1120614.5
11198,2650,111.0,163,1541.75,251305.19
11199,2650,395.0,79,5208.67,411484.54
11200,2650,62.0,109,3013.45,328466.29
11201,2651,508.0,17,3298.07,56067.21
11202,2651,524.0,488,3341.31,1630557.23
11203,2651,50.0,92,3078.67,283238.1
11204,2651,176.0,445,4768.68,2122063.55
11205,2651,81.0,292,862.36,251810.17
11206,2651,543.0,328,2809.52,921523.15
11207,2652,97.0,242,4037.93,977178.49
11208,2652,137.0,257,2588.93,665354.21
11209,2652,27.0,103,402.12,41418.2
11210,2652,266.0,317,5569.31,1765470.58
11211,2652,213.0,328,2098.73,688383.1
11212,2652,549.0,392,1050.35,411736.83
11213,2652,51.0,259,1002.03,259526.53
11214,2652,516.0,112,5067.6,567571.01
11215,2653,513.0,486,4217.37,2049643.48
11216,2653,42.0,331,5544.88,1835356.08
11217,2653,255.0,63,3185.55,200689.52
11218,2653,499.0,161,5184.47,834699.62
11219,2653,425.0,156,2885.79,450183.33
11220,2653,598.0,257,1611.92,414262.57
11221,2654,493.0,301,5668.71,1706281.2
11222,2654,419.0,85,1862.73,158332.25
11223,2654,370.0,149,1300.64,193795.22
11224,2654,236.0,391,3281.22,1282958.83
11225,2654,102.0,231,3188.37,736513.97
11226,2654,483.0,385,3486.61,1342344.8
11227,2654,243.0,234,153.1,35825.25
11228,2654,562.0,224,3295.25,738135.26
11229,2654,50.0,105,2813.3,295396.4
11230,2655,91.0,359,1162.93,417492.63
11231,2655,235.0,116,7.59,880.74
11232,2655,400.0,117,9.61,1124.62
11233,2655,462.0,402,50.03,20112.69
11234,2656,433.0,274,4764.83,1305562.26
11235,2656,419.0,275,2026.49,557284.65
11236,2656,396.0,131,4823.23,631842.67
11237,2657,375.0,49,3744.09,183460.56
11238,2657,508.0,212,3301.48,699913.72
11239,2657,486.0,430,2190.46,941897.72
11240,2657,127.0,36,4636.25,166904.85
11241,2657,582.0,191,4095.87,782311.95
11242,2657,368.0,414,3310.31,1370468.98
11243,2658,516.0,344,5325.33,1831914.42
11244,2658,101.0,147,898.31,132052.23
11245,2659,450.0,179,1089.53,195025.53
11246,2659,560.0,444,516.93,229518.3
11247,2659,28.0,213,4926.35,1049313.01
11248,2659,316.0,386,5216.19,2013447.99
11249,2659,4.0,441,492.64,217252.84
11250,2659,432.0,205,5964.54,1222729.98
11251,2660,390.0,119,27.61,3285.59
11252,2660,210.0,155,57.72,8946.6
11253,2660,70.0,99,28.38,2809.62
11254,2660,227.0,376,23.09,8681.84
11255,2661,544.0,386,664.0,256304.0
11256,2661,532.0,466,1538.0,716708.0
11257,2661,44.0,299,198.0,59202.0
11258,2661,61.0,283,2423.0,685709.0
11259,2661,55.0,274,988.0,270712.0
11260,2662,9.0,151,1085.0,163835.0
11261,2662,450.0,48,1010.0,48480.0
11262,2662,375.0,190,3374.0,641060.0
11263,2662,92.0,431,269.0,115939.0
11264,2662,222.0,44,2718.0,119592.0
11265,2662,41.0,41,3489.0,143049.0
11266,2663,491.0,83,1718.0,142594.0
11267,2663,505.0,257,2229.0,572853.0
11268,2663,335.0,245,4601.0,1127245.0
11269,2663,15.0,379,1541.0,584039.0
11270,2663,89.0,109,2126.0,231734.0
11271,2663,551.0,82,1528.0,125296.0
11272,2664,146.0,23,5181.57,119176.08
11273,2664,432.0,125,5242.9,655363.02
11274,2664,210.0,466,5375.93,2505181.07
11275,2665,426.0,284,130.06,36937.55
11276,2665,553.0,92,13.34,1227.06
11277,2665,109.0,178,1065.15,189596.5
11278,2666,579.0,379,27.51,10424.65
11279,2666,185.0,251,54.54,13690.51
11280,2666,471.0,375,7.7,2886.18
11281,2666,159.0,212,6.3,1335.58
11282,2666,77.0,288,949.25,273384.79
11283,2667,481.0,114,1745.1,198941.05
11284,2667,70.0,241,2861.8,689694.3
11285,2667,562.0,317,3412.08,1081630.69
11286,2667,236.0,154,3474.19,535025.71
11287,2667,493.0,487,5167.43,2516539.17
11288,2667,433.0,216,4911.44,1060871.55
11289,2668,318.0,167,4158.92,694539.27
11290,2668,535.0,439,2754.04,1209022.67
11291,2668,513.0,482,4186.09,2017694.64
11292,2668,23.0,30,3417.18,102515.48
11293,2669,330.0,264,31.87,8413.93
11294,2669,450.0,235,12.84,3018.13
11295,2669,103.0,383,31.82,12188.1
11296,2669,165.0,490,17.77,8707.19
11297,2670,4.0,14,457.89,6410.52
11298,2670,176.0,300,4951.25,1485376.29
11299,2670,395.0,93,4882.93,454112.14
11300,2670,242.0,491,3199.04,1570730.84
11301,2670,446.0,85,4223.17,358969.19
11302,2671,567.0,500,53.92,26960.0
11303,2671,515.0,373,25.01,9328.73
11304,2671,251.0,465,31.8,14787.0
11305,2671,62.0,251,32.78,8227.78
11306,2672,391.0,109,1520.73,165759.22
11307,2672,262.0,45,2700.52,121523.49
11308,2672,202.0,154,5580.09,859333.97
11309,2672,558.0,271,3478.35,942633.74
11310,2672,393.0,316,1600.03,505608.89
11311,2672,480.0,305,2969.29,905634.9
11312,2673,43.0,357,3441.4,1228579.0
11313,2673,359.0,393,238.85,93869.65
11314,2673,249.0,138,3688.82,509057.41
11315,2674,472.0,218,1736.8,378622.4
11316,2674,236.0,45,36.04,1621.8
11317,2674,13.0,286,20.22,5782.92
11318,2675,9.0,347,15.29,5303.99
11319,2675,480.0,85,38.98,3313.02
11320,2675,151.0,207,31.36,6490.98
11321,2675,179.0,37,63.88,2363.54
11322,2676,334.0,463,174.45,80771.89
11323,2676,574.0,172,63.29,10886.39
11324,2676,291.0,234,66.18,15485.27
11325,2676,166.0,196,1401.69,274730.44
11326,2676,543.0,232,30.89,7167.26
11327,2677,407.0,306,12.62,3862.35
11328,2677,481.0,467,20.54,9591.54
11329,2677,47.0,249,792.59,197355.5
11330,2677,505.0,116,28.81,3341.78
11331,2677,372.0,243,9.96,2419.52
11332,2678,450.0,224,1112.73,249252.08
11333,2678,408.0,290,2333.82,676808.1
11334,2678,80.0,477,2744.9,1309315.41
11335,2678,308.0,492,1328.94,653836.25
11336,2678,50.0,450,2948.93,1327018.01
11337,2679,242.0,172,3180.18,546990.68
11338,2679,291.0,443,5333.53,2362752.81
11339,2680,254.0,381,43.52,16583.02
11340,2680,230.0,409,585.36,239410.91
11341,2680,486.0,456,26.07,11885.73
11342,2680,440.0,439,54.33,23851.78
11343,2680,396.0,54,53.19,2872.45
11344,2680,438.0,95,16.8,1595.54
11345,2681,474.0,475,1378.74,654900.68
11346,2681,275.0,89,4287.57,381594.02
11347,2681,293.0,189,3609.51,682196.6
11348,2681,153.0,419,2667.37,1117629.01
11349,2681,510.0,265,5391.38,1428714.44
11350,2681,399.0,220,3693.95,812668.18
11351,2682,200.0,77,2570.89,197958.44
11352,2682,131.0,172,4567.25,785567.27
11353,2682,367.0,452,135.38,61193.3
11354,2682,451.0,26,2036.76,52955.7
11355,2683,599.0,171,1291.47,220841.71
11356,2683,218.0,236,1791.18,422718.76
11357,2683,39.0,41,4431.16,181677.42
11358,2683,466.0,397,2253.28,894553.83
11359,2683,286.0,86,4168.85,358521.02
11360,2683,332.0,338,3109.04,1050856.9
11361,2684,172.0,126,584.36,73629.19
11362,2684,370.0,289,1342.6,388009.96
11363,2684,597.0,282,1496.08,421893.35
11364,2684,306.0,245,437.82,107266.06
11365,2685,240.0,302,1562.0,471724.0
11366,2686,444.0,474,5074.61,2405367.24
11367,2686,551.0,32,1767.69,56566.03
11368,2686,217.0,304,3686.16,1120593.53
11369,2687,86.0,450,989.67,445351.25
11370,2687,377.0,24,617.91,14829.78
11371,2687,301.0,326,275.94,89957.1
11372,2687,441.0,130,2807.07,364918.92
11373,2687,567.0,279,5080.61,1417490.22
11374,2687,368.0,31,3457.19,107173.03
11375,2687,413.0,25,4950.38,123759.44
11376,2688,41.0,168,4102.79,689267.96
11377,2688,306.0,174,462.19,80420.2
11378,2688,354.0,163,717.85,117009.68
11379,2688,335.0,467,5087.0,2375627.56
11380,2689,496.0,487,4139.0,2015693.0
11381,2689,220.0,429,2633.0,1129557.0
11382,2689,529.0,162,1681.0,272322.0
11383,2689,537.0,348,1058.0,368184.0
11384,2689,587.0,422,377.0,159094.0
11385,2690,406.0,28,3296.08,92290.19
11386,2690,141.0,152,2899.05,440655.36
11387,2691,567.0,437,57.66,25196.26
11388,2692,481.0,417,1650.79,688381.45
11389,2692,285.0,48,1257.41,60355.49
11390,2692,117.0,218,368.31,80291.86
11391,2692,110.0,421,5382.96,2266224.23
11392,2692,222.0,372,3135.72,1166486.8
11393,2693,544.0,12,759.01,9108.18
11394,2693,358.0,410,3835.61,1572601.13
11395,2693,64.0,359,1960.74,703904.88
11396,2693,6.0,473,3495.96,1653586.74
11397,2693,100.0,347,3706.05,1285999.48
11398,2694,255.0,301,2983.22,897948.25
11399,2694,570.0,496,5340.03,2648657.02
11400,2694,15.0,447,1627.54,727508.57
11401,2694,306.0,251,478.78,120173.49
11402,2694,165.0,103,1567.52,161454.27
11403,2695,416.0,332,58.8,19520.84
11404,2695,197.0,485,60.98,29576.94
11405,2695,244.0,492,63.35,31165.82
11406,2696,59.0,329,42.63,14023.98
11407,2696,242.0,211,34.76,7334.15
11408,2697,200.0,210,2631.86,552690.87
11409,2697,131.0,41,4093.65,167839.57
11410,2698,78.0,500,1047.29,523644.64
11411,2698,32.0,134,60.84,8152.5
11412,2698,374.0,480,3.68,1768.76
11413,2698,57.0,438,721.41,315978.63
11414,2698,38.0,381,1542.06,587526.63
11415,2698,197.0,208,63.34,13175.4
11416,2698,192.0,111,18.77,2083.49
11417,2699,359.0,150,2.84,426.4
11418,2699,304.0,57,15.71,895.56
11419,2699,515.0,453,27.32,12374.23
11420,2699,170.0,301,18.98,5711.48
11421,2700,361.0,393,3957.8,1555415.7
11422,2700,148.0,260,673.95,175226.59
11423,2700,142.0,71,4744.88,336886.38
11424,2700,289.0,435,4715.52,2051249.85
11425,2700,94.0,462,2365.39,1092812.12
11426,2700,478.0,438,5109.49,2237958.73
11427,2701,421.0,14,406.44,5690.16
11428,2701,119.0,297,34.45,10232.05
11429,2701,571.0,23,1605.94,36936.56
11430,2701,489.0,387,6.08,2351.77
11431,2701,543.0,127,32.64,4145.91
11432,2701,438.0,294,16.92,4973.32
11433,2702,87.0,316,10.23,3232.44
11434,2702,583.0,350,11.8,4130.41
11435,2702,390.0,116,31.57,3662.24
11436,2702,210.0,193,67.86,13097.46
11437,2703,494.0,251,4005.71,1005432.24
11438,2703,508.0,270,3675.88,992486.25
11439,2704,205.0,462,34.56,15966.23
11440,2704,303.0,23,2033.0,46759.05
11441,2704,570.0,448,57.56,25788.07
11442,2704,300.0,484,51.66,25005.81
11443,2704,91.0,473,1107.65,523918.56
11444,2704,400.0,101,9.65,974.64
11445,2705,556.0,156,4779.01,745526.02
11446,2705,176.0,439,4645.29,2039283.51
11447,2705,141.0,466,2951.19,1375253.61
11448,2705,481.0,208,1681.84,349822.31
11449,2705,548.0,368,5325.41,1959750.71
11450,2706,150.0,220,172.25,37895.86
11451,2706,574.0,106,67.01,7103.51
11452,2706,89.0,312,26.57,8290.67
11453,2706,160.0,257,31.26,8033.53
11454,2706,147.0,248,17.12,4246.7
11455,2707,43.0,461,3037.9,1400473.01
11456,2707,359.0,314,213.3,66977.46
11457,2707,249.0,443,3586.23,1588699.64
11458,2708,439.0,206,9.77,2012.54
11459,2708,493.0,499,62.76,31316.97
11460,2709,542.0,158,55.07,8701.06
11461,2709,388.0,329,416.92,137166.68
11462,2709,569.0,199,43.69,8694.31
11463,2709,494.0,263,40.84,10740.92
11464,2709,474.0,400,13.64,5456.0
11465,2709,167.0,267,5.99,1599.33
11466,2710,596.0,91,756.98,68885.18
11467,2710,568.0,261,15.24,3977.64
11468,2710,188.0,71,48.68,3456.28
11469,2711,283.0,261,11.35,2961.55
11470,2711,25.0,453,24.61,11147.14
11471,2712,41.0,380,3836.13,1457728.69
11472,2712,375.0,144,3664.71,527717.96
11473,2712,13.0,440,2050.24,902106.88
11474,2712,558.0,385,3399.78,1308915.57
11475,2713,471.0,419,688.73,288579.51
11476,2713,469.0,240,1199.88,287970.58
11477,2713,251.0,432,3101.53,1339861.84
11478,2713,48.0,146,183.13,26736.47
11479,2713,28.0,33,4766.66,157299.71
11480,2713,125.0,316,5403.23,1707420.31
11481,2714,583.0,266,1085.43,288724.86
11482,2714,462.0,428,4691.14,2007808.44
11483,2714,577.0,458,5728.13,2623482.97
11484,2715,114.0,201,1361.47,273655.69
11485,2715,453.0,90,5076.29,456866.13
11486,2715,326.0,386,5403.49,2085746.96
11487,2715,545.0,45,1020.57,45925.55
11488,2715,532.0,368,1813.61,667407.9
11489,2715,414.0,310,2704.67,838448.78
11490,2715,190.0,261,4249.83,1109205.18
11491,2716,163.0,439,2134.13,936882.23
11492,2716,313.0,331,4670.04,1545782.89
11493,2716,414.0,354,2688.53,951738.69
11494,2717,78.0,351,1099.36,385873.94
11495,2717,192.0,229,17.83,4083.69
11496,2717,57.0,55,667.77,36727.44
11497,2718,279.0,374,4652.4,1739995.89
11498,2718,434.0,191,2916.27,557007.11
11499,2718,355.0,109,5035.42,548860.28
11500,2718,555.0,262,4043.22,1059322.94
11501,2718,289.0,181,4836.01,875317.15
11502,2718,347.0,167,3294.73,550219.86
11503,2718,348.0,10,1397.3,13972.95
11504,2718,231.0,354,4495.25,1591318.91
11505,2719,423.0,460,2704.12,1243896.44
11506,2719,66.0,48,172.56,8283.01
11507,2719,401.0,344,2614.46,899375.32
11508,2719,52.0,439,5341.06,2344726.89
11509,2719,163.0,28,1907.92,53421.88
11510,2719,220.0,63,2813.89,177274.84
11511,2719,496.0,477,4626.58,2206877.3
11512,2720,544.0,242,752.08,182004.39
11513,2720,6.0,63,3290.74,207316.78
11514,2720,90.0,163,1809.67,294976.19
11515,2720,100.0,218,3933.63,857530.86
11516,2721,33.0,193,20.54,3964.22
11517,2721,26.0,420,907.58,381183.6
11518,2721,53.0,119,37.85,4504.15
11519,2721,368.0,14,37.07,518.98
11520,2721,375.0,355,39.69,14089.95
11521,2722,80.0,165,2711.87,447458.23
11522,2722,141.0,389,3113.98,1211338.39
11523,2722,474.0,179,1224.96,219268.17
11524,2723,481.0,190,1719.34,326674.77
11525,2723,306.0,180,432.83,77909.61
11526,2723,141.0,444,2991.49,1328220.58
11527,2723,317.0,283,5203.61,1472622.48
11528,2724,91.0,385,1156.0,445059.62
11529,2724,74.0,12,19.62,235.45
11530,2724,321.0,295,151.34,44644.6
11531,2724,47.0,278,751.17,208824.74
11532,2724,407.0,126,11.31,1424.48
11533,2725,175.0,474,1828.0,866472.0
11534,2725,597.0,76,1287.0,97812.0
11535,2725,293.0,239,3065.0,732535.0
11536,2725,391.0,300,1335.0,400500.0
11537,2726,596.0,38,809.99,30779.53
11538,2726,70.0,47,32.12,1509.44
11539,2726,123.0,233,10.5,2445.65
11540,2727,413.0,91,4355.0,396305.0
11541,2727,285.0,34,1054.0,35836.0
11542,2727,469.0,240,1101.0,264240.0
11543,2727,442.0,322,596.0,191912.0
11544,2728,548.0,430,5286.77,2273311.99
11545,2728,550.0,412,1960.39,807682.34
11546,2728,175.0,80,2012.47,160997.64
11547,2728,565.0,419,2632.83,1103155.19
11548,2728,335.0,207,4892.46,1012739.59
11549,2728,357.0,375,657.5,246562.63
11550,2728,211.0,46,2186.92,100598.34
11551,2729,175.0,363,1828.0,663564.0
11552,2729,287.0,49,4191.0,205359.0
11553,2730,445.0,341,55.2,18824.83
11554,2730,588.0,443,3.4,1507.66
11555,2730,45.0,203,876.21,177871.53
11556,2730,157.0,253,2009.01,508278.99
11557,2730,425.0,276,30.99,8551.86
11558,2731,521.0,25,1264.09,31602.28
11559,2731,553.0,250,1162.99,290746.56
11560,2732,519.0,281,4.53,1274.24
11561,2732,580.0,307,334.32,102635.28
11562,2732,319.0,304,8.17,2483.36
11563,2732,570.0,120,64.15,7697.98
11564,2733,146.0,336,5060.93,1700473.54
11565,2733,570.0,460,4859.69,2235457.52
11566,2734,46.0,265,2325.29,616203.13
11567,2734,177.0,353,4022.83,1420059.91
11568,2735,210.0,487,63.05,30705.66
11569,2735,165.0,320,18.68,5976.99
11570,2735,103.0,174,32.1,5585.92
11571,2735,330.0,474,32.23,15278.08
11572,2735,450.0,83,12.96,1075.4
11573,2736,559.0,399,1510.83,602820.18
11574,2736,51.0,330,1018.54,336119.62
11575,2736,294.0,11,1006.02,11066.25
11576,2736,36.0,383,1534.0,587521.51
11577,2736,502.0,242,536.7,129881.44
11578,2736,148.0,243,705.2,171362.92
11579,2736,465.0,169,1907.31,322335.94
11580,2737,408.0,497,29.22,14520.07
11581,2737,589.0,200,2112.98,422596.04
11582,2737,472.0,60,1970.57,118234.18
11583,2737,172.0,302,6.47,1953.69
11584,2737,530.0,46,40.18,1848.18
11585,2738,555.0,47,3837.91,180381.84
11586,2738,281.0,259,301.84,78176.69
11587,2738,231.0,422,4604.0,1942889.85
11588,2738,348.0,273,1452.96,396656.9
11589,2738,258.0,199,4265.33,848800.79
11590,2738,355.0,115,4883.47,561598.48
11591,2739,426.0,255,126.24,32190.06
11592,2739,568.0,494,17.84,8811.48
11593,2739,476.0,436,35.77,15597.09
11594,2740,13.0,23,20.22,465.06
11595,2740,596.0,80,756.98,60558.4
11596,2740,25.0,126,22.26,2804.76
11597,2740,81.0,92,9.53,876.76
11598,2740,424.0,464,25.35,11762.4
11599,2740,282.0,228,398.69,90901.32
11600,2741,189.0,485,1176.56,570630.51
11601,2741,386.0,372,182.34,67832.19
11602,2741,126.0,471,6.81,3205.48
11603,2741,49.0,232,559.53,129809.87
11604,2741,146.0,219,66.6,14585.69
11605,2741,123.0,44,10.22,449.71
11606,2742,485.0,49,2936.12,143869.78
11607,2742,502.0,17,589.14,10015.4
11608,2742,465.0,107,1903.61,203686.38
11609,2742,557.0,71,350.67,24897.28
11610,2742,405.0,69,4140.85,285718.69
11611,2742,204.0,119,3217.35,382864.6
11612,2742,351.0,462,3456.13,1596730.95
11613,2743,476.0,466,33.14,15441.51
11614,2743,449.0,374,44.67,16708.31
11615,2743,426.0,159,120.53,19164.82
11616,2743,360.0,465,1412.24,656690.4
11617,2743,109.0,468,988.63,462677.56
11618,2744,58.0,316,2106.96,665798.75
11619,2744,83.0,384,3683.83,1414591.65
11620,2745,460.0,96,13.61,1306.58
11621,2745,416.0,271,56.66,15355.62
11622,2745,77.0,296,898.24,265879.53
11623,2745,16.0,144,445.78,64192.24
11624,2745,335.0,465,61.33,28518.75
11625,2745,240.0,261,21.11,5509.06
11626,2745,538.0,322,1.72,552.39
11627,2745,370.0,98,16.28,1595.46
11628,2745,202.0,285,61.74,17594.64
11629,2746,71.0,88,42.7,3757.99
11630,2746,80.0,170,34.5,5865.6
11631,2746,91.0,32,1117.19,35750.04
11632,2746,275.0,446,50.11,22349.06
11633,2746,54.0,58,61.51,3567.67
11634,2746,11.0,232,1737.27,403047.19
11635,2747,285.0,406,1196.06,485598.99
11636,2747,366.0,100,1587.1,158710.41
11637,2747,236.0,225,3388.33,762373.75
11638,2747,308.0,193,1317.03,254187.44
11639,2747,481.0,17,1634.47,27786.03
11640,2747,147.0,350,1527.17,534510.56
11641,2748,445.0,214,4304.46,921153.48
11642,2748,538.0,223,145.13,32364.46
11643,2748,462.0,292,4363.78,1274223.39
11644,2748,165.0,196,1480.81,290238.06
11645,2749,48.0,467,2.2,1027.05
11646,2750,15.0,243,1769.83,430067.56
11647,2750,82.0,207,2338.34,484035.67
11648,2751,453.0,317,4741.78,1503143.31
11649,2751,414.0,54,2634.84,142281.35
11650,2751,415.0,56,381.34,21354.78
11651,2751,347.0,489,3311.76,1619452.39
11652,2752,74.0,485,18.9,9168.81
11653,2752,598.0,491,17.8,8740.89
11654,2753,472.0,183,2011.66,368134.68
11655,2753,589.0,176,2109.1,371201.41
11656,2753,87.0,418,10.04,4194.8
11657,2753,113.0,443,872.88,386684.99
11658,2753,530.0,113,40.21,4543.59
11659,2754,432.0,199,5568.47,1108125.02
11660,2754,493.0,302,5575.15,1683696.03
11661,2754,547.0,190,4083.2,775807.21
11662,2754,509.0,301,2460.5,740609.3
11663,2754,192.0,488,1602.51,782023.37
11664,2754,151.0,24,2595.04,62280.92
11665,2755,464.0,202,1398.2,282437.37
11666,2755,190.0,407,4487.44,1826387.38
11667,2755,355.0,55,5028.88,276588.64
11668,2755,289.0,352,4928.07,1734680.61
11669,2755,555.0,413,3774.32,1558795.65
11670,2755,348.0,13,1373.61,17856.98
11671,2755,94.0,80,2410.28,192822.47
11672,2756,210.0,394,5474.16,2156817.29
11673,2756,422.0,149,3306.85,492721.17
11674,2757,393.0,90,1572.68,141540.89
11675,2757,558.0,379,3428.98,1299581.53
11676,2757,262.0,269,2608.22,701611.74
11677,2757,480.0,425,3182.69,1352644.26
11678,2758,87.0,456,882.11,402240.32
11679,2758,480.0,438,3044.4,1333447.64
11680,2758,217.0,89,3701.71,329452.01
11681,2758,318.0,327,4348.44,1421941.33
11682,2758,543.0,275,2850.53,783894.84
11683,2759,316.0,357,4678.01,1670049.88
11684,2759,153.0,40,2880.8,115232.12
11685,2759,330.0,92,2751.82,253167.13
11686,2759,102.0,410,3278.78,1344299.8
11687,2759,285.0,263,1234.69,324724.32
11688,2759,197.0,240,4991.21,1197889.34
11689,2760,375.0,243,39.69,9644.67
11690,2760,10.0,163,1346.22,219433.86
11691,2760,255.0,405,32.51,13166.55
11692,2760,476.0,322,31.02,9988.44
11693,2760,54.0,196,55.82,10940.72
11694,2760,153.0,96,28.73,2758.08
11695,2760,462.0,147,46.76,6873.72
11696,2761,483.0,258,43.1,11118.63
11697,2761,493.0,95,66.36,6304.4
11698,2761,439.0,428,10.7,4581.23
11699,2761,16.0,181,440.99,79818.68
11700,2761,491.0,335,22.23,7446.62
11701,2761,251.0,187,34.3,6413.19
11702,2761,469.0,415,14.92,6190.32
11703,2762,460.0,433,13.78,5965.37
11704,2762,489.0,419,6.24,2613.52
11705,2762,543.0,178,30.6,5447.69
11706,2762,109.0,453,954.28,432287.38
11707,2762,41.0,318,47.9,15232.3
11708,2762,119.0,99,35.49,3513.1
11709,2762,43.0,63,40.17,2530.44
11710,2763,444.0,181,59.86,10834.78
11711,2763,26.0,418,976.29,408090.59
11712,2763,273.0,54,30.96,1672.04
11713,2763,489.0,461,6.78,3125.08
11714,2763,588.0,69,3.6,248.5
11715,2763,497.0,484,1562.24,756123.96
11716,2764,35.0,244,1936.74,472563.37
11717,2764,573.0,61,3704.54,225976.7
11718,2764,313.0,90,5172.99,465569.02
11719,2764,487.0,84,4902.2,411784.84
11720,2764,414.0,139,2899.04,402966.16
11721,2764,177.0,182,4010.2,729856.37
11722,2764,163.0,238,1926.88,458596.91
11723,2764,295.0,430,1187.38,510574.18
11724,2765,179.0,456,4976.9,2269464.52
11725,2765,508.0,198,3520.3,697020.14
11726,2765,311.0,40,3636.24,145449.63
11727,2765,399.0,90,3728.1,335529.34
11728,2765,469.0,268,1206.98,323470.53
11729,2766,202.0,151,66.3,10012.02
11730,2766,41.0,485,46.18,22396.63
11731,2766,170.0,373,19.43,7246.97
11732,2767,460.0,215,14.12,3034.99
11733,2767,192.0,358,19.03,6811.08
11734,2768,274.0,208,4970.24,1033809.25
11735,2768,72.0,43,5491.55,236136.86
11736,2768,540.0,393,2413.52,948514.94
11737,2768,501.0,348,955.47,332504.03
11738,2768,554.0,219,668.92,146492.42
11739,2769,430.0,189,1186.57,224262.65
11740,2769,452.0,437,4445.55,1942707.17
11741,2769,248.0,12,5611.43,67337.15
11742,2769,68.0,59,4560.09,269045.52
11743,2770,515.0,274,27.28,7475.99
11744,2771,324.0,171,3893.62,665808.32
11745,2772,430.0,221,1069.0,236249.0
11746,2772,142.0,125,3963.0,495375.0
11747,2772,361.0,486,3388.0,1646568.0
11748,2772,68.0,25,4293.0,107325.0
11749,2772,478.0,182,4714.0,857948.0
11750,2773,515.0,484,25.01,12104.84
11751,2773,251.0,245,31.8,7791.0
11752,2773,62.0,341,32.78,11177.98
11753,2773,54.0,208,55.82,11610.56
11754,2773,232.0,212,42.62,9035.44
11755,2774,293.0,450,3065.0,1379250.0
11756,2774,165.0,233,1325.0,308725.0
11757,2774,175.0,192,1828.0,350976.0
11758,2774,391.0,474,1335.0,632790.0
11759,2774,597.0,467,1287.0,601029.0
11760,2775,217.0,484,3791.78,1835222.03
11761,2775,565.0,146,2650.73,387006.02
11762,2775,407.0,461,1032.51,475986.83
11763,2775,425.0,249,2938.56,731702.15
11764,2775,151.0,276,2496.41,689009.88
11765,2776,123.0,402,839.04,337295.17
11766,2776,236.0,486,3420.88,1662549.84
11767,2776,366.0,257,1425.25,366290.11
11768,2776,444.0,64,5077.1,324934.09
11769,2777,333.0,88,3438.82,302616.52
11770,2777,193.0,337,622.96,209938.72
11771,2777,66.0,390,171.25,66788.0
11772,2777,401.0,120,2826.91,339229.47
11773,2777,220.0,302,3002.01,906607.73
11774,2778,446.0,250,3913.0,978250.0
11775,2778,87.0,284,790.0,224360.0
11776,2778,562.0,120,3011.0,361320.0
11777,2778,273.0,354,2350.0,831900.0
11778,2778,377.0,154,553.0,85162.0
11779,2779,510.0,269,66.19,17805.33
11780,2780,129.0,216,10.3,2225.09
11781,2780,542.0,447,58.0,25923.91
11782,2781,582.0,69,4132.51,285142.88
11783,2781,368.0,27,3525.62,95191.75
11784,2781,493.0,383,5721.51,2191337.53
11785,2781,425.0,498,2668.31,1328817.85
11786,2781,82.0,87,2427.3,211175.05
11787,2782,165.0,491,16.82,8258.52
11788,2782,330.0,435,36.22,15753.99
11789,2782,450.0,471,13.19,6210.7
11790,2782,210.0,268,66.44,17805.74
11791,2783,62.0,173,37.84,6546.78
11792,2783,565.0,329,32.95,10841.23
11793,2783,160.0,500,31.13,15563.22
11794,2783,26.0,382,970.47,370718.42
11795,2783,21.0,231,7.9,1825.83
11796,2783,194.0,238,26.51,6309.89
11797,2784,285.0,238,13.35,3176.68
11798,2784,54.0,276,60.93,16817.89
11799,2785,192.0,152,1433.0,217816.0
11800,2785,553.0,226,1015.0,229390.0
11801,2785,318.0,243,3915.0,951345.0
11802,2786,179.0,467,55.18,25769.06
11803,2786,29.0,449,55.65,24986.85
11804,2786,330.0,49,30.25,1482.25
11805,2786,89.0,262,25.01,6552.62
11806,2786,574.0,90,58.55,5269.5
11807,2786,366.0,485,15.66,7595.1
11808,2787,486.0,123,25.47,3132.82
11809,2787,596.0,396,821.5,325313.23
11810,2787,283.0,204,10.82,2207.44
11811,2787,13.0,260,23.73,6168.74
11812,2787,81.0,468,10.67,4991.77
11813,2787,282.0,251,440.33,110522.37
11814,2788,422.0,263,37.38,9831.29
11815,2788,119.0,175,36.0,6300.17
11816,2788,91.0,292,1144.6,334223.68
11817,2789,554.0,493,705.13,347629.46
11818,2790,510.0,41,61.36,2515.89
11819,2791,578.0,220,24.17,5318.28
11820,2791,232.0,45,45.3,2038.38
11821,2791,593.0,350,33.32,11661.47
11822,2792,425.0,425,2980.49,1266709.53
11823,2792,598.0,159,1532.67,243693.9
11824,2792,395.0,487,5425.73,2642330.54
11825,2792,111.0,194,1617.66,313826.02
11826,2792,597.0,227,1487.57,337677.49
11827,2792,317.0,397,5299.0,2103704.6
11828,2793,372.0,368,9.39,3456.58
11829,2793,407.0,100,12.18,1218.38
11830,2793,91.0,231,1074.62,248238.32
11831,2793,505.0,352,29.76,10475.03
11832,2794,295.0,346,1051.0,363646.0
11833,2794,281.0,217,287.0,62279.0
11834,2794,430.0,438,1069.0,468222.0
11835,2795,48.0,293,174.0,50982.0
11836,2795,125.0,40,4723.0,188920.0
11837,2795,28.0,174,4343.0,755682.0
11838,2795,469.0,202,1101.0,222402.0
11839,2795,251.0,138,2703.0,373014.0
11840,2795,509.0,25,2248.0,56200.0
11841,2796,102.0,15,2817.0,42255.0
11842,2796,265.0,352,4018.0,1414336.0
11843,2796,425.0,293,2484.0,727812.0
11844,2796,129.0,222,746.0,165612.0
11845,2796,572.0,40,885.0,35400.0
11846,2797,69.0,215,4992.23,1073328.43
11847,2797,182.0,484,544.79,263677.38
11848,2797,392.0,484,4039.46,1955098.32
11849,2797,53.0,283,3610.93,1021891.83
11850,2797,30.0,392,2896.03,1135242.22
11851,2797,25.0,146,2045.45,298636.33
11852,2798,413.0,311,4950.55,1539619.81
11853,2798,185.0,250,5033.28,1258319.07
11854,2798,227.0,409,2162.1,884298.76
11855,2798,84.0,217,4465.81,969080.25
11856,2799,475.0,152,558.76,84931.92
11857,2799,258.0,250,4400.23,1100056.95
11858,2799,296.0,218,3974.33,866403.48
11859,2800,445.0,222,4248.25,943111.38
11860,2800,566.0,453,349.13,158155.99
11861,2800,550.0,146,1953.77,285249.76
11862,2800,572.0,483,1038.03,501367.7
11863,2800,42.0,384,5671.36,2177801.32
11864,2801,465.0,78,1752.0,136656.0
11865,2801,135.0,20,3419.0,68380.0
11866,2801,351.0,152,3111.0,472872.0
11867,2802,378.0,258,2467.0,636486.0
11868,2802,430.0,208,1069.0,222352.0
11869,2802,288.0,111,3886.0,431346.0
11870,2802,199.0,455,236.0,107380.0
11871,2802,133.0,398,1154.0,459292.0
11872,2802,142.0,496,3963.0,1965648.0
11873,2802,482.0,17,4142.0,70414.0
11874,2803,211.0,420,2336.55,981351.3
11875,2803,524.0,210,3359.08,705407.04
11876,2803,59.0,430,3695.78,1589186.75
11877,2803,236.0,446,3376.03,1505708.14
11878,2803,127.0,270,4954.79,1337793.8
11879,2804,371.0,340,4754.0,1616360.0
11880,2804,43.0,252,2880.0,725760.0
11881,2804,393.0,248,1480.0,367040.0
11882,2805,281.0,231,287.0,66297.0
11883,2805,209.0,366,4594.0,1681404.0
11884,2805,353.0,212,2193.0,464916.0
11885,2805,344.0,97,939.0,91083.0
11886,2805,292.0,467,4369.0,2040323.0
11887,2805,94.0,491,2252.0,1105732.0
11888,2805,246.0,180,1626.0,292680.0
11889,2806,36.0,498,1632.78,813125.34
11890,2806,241.0,199,1773.02,352831.52
11891,2806,475.0,151,547.59,82686.15
11892,2806,142.0,104,4354.2,452836.63
11893,2807,33.0,67,1836.43,123040.61
11894,2807,551.0,41,1752.2,71840.26
11895,2807,374.0,182,284.49,51776.63
11896,2807,255.0,498,3242.19,1614612.96
11897,2808,543.0,381,2623.77,999655.9
11898,2808,476.0,144,3126.15,450164.99
11899,2808,568.0,343,1472.59,505099.11
11900,2808,50.0,62,3016.8,187041.47
11901,2808,558.0,63,3801.06,239466.48
11902,2808,300.0,164,4244.92,696166.77
11903,2809,489.0,27,6.59,177.93
11904,2809,314.0,447,149.43,66794.25
11905,2809,41.0,244,48.77,11899.27
11906,2809,79.0,67,19.98,1338.35
11907,2809,300.0,228,52.15,11889.88
11908,2809,426.0,391,131.43,51387.83
11909,2810,580.0,401,350.82,140680.2
11910,2810,227.0,498,24.61,12257.66
11911,2810,172.0,343,6.07,2083.42
11912,2810,232.0,404,48.62,19641.59
11913,2810,488.0,20,214.39,4287.88
11914,2810,187.0,263,46.69,12279.44
11915,2810,550.0,204,22.86,4663.35
11916,2810,392.0,310,50.49,15650.74
11917,2810,159.0,165,5.9,974.01
11918,2811,582.0,186,4270.42,794298.29
11919,2811,48.0,149,192.28,28649.98
11920,2811,8.0,246,1386.91,341179.65
11921,2811,324.0,356,4036.01,1436818.13
11922,2811,151.0,425,2409.71,1024126.15
11923,2811,217.0,149,3441.81,512829.98
11924,2811,179.0,181,5191.55,939670.08
11925,2812,23.0,62,36.42,2258.04
11926,2812,553.0,444,11.94,5301.36
11927,2812,109.0,245,895.66,219436.7
11928,2812,77.0,248,827.84,205304.32
11929,2813,512.0,287,2247.1,644919.06
11930,2813,413.0,423,4949.63,2093693.95
11931,2813,363.0,340,3059.74,1040312.67
11932,2813,89.0,466,2330.91,1086204.47
11933,2813,446.0,419,4643.78,1945745.57
11934,2813,170.0,216,1636.42,353467.24
11935,2814,499.0,329,4784.0,1573936.0
11936,2814,239.0,161,1092.0,175812.0
11937,2814,179.0,22,4690.0,103180.0
11938,2815,1.0,67,131.39,8803.41
11939,2815,341.0,199,5185.53,1031920.87
11940,2815,132.0,149,2403.44,358112.65
11941,2815,459.0,411,5576.79,2292062.01
11942,2815,364.0,230,3061.95,704248.52
11943,2815,342.0,146,4008.99,585312.54
11944,2816,334.0,43,188.41,8101.58
11945,2816,166.0,479,1436.48,688072.15
11946,2817,375.0,337,3640.37,1226803.4
11947,2817,170.0,213,1652.88,352063.93
11948,2817,508.0,339,3709.14,1257399.16
11949,2817,205.0,52,2966.68,154267.47
11950,2817,41.0,90,4110.9,369980.86
11951,2817,368.0,37,3743.2,138498.37
11952,2817,158.0,197,502.43,98979.47
11953,2817,82.0,93,2384.91,221796.38
11954,2818,165.0,419,1549.06,649056.22
11955,2818,570.0,310,5257.66,1629873.56
11956,2818,244.0,26,5215.93,135614.21
11957,2818,565.0,431,2709.7,1167882.85
11958,2818,194.0,496,2308.84,1145185.7
11959,2818,202.0,40,5566.04,222641.54
11960,2818,535.0,30,2677.04,80311.18
11961,2819,146.0,431,5213.5,2247019.93
11962,2819,570.0,442,5096.25,2252541.89
11963,2819,210.0,197,5346.49,1053258.54
11964,2820,445.0,72,4406.61,317276.02
11965,2820,424.0,173,2322.5,401792.91
11966,2820,450.0,337,1177.21,396719.39
11967,2820,408.0,338,2478.04,837577.05
11968,2820,541.0,494,2781.75,1374183.92
11969,2820,70.0,317,2818.72,893533.12
11970,2821,182.0,46,484.0,22264.0
11971,2821,392.0,342,3698.0,1264716.0
11972,2821,25.0,83,1892.0,157036.0
11973,2822,202.0,260,5878.21,1528334.7
11974,2822,597.0,54,1472.05,79490.55
11975,2822,368.0,386,3490.02,1347146.64
11976,2822,444.0,14,4852.18,67930.59
11977,2822,424.0,393,2427.08,953844.02
11978,2823,558.0,383,3609.37,1382388.61
11979,2823,445.0,489,4680.55,2288790.73
11980,2823,319.0,218,722.9,157592.74
11981,2823,301.0,327,294.27,96225.55
11982,2823,110.0,41,5622.03,230503.15
11983,2823,462.0,409,4667.72,1909096.85
11984,2823,293.0,231,3479.99,803878.41
11985,2824,548.0,472,4721.0,2228312.0
11986,2824,141.0,257,2660.0,683620.0
11987,2824,176.0,79,4307.0,340253.0
11988,2824,556.0,117,4496.0,526032.0
11989,2825,258.0,212,4529.84,960325.3
11990,2826,249.0,317,3662.57,1161033.43
11991,2826,359.0,270,213.53,57654.29
11992,2826,43.0,275,3234.43,889468.28
11993,2827,313.0,122,4362.0,532164.0
11994,2827,137.0,319,2397.0,764643.0
11995,2827,106.0,42,3273.0,137466.0
11996,2827,295.0,118,1051.0,124018.0
11997,2828,43.0,252,3325.78,838096.02
11998,2828,359.0,84,221.38,18596.0
11999,2828,249.0,430,3460.95,1488207.14
12000,2829,424.0,162,25.35,4106.7
12001,2829,439.0,383,8.96,3431.68
12002,2830,29.0,23,4730.0,108790.0
12003,2830,239.0,208,1092.0,227136.0
12004,2830,205.0,493,2586.0,1274898.0
12005,2830,493.0,495,4911.0,2430945.0
12006,2830,512.0,380,2054.0,780520.0
12007,2830,547.0,201,3523.0,708123.0
12008,2830,244.0,185,4522.0,836570.0
12009,2831,444.0,95,50.84,4829.8
12010,2831,53.0,450,37.85,17032.5
12011,2831,489.0,145,5.76,835.2
12012,2831,119.0,397,30.41,12072.77
12013,2831,273.0,151,27.65,4175.15
12014,2831,519.0,147,3.86,567.42
12015,2832,25.0,273,25.78,7038.61
12016,2832,282.0,126,455.12,57345.13
12017,2832,13.0,444,21.95,9744.98
12018,2832,596.0,260,858.58,223231.63
12019,2832,396.0,482,57.31,27625.24
12020,2832,283.0,66,11.46,756.24
12021,2832,424.0,351,29.68,10418.95
12022,2832,570.0,254,57.03,14486.86
12023,2833,210.0,395,5720.72,2259683.76
12024,2833,146.0,10,5537.05,55370.51
12025,2834,493.0,126,68.78,8666.78
12026,2834,525.0,368,1604.88,590595.25
12027,2834,134.0,433,41.97,18170.95
12028,2835,304.0,319,1143.0,364617.0
12029,2835,301.0,378,249.0,94122.0
12030,2835,588.0,47,271.0,12737.0
12031,2836,264.0,307,2509.82,770515.72
12032,2836,418.0,122,4755.11,580123.35
12033,2836,42.0,350,5369.74,1879409.81
12034,2836,556.0,188,5277.99,992262.85
12035,2836,572.0,397,1050.02,416856.88
12036,2836,535.0,114,2630.93,299925.72
12037,2837,535.0,321,2376.0,762696.0
12038,2837,23.0,66,3096.0,204336.0
12039,2837,513.0,174,3697.0,643278.0
12040,2838,160.0,23,30.13,692.88
12041,2838,570.0,159,60.62,9638.41
12042,2838,275.0,310,47.8,14817.55
12043,2839,79.0,228,1594.0,363432.0
12044,2839,481.0,345,1479.0,510255.0
12045,2839,202.0,432,4926.0,2128032.0
12046,2839,170.0,370,1441.0,533170.0
12047,2839,275.0,266,3721.0,989786.0
12048,2840,68.0,25,4293.0,107325.0
12049,2840,288.0,187,3886.0,726682.0
12050,2840,452.0,216,3812.0,823392.0
12051,2840,430.0,342,1069.0,365598.0
12052,2840,478.0,332,4714.0,1565048.0
12053,2841,301.0,497,273.35,135854.06
12054,2842,126.0,16,6.19,99.04
12055,2842,103.0,59,27.85,1643.15
12056,2842,159.0,376,5.34,2007.84
12057,2843,43.0,140,3044.11,426175.51
12058,2843,87.0,91,882.53,80309.99
12059,2843,494.0,430,3754.0,1614221.27
12060,2843,445.0,172,4668.51,802984.29
12061,2843,287.0,41,4469.55,183251.54
12062,2843,597.0,313,1393.0,436009.43
12063,2844,353.0,282,2568.74,724384.38
12064,2844,209.0,453,5216.21,2362942.61
12065,2844,500.0,348,3663.5,1274896.95
12066,2845,377.0,339,645.64,218872.95
12067,2845,562.0,278,3567.93,991885.84
12068,2846,359.0,281,202.0,56762.0
12069,2847,421.0,369,384.89,142023.3
12070,2847,519.0,348,4.18,1453.51
12071,2847,588.0,273,3.56,972.27
12072,2847,444.0,287,54.19,15552.12
12073,2847,53.0,333,41.26,13739.17
12074,2847,119.0,201,36.45,7327.22
12075,2848,467.0,255,3167.0,807585.0
12076,2848,241.0,219,1614.0,353466.0
12077,2848,289.0,34,4338.0,147492.0
12078,2848,220.0,299,2633.0,787267.0
12079,2848,276.0,483,1979.0,955857.0
12080,2849,74.0,285,18.09,5154.59
12081,2850,439.0,146,901.17,131570.56
12082,2851,408.0,364,26.77,9745.87
12083,2851,472.0,138,1988.0,274343.6
12084,2851,87.0,49,10.56,517.63
12085,2851,490.0,156,48.75,7604.89
12086,2851,113.0,16,839.43,13430.86
12087,2851,530.0,405,37.19,15063.35
12088,2851,122.0,299,50.9,15218.43
12089,2852,550.0,266,23.01,6119.55
12090,2852,11.0,282,1734.75,489199.34
12091,2852,570.0,287,61.93,17772.6
12092,2853,359.0,52,2.73,142.0
12093,2853,474.0,170,16.34,2778.41
12094,2853,304.0,210,15.31,3215.27
12095,2854,22.0,111,1805.68,200430.48
12096,2854,505.0,109,27.82,3032.67
12097,2854,481.0,415,19.84,8231.64
12098,2854,82.0,490,28.93,14176.48
12099,2854,359.0,62,2.65,164.35
12100,2854,187.0,88,43.59,3835.86
12101,2854,159.0,243,5.72,1389.73
12102,2854,273.0,329,31.48,10357.6
12103,2855,77.0,44,827.84,36424.96
12104,2855,488.0,16,191.0,3056.0
12105,2855,42.0,152,57.29,8708.08
12106,2855,360.0,200,1252.56,250512.0
12107,2856,372.0,209,9.72,2031.56
12108,2856,582.0,251,48.2,12098.61
12109,2856,562.0,70,39.98,2798.45
12110,2856,571.0,210,1563.16,328263.35
12111,2856,167.0,403,7.18,2895.04
12112,2856,483.0,316,39.53,12491.15
12113,2856,490.0,306,48.23,14758.95
12114,2857,300.0,338,3749.0,1267162.0
12115,2857,556.0,160,4496.0,719360.0
12116,2857,483.0,274,3170.0,868580.0
12117,2857,23.0,423,3096.0,1309608.0
12118,2857,308.0,17,1192.0,20264.0
12119,2858,275.0,372,47.44,17647.11
12120,2858,11.0,238,1712.07,407473.04
12121,2858,54.0,312,66.38,20711.46
12122,2858,80.0,221,32.61,7206.37
12123,2859,167.0,354,6.62,2345.09
12124,2859,574.0,223,66.93,14924.55
12125,2859,160.0,59,29.82,1759.6
12126,2860,211.0,498,2054.0,1022892.0
12127,2860,259.0,423,4411.0,1865853.0
12128,2860,153.0,35,2442.0,85470.0
12129,2860,513.0,444,3697.0,1641468.0
12130,2861,146.0,331,4766.0,1577546.0
12131,2861,210.0,151,4906.0,740806.0
12132,2861,126.0,70,526.0,36820.0
12133,2861,432.0,226,4988.0,1127288.0
12134,2861,570.0,10,4546.0,45460.0
12135,2862,372.0,467,10.05,4695.16
12136,2862,514.0,19,39.43,749.08
12137,2862,571.0,405,1507.0,610333.06
12138,2862,582.0,264,45.71,12067.12
12139,2862,167.0,45,6.62,298.07
12140,2862,345.0,28,52.27,1463.44
12141,2863,445.0,68,4421.25,300644.92
12142,2863,301.0,57,285.11,16251.46
12143,2863,538.0,360,163.8,58967.21
12144,2863,558.0,36,3469.7,124909.05
12145,2863,293.0,136,3467.13,471529.19
12146,2863,577.0,370,5736.32,2122437.58
12147,2864,119.0,214,32.87,7033.17
12148,2864,421.0,67,373.76,25041.83
12149,2864,43.0,220,39.99,8798.52
12150,2864,438.0,397,18.03,7158.58
12151,2864,109.0,352,958.35,337337.46
12152,2864,79.0,12,21.09,253.13
12153,2864,8.0,223,15.36,3426.39
12154,2865,361.0,364,3745.79,1363467.0
12155,2865,288.0,467,4565.63,2132150.58
12156,2866,498.0,372,5347.21,1989163.39
12157,2866,296.0,107,3946.98,422326.51
12158,2866,348.0,421,1376.25,579402.57
12159,2866,430.0,200,1188.88,237776.89
12160,2866,281.0,404,301.99,122003.98
12161,2866,85.0,221,2847.45,629285.75
12162,2867,501.0,320,909.63,291082.56
12163,2867,326.0,453,5506.21,2494310.96
12164,2867,72.0,477,5661.72,2700639.73
12165,2868,290.0,61,1418.3,86516.25
12166,2868,89.0,396,2254.8,892900.48
12167,2868,456.0,445,3383.6,1505701.22
12168,2868,111.0,369,1661.84,613219.02
12169,2869,175.0,265,1828.0,484420.0
12170,2869,255.0,475,2763.0,1312425.0
12171,2869,582.0,50,3570.0,178500.0
12172,2869,481.0,239,1479.0,353481.0
12173,2869,317.0,352,4777.0,1681504.0
12174,2869,210.0,328,4906.0,1609168.0
12175,2870,446.0,242,4649.49,1125176.98
12176,2870,170.0,198,1601.81,317158.75
12177,2870,413.0,261,5057.73,1320067.03
12178,2870,264.0,138,2641.52,364529.76
12179,2870,317.0,490,5715.06,2800378.42
12180,2871,222.0,94,36.88,3466.53
12181,2871,13.0,114,22.0,2507.98
12182,2871,600.0,133,363.46,48340.52
12183,2871,472.0,229,1867.51,427659.5
12184,2871,543.0,33,30.04,991.16
12185,2871,352.0,361,22.76,8215.65
12186,2871,153.0,310,34.44,10676.18
12187,2871,360.0,222,1448.74,321620.19
12188,2872,538.0,205,150.39,30829.09
12189,2873,308.0,55,1192.0,65560.0
12190,2873,222.0,400,2718.0,1087200.0
12191,2873,450.0,34,1010.0,34340.0
12192,2874,335.0,449,54.13,24304.37
12193,2874,324.0,464,40.8,18931.2
12194,2874,319.0,476,7.61,3622.36
12195,2874,146.0,63,56.07,3532.41
12196,2874,259.0,409,51.89,21223.01
12197,2874,113.0,200,773.14,154628.0
12198,2875,187.0,234,3776.97,883810.38
12199,2875,471.0,113,610.14,68945.74
12200,2875,541.0,73,3057.9,223226.39
12201,2875,111.0,448,1560.63,699162.67
12202,2875,122.0,332,4301.46,1428085.81
12203,2876,363.0,262,37.43,9807.89
12204,2876,196.0,344,39.34,13533.99
12205,2877,481.0,126,19.91,2508.63
12206,2878,126.0,80,627.33,50186.35
12207,2878,570.0,42,5304.78,222800.64
12208,2878,432.0,417,5511.23,2298182.59
12209,2878,146.0,154,5039.26,776046.66
12210,2878,210.0,306,5181.5,1585537.51
12211,2879,440.0,366,46.22,16916.52
12212,2879,54.0,387,55.82,21602.34
12213,2879,551.0,154,17.98,2768.92
12214,2880,543.0,142,2401.0,340942.0
12215,2881,205.0,87,2717.99,236465.14
12216,2881,481.0,281,1736.99,488094.66
12217,2882,489.0,154,544.5,83852.58
12218,2882,165.0,335,1555.6,521127.29
12219,2882,541.0,103,2969.98,305908.42
12220,2883,239.0,234,1153.42,269900.48
12221,2883,235.0,201,705.31,141767.54
12222,2883,108.0,391,5167.53,2020503.75
12223,2883,251.0,495,2890.28,1430687.95
12224,2883,359.0,320,218.77,70007.34
12225,2883,499.0,221,5574.92,1232056.58
12226,2884,170.0,439,1711.66,751419.63
12227,2884,418.0,403,4859.39,1958333.55
12228,2884,201.0,35,5222.63,182792.11
12229,2884,211.0,381,2351.94,896088.58
12230,2885,352.0,213,19.34,4119.42
12231,2885,8.0,222,14.09,3127.98
12232,2885,591.0,254,58.56,14874.24
12233,2885,222.0,282,31.98,9018.36
12234,2885,13.0,444,20.22,8977.68
12235,2885,236.0,15,36.04,540.6
12236,2885,243.0,492,1.54,757.68
12237,2886,366.0,475,1545.45,734090.27
12238,2886,316.0,340,4716.37,1603564.32
12239,2886,23.0,383,3359.59,1286721.24
12240,2886,215.0,475,2408.52,1144049.01
12241,2887,83.0,480,3590.58,1723479.84
12242,2888,583.0,445,12.29,5470.49
12243,2888,202.0,265,62.89,16666.21
12244,2888,407.0,225,12.31,2770.68
12245,2888,525.0,216,1543.08,333306.03
12246,2889,514.0,331,3389.97,1122079.98
12247,2889,196.0,365,3692.71,1347840.54
12248,2889,547.0,157,4050.45,635920.11
12249,2889,446.0,17,4417.9,75104.25
12250,2890,572.0,200,12.4,2480.48
12251,2891,210.0,13,63.46,824.94
12252,2891,569.0,385,48.6,18710.63
12253,2892,524.0,288,3473.02,1000230.74
12254,2892,211.0,367,2339.37,858550.19
12255,2893,128.0,187,32.31,6041.97
12256,2893,566.0,463,3.55,1643.65
12257,2893,123.0,150,9.27,1390.5
12258,2893,474.0,119,13.64,1623.16
12259,2893,210.0,302,57.72,17431.44
12260,2894,183.0,387,2510.0,971370.0
12261,2894,97.0,173,3735.0,646155.0
12262,2894,281.0,340,287.0,97580.0
12263,2894,430.0,320,1069.0,342080.0
12264,2894,295.0,233,1051.0,244883.0
12265,2894,423.0,381,2500.0,952500.0
12266,2895,404.0,247,1758.45,434336.31
12267,2895,242.0,366,37.16,13601.22
12268,2895,287.0,89,54.28,4830.79
12269,2895,205.0,137,34.77,4764.1
12270,2895,391.0,354,18.58,6577.78
12271,2895,528.0,338,1411.35,477036.11
12272,2895,227.0,496,24.28,12042.4
12273,2896,151.0,152,26.59,4041.68
12274,2896,127.0,38,50.76,1928.88
12275,2897,165.0,126,1414.95,178284.09
12276,2897,556.0,150,5300.99,795148.09
12277,2897,324.0,341,3881.59,1323621.43
12278,2897,593.0,17,2737.61,46539.41
12279,2897,570.0,101,5372.18,542589.96
12280,2898,450.0,125,1010.0,126250.0
12281,2898,70.0,101,2412.0,243612.0
12282,2898,345.0,272,3805.0,1034960.0
12283,2898,424.0,223,2155.0,480565.0
12284,2898,408.0,442,2142.0,946764.0
12285,2898,308.0,97,1192.0,115624.0
12286,2898,541.0,166,2560.0,424960.0
12287,2899,538.0,438,1.86,814.14
12288,2899,345.0,314,51.26,16096.25
12289,2899,203.0,377,64.67,24381.82
12290,2900,249.0,426,3896.6,1659951.29
12291,2900,211.0,157,2243.42,352217.27
12292,2900,84.0,408,4537.77,1851410.32
12293,2901,35.0,372,1965.68,731233.44
12294,2901,36.0,106,1634.76,173284.91
12295,2901,258.0,118,4258.06,502451.15
12296,2901,19.0,346,399.24,138135.39
12297,2901,173.0,396,2491.44,986610.47
12298,2901,452.0,496,4192.42,2079442.72
12299,2902,491.0,157,1718.0,269726.0
12300,2902,15.0,95,1541.0,146395.0
12301,2902,505.0,496,2229.0,1105584.0
12302,2902,185.0,230,4197.0,965310.0
12303,2902,551.0,127,1528.0,194056.0
12304,2903,304.0,172,15.18,2611.08
12305,2903,515.0,355,27.24,9669.67
12306,2903,474.0,82,15.68,1285.48
12307,2904,508.0,398,3117.0,1240566.0
12308,2904,300.0,420,3749.0,1574580.0
12309,2904,512.0,159,2054.0,326586.0
12310,2904,368.0,37,3151.0,116587.0
12311,2904,147.0,481,1369.0,658489.0
12312,2904,425.0,380,2484.0,943920.0
12313,2904,493.0,496,4911.0,2435856.0
12314,2904,205.0,480,2586.0,1241280.0
12315,2905,359.0,154,216.37,33320.71
12316,2905,179.0,249,5020.0,1249981.09
12317,2905,235.0,383,710.88,272266.36
12318,2905,499.0,21,5314.02,111594.52
12319,2905,239.0,216,1182.75,255473.99
12320,2905,251.0,137,3161.57,433134.57
12321,2906,538.0,435,150.17,65324.97
12322,2906,462.0,300,4678.86,1403659.04
12323,2906,319.0,288,762.47,219590.72
12324,2907,596.0,140,756.98,105977.2
12325,2907,486.0,147,23.78,3495.66
12326,2908,317.0,255,5595.27,1426793.08
12327,2908,227.0,203,2192.75,445129.26
12328,2908,441.0,442,2835.44,1253264.9
12329,2908,363.0,390,3127.46,1219709.48
12330,2908,424.0,338,2502.79,845941.93
12331,2908,129.0,162,797.4,129178.93
12332,2909,15.0,218,1760.27,383738.43
12333,2909,455.0,42,4421.24,185692.23
12334,2910,456.0,463,3574.06,1654789.98
12335,2910,422.0,221,3090.12,682915.42
12336,2910,210.0,250,5394.53,1348632.23
12337,2911,134.0,283,4016.32,1136619.41
12338,2911,127.0,284,4588.82,1303223.87
12339,2912,68.0,286,4573.37,1307983.0
12340,2912,142.0,385,4719.73,1817096.17
12341,2913,429.0,233,3849.33,896893.6
12342,2913,270.0,199,934.42,185949.21
12343,2913,245.0,387,4312.08,1668774.9
12344,2913,120.0,183,4899.64,896633.43
12345,2913,364.0,30,2764.14,82924.18
12346,2914,396.0,118,58.07,6852.62
12347,2915,287.0,32,4632.82,148250.36
12348,2915,222.0,256,3236.71,828598.85
12349,2915,201.0,181,5130.56,928631.4
12350,2915,392.0,426,4138.66,1763067.86
12351,2915,236.0,395,3348.91,1322819.61
12352,2915,578.0,134,2072.06,277655.92
12353,2916,455.0,431,3900.0,1680900.0
12354,2916,240.0,70,1562.0,109340.0
12355,2916,242.0,305,2769.0,844545.0
12356,2916,330.0,421,2571.0,1082391.0
12357,2916,147.0,54,1369.0,73926.0
12358,2917,56.0,317,1439.0,456163.0
12359,2917,566.0,390,302.0,117780.0
12360,2917,188.0,470,4138.0,1944860.0
12361,2917,275.0,295,3721.0,1097695.0
12362,2917,433.0,325,4231.0,1375075.0
12363,2918,262.0,323,2541.99,821061.96
12364,2918,202.0,382,5302.23,2025450.27
12365,2918,558.0,209,3785.69,791208.55
12366,2918,480.0,378,2952.83,1116168.64
12367,2918,462.0,273,4636.81,1265848.99
12368,2919,255.0,51,3306.32,168622.28
12369,2919,391.0,69,1405.99,97013.59
12370,2919,50.0,125,3109.09,388636.17
12371,2919,217.0,24,3677.59,88262.11
12372,2920,395.0,365,5470.98,1996906.5
12373,2920,566.0,241,343.68,82826.43
12374,2920,4.0,465,510.06,237178.97
12375,2920,446.0,241,4579.09,1103560.76
12376,2920,514.0,304,3021.71,918600.3
12377,2920,242.0,63,3215.02,202545.96
12378,2920,196.0,265,3372.06,893594.61
12379,2921,432.0,105,5404.52,567474.57
12380,2921,541.0,117,2773.04,324446.16
12381,2922,558.0,162,3689.27,597661.72
12382,2922,543.0,356,2690.15,957693.28
12383,2922,568.0,106,1377.52,146016.9
12384,2922,300.0,236,4336.32,1023371.24
12385,2923,203.0,77,5082.56,391356.76
12386,2923,167.0,82,551.32,45208.6
12387,2923,41.0,190,4024.38,764632.03
12388,2923,87.0,441,837.26,369232.49
12389,2924,318.0,153,4295.54,657218.09
12390,2925,23.0,86,42.14,3624.4
12391,2925,395.0,379,57.13,21651.66
12392,2925,553.0,385,13.05,5023.59
12393,2925,567.0,230,57.94,13325.48
12394,2926,374.0,17,3.09,52.53
12395,2926,127.0,363,50.76,18425.88
12396,2926,151.0,341,26.59,9067.19
12397,2927,480.0,50,38.96,1947.9
12398,2927,151.0,415,29.01,12038.27
12399,2927,179.0,414,61.15,25315.3
12400,2928,544.0,45,664.0,29880.0
12401,2929,167.0,373,509.0,189857.0
12402,2929,570.0,381,4546.0,1732026.0
12403,2929,59.0,67,3377.0,226259.0
12404,2929,87.0,233,790.0,184070.0
12405,2929,489.0,251,490.0,122990.0
12406,2929,449.0,288,3340.0,961920.0
12407,2930,275.0,173,4419.17,764516.56
12408,2930,566.0,142,321.77,45691.26
12409,2930,56.0,461,1606.19,740453.52
12410,2930,188.0,347,4558.97,1581963.66
12411,2930,375.0,319,3696.14,1179069.44
12412,2931,62.0,73,35.65,2602.27
12413,2931,41.0,461,43.97,20271.86
12414,2931,134.0,48,47.64,2286.77
12415,2932,23.0,137,3518.48,482031.66
12416,2932,222.0,209,3093.64,646570.16
12417,2932,392.0,432,4331.75,1871317.09
12418,2932,111.0,313,1472.75,460970.24
12419,2932,170.0,83,1597.87,132622.94
12420,2932,201.0,321,5497.23,1764610.75
12421,2933,544.0,12,664.0,7968.0
12422,2933,532.0,426,1538.0,655188.0
12423,2934,472.0,293,1898.07,556135.25
12424,2934,22.0,320,1831.68,586137.27
12425,2935,475.0,106,587.61,62286.29
12426,2935,452.0,302,4505.09,1360538.48
12427,2935,382.0,430,690.95,297110.21
12428,2935,100.0,484,3908.1,1891518.56
12429,2935,6.0,462,3566.11,1647540.97
12430,2936,366.0,350,1403.3,491153.36
12431,2936,317.0,312,5641.67,1760200.29
12432,2936,441.0,261,2521.08,658002.99
12433,2936,236.0,169,3255.94,550253.58
12434,2936,456.0,169,3675.93,621232.81
12435,2936,375.0,119,3857.2,459006.44
12436,2936,424.0,348,2320.51,807537.37
12437,2936,494.0,291,3733.4,1086418.58
12438,2936,9.0,394,1150.16,453161.89
12439,2937,600.0,180,368.59,66345.72
12440,2938,519.0,60,4.31,258.74
12441,2938,570.0,361,62.24,22467.42
12442,2938,319.0,51,9.06,462.13
12443,2938,330.0,400,34.93,13971.07
12444,2939,490.0,371,4280.33,1588003.36
12445,2939,147.0,64,1600.21,102413.4
12446,2939,110.0,334,5766.67,1926068.43
12447,2939,366.0,128,1400.73,179293.68
12448,2939,285.0,99,1143.53,113209.44
12449,2939,236.0,380,3510.39,1333948.88
12450,2939,175.0,163,2193.54,357547.53
12451,2939,308.0,220,1283.93,282463.53
12452,2940,407.0,314,11.55,3628.01
12453,2940,530.0,209,39.92,8343.55
12454,2940,244.0,388,63.71,24719.06
12455,2940,79.0,447,21.92,9798.77
12456,2940,242.0,179,36.94,6612.09
12457,2940,497.0,151,1667.44,251783.55
12458,2940,185.0,403,55.53,22379.04
12459,2941,499.0,371,4784.0,1774864.0
12460,2941,371.0,71,4754.0,337534.0
12461,2942,94.0,159,2497.45,397093.89
12462,2942,248.0,359,5238.26,1880535.18
12463,2942,288.0,269,4661.22,1253867.85
12464,2942,452.0,155,4332.01,671460.78
12465,2942,289.0,166,4616.28,766302.95
12466,2942,482.0,43,4706.97,202399.74
12467,2942,540.0,328,2418.96,793417.7
12468,2943,275.0,430,3721.0,1600030.0
12469,2944,264.0,310,2776.23,860632.8
12470,2944,242.0,119,3122.37,371562.21
12471,2944,357.0,227,661.62,150187.11
12472,2945,42.0,11,4870.0,53570.0
12473,2945,541.0,107,2560.0,273920.0
12474,2945,450.0,169,1010.0,170690.0
12475,2945,54.0,207,4745.0,982215.0
12476,2946,306.0,305,429.6,131028.64
12477,2946,176.0,101,4753.46,480099.45
12478,2946,141.0,178,3104.9,552672.91
12479,2947,543.0,480,2401.0,1152480.0
12480,2947,519.0,64,328.0,20992.0
12481,2947,494.0,249,3471.0,864279.0
12482,2947,340.0,427,3650.0,1558550.0
12483,2947,311.0,66,3102.0,204732.0
12484,2947,324.0,54,3468.0,187272.0
12485,2947,432.0,400,4988.0,1995200.0
12486,2948,596.0,472,756.98,357294.56
12487,2948,335.0,121,54.13,6549.73
12488,2948,205.0,148,30.42,4502.16
12489,2948,560.0,104,5.2,540.8
12490,2948,84.0,284,49.55,14072.2
12491,2948,542.0,69,55.07,3799.83
12492,2949,227.0,13,25.3,328.92
12493,2950,409.0,398,2077.58,826877.39
12494,2950,514.0,391,3260.61,1274897.76
12495,2950,462.0,194,4320.86,838246.09
12496,2950,577.0,476,5871.79,2794969.7
12497,2950,598.0,39,1566.67,61100.32
12498,2950,70.0,482,2887.08,1391572.0
12499,2950,69.0,454,4671.25,2120745.77
12500,2951,156.0,208,2815.0,585520.0
12501,2951,361.0,350,3388.0,1185800.0
12502,2951,136.0,274,110.0,30140.0
12503,2951,473.0,370,2674.0,989380.0
12504,2952,511.0,238,3250.29,773569.39
12505,2952,137.0,157,2832.57,444713.71
12506,2952,209.0,254,4862.66,1235115.5
12507,2952,156.0,201,2991.51,601293.01
12508,2952,281.0,281,304.58,85587.56
12509,2953,71.0,374,3169.0,1185206.0
12510,2953,519.0,11,328.0,3608.0
12511,2953,202.0,423,4926.0,2083698.0
12512,2953,170.0,67,1441.0,96547.0
12513,2954,354.0,456,7.62,3474.72
12514,2954,577.0,418,58.51,24457.18
12515,2954,60.0,193,36.79,7100.47
12516,2954,509.0,266,26.45,7035.7
12517,2955,62.0,312,37.37,11659.69
12518,2955,194.0,290,24.29,7043.55
12519,2955,160.0,48,29.68,1424.83
12520,2955,565.0,280,31.65,8861.75
12521,2955,26.0,492,1017.72,500720.19
12522,2956,8.0,163,15.91,2593.98
12523,2956,439.0,102,10.27,1048.04
12524,2956,591.0,13,68.28,887.6
12525,2956,360.0,447,1446.89,646761.85
12526,2956,577.0,171,63.19,10805.61
12527,2957,146.0,425,66.11,28098.28
12528,2957,324.0,205,48.11,9862.79
12529,2957,319.0,103,8.86,912.34
12530,2957,259.0,221,59.27,13097.92
12531,2958,127.0,392,4315.0,1691480.0
12532,2958,456.0,135,3117.0,420795.0
12533,2958,69.0,35,4407.0,154245.0
12534,2958,283.0,428,820.0,350960.0
12535,2958,4.0,385,435.0,167475.0
12536,2958,290.0,42,1315.0,55230.0
12537,2959,202.0,90,5516.51,496485.6
12538,2959,406.0,170,3357.22,570727.8
12539,2959,553.0,239,1088.05,260044.79
12540,2959,285.0,18,1165.32,20975.68
12541,2959,243.0,194,143.3,27800.03
12542,2959,300.0,486,3949.16,1919291.63
12543,2960,541.0,304,2767.97,841463.37
12544,2960,301.0,52,296.94,15440.78
12545,2960,375.0,57,3836.21,218663.95
12546,2960,486.0,448,2332.87,1045127.94
12547,2960,368.0,381,3733.74,1422554.8
12548,2960,227.0,110,2115.73,232730.82
12549,2960,556.0,31,4732.6,146710.49
12550,2960,335.0,162,4842.33,784457.36
12551,2961,292.0,84,4369.0,366996.0
12552,2961,295.0,329,1051.0,345779.0
12553,2961,246.0,52,1626.0,84552.0
12554,2961,500.0,332,3317.0,1101244.0
12555,2961,511.0,421,3023.0,1272683.0
12556,2962,345.0,147,47.45,6975.38
12557,2962,571.0,480,1596.78,766455.38
12558,2962,490.0,424,51.18,21699.31
12559,2962,582.0,206,50.0,10300.41
12560,2962,562.0,89,37.36,3325.24
12561,2963,27.0,476,402.35,191519.04
12562,2963,274.0,459,5116.8,2348610.1
12563,2963,96.0,313,1917.76,600258.14
12564,2964,450.0,284,1010.0,286840.0
12565,2964,285.0,491,1054.0,517514.0
12566,2965,146.0,326,65.84,21462.73
12567,2965,69.0,252,60.87,15339.79
12568,2965,77.0,408,881.11,359491.43
12569,2966,341.0,425,5356.31,2276433.83
12570,2966,173.0,470,2666.83,1253409.46
12571,2966,342.0,174,4111.92,715474.37
12572,2966,529.0,249,1927.59,479971.14
12573,2966,138.0,352,1809.18,636831.2
12574,2966,351.0,492,3315.78,1631363.9
12575,2966,1.0,478,132.42,63295.5
12576,2967,37.0,267,1179.0,314793.0
12577,2967,68.0,362,4293.0,1554066.0
12578,2967,148.0,186,614.0,114204.0
12579,2968,50.0,252,3000.9,756227.78
12580,2968,41.0,241,3998.82,963716.12
12581,2968,306.0,59,478.43,28227.47
12582,2968,579.0,415,2554.43,1060090.38
12583,2968,578.0,303,2107.91,638695.82
12584,2969,324.0,481,3468.0,1668108.0
12585,2969,187.0,112,3323.0,372176.0
12586,2969,122.0,336,3706.0,1245216.0
12587,2970,300.0,351,44.11,15482.61
12588,2970,303.0,99,1706.55,168948.45
12589,2970,196.0,178,37.05,6594.9
12590,2970,242.0,220,32.58,7167.6
12591,2970,456.0,403,36.67,14778.01
12592,2970,150.0,209,151.15,31590.35
12593,2971,407.0,136,11.9,1617.97
12594,2971,481.0,55,20.78,1142.97
12595,2971,91.0,247,1172.75,289668.36
12596,2971,47.0,223,779.1,173738.44
12597,2972,499.0,25,5101.66,127541.54
12598,2972,591.0,86,5335.2,458827.51
12599,2973,71.0,300,3672.71,1101813.74
12600,2973,317.0,474,5381.5,2550831.12
12601,2973,264.0,451,2481.9,1119337.14
12602,2973,363.0,471,3084.65,1452869.5
12603,2973,255.0,29,3205.37,92955.82
12604,2973,89.0,258,2414.33,622896.71
12605,2974,474.0,217,1293.55,280700.77
12606,2974,572.0,444,1003.8,445685.48
12607,2974,251.0,114,3183.62,362932.39
12608,2975,377.0,449,615.24,276241.52
12609,2975,217.0,310,3716.4,1152082.87
12610,2975,23.0,286,3387.77,968903.08
12611,2975,87.0,75,886.66,66499.37
12612,2975,530.0,263,3231.78,849957.83
12613,2975,543.0,114,2876.34,327903.13
12614,2976,141.0,399,37.29,14878.8
12615,2976,159.0,62,6.33,392.37
12616,2976,372.0,474,9.64,4569.27
12617,2976,359.0,56,2.53,141.79
12618,2976,22.0,177,1864.47,330012.06
12619,2977,192.0,321,1634.49,524669.77
12620,2977,505.0,473,2413.23,1141457.44
12621,2977,553.0,71,1075.81,76382.37
12622,2977,521.0,318,1302.36,414149.09
12623,2978,179.0,476,5583.13,2657570.61
12624,2978,54.0,427,5676.4,2423822.28
12625,2978,301.0,419,267.91,112254.08
12626,2978,84.0,382,4640.44,1772648.18
12627,2979,433.0,205,4735.36,970748.84
12628,2979,300.0,288,4037.46,1162788.93
12629,2979,23.0,107,3524.37,377107.13
12630,2979,308.0,188,1278.12,240287.2
12631,2980,476.0,438,3100.79,1358145.64
12632,2981,450.0,293,13.63,3994.21
12633,2981,210.0,430,68.49,29450.23
12634,2981,330.0,272,35.33,9609.93
12635,2981,165.0,442,17.36,7671.91
12636,2982,313.0,30,5184.1,155523.01
12637,2982,114.0,312,1433.69,447310.74
12638,2982,35.0,26,1954.3,50811.89
12639,2982,573.0,414,3505.03,1451082.41
12640,2982,414.0,315,2620.65,825506.05
12641,2982,540.0,435,2325.17,1011449.28
12642,2983,249.0,302,3282.0,991164.0
12643,2983,359.0,488,202.0,98576.0
12644,2983,43.0,434,2880.0,1249920.0
12645,2984,50.0,490,3135.99,1536636.35
12646,2984,440.0,189,4648.91,878643.74
12647,2984,460.0,282,1082.37,305227.44
12648,2984,483.0,301,3707.92,1116083.24
12649,2985,131.0,361,3885.0,1402485.0
12650,2985,451.0,220,1927.0,423940.0
12651,2985,498.0,423,4868.0,2059164.0
12652,2986,84.0,352,49.55,17441.6
12653,2986,560.0,97,5.2,504.4
12654,2986,324.0,184,40.8,7507.2
12655,2986,188.0,431,48.68,20981.08
12656,2986,596.0,162,756.98,122630.76
12657,2986,571.0,455,1424.0,647920.0
12658,2986,568.0,203,15.24,3093.72
12659,2986,542.0,184,55.07,10132.88
12660,2987,555.0,103,3528.0,363384.0
12661,2987,487.0,307,4196.0,1288172.0
12662,2987,532.0,342,1538.0,525996.0
12663,2987,233.0,265,3836.0,1016540.0
12664,2987,326.0,474,4803.0,2276622.0
12665,2987,414.0,171,2465.0,421515.0
12666,2987,347.0,149,2885.0,429865.0
12667,2988,524.0,334,2944.0,983296.0
12668,2988,59.0,478,3377.0,1614206.0
12669,2988,211.0,480,2054.0,985920.0
12670,2989,319.0,316,700.5,221357.32
12671,2989,493.0,171,5250.16,897777.15
12672,2990,240.0,325,18.38,5973.5
12673,2990,78.0,12,930.56,11166.72
12674,2990,374.0,364,3.09,1124.76
12675,2990,525.0,271,1381.12,374283.52
12676,2990,32.0,33,54.71,1805.43
12677,2990,13.0,190,20.22,3841.8
12678,2990,38.0,376,1384.38,520526.88
12679,2991,84.0,192,53.65,10300.34
12680,2991,390.0,335,32.06,10738.45
12681,2992,574.0,263,61.56,16191.5
12682,2992,519.0,225,4.62,1040.31
12683,2992,366.0,275,18.58,5108.23
12684,2992,29.0,261,63.02,16447.42
12685,2992,70.0,173,32.47,5617.29
12686,2992,179.0,402,58.43,23489.2
12687,2992,123.0,145,10.12,1468.01
12688,2993,217.0,23,41.89,963.39
12689,2993,300.0,406,50.25,20401.89
12690,2993,318.0,330,49.32,16274.25
12691,2993,202.0,474,67.5,31996.75
12692,2993,79.0,284,20.48,5816.75
12693,2994,588.0,427,3.65,1557.68
12694,2995,281.0,348,287.0,99876.0
12695,2995,518.0,184,4445.0,817880.0
12696,2995,540.0,267,2111.0,563637.0
12697,2996,102.0,231,3036.63,701462.25
12698,2996,317.0,368,5122.1,1884932.73
12699,2996,392.0,11,4083.5,44918.51
12700,2996,62.0,159,3232.99,514045.97
12701,2996,287.0,357,4990.58,1781635.41
12702,2996,111.0,204,1576.73,321652.36
12703,2996,395.0,95,4932.3,468568.41
12704,2997,146.0,271,56.07,15194.97
12705,2997,113.0,214,773.14,165451.96
12706,2997,335.0,262,54.13,14182.06
12707,2997,324.0,197,40.8,8037.6
12708,2997,259.0,181,51.89,9392.09
12709,2997,319.0,117,7.61,890.37
12710,2998,494.0,257,48.11,12365.02
12711,2998,15.0,344,20.3,6984.49
12712,2998,474.0,356,15.81,5627.53
12713,2998,438.0,308,16.89,5202.78
12714,2998,542.0,355,60.66,21534.32
12715,2999,8.0,236,16.32,3851.15
12716,2999,49.0,50,590.39,29519.25
12717,2999,383.0,324,1045.51,338746.03
12718,2999,178.0,73,62.55,4566.11
12719,2999,238.0,472,65.28,30811.57
12720,2999,391.0,430,16.92,7275.51
12721,3000,318.0,423,4173.49,1765384.59
12722,3000,23.0,388,3663.78,1421546.48
12723,3000,543.0,213,2843.89,605748.39
12724,3000,146.0,449,5184.21,2327709.41
12725,3000,377.0,366,611.19,223694.07
12726,3000,480.0,315,3154.3,993604.93
12727,3000,217.0,21,3696.11,77618.22
12728,3001,211.0,201,2220.45,446309.77
12729,3001,201.0,95,5100.5,484547.14
12730,3002,538.0,165,1.77,292.23
12731,3002,524.0,46,41.17,1893.8
12732,3002,306.0,454,5.55,2521.91
12733,3002,196.0,338,42.14,14243.3
12734,3002,568.0,424,16.61,7043.0
12735,3002,203.0,220,63.24,13913.12
12736,3003,202.0,89,4926.0,438414.0
12737,3003,570.0,289,4546.0,1313794.0
12738,3003,194.0,71,1927.0,136817.0
12739,3003,535.0,401,2376.0,952776.0
12740,3003,165.0,483,1325.0,639975.0
12741,3004,553.0,325,1143.36,371593.32
12742,3004,102.0,496,3272.05,1622936.7
12743,3004,243.0,163,144.14,23495.14
12744,3004,481.0,306,1686.64,516112.26
12745,3004,81.0,358,958.64,343193.78
12746,3004,236.0,143,3300.27,471938.66
12747,3005,62.0,386,32.78,12653.08
12748,3005,141.0,168,31.29,5256.72
12749,3005,194.0,324,22.67,7345.08
12750,3006,179.0,354,5472.53,1937275.48
12751,3006,239.0,81,1158.46,93835.27
12752,3006,251.0,457,3222.94,1472884.77
12753,3007,156.0,407,3071.96,1250287.51
12754,3007,351.0,170,3290.64,559408.29
12755,3007,361.0,310,3666.75,1136692.61
12756,3007,136.0,346,120.83,41806.91
12757,3007,281.0,418,336.68,140731.65
12758,3007,540.0,102,2317.09,236342.92
12759,3007,378.0,52,2928.5,152281.81
12760,3008,560.0,238,6.06,1442.93
12761,3008,113.0,258,845.58,218159.6
12762,3009,281.0,363,301.4,109407.67
12763,3009,405.0,440,4300.68,1892301.36
12764,3009,97.0,450,4437.32,1996794.92
12765,3009,430.0,152,1238.05,188183.1
12766,3010,218.0,15,1591.0,23865.0
12767,3010,332.0,184,2679.0,492936.0
12768,3010,39.0,441,4154.0,1831914.0
12769,3011,410.0,21,712.29,14958.14
12770,3011,541.0,351,2790.62,979508.28
12771,3011,598.0,454,1543.51,700752.09
12772,3012,249.0,391,43.19,16888.37
12773,3012,192.0,93,17.96,1670.62
12774,3012,480.0,435,35.53,15453.78
12775,3013,235.0,242,680.79,164752.29
12776,3013,359.0,414,213.95,88576.11
12777,3013,108.0,71,5081.02,360752.43
12778,3014,440.0,183,49.84,9121.43
12779,3014,12.0,399,1355.18,540715.33
12780,3014,254.0,496,42.45,21054.69
12781,3014,486.0,372,26.99,10040.01
12782,3014,472.0,352,1823.93,642022.14
12783,3014,438.0,155,16.97,2629.74
12784,3014,236.0,289,42.44,12264.56
12785,3015,22.0,296,1805.55,534443.66
12786,3015,273.0,23,29.17,670.89
12787,3015,571.0,114,1582.71,180428.58
12788,3016,240.0,241,1829.24,440845.97
12789,3016,357.0,338,613.14,207242.96
12790,3016,558.0,392,3352.48,1314172.25
12791,3016,242.0,145,2927.72,424518.7
12792,3017,293.0,408,3065.0,1250520.0
12793,3017,175.0,190,1828.0,347320.0
12794,3017,141.0,268,2660.0,712880.0
12795,3018,390.0,311,32.92,10238.53
12796,3019,550.0,103,24.03,2474.86
12797,3019,424.0,331,26.71,8840.64
12798,3019,287.0,260,55.63,14462.51
12799,3019,16.0,364,441.64,160756.11
12800,3019,251.0,230,36.46,8386.64
12801,3019,491.0,413,23.44,9682.2
12802,3019,439.0,343,9.74,3339.46
12803,3020,43.0,65,36.61,2379.83
12804,3020,569.0,335,46.75,15660.81
12805,3020,109.0,242,993.28,240373.5
12806,3020,8.0,386,16.07,6204.28
12807,3020,421.0,290,409.31,118700.14
12808,3020,460.0,100,14.37,1437.05
12809,3020,300.0,490,48.11,23572.28
12810,3021,54.0,449,59.95,26916.41
12811,3021,62.0,225,36.36,8182.12
12812,3021,285.0,59,13.11,773.21
12813,3021,232.0,248,45.74,11343.05
12814,3021,251.0,452,36.35,16431.62
12815,3021,515.0,408,28.65,11689.84
12816,3021,567.0,449,59.64,26778.02
12817,3022,113.0,161,887.33,142860.83
12818,3022,259.0,93,60.72,5647.32
12819,3022,146.0,394,62.78,24735.53
12820,3022,319.0,213,8.85,1885.98
12821,3022,324.0,299,42.85,12813.1
12822,3023,367.0,223,133.01,29661.12
12823,3023,451.0,264,2304.73,608449.94
12824,3023,498.0,11,5735.01,63085.11
12825,3024,444.0,227,4824.54,1095171.15
12826,3024,400.0,106,740.12,78452.29
12827,3024,471.0,482,619.32,298512.87
12828,3025,423.0,482,2786.71,1343194.76
12829,3025,281.0,107,328.2,35117.04
12830,3025,405.0,105,4191.66,440124.66
12831,3026,541.0,239,3057.3,730693.88
12832,3026,335.0,329,5391.21,1773708.26
12833,3026,318.0,266,4381.93,1165593.7
12834,3027,80.0,17,2777.49,47217.32
12835,3027,70.0,433,2586.6,1119999.11
12836,3027,308.0,161,1423.23,229139.9
12837,3027,424.0,213,2285.62,486836.73
12838,3027,445.0,213,4510.86,960812.52
12839,3028,374.0,267,295.81,78981.0
12840,3028,80.0,417,2871.69,1197493.79
12841,3028,196.0,385,3507.41,1350353.81
12842,3028,141.0,494,3173.01,1567466.67
12843,3028,574.0,231,5250.08,1212767.6
12844,3029,515.0,495,28.4,14058.0
12845,3029,54.0,362,58.92,21327.33
12846,3030,424.0,75,2506.8,188009.75
12847,3030,129.0,24,788.11,18914.64
12848,3030,227.0,407,2098.2,853967.82
12849,3030,441.0,383,2522.05,965944.06
12850,3030,494.0,226,3900.97,881618.38
12851,3030,43.0,40,3293.11,131724.24
12852,3030,287.0,395,4459.39,1761457.34
12853,3030,366.0,284,1503.5,426994.91
12854,3030,317.0,440,5707.84,2511447.73
12855,3031,23.0,134,3646.32,488607.52
12856,3031,146.0,137,5025.59,688505.87
12857,3031,217.0,171,3839.85,656613.65
12858,3032,141.0,329,2955.5,972358.48
12859,3032,308.0,133,1368.12,181959.88
12860,3032,160.0,340,2613.19,888484.01
12861,3032,306.0,133,431.72,57419.26
12862,3032,317.0,74,5662.69,419039.15
12863,3032,556.0,389,4983.51,1938587.09
12864,3032,176.0,188,4849.58,911721.66
12865,3033,239.0,468,1257.42,588472.81
12866,3033,251.0,114,3186.3,363238.42
12867,3033,108.0,144,4881.69,702963.86
12868,3033,179.0,38,5529.78,210131.46
12869,3034,507.0,36,311.36,11208.79
12870,3035,386.0,245,195.44,47882.02
12871,3036,13.0,172,1719.0,295668.0
12872,3036,565.0,401,2377.0,953177.0
12873,3036,275.0,82,3721.0,305122.0
12874,3036,510.0,303,4860.0,1472580.0
12875,3036,474.0,447,1159.0,518073.0
12876,3036,102.0,383,2817.0,1078911.0
12877,3037,215.0,104,2042.0,212368.0
12878,3037,424.0,130,2155.0,280150.0
12879,3037,568.0,138,1295.0,178710.0
12880,3037,92.0,232,269.0,62408.0
12881,3037,172.0,187,488.0,91256.0
12882,3038,243.0,445,131.0,58295.0
12883,3038,285.0,122,1054.0,128588.0
12884,3039,22.0,355,1735.61,616139.82
12885,3039,75.0,148,645.82,95581.89
12886,3039,359.0,62,2.52,156.53
12887,3039,372.0,58,9.11,528.15
12888,3039,254.0,432,43.8,18920.55
12889,3039,273.0,336,30.99,10411.14
12890,3039,82.0,356,27.12,9655.13
12891,3040,391.0,366,1567.1,573559.02
12892,3040,291.0,355,5717.65,2029765.24
12893,3040,293.0,367,3523.64,1293177.32
12894,3040,141.0,381,3048.28,1161395.27
12895,3040,597.0,388,1448.56,562040.35
12896,3041,374.0,473,263.0,124399.0
12897,3041,141.0,193,2660.0,513380.0
12898,3041,196.0,477,3149.0,1502073.0
12899,3042,251.0,335,3084.56,1033327.11
12900,3042,471.0,450,691.31,311089.16
12901,3042,28.0,237,5169.29,1225121.14
12902,3042,509.0,273,2494.33,680952.37
12903,3042,125.0,346,5460.14,1889208.69
12904,3042,48.0,112,189.67,21243.13
12905,3042,439.0,50,837.05,41852.39
12906,3043,541.0,175,2775.43,485699.6
12907,3043,424.0,362,2506.05,907188.44
12908,3043,308.0,419,1301.73,545424.19
12909,3043,450.0,314,1195.57,375407.72
12910,3043,345.0,251,4561.52,1144942.54
12911,3043,445.0,341,4756.11,1621831.86
12912,3044,577.0,220,66.5,14630.81
12913,3045,43.0,414,3094.6,1281165.24
12914,3045,194.0,495,2179.12,1078665.2
12915,3045,371.0,497,5533.05,2749926.0
12916,3046,531.0,156,1011.0,157716.0
12917,3047,142.0,130,3963.0,515190.0
12918,3047,118.0,272,4070.0,1107040.0
12919,3047,261.0,225,4084.0,918900.0
12920,3047,563.0,155,3939.0,610545.0
12921,3047,313.0,446,4362.0,1945452.0
12922,3047,561.0,96,2874.0,275904.0
12923,3047,507.0,45,276.0,12420.0
12924,3048,439.0,465,860.98,400354.5
12925,3048,71.0,90,3678.23,331040.59
12926,3048,291.0,457,5642.44,2578595.07
12927,3048,179.0,43,5586.44,240216.71
12928,3048,235.0,269,707.75,190384.53
12929,3048,512.0,242,2362.52,571728.97
12930,3048,577.0,439,5757.2,2527409.59
12931,3049,182.0,447,538.86,240869.38
12932,3049,392.0,392,3889.94,1524856.37
12933,3050,134.0,450,3930.22,1768600.33
12934,3050,368.0,337,3594.49,1211341.76
12935,3050,335.0,403,5049.51,2034952.11
12936,3050,486.0,75,2140.17,160512.78
12937,3050,556.0,387,5327.21,2061631.06
12938,3051,46.0,164,2408.95,395067.27
12939,3051,177.0,69,3932.94,271373.2
12940,3051,414.0,350,2693.82,942837.86
12941,3052,159.0,133,5.69,756.72
12942,3052,49.0,144,568.1,81806.06
12943,3052,374.0,482,3.43,1650.97
12944,3053,181.0,179,3038.36,543866.57
12945,3053,544.0,259,768.8,199118.19
12946,3054,335.0,440,5181.56,2279887.89
12947,3054,290.0,324,1437.98,465906.21
12948,3054,566.0,65,351.76,22864.38
12949,3054,556.0,241,5047.62,1216475.52
12950,3055,188.0,423,4138.0,1750374.0
12951,3055,275.0,249,3721.0,926529.0
12952,3055,566.0,46,302.0,13892.0
12953,3056,372.0,118,10.14,1196.78
12954,3057,570.0,18,63.18,1137.3
12955,3057,283.0,271,10.72,2905.25
12956,3057,424.0,249,28.51,7099.26
12957,3057,596.0,386,800.28,308909.41
12958,3058,170.0,381,1578.95,601578.11
12959,3058,301.0,139,287.08,39904.44
12960,3058,134.0,249,3707.19,923090.15
12961,3058,556.0,24,4990.65,119775.52
12962,3058,538.0,500,148.29,74143.99
12963,3058,368.0,419,3601.97,1509223.46
12964,3058,541.0,331,2965.6,981612.29
12965,3059,439.0,263,762.0,200406.0
12966,3059,211.0,306,2054.0,628524.0
12967,3059,127.0,164,4315.0,707660.0
12968,3059,59.0,48,3377.0,162096.0
12969,3059,494.0,500,3471.0,1735500.0
12970,3060,359.0,47,231.49,10880.07
12971,3060,60.0,15,3636.33,54544.92
12972,3060,196.0,451,3763.44,1697310.28
12973,3060,301.0,235,265.54,62401.15
12974,3061,480.0,372,34.94,12995.82
12975,3061,243.0,375,1.75,656.81
12976,3061,275.0,82,46.5,3812.67
12977,3061,113.0,459,918.3,421498.52
12978,3061,9.0,194,15.06,2922.17
12979,3061,560.0,80,6.05,483.89
12980,3062,23.0,298,3096.0,922608.0
12981,3062,146.0,182,4766.0,867412.0
12982,3063,423.0,328,2500.0,820000.0
12983,3063,295.0,415,1051.0,436165.0
12984,3063,97.0,353,3735.0,1318455.0
12985,3063,281.0,461,287.0,132307.0
12986,3063,183.0,43,2510.0,107930.0
12987,3063,405.0,83,3897.0,323451.0
12988,3064,48.0,148,2.39,353.76
12989,3064,287.0,185,52.91,9788.37
12990,3064,102.0,40,37.21,1488.26
12991,3064,81.0,365,10.34,3774.12
12992,3064,306.0,314,5.23,1642.2
12993,3065,450.0,180,13.67,2460.48
12994,3065,47.0,115,753.14,86610.71
12995,3065,179.0,46,62.29,2865.57
12996,3065,151.0,195,29.01,5656.29
12997,3066,16.0,439,445.54,195591.89
12998,3066,368.0,417,42.82,17854.23
12999,3067,476.0,405,2901.55,1175127.21
13000,3068,176.0,230,5056.26,1162939.43
13001,3068,548.0,244,4993.82,1218490.97
13002,3069,23.0,319,3385.45,1079959.34
13003,3069,535.0,459,2822.79,1295660.96
13004,3070,426.0,392,114.6,44923.2
13005,3071,146.0,411,5073.61,2085252.6
13006,3072,408.0,355,26.88,9542.98
13007,3072,122.0,252,51.03,12860.32
13008,3072,87.0,182,10.71,1948.62
13009,3072,551.0,467,19.32,9021.24
13010,3072,530.0,425,39.39,16739.09
13011,3072,589.0,487,2113.33,1029193.36
13012,3073,43.0,433,3240.17,1402994.99
13013,3073,359.0,121,240.27,29072.73
13014,3074,381.0,152,2401.0,364952.0
13015,3074,296.0,304,3586.0,1090144.0
13016,3074,348.0,130,1214.0,157820.0
13017,3074,161.0,314,2173.0,682322.0
13018,3074,133.0,380,1154.0,438520.0
13019,3074,457.0,201,538.0,108138.0
13020,3074,72.0,290,4837.0,1402730.0
13021,3074,378.0,184,2467.0,453928.0
13022,3075,21.0,325,6.99,2271.75
13023,3075,493.0,157,57.78,9071.46
13024,3076,55.0,112,988.0,110656.0
13025,3076,248.0,431,4971.0,2142501.0
13026,3076,529.0,209,1681.0,351329.0
13027,3076,85.0,272,2420.0,658240.0
13028,3076,274.0,215,4455.0,957825.0
13029,3077,113.0,43,845.35,36350.09
13030,3077,22.0,225,1753.8,394605.5
13031,3077,472.0,385,2010.05,773867.48
13032,3077,122.0,169,51.62,8723.7
13033,3078,550.0,15,2051.34,30770.11
13034,3078,514.0,431,3398.03,1464550.87
13035,3078,41.0,467,4142.64,1934612.77
13036,3078,264.0,133,2654.86,353096.44
13037,3078,69.0,202,5155.91,1041493.96
13038,3078,598.0,54,1591.94,85964.95
13039,3078,577.0,353,5694.36,2010109.05
13040,3078,129.0,295,793.42,234058.59
13041,3079,340.0,97,3650.0,354050.0
13042,3079,566.0,72,302.0,21744.0
13043,3079,311.0,176,3102.0,545952.0
13044,3079,494.0,346,3471.0,1200966.0
13045,3080,550.0,429,2012.27,863262.91
13046,3080,446.0,76,4472.33,339897.03
13047,3080,442.0,181,700.08,126714.83
13048,3080,187.0,345,3615.31,1247282.06
13049,3081,103.0,172,31.39,5399.63
13050,3081,146.0,38,62.44,2372.61
13051,3081,49.0,153,561.61,85925.9
13052,3081,126.0,248,7.38,1830.02
13053,3082,462.0,101,4649.22,469571.34
13054,3082,111.0,142,1492.14,211884.14
13055,3082,399.0,71,3750.98,266319.35
13056,3082,317.0,394,5404.56,2129397.5
13057,3082,598.0,465,1584.15,736628.85
13058,3082,69.0,267,4808.29,1283814.35
13059,3082,41.0,176,3879.38,682771.27
13060,3083,102.0,470,2817.0,1323990.0
13061,3083,249.0,421,3282.0,1381722.0
13062,3083,29.0,252,4730.0,1191960.0
13063,3083,499.0,360,4784.0,1722240.0
13064,3083,28.0,74,4343.0,321382.0
13065,3083,84.0,372,4212.0,1566864.0
13066,3083,371.0,183,4754.0,869982.0
13067,3084,72.0,434,5208.73,2260589.44
13068,3084,573.0,439,3595.27,1578324.44
13069,3085,41.0,56,3827.4,214334.22
13070,3085,409.0,334,2250.48,751661.07
13071,3086,100.0,201,3768.62,757492.24
13072,3086,475.0,366,588.94,215552.53
13073,3086,64.0,150,1822.77,273415.79
13074,3087,127.0,123,4950.39,608897.55
13075,3087,524.0,209,3356.84,701580.18
13076,3087,59.0,388,3627.17,1407342.14
13077,3087,211.0,473,2207.67,1044229.89
13078,3087,236.0,315,3302.34,1040236.55
13079,3088,77.0,441,944.48,416516.44
13080,3088,395.0,180,58.1,10458.17
13081,3088,23.0,427,43.47,18563.69
13082,3089,126.0,273,6.78,1851.25
13083,3089,146.0,250,59.23,14808.18
13084,3089,189.0,96,1162.18,111569.35
13085,3089,386.0,117,187.05,21884.78
13086,3089,159.0,457,6.1,2788.64
13087,3090,179.0,51,5101.75,260189.37
13088,3090,508.0,247,3629.49,896483.9
13089,3091,259.0,317,5132.41,1626974.23
13090,3091,153.0,319,2785.18,888473.17
13091,3091,399.0,316,3901.04,1232728.66
13092,3091,238.0,270,5706.95,1540876.68
13093,3091,182.0,390,521.27,203295.16
13094,3091,275.0,179,4155.07,743757.03
13095,3091,474.0,188,1260.01,236881.95
13096,3091,513.0,82,4344.0,356207.8
13097,3092,183.0,358,2662.16,953054.89
13098,3092,296.0,418,4170.19,1743140.06
13099,3093,210.0,470,64.18,30166.03
13100,3093,450.0,199,12.79,2544.4
13101,3093,103.0,111,30.72,3410.14
13102,3093,330.0,389,32.33,12575.2
13103,3094,81.0,354,890.83,315353.01
13104,3095,550.0,180,24.78,4460.35
13105,3095,227.0,437,25.17,10998.04
13106,3095,580.0,419,353.04,147925.84
13107,3096,302.0,215,5436.29,1168802.83
13108,3097,505.0,380,2361.62,897416.44
13109,3097,15.0,289,1847.48,533923.11
13110,3097,89.0,306,2478.49,758418.4
13111,3097,491.0,208,1953.29,406283.75
13112,3098,432.0,105,5923.25,621941.65
13113,3098,570.0,455,5415.15,2463894.73
13114,3098,146.0,71,5301.63,376415.95
13115,3098,210.0,257,5475.13,1407108.76
13116,3099,499.0,245,4784.0,1172080.0
13117,3099,324.0,264,3468.0,915552.0
13118,3100,300.0,289,4019.86,1161739.07
13119,3100,558.0,492,3392.61,1669163.92
13120,3100,568.0,144,1398.53,201388.91
13121,3100,543.0,198,2702.4,535074.83
13122,3100,476.0,68,3099.75,210783.29
13123,3101,79.0,188,21.93,4122.64
13124,3101,426.0,423,129.45,54757.19
13125,3101,543.0,223,32.55,7259.6
13126,3101,314.0,82,140.39,11512.28
13127,3102,364.0,386,2976.56,1148951.55
13128,3102,274.0,367,5002.79,1836024.92
13129,3102,245.0,17,4028.3,68481.13
13130,3103,577.0,69,69.25,4778.05
13131,3103,301.0,357,3.19,1137.56
13132,3103,125.0,233,58.71,13680.49
13133,3103,567.0,287,58.81,16878.23
13134,3103,510.0,268,66.73,17884.29
13135,3104,75.0,323,651.83,210541.67
13136,3104,325.0,244,693.19,169139.36
13137,3104,433.0,259,58.56,15167.31
13138,3104,273.0,276,30.48,8411.14
13139,3104,33.0,64,21.65,1385.79
13140,3104,172.0,304,6.07,1845.13
13141,3105,597.0,375,1410.97,529115.46
13142,3105,352.0,13,1954.64,25410.36
13143,3105,202.0,360,5657.92,2036849.95
13144,3105,62.0,470,3049.93,1433467.41
13145,3105,444.0,471,4674.07,2201487.73
13146,3106,129.0,285,867.48,247232.13
13147,3106,456.0,364,3710.42,1350594.47
13148,3106,597.0,334,1515.67,506235.44
13149,3106,9.0,218,1250.55,272619.06
13150,3106,445.0,137,4476.65,613301.67
13151,3107,515.0,114,2126.0,242364.0
13152,3107,122.0,316,3706.0,1171096.0
13153,3107,324.0,411,3468.0,1425348.0
13154,3107,471.0,257,577.0,148289.0
13155,3107,165.0,401,1325.0,531325.0
13156,3107,102.0,277,2817.0,780309.0
13157,3108,72.0,155,5136.06,796090.02
13158,3108,554.0,128,650.37,83247.14
13159,3108,501.0,335,999.08,334692.47
13160,3108,540.0,130,2459.9,319787.28
13161,3108,274.0,390,4927.83,1921853.82
13162,3109,425.0,78,30.72,2396.46
13163,3109,174.0,336,1094.23,367661.61
13164,3109,153.0,89,30.74,2735.6
13165,3109,354.0,497,8.11,4030.2
13166,3109,38.0,56,1607.65,90028.34
13167,3109,230.0,449,581.43,261062.6
13168,3109,375.0,190,41.91,7963.57
13169,3110,430.0,39,1069.0,41691.0
13170,3110,295.0,194,1051.0,203894.0
13171,3110,423.0,204,2500.0,510000.0
13172,3111,474.0,127,1246.62,158320.68
13173,3111,550.0,338,2184.71,738433.51
13174,3111,572.0,228,971.76,221560.29
13175,3111,251.0,102,3000.52,306052.99
13176,3111,287.0,269,4550.5,1224083.49
13177,3112,125.0,344,5352.22,1841162.48
13178,3112,439.0,137,844.41,115683.63
13179,3112,553.0,387,1180.48,456846.81
13180,3112,226.0,58,2970.09,172265.22
13181,3112,232.0,75,4201.42,315106.15
13182,3112,206.0,494,1917.47,947231.65
13183,3112,128.0,90,2977.28,267954.89
13184,3112,127.0,402,4756.65,1912172.93
13185,3113,541.0,59,2888.38,170414.41
13186,3113,287.0,174,4918.18,855762.98
13187,3113,175.0,113,1926.43,217686.94
13188,3113,357.0,399,615.5,245583.88
13189,3113,42.0,130,5168.17,671861.98
13190,3113,493.0,227,5170.22,1173639.82
13191,3114,460.0,302,12.02,3630.04
13192,3114,79.0,341,18.75,6393.75
13193,3114,426.0,491,114.6,56268.6
13194,3114,41.0,51,41.05,2093.55
13195,3114,314.0,485,127.69,61929.65
13196,3114,119.0,112,30.41,3405.92
13197,3115,243.0,451,152.95,68981.5
13198,3115,572.0,34,992.62,33748.95
13199,3115,41.0,342,3673.79,1256437.14
13200,3115,449.0,373,3686.16,1374937.61
13201,3115,324.0,77,4098.11,315554.74
13202,3115,433.0,26,4943.82,128539.23
13203,3116,490.0,329,4550.47,1497105.38
13204,3116,146.0,433,5602.8,2426011.26
13205,3117,56.0,274,20.31,5565.03
13206,3118,248.0,346,5832.59,2018075.54
13207,3118,274.0,292,4778.1,1395205.34
13208,3118,55.0,461,1123.8,518070.17
13209,3118,231.0,73,4898.58,357596.47
13210,3119,75.0,100,612.39,61239.0
13211,3119,325.0,274,599.07,164145.18
13212,3119,374.0,203,3.09,627.27
13213,3119,395.0,359,54.11,19425.49
13214,3120,314.0,417,146.84,61230.83
13215,3120,38.0,369,1572.33,580191.03
13216,3120,551.0,161,21.23,3418.24
13217,3120,416.0,308,62.24,19170.84
13218,3121,406.0,62,2801.0,173662.0
13219,3121,243.0,176,131.0,23056.0
13220,3122,359.0,127,222.33,28235.98
13221,3122,249.0,250,3475.69,868921.68
13222,3122,43.0,423,3281.53,1388088.35
13223,3123,148.0,431,614.0,264634.0
13224,3123,68.0,166,4293.0,712638.0
13225,3123,289.0,430,4338.0,1865340.0
13226,3123,133.0,496,1154.0,572384.0
13227,3124,575.0,390,3203.07,1249198.35
13228,3124,540.0,246,2262.75,556636.88
13229,3125,450.0,61,14.16,863.47
13230,3125,103.0,40,29.55,1182.03
13231,3125,210.0,286,67.37,19268.57
13232,3125,165.0,148,17.15,2538.6
13233,3126,598.0,369,1693.6,624938.72
13234,3126,179.0,279,5534.67,1544173.54
13235,3126,28.0,342,4872.27,1666316.81
13236,3126,449.0,404,3518.82,1421603.98
13237,3127,481.0,168,1479.0,248472.0
13238,3128,102.0,499,3367.16,1680214.99
13239,3128,275.0,441,4448.58,1961821.67
13240,3128,182.0,249,516.99,128730.41
13241,3128,399.0,243,3969.88,964680.06
13242,3129,126.0,343,526.0,180418.0
13243,3129,570.0,236,4546.0,1072856.0
13244,3129,210.0,446,4906.0,2188076.0
13245,3129,432.0,59,4988.0,294292.0
13246,3130,170.0,497,1543.54,767141.76
13247,3130,410.0,94,780.17,73335.57
13248,3130,449.0,398,3859.9,1536240.77
13249,3130,283.0,181,933.49,168961.48
13250,3130,240.0,217,1650.49,358156.88
13251,3130,238.0,298,5888.49,1754771.31
13252,3131,396.0,372,4642.07,1726848.5
13253,3131,243.0,436,152.9,66666.5
13254,3131,562.0,59,3423.47,201984.89
13255,3131,419.0,180,2047.6,368567.94
13256,3131,370.0,367,1358.02,498392.66
13257,3131,483.0,308,3784.21,1165537.39
13258,3132,413.0,87,4839.99,421078.76
13259,3132,441.0,471,2596.78,1223081.39
13260,3132,28.0,451,4618.33,2082867.91
13261,3132,442.0,55,644.53,35448.91
13262,3132,577.0,268,5273.76,1413367.95
13263,3133,432.0,275,4988.0,1371700.0
13264,3133,301.0,35,249.0,8715.0
13265,3133,249.0,190,3282.0,623580.0
13266,3133,578.0,201,1777.0,357177.0
13267,3134,538.0,433,1.76,760.88
13268,3134,317.0,365,61.29,22369.57
13269,3135,23.0,81,42.87,3472.58
13270,3135,472.0,204,2022.73,412636.81
13271,3135,325.0,307,713.92,219173.26
13272,3135,517.0,65,514.59,33448.1
13273,3135,172.0,94,6.06,569.17
13274,3135,260.0,228,29.1,6634.5
13275,3135,273.0,424,29.58,12541.56
13276,3136,56.0,33,1439.0,47487.0
13277,3137,597.0,244,1496.15,365060.45
13278,3137,424.0,15,2350.7,35260.54
13279,3137,287.0,475,4730.05,2246771.62
13280,3137,236.0,449,3529.08,1584558.12
13281,3137,227.0,160,2325.89,372141.77
13282,3137,43.0,414,3086.46,1277795.83
13283,3138,424.0,397,29.71,11793.35
13284,3138,127.0,460,58.84,27066.34
13285,3138,318.0,483,52.71,25459.46
13286,3138,374.0,423,3.61,1526.52
13287,3138,151.0,40,30.97,1238.73
13288,3138,597.0,403,16.44,6623.35
13289,3138,86.0,17,11.88,201.9
13290,3138,460.0,242,13.53,3275.22
13291,3139,319.0,412,8.57,3529.43
13292,3139,259.0,311,60.58,18839.03
13293,3139,146.0,267,65.47,17479.43
13294,3139,113.0,246,860.65,211719.33
13295,3139,324.0,153,47.28,7234.06
13296,3139,335.0,182,63.64,11581.73
13297,3140,28.0,469,4886.24,2291644.27
13298,3140,48.0,355,186.86,66335.09
13299,3140,122.0,422,4018.09,1695635.71
13300,3140,509.0,341,2602.79,887552.94
13301,3141,264.0,305,2345.0,715225.0
13302,3142,30.0,467,3118.13,1456165.28
13303,3142,53.0,359,3448.48,1238003.68
13304,3142,182.0,422,540.71,228181.59
13305,3142,392.0,193,4235.95,817538.72
13306,3143,303.0,260,2019.69,525119.76
13307,3143,42.0,319,66.79,21306.56
13308,3143,360.0,357,1378.45,492107.86
13309,3144,330.0,88,35.02,3081.48
13310,3144,450.0,335,13.85,4640.0
13311,3144,165.0,337,17.84,6010.42
13312,3145,419.0,287,20.59,5909.33
13313,3145,542.0,317,55.07,17457.19
13314,3145,393.0,460,17.41,8008.6
13315,3145,167.0,416,5.99,2491.84
13316,3146,240.0,183,18.38,3363.54
13317,3146,486.0,177,23.78,4209.06
13318,3146,230.0,244,531.27,129629.88
13319,3146,440.0,17,46.22,785.74
13320,3146,472.0,334,1736.8,580091.2
13321,3147,306.0,409,4.71,1926.39
13322,3147,524.0,184,34.64,6373.76
13323,3148,405.0,232,4341.05,1007123.33
13324,3148,423.0,325,2886.78,938204.87
13325,3148,183.0,162,2902.44,470195.99
13326,3148,295.0,205,1251.54,256565.11
13327,3148,430.0,18,1219.45,21950.08
13328,3148,97.0,260,4456.3,1158639.22
13329,3148,281.0,260,334.46,86959.48
13330,3149,165.0,289,15.59,4505.51
13331,3149,330.0,331,30.25,10012.75
13332,3149,210.0,161,57.72,9292.92
13333,3149,103.0,240,27.85,6684.0
13334,3150,446.0,361,52.42,18923.19
13335,3150,517.0,491,529.46,259966.34
13336,3150,368.0,366,40.18,14707.42
13337,3150,251.0,97,35.73,3465.4
13338,3150,524.0,248,40.92,10148.19
13339,3150,591.0,261,63.62,16603.58
13340,3150,165.0,133,16.7,2220.47
13341,3151,371.0,308,5299.94,1632380.08
13342,3151,413.0,157,4644.02,729110.92
13343,3151,13.0,449,2051.11,920948.03
13344,3151,562.0,20,3594.24,71884.85
13345,3151,87.0,364,921.91,335576.3
13346,3151,185.0,249,4712.43,1173396.13
13347,3151,287.0,483,4562.1,2203493.13
13348,3151,146.0,342,5327.33,1821946.61
13349,3151,582.0,173,4087.72,707176.04
13350,3152,512.0,197,2054.0,404638.0
13351,3152,335.0,313,4601.0,1440113.0
13352,3152,363.0,434,2764.0,1199576.0
13353,3152,374.0,229,263.0,60227.0
13354,3153,538.0,142,1.84,260.8
13355,3153,497.0,340,1598.41,543458.11
13356,3153,38.0,210,1658.69,348325.58
13357,3154,387.0,66,4836.21,319189.74
13358,3154,315.0,451,5410.83,2440283.35
13359,3154,270.0,174,868.88,151184.91
13360,3154,470.0,158,1297.63,205025.92
13361,3154,274.0,250,5111.33,1277832.56
13362,3155,551.0,476,19.75,9402.71
13363,3155,167.0,292,6.56,1916.23
13364,3155,582.0,207,50.39,10430.22
13365,3155,82.0,294,26.25,7716.96
13366,3155,102.0,103,38.99,4015.88
13367,3155,600.0,260,368.82,95893.56
13368,3155,74.0,95,19.75,1875.79
13369,3155,474.0,310,14.95,4633.81
13370,3156,179.0,127,4955.32,629325.54
13371,3156,170.0,335,1712.49,573683.5
13372,3156,541.0,286,3026.48,865571.95
13373,3156,568.0,254,1427.29,362530.95
13374,3156,13.0,197,1888.51,372037.25
13375,3157,103.0,282,27.85,7853.7
13376,3157,542.0,420,55.07,23129.4
13377,3157,84.0,432,49.55,21405.6
13378,3157,577.0,228,58.51,13340.28
13379,3157,188.0,376,48.68,18303.68
13380,3158,108.0,229,4820.18,1103820.09
13381,3159,556.0,170,52.89,8991.3
13382,3159,25.0,227,22.26,5053.02
13383,3159,147.0,427,16.11,6878.97
13384,3159,115.0,448,185.31,83018.88
13385,3160,285.0,244,12.4,3025.6
13386,3160,251.0,254,31.8,8077.2
13387,3160,232.0,312,42.62,13297.44
13388,3161,103.0,22,2557.02,56254.41
13389,3161,424.0,216,2374.13,512812.34
13390,3161,597.0,78,1382.06,107801.0
13391,3161,117.0,331,355.27,117593.8
13392,3161,444.0,282,4571.14,1289061.74
13393,3161,374.0,349,288.77,100779.3
13394,3161,202.0,26,5795.75,150689.51
13395,3161,572.0,13,994.98,12934.8
13396,3162,159.0,167,5.67,947.32
13397,3162,374.0,274,3.38,925.46
13398,3162,146.0,466,65.13,30352.9
13399,3162,189.0,386,1166.06,450099.73
13400,3163,519.0,475,364.61,173188.01
13401,3163,291.0,331,5782.04,1913855.43
13402,3164,151.0,14,2425.74,33960.32
13403,3164,565.0,398,2700.82,1074925.65
13404,3164,8.0,366,1283.88,469900.18
13405,3164,407.0,463,1090.11,504719.16
13406,3164,201.0,261,5558.18,1450684.09
13407,3164,48.0,371,187.75,69653.48
13408,3164,179.0,182,5595.12,1018312.59
13409,3164,217.0,166,3749.24,622374.43
13410,3165,308.0,64,1335.57,85476.21
13411,3165,556.0,220,4811.57,1058546.48
13412,3166,515.0,366,2126.0,778116.0
13413,3166,111.0,69,1402.0,96738.0
13414,3166,541.0,152,2560.0,389120.0
13415,3166,102.0,405,2817.0,1140885.0
13416,3167,194.0,347,2108.1,731509.71
13417,3167,80.0,304,2840.78,863597.37
13418,3167,251.0,172,3128.24,538057.95
13419,3167,550.0,117,2088.25,244325.59
13420,3167,287.0,457,4423.89,2021718.56
13421,3168,357.0,379,639.65,242426.08
13422,3168,170.0,20,1662.71,33254.3
13423,3169,289.0,95,5142.6,488546.94
13424,3169,478.0,94,5514.91,518401.71
13425,3169,452.0,243,4572.97,1111230.93
13426,3169,94.0,145,2640.66,382895.97
13427,3170,548.0,478,4721.0,2256638.0
13428,3170,449.0,108,3340.0,360720.0
13429,3170,556.0,237,4496.0,1065552.0
13430,3170,399.0,179,3386.0,606094.0
13431,3171,438.0,327,17.37,5678.97
13432,3171,460.0,392,14.1,5527.45
13433,3171,41.0,26,44.86,1166.34
13434,3171,79.0,267,21.05,5619.73
13435,3172,242.0,172,3203.86,551063.43
13436,3172,446.0,444,4458.74,1979679.5
13437,3173,226.0,290,3265.81,947083.97
13438,3173,345.0,104,4531.96,471323.79
13439,3173,565.0,231,2780.64,642328.91
13440,3173,128.0,187,3234.28,604810.08
13441,3173,439.0,188,883.06,166015.12
13442,3173,127.0,280,5169.78,1447538.93
13443,3173,553.0,167,1135.5,189628.32
13444,3174,450.0,169,12.54,2118.79
13445,3174,103.0,440,31.11,13687.64
13446,3174,330.0,135,35.14,4744.1
13447,3174,165.0,457,18.04,8244.53
13448,3175,599.0,236,1423.64,335979.42
13449,3175,286.0,224,4580.53,1026039.49
13450,3175,39.0,99,4967.28,491760.42
13451,3175,466.0,418,2259.59,944510.26
13452,3176,108.0,156,4469.0,697164.0
13453,3176,222.0,348,2718.0,945864.0
13454,3176,92.0,336,269.0,90384.0
13455,3176,308.0,428,1192.0,510176.0
13456,3176,13.0,94,1719.0,161586.0
13457,3176,486.0,322,2021.0,650762.0
13458,3176,41.0,306,3489.0,1067634.0
13459,3176,558.0,146,3183.0,464718.0
13460,3176,129.0,133,746.0,99218.0
13461,3177,568.0,206,1295.0,266770.0
13462,3178,274.0,148,4845.78,717174.78
13463,3179,569.0,43,4269.51,183588.98
13464,3179,330.0,206,2776.86,572032.36
13465,3179,290.0,168,1424.38,239295.72
13466,3179,240.0,276,1790.68,494226.33
13467,3180,244.0,69,5156.8,355819.16
13468,3180,598.0,50,1656.58,82829.15
13469,3180,513.0,363,4077.44,1480112.53
13470,3180,129.0,470,828.83,389551.07
13471,3180,194.0,22,2312.13,50866.9
13472,3181,160.0,299,2668.48,797874.42
13473,3181,141.0,22,2977.99,65515.86
13474,3181,556.0,398,4775.49,1900646.3
13475,3181,176.0,32,4762.11,152387.59
13476,3182,89.0,496,2126.0,1054496.0
13477,3182,456.0,17,3117.0,52989.0
13478,3182,462.0,363,3975.0,1442925.0
13479,3182,422.0,206,2789.0,574534.0
13480,3182,290.0,421,1315.0,553615.0
13481,3183,75.0,192,717.34,137729.52
13482,3183,481.0,316,20.49,6476.33
13483,3183,159.0,366,5.94,2175.37
13484,3183,359.0,436,2.67,1165.84
13485,3183,372.0,392,9.18,3599.35
13486,3183,505.0,55,31.26,1719.07
13487,3184,571.0,237,1424.0,337488.0
13488,3184,314.0,86,127.69,10981.34
13489,3184,489.0,138,5.76,794.88
13490,3184,543.0,83,28.25,2344.75
13491,3184,41.0,401,41.05,16461.05
13492,3184,43.0,473,33.88,16025.24
13493,3184,119.0,464,30.41,14110.24
13494,3184,78.0,437,930.56,406654.72
13495,3184,438.0,488,15.64,7632.32
13496,3185,318.0,289,4507.68,1302720.49
13497,3186,41.0,177,3489.0,617553.0
13498,3186,50.0,374,2622.0,980628.0
13499,3186,335.0,63,4601.0,289863.0
13500,3186,419.0,192,1750.0,336000.0
13501,3187,532.0,328,1617.95,530688.63
13502,3187,453.0,260,4924.28,1280312.45
13503,3187,531.0,252,1206.01,303913.81
13504,3187,347.0,298,3335.37,993939.94
13505,3187,326.0,429,5515.2,2366019.12
13506,3187,190.0,170,4303.48,731591.83
13507,3188,189.0,431,1073.75,462786.25
13508,3188,514.0,485,33.47,16232.95
13509,3188,167.0,408,5.99,2443.92
13510,3188,582.0,247,42.0,10374.0
13511,3188,490.0,136,44.78,6090.08
13512,3188,571.0,274,1424.0,390176.0
13513,3189,50.0,349,2885.45,1007022.06
13514,3189,450.0,427,1093.08,466743.95
13515,3189,541.0,172,2710.65,466232.23
13516,3189,424.0,333,2379.87,792496.2
13517,3189,80.0,201,2930.42,589015.31
13518,3190,354.0,226,691.44,156264.97
13519,3190,50.0,39,3000.01,117000.21
13520,3190,419.0,300,1837.66,551298.82
13521,3190,306.0,364,471.43,171601.62
13522,3190,578.0,376,1919.89,721878.0
13523,3191,210.0,59,5682.45,335264.75
13524,3191,432.0,184,5360.31,986296.17
13525,3191,126.0,79,603.01,47638.02
13526,3191,570.0,236,5092.12,1201739.62
13527,3192,314.0,51,149.81,7640.55
13528,3192,8.0,471,15.44,7273.74
13529,3193,21.0,125,8.28,1034.49
13530,3193,483.0,317,41.32,13097.05
13531,3193,513.0,280,46.4,12992.76
13532,3193,49.0,279,572.69,159779.95
13533,3193,182.0,453,6.63,3003.24
13534,3193,560.0,333,5.66,1885.07
13535,3194,324.0,449,3704.28,1663222.57
13536,3194,311.0,425,3495.44,1485562.81
13537,3194,377.0,20,632.07,12641.35
13538,3194,318.0,253,4540.06,1148636.34
13539,3194,519.0,243,366.35,89021.88
13540,3194,432.0,197,5412.05,1066174.78
13541,3195,392.0,34,4421.35,150325.82
13542,3195,69.0,422,5138.07,2168266.23
13543,3196,129.0,324,804.55,260675.62
13544,3196,558.0,80,3773.96,301917.06
13545,3196,308.0,358,1380.37,494173.36
13546,3196,486.0,93,2162.17,201082.08
13547,3196,572.0,394,994.62,391879.19
13548,3196,450.0,322,1173.95,378012.31
13549,3196,13.0,42,1948.67,81844.12
13550,3196,92.0,402,316.74,127330.71
13551,3197,73.0,405,246.83,99967.28
13552,3197,505.0,79,28.18,2226.08
13553,3197,141.0,219,33.37,7307.58
13554,3197,481.0,410,19.74,8093.32
13555,3198,166.0,329,1431.29,470894.29
13556,3198,334.0,465,176.43,82042.1
13557,3198,574.0,240,64.66,15519.5
13558,3198,291.0,359,65.44,23494.18
13559,3198,543.0,252,33.24,8377.66
13560,3199,97.0,45,3928.96,176803.03
13561,3199,281.0,447,336.46,150396.92
13562,3200,151.0,400,29.24,11696.54
13563,3200,69.0,392,56.17,22016.98
13564,3200,370.0,129,16.42,2118.46
13565,3201,74.0,359,19.79,7103.49
13566,3202,558.0,83,3183.0,264189.0
13567,3202,50.0,317,2622.0,831174.0
13568,3202,300.0,83,3749.0,311167.0
13569,3202,476.0,382,2637.0,1007334.0
13570,3202,543.0,134,2401.0,321734.0
13571,3203,91.0,190,990.69,188231.1
13572,3203,497.0,260,1467.48,381544.8
13573,3203,462.0,446,46.76,20854.96
13574,3203,570.0,155,53.48,8289.4
13575,3204,335.0,210,4601.0,966210.0
13576,3204,588.0,302,271.0,81842.0
13577,3204,445.0,345,4023.0,1387935.0
13578,3204,123.0,488,788.0,384544.0
13579,3205,103.0,166,30.01,4982.32
13580,3205,374.0,217,3.5,760.07
13581,3205,189.0,84,1257.72,105648.27
13582,3205,159.0,177,5.94,1051.94
13583,3206,351.0,323,3640.94,1176022.84
13584,3206,173.0,433,2643.32,1144557.99
13585,3206,529.0,484,1947.49,942585.83
13586,3206,138.0,343,1860.06,638001.0
13587,3207,151.0,301,29.65,8924.38
13588,3207,56.0,383,18.49,7082.33
13589,3207,439.0,404,10.68,4314.32
13590,3207,318.0,186,50.73,9435.02
13591,3207,86.0,26,12.06,313.51
13592,3208,378.0,281,2703.68,759735.06
13593,3208,136.0,472,131.4,62021.67
13594,3208,361.0,149,3651.42,544061.05
13595,3208,351.0,375,3650.79,1369045.84
13596,3208,473.0,78,2808.3,219047.32
13597,3208,518.0,335,5142.28,1722663.12
13598,3208,156.0,302,3367.3,1016924.54
13599,3209,202.0,154,5719.26,880765.94
13600,3209,366.0,323,1517.51,490156.25
13601,3209,306.0,397,461.8,183333.19
13602,3209,316.0,65,5174.19,336322.31
13603,3209,330.0,215,2862.94,615532.61
13604,3210,194.0,288,23.86,6872.02
13605,3210,62.0,279,38.54,10752.96
13606,3210,26.0,87,961.86,83681.88
13607,3210,565.0,134,32.49,4353.19
13608,3210,160.0,393,31.88,12529.39
13609,3211,8.0,144,15.17,2184.08
13610,3211,79.0,376,22.14,8324.44
13611,3211,43.0,355,39.86,14148.89
13612,3211,41.0,302,48.29,14583.65
13613,3211,78.0,369,1060.79,391430.46
13614,3212,15.0,193,1541.0,297413.0
13615,3212,538.0,307,138.0,42366.0
13616,3213,68.0,269,4630.39,1245576.11
13617,3214,43.0,288,2880.0,829440.0
13618,3214,249.0,204,3282.0,669528.0
13619,3215,89.0,301,2126.0,639926.0
13620,3215,48.0,307,174.0,53418.0
13621,3215,491.0,225,1718.0,386550.0
13622,3216,75.0,315,612.39,192902.85
13623,3216,372.0,49,8.51,416.99
13624,3216,22.0,457,1566.24,715771.68
13625,3216,110.0,168,58.19,9775.92
13626,3216,141.0,309,31.29,9668.61
13627,3216,359.0,328,2.38,780.64
13628,3216,254.0,395,38.13,15061.35
13629,3216,505.0,353,26.22,9255.66
13630,3217,211.0,125,2370.51,296313.3
13631,3218,433.0,161,4799.88,772780.67
13632,3218,375.0,88,3667.86,322771.28
13633,3218,188.0,275,4524.9,1244347.84
13634,3219,175.0,239,1828.0,436892.0
13635,3219,255.0,40,2763.0,110520.0
13636,3219,409.0,310,1924.0,596440.0
13637,3219,210.0,62,4906.0,304172.0
13638,3220,232.0,406,50.58,20534.02
13639,3220,372.0,47,9.4,441.73
13640,3220,254.0,14,40.7,569.82
13641,3220,57.0,480,708.52,340090.89
13642,3220,187.0,484,45.32,21935.63
13643,3221,231.0,191,4839.35,924315.99
13644,3221,248.0,279,5617.82,1567371.0
13645,3221,529.0,95,1957.54,185966.08
13646,3222,553.0,376,1015.0,381640.0
13647,3222,192.0,492,1433.0,705036.0
13648,3222,318.0,54,3915.0,211410.0
13649,3223,103.0,338,27.85,9413.3
13650,3224,236.0,28,3428.09,95986.54
13651,3224,508.0,492,3373.66,1659839.1
13652,3225,197.0,382,58.79,22459.11
13653,3225,146.0,325,65.87,21409.11
13654,3225,244.0,286,61.46,17576.63
13655,3225,117.0,256,4.54,1163.37
13656,3225,416.0,388,58.89,22849.23
13657,3226,306.0,340,433.34,147335.96
13658,3226,172.0,323,578.96,187003.55
13659,3226,597.0,383,1402.9,537308.86
13660,3227,8.0,401,1283.69,514760.67
13661,3227,330.0,160,2896.62,463459.68
13662,3227,560.0,433,488.75,211627.36
13663,3228,25.0,475,23.94,11370.77
13664,3228,424.0,179,27.09,4849.48
13665,3228,396.0,234,58.19,13615.62
13666,3229,115.0,354,208.46,73794.15
13667,3229,488.0,400,222.7,89078.32
13668,3230,242.0,417,32.58,13585.86
13669,3230,185.0,57,49.38,2814.66
13670,3230,497.0,232,1467.48,340455.36
13671,3230,151.0,383,26.59,10183.97
13672,3230,198.0,342,11.56,3953.52
13673,3230,407.0,321,10.73,3444.33
13674,3230,244.0,397,53.2,21120.4
13675,3231,590.0,282,2717.02,766200.49
13676,3231,341.0,81,5035.71,407892.77
13677,3231,351.0,217,3666.31,795589.7
13678,3231,364.0,406,2755.81,1118859.56
13679,3231,294.0,283,1020.76,288875.13
13680,3232,532.0,316,1845.3,583116.2
13681,3232,55.0,243,1114.5,270823.77
13682,3232,544.0,487,757.71,369007.01
13683,3232,531.0,422,1088.6,459390.14
13684,3232,61.0,216,2877.55,621551.6
13685,3233,74.0,277,18.93,5244.61
13686,3234,555.0,194,3742.65,726073.28
13687,3234,274.0,299,5260.28,1572824.17
13688,3234,532.0,259,1722.94,446240.62
13689,3235,141.0,90,2936.56,264290.29
13690,3235,556.0,110,4877.05,536475.88
13691,3235,306.0,361,465.35,167991.63
13692,3236,45.0,46,882.91,40613.73
13693,3236,10.0,100,1443.9,144389.64
13694,3236,9.0,232,14.99,3478.57
13695,3237,505.0,480,2229.0,1069920.0
13696,3237,521.0,166,1175.0,195050.0
13697,3237,553.0,217,1015.0,220255.0
13698,3237,192.0,21,1433.0,30093.0
13699,3238,407.0,142,1021.65,145074.76
13700,3238,300.0,301,4161.33,1252560.97
13701,3238,578.0,36,1975.51,71118.41
13702,3239,434.0,125,2812.57,351571.59
13703,3239,114.0,395,1425.78,563183.07
13704,3239,313.0,265,4953.61,1312707.13
13705,3239,414.0,178,2817.14,501451.52
13706,3239,487.0,282,4694.84,1323946.23
13707,3239,163.0,459,2061.06,946028.75
13708,3239,46.0,453,2383.66,1079798.53
13709,3239,540.0,454,2279.33,1034817.63
13710,3240,295.0,33,1134.47,37437.38
13711,3240,573.0,145,3848.84,558081.13
13712,3240,487.0,195,4627.59,902379.26
13713,3240,575.0,147,3056.17,449256.35
13714,3241,587.0,60,427.23,25633.82
13715,3241,171.0,206,862.17,177606.78
13716,3241,423.0,358,2889.55,1034459.98
13717,3241,537.0,241,1208.13,291159.53
13718,3241,496.0,199,4446.13,884780.78
13719,3241,333.0,332,3547.83,1177879.38
13720,3241,163.0,223,1960.36,437160.24
13721,3242,377.0,429,654.98,280984.56
13722,3243,450.0,345,1010.0,348450.0
13723,3243,41.0,112,3489.0,390768.0
13724,3243,308.0,109,1192.0,129928.0
13725,3243,572.0,387,885.0,342495.0
13726,3243,92.0,317,269.0,85273.0
13727,3243,13.0,376,1719.0,646344.0
13728,3244,77.0,100,920.36,92035.6
13729,3245,332.0,469,2679.0,1256451.0
13730,3245,286.0,456,3848.0,1754688.0
13731,3245,39.0,39,4154.0,162006.0
13732,3245,218.0,412,1591.0,655492.0
13733,3245,466.0,310,1909.0,591790.0
13734,3246,469.0,74,1101.0,81474.0
13735,3246,48.0,119,174.0,20706.0
13736,3246,28.0,64,4343.0,277952.0
13737,3246,471.0,60,577.0,34620.0
13738,3246,439.0,213,762.0,162306.0
13739,3246,251.0,400,2703.0,1081200.0
13740,3247,231.0,466,4831.84,2251636.77
13741,3247,55.0,218,1107.65,241467.64
13742,3247,274.0,496,5057.46,2508502.56
13743,3247,248.0,319,5815.35,1855095.5
13744,3248,194.0,340,22.67,7707.8
13745,3248,62.0,498,32.78,16324.44
13746,3248,141.0,202,31.29,6320.58
13747,3248,160.0,44,27.65,1216.6
13748,3248,565.0,451,27.96,12609.96
13749,3249,286.0,340,3848.0,1308320.0
13750,3249,218.0,63,1591.0,100233.0
13751,3249,332.0,477,2679.0,1277883.0
13752,3249,599.0,337,1204.0,405748.0
13753,3249,466.0,333,1909.0,635697.0
13754,3250,450.0,272,1207.48,328433.77
13755,3250,283.0,248,914.07,226690.49
13756,3250,28.0,386,4728.23,1825098.27
13757,3250,598.0,121,1673.25,202462.67
13758,3250,410.0,123,769.89,94696.74
13759,3251,265.0,344,4018.0,1382192.0
13760,3251,285.0,278,1054.0,293012.0
13761,3252,131.0,431,4176.34,1800000.68
13762,3252,451.0,106,2299.29,243724.67
13763,3253,471.0,339,6.79,2301.81
13764,3253,357.0,219,6.71,1469.49
13765,3254,565.0,443,2786.89,1234591.85
13766,3254,255.0,30,3255.48,97664.52
13767,3254,202.0,70,5259.89,368192.06
13768,3254,244.0,101,4887.88,493675.67
13769,3254,582.0,432,3986.25,1722059.01
13770,3255,508.0,170,3507.33,596246.16
13771,3255,433.0,308,4954.14,1525875.56
13772,3255,179.0,218,5162.64,1125455.66
13773,3256,377.0,430,553.0,237790.0
13774,3256,562.0,163,3011.0,490793.0
13775,3256,87.0,156,790.0,123240.0
13776,3256,273.0,85,2350.0,199750.0
13777,3257,56.0,329,19.33,6360.31
13778,3257,192.0,48,18.55,890.18
13779,3257,600.0,314,388.7,122050.41
13780,3257,318.0,166,54.47,9042.68
13781,3258,567.0,448,62.13,27834.71
13782,3258,23.0,110,41.37,4550.62
13783,3258,109.0,315,1027.83,323765.89
13784,3258,74.0,386,18.88,7286.01
13785,3259,123.0,260,920.59,239353.81
13786,3259,147.0,487,1588.13,773419.06
13787,3259,175.0,256,1969.43,504173.18
13788,3259,102.0,489,3319.97,1623464.54
13789,3259,481.0,298,1686.51,502580.67
13790,3259,490.0,18,4217.03,75906.45
13791,3260,556.0,449,5252.75,2358485.73
13792,3260,264.0,334,2528.35,844469.53
13793,3260,308.0,368,1337.61,492239.79
13794,3260,483.0,193,3557.4,686578.3
13795,3260,392.0,452,3930.21,1776454.48
13796,3260,23.0,144,3610.44,519903.98
13797,3261,290.0,71,1541.72,109462.13
13798,3261,330.0,285,2922.02,832777.11
13799,3261,455.0,261,4653.66,1214605.92
13800,3261,569.0,271,4204.95,1139540.19
13801,3261,103.0,161,2547.35,410122.6
13802,3262,287.0,269,4503.8,1211522.81
13803,3262,366.0,393,1547.88,608315.29
13804,3262,236.0,71,3465.84,246074.47
13805,3262,445.0,199,4807.47,956687.04
13806,3262,227.0,26,2301.22,59831.61
13807,3262,456.0,125,3376.06,422008.11
13808,3263,348.0,458,1283.68,587924.72
13809,3263,296.0,372,4105.62,1527288.92
13810,3263,258.0,214,4783.13,1023589.19
13811,3264,119.0,67,30.41,2037.47
13812,3264,421.0,59,343.06,20240.54
13813,3264,497.0,314,1467.48,460788.72
13814,3264,113.0,167,773.14,129114.38
13815,3264,489.0,16,5.76,92.16
13816,3264,196.0,99,37.05,3667.95
13817,3265,374.0,216,3.62,781.6
13818,3265,260.0,364,28.44,10352.18
13819,3265,75.0,347,694.7,241062.34
13820,3266,33.0,458,22.33,10225.86
13821,3266,53.0,67,44.77,2999.32
13822,3266,368.0,416,39.36,16375.41
13823,3267,210.0,435,65.46,28473.39
13824,3267,165.0,134,16.72,2240.97
13825,3267,330.0,406,32.69,13270.94
13826,3268,23.0,430,3424.62,1472584.47
13827,3268,543.0,154,2832.19,436156.82
13828,3268,217.0,132,3441.28,454248.53
13829,3268,146.0,178,5574.47,992255.32
13830,3268,530.0,204,3222.75,657441.34
13831,3269,201.0,308,5117.66,1576239.23
13832,3269,578.0,423,1999.13,845629.98
13833,3269,170.0,197,1716.69,338187.16
13834,3269,42.0,427,5804.31,2478439.11
13835,3269,418.0,228,4613.78,1051942.77
13836,3269,23.0,247,3361.23,830223.69
13837,3269,287.0,96,4593.25,440951.63
13838,3269,222.0,341,2874.71,980275.36
13839,3269,392.0,165,3950.89,651897.64
13840,3270,543.0,474,2401.0,1138074.0
13841,3270,50.0,21,2622.0,55062.0
13842,3270,568.0,365,1295.0,472675.0
13843,3270,558.0,345,3183.0,1098135.0
13844,3270,300.0,310,3749.0,1162190.0
13845,3271,368.0,319,41.28,13169.49
13846,3271,510.0,438,61.99,27153.21
13847,3271,446.0,472,55.01,25966.79
13848,3271,113.0,419,923.44,386921.12
13849,3271,119.0,339,35.08,11891.1
13850,3271,517.0,40,574.59,22983.41
13851,3272,469.0,120,1101.0,132120.0
13852,3272,311.0,130,3102.0,403260.0
13853,3272,324.0,331,3468.0,1147908.0
13854,3272,243.0,437,131.0,57247.0
13855,3272,179.0,481,4690.0,2255890.0
13856,3272,572.0,113,885.0,100005.0
13857,3273,192.0,456,1700.9,775612.23
13858,3274,598.0,77,1500.16,115512.4
13859,3274,583.0,72,1041.48,74986.45
13860,3274,462.0,90,4739.9,426590.74
13861,3274,41.0,331,3679.14,1217795.59
13862,3274,514.0,486,3227.03,1568335.62
13863,3274,317.0,337,5279.54,1779205.64
13864,3274,69.0,135,5185.79,700082.24
13865,3274,577.0,367,5823.21,2137119.54
13866,3274,409.0,430,2070.74,890417.6
13867,3275,78.0,408,930.56,379668.48
13868,3275,272.0,391,1453.52,568326.32
13869,3275,426.0,183,114.6,20971.8
13870,3276,515.0,422,27.07,11423.04
13871,3277,465.0,25,1950.21,48755.26
13872,3277,52.0,203,5290.88,1074049.41
13873,3278,405.0,128,4569.7,584921.74
13874,3278,94.0,453,2572.99,1165562.43
13875,3279,48.0,454,2.05,930.7
13876,3280,79.0,116,18.75,2175.0
13877,3281,192.0,217,1433.0,310961.0
13878,3281,15.0,424,1541.0,653384.0
13879,3281,444.0,315,4321.0,1361115.0
13880,3282,450.0,235,1151.19,270530.6
13881,3282,70.0,90,2780.73,250265.84
13882,3282,80.0,264,2631.82,694799.87
13883,3282,424.0,352,2497.66,879176.57
13884,3283,300.0,298,3948.61,1176686.8
13885,3283,543.0,470,2553.09,1199951.54
13886,3284,553.0,71,1182.03,83924.38
13887,3284,505.0,18,2568.38,46230.82
13888,3284,192.0,381,1523.22,580345.36
13889,3284,521.0,284,1386.03,393631.64
13890,3285,74.0,12,17.78,213.37
13891,3285,321.0,168,156.67,26320.77
13892,3285,407.0,464,11.91,5527.95
13893,3286,481.0,423,20.49,8667.87
13894,3286,47.0,399,777.07,310050.36
13895,3286,505.0,64,30.02,1921.14
13896,3286,321.0,289,144.37,41723.24
13897,3286,74.0,356,19.72,7018.55
13898,3287,117.0,198,322.0,63756.0
13899,3287,391.0,490,1335.0,654150.0
13900,3288,48.0,53,2.05,108.65
13901,3288,446.0,59,46.04,2716.36
13902,3288,410.0,321,7.71,2474.91
13903,3288,185.0,105,49.38,5184.9
13904,3288,305.0,375,887.62,332857.5
13905,3288,488.0,14,191.0,2674.0
13906,3288,400.0,252,8.19,2063.88
13907,3289,482.0,259,4350.41,1126754.92
13908,3289,199.0,155,269.0,41694.47
13909,3289,281.0,65,333.13,21653.53
13910,3290,89.0,433,2126.0,920558.0
13911,3290,15.0,369,1541.0,568629.0
13912,3290,359.0,61,202.0,12322.0
13913,3290,23.0,91,3096.0,281736.0
13914,3290,43.0,402,2880.0,1157760.0
13915,3290,370.0,48,1225.0,58800.0
13916,3290,510.0,49,4860.0,238140.0
13917,3290,192.0,143,1433.0,204919.0
13918,3290,455.0,376,3900.0,1466400.0
13919,3290,82.0,218,2055.0,447990.0
13920,3291,91.0,372,1058.97,393937.19
13921,3292,57.0,396,723.98,286697.11
13922,3292,13.0,218,22.69,4947.16
13923,3292,192.0,373,18.41,6867.32
13924,3292,240.0,25,19.46,486.48
13925,3292,311.0,360,41.25,14848.7
13926,3292,38.0,102,1565.13,159643.61
13927,3292,197.0,277,59.73,16546.56
13928,3293,44.0,400,216.83,86732.12
13929,3293,61.0,289,2903.42,839087.19
13930,3293,532.0,286,1822.31,521181.46
13931,3293,475.0,297,566.89,168366.5
13932,3294,597.0,34,1511.42,51388.14
13933,3295,577.0,204,5462.44,1114337.77
13934,3295,15.0,243,1809.16,439626.3
13935,3296,406.0,247,3221.69,795757.55
13936,3296,432.0,340,5877.51,1998353.1
13937,3296,192.0,127,1527.35,193972.91
13938,3296,493.0,221,5714.56,1262917.66
13939,3296,449.0,214,3631.49,777138.24
13940,3296,547.0,325,4145.57,1347309.26
13941,3296,419.0,244,1851.84,451847.91
13942,3297,406.0,66,3068.08,202493.41
13943,3297,202.0,58,5691.13,330085.78
13944,3297,319.0,33,686.39,22650.79
13945,3297,265.0,482,4590.58,2212658.53
13946,3297,243.0,140,149.37,20911.39
13947,3297,285.0,262,1126.9,295247.88
13948,3298,23.0,392,3407.19,1335617.01
13949,3298,553.0,173,1078.64,186605.44
13950,3298,243.0,347,155.96,54119.11
13951,3298,406.0,374,3243.3,1212992.8
13952,3299,354.0,32,8.48,271.47
13953,3299,251.0,211,36.38,7675.76
13954,3299,577.0,242,68.1,16481.01
13955,3299,125.0,317,62.31,19753.53
13956,3299,567.0,340,62.16,21133.95
13957,3300,73.0,37,244.9,9061.25
13958,3301,111.0,188,1605.05,301750.28
13959,3301,574.0,86,5631.68,484324.55
13960,3301,42.0,489,5353.9,2618058.38
13961,3301,578.0,426,1901.55,810058.75
13962,3301,287.0,184,4405.47,810605.57
13963,3301,418.0,175,4560.82,798143.79
13964,3301,236.0,345,3354.51,1157304.66
13965,3302,37.0,413,1179.0,486927.0
13966,3303,62.0,57,3151.4,179629.55
13967,3303,508.0,460,3537.02,1627027.92
13968,3303,129.0,489,861.49,421266.24
13969,3304,50.0,113,2622.0,296286.0
13970,3305,287.0,134,53.86,7217.12
13971,3305,582.0,178,44.83,7980.04
13972,3305,48.0,406,2.28,924.44
13973,3305,306.0,427,5.6,2389.19
13974,3305,102.0,283,38.72,10958.18
13975,3306,196.0,123,41.0,5043.52
13976,3306,489.0,49,6.56,321.21
13977,3306,23.0,392,38.51,15096.95
13978,3306,588.0,323,3.53,1139.27
13979,3306,372.0,218,10.02,2185.21
13980,3306,53.0,212,44.6,9454.77
13981,3307,25.0,499,23.81,11878.98
13982,3307,392.0,371,46.58,17280.01
13983,3307,117.0,114,4.41,502.97
13984,3308,153.0,493,2656.7,1309754.9
13985,3308,392.0,288,4233.18,1219154.95
13986,3308,215.0,111,2174.14,241329.28
13987,3308,197.0,39,4991.96,194686.47
13988,3309,368.0,360,3649.65,1313873.92
13989,3309,396.0,169,4533.29,766126.56
13990,3310,360.0,296,1461.21,432519.35
13991,3310,182.0,83,5.99,496.82
13992,3310,483.0,295,40.55,11961.58
13993,3310,237.0,126,35.51,4473.64
13994,3310,560.0,369,5.91,2181.84
13995,3310,301.0,408,3.5,1426.2
13996,3310,493.0,31,63.18,1958.65
13997,3311,543.0,213,30.02,6393.73
13998,3311,222.0,222,33.64,7469.14
13999,3311,572.0,336,11.42,3836.19
14000,3311,591.0,140,61.94,8671.98
14001,3311,153.0,296,31.72,9389.04
14002,3311,600.0,11,347.02,3817.25
14003,3311,236.0,312,38.66,12062.62
14004,3311,577.0,399,67.95,27113.05
14005,3311,407.0,278,12.84,3569.71
14006,3312,498.0,351,5784.17,2030243.63
14007,3312,451.0,48,2221.93,106652.86
14008,3312,367.0,69,133.15,9187.3
14009,3312,200.0,14,2515.36,35214.97
14010,3312,131.0,281,4141.06,1163638.15
14011,3313,407.0,52,12.61,655.63
14012,3314,558.0,268,3549.89,951370.98
14013,3314,175.0,65,2069.74,134532.84
14014,3314,357.0,420,637.32,267672.46
14015,3314,54.0,401,5183.7,2078664.72
14016,3315,41.0,449,3836.86,1722751.71
14017,3315,550.0,498,2121.58,1056547.06
14018,3315,264.0,274,2464.14,675175.09
14019,3315,317.0,89,5255.71,467758.05
14020,3315,577.0,286,5797.81,1658172.78
14021,3315,111.0,143,1666.62,238326.29
14022,3315,514.0,319,3072.67,980181.02
14023,3315,583.0,254,1049.4,266546.53
14024,3316,36.0,344,1595.38,548810.35
14025,3316,35.0,74,1900.28,140620.4
14026,3316,294.0,260,971.46,252579.2
14027,3316,502.0,402,555.23,223201.75
14028,3316,200.0,126,2612.49,329173.69
14029,3316,139.0,267,4182.25,1116661.34
14030,3316,559.0,174,1556.1,270760.56
14031,3317,205.0,196,34.76,6813.54
14032,3317,600.0,432,349.47,150969.56
14033,3317,582.0,232,45.13,10470.62
14034,3317,102.0,197,35.18,6931.17
14035,3317,441.0,213,31.55,6719.7
14036,3317,374.0,43,3.33,143.35
14037,3317,469.0,152,14.63,2223.15
14038,3318,486.0,311,28.01,8711.58
14039,3318,179.0,58,58.87,3414.65
14040,3318,260.0,337,30.34,10223.59
14041,3318,71.0,474,42.85,20308.58
14042,3319,126.0,339,526.0,178314.0
14043,3319,570.0,317,4546.0,1441082.0
14044,3319,432.0,190,4988.0,947720.0
14045,3320,283.0,235,939.62,220811.63
14046,3320,13.0,476,1954.04,930122.04
14047,3320,176.0,215,5038.67,1083313.9
14048,3320,179.0,272,5562.77,1513073.39
14049,3320,170.0,463,1659.23,768221.23
14050,3320,316.0,474,4999.58,2369799.18
14051,3320,28.0,129,5105.59,658621.58
14052,3320,541.0,89,3069.94,273224.6
14053,3321,332.0,118,3029.66,357499.93
14054,3321,599.0,284,1322.44,375573.67
14055,3321,39.0,323,4848.59,1566093.61
14056,3322,36.0,230,1700.73,391166.94
14057,3322,148.0,16,665.24,10643.89
14058,3322,559.0,34,1589.57,54045.26
14059,3323,217.0,464,3256.0,1510784.0
14060,3323,306.0,373,400.0,149200.0
14061,3323,264.0,474,2345.0,1111530.0
14062,3323,582.0,71,3570.0,253470.0
14063,3323,82.0,415,2055.0,852825.0
14064,3323,519.0,444,328.0,145632.0
14065,3323,134.0,481,3387.0,1629147.0
14066,3324,361.0,404,3674.01,1484301.43
14067,3324,248.0,386,5871.67,2266466.19
14068,3324,148.0,232,696.32,161547.17
14069,3324,37.0,483,1261.54,609323.66
14070,3324,378.0,329,2897.23,953188.27
14071,3324,289.0,300,4786.35,1435905.55
14072,3324,68.0,408,4678.12,1908672.38
14073,3325,391.0,288,15.71,4524.48
14074,3325,395.0,317,54.11,17152.87
14075,3325,476.0,80,31.02,2481.6
14076,3325,340.0,144,42.94,6183.36
14077,3325,426.0,375,114.6,42975.0
14078,3326,202.0,18,5439.83,97916.93
14079,3326,480.0,103,3142.43,323670.5
14080,3326,462.0,393,4418.87,1736616.45
14081,3326,391.0,276,1487.63,410585.81
14082,3326,393.0,245,1713.36,419772.51
14083,3326,262.0,236,2787.94,657954.75
14084,3326,558.0,369,3485.42,1286121.25
14085,3327,410.0,215,655.0,140825.0
14086,3327,126.0,460,526.0,241960.0
14087,3328,317.0,210,4777.0,1003170.0
14088,3328,275.0,433,3721.0,1611193.0
14089,3328,572.0,111,885.0,98235.0
14090,3328,424.0,54,2155.0,116370.0
14091,3328,444.0,318,4321.0,1374078.0
14092,3328,103.0,151,2367.0,357417.0
14093,3328,117.0,52,322.0,16744.0
14094,3329,345.0,263,52.27,13746.38
14095,3329,483.0,324,39.36,12753.23
14096,3329,571.0,393,1529.96,601273.4
14097,3329,424.0,341,28.21,9620.05
14098,3329,189.0,67,1287.78,86281.57
14099,3329,372.0,19,9.99,189.84
14100,3329,167.0,307,6.44,1978.01
14101,3329,514.0,165,37.33,6159.65
14102,3330,259.0,74,4705.21,348185.36
14103,3330,264.0,227,2758.92,626275.32
14104,3330,306.0,435,469.96,204434.53
14105,3330,551.0,465,1672.14,777545.55
14106,3331,540.0,117,2111.0,246987.0
14107,3332,391.0,14,1593.07,22302.93
14108,3332,165.0,170,1585.2,269484.71
14109,3332,175.0,192,1990.49,382174.98
14110,3332,597.0,404,1405.98,568015.83
14111,3332,141.0,70,3133.68,219357.26
14112,3333,513.0,166,3697.0,613702.0
14113,3333,23.0,271,3096.0,839016.0
14114,3333,293.0,394,3065.0,1207610.0
14115,3333,318.0,303,3915.0,1186245.0
14116,3334,300.0,204,3749.0,764796.0
14117,3334,50.0,274,2622.0,718428.0
14118,3334,558.0,260,3183.0,827580.0
14119,3334,568.0,52,1295.0,67340.0
14120,3335,578.0,223,1777.0,396271.0
14121,3335,301.0,398,249.0,99102.0
14122,3335,54.0,470,4745.0,2230150.0
14123,3335,84.0,295,4212.0,1242540.0
14124,3336,245.0,241,4296.84,1035537.49
14125,3336,7.0,183,368.82,67494.07
14126,3336,470.0,78,1227.21,95722.41
14127,3336,500.0,332,3724.54,1236546.08
14128,3336,120.0,152,5231.14,795133.16
14129,3336,274.0,78,5048.17,393757.01
14130,3336,315.0,229,5547.31,1270334.54
14131,3337,423.0,348,2797.86,973654.97
14132,3337,281.0,418,316.0,132088.23
14133,3337,183.0,215,2655.6,570953.17
14134,3338,478.0,440,5029.15,2212823.91
14135,3338,68.0,277,4889.6,1354419.52
14136,3338,289.0,471,4716.16,2221313.6
14137,3338,361.0,53,3781.83,200437.2
14138,3338,199.0,463,271.5,125705.94
14139,3338,430.0,50,1169.58,58478.88
14140,3338,452.0,276,4560.42,1258676.16
14141,3339,210.0,144,5770.65,830973.64
14142,3339,232.0,395,4269.99,1686645.46
14143,3339,15.0,295,1659.1,489433.96
14144,3339,249.0,251,3545.29,889867.62
14145,3339,43.0,242,3420.84,827843.24
14146,3339,23.0,43,3616.43,155506.38
14147,3339,359.0,381,224.89,85682.33
14148,3339,255.0,274,3115.19,853562.83
14149,3340,150.0,361,159.17,57459.79
14150,3340,89.0,251,28.49,7151.05
14151,3340,167.0,294,7.16,2104.58
14152,3340,528.0,369,1360.13,501889.26
14153,3340,160.0,112,31.28,3503.45
14154,3340,574.0,362,65.47,23701.9
14155,3341,238.0,155,5373.37,832872.91
14156,3341,259.0,432,5171.41,2234049.07
14157,3341,102.0,128,3199.75,409567.86
14158,3342,165.0,466,1560.59,727234.95
14159,3342,319.0,300,732.58,219774.52
14160,3342,538.0,381,162.36,61857.75
14161,3342,301.0,404,286.43,115716.19
14162,3342,293.0,386,3480.78,1343582.49
14163,3342,15.0,93,1721.8,160127.1
14164,3343,314.0,54,147.4,7959.36
14165,3343,48.0,338,2.42,817.55
14166,3343,324.0,265,46.0,12189.68
14167,3343,330.0,11,32.3,355.26
14168,3343,596.0,87,807.63,70263.89
14169,3343,179.0,416,64.93,27009.24
14170,3343,70.0,148,33.47,4953.9
14171,3344,192.0,29,1602.22,46464.48
14172,3344,505.0,488,2547.23,1243049.31
14173,3344,318.0,351,4186.04,1469298.63
14174,3344,521.0,78,1316.09,102655.07
14175,3345,291.0,250,5744.07,1436018.16
14176,3345,293.0,145,3366.37,488123.52
14177,3345,141.0,322,2949.93,949876.75
14178,3345,391.0,380,1446.24,549571.47
14179,3345,165.0,369,1443.31,532580.74
14180,3346,187.0,38,3711.65,141042.79
14181,3346,122.0,43,3991.68,171642.34
14182,3346,111.0,120,1594.46,191335.59
14183,3346,102.0,174,3166.0,550884.09
14184,3346,541.0,290,3012.15,873523.97
14185,3346,515.0,152,2342.54,356066.7
14186,3346,471.0,303,672.12,203653.2
14187,3347,370.0,49,16.46,806.53
14188,3347,538.0,96,1.81,173.57
14189,3348,300.0,163,3986.38,649779.25
14190,3348,568.0,204,1464.77,298813.05
14191,3348,476.0,150,2933.72,440058.18
14192,3349,432.0,106,4988.0,528728.0
14193,3350,146.0,368,5574.87,2051553.27
14194,3350,480.0,283,2928.55,828779.05
14195,3350,543.0,56,2691.01,150696.31
14196,3350,490.0,417,4364.1,1819828.06
14197,3350,318.0,42,4597.63,193100.45
14198,3351,37.0,69,1179.0,81351.0
14199,3351,430.0,250,1069.0,267250.0
14200,3351,540.0,418,2111.0,882398.0
14201,3351,289.0,350,4338.0,1518300.0
14202,3351,361.0,478,3388.0,1619464.0
14203,3351,148.0,210,614.0,128940.0
14204,3352,153.0,288,2589.76,745851.66
14205,3352,54.0,371,5097.52,1891181.16
14206,3352,455.0,464,4487.46,2082179.75
14207,3352,562.0,365,3521.16,1285222.37
14208,3353,134.0,231,3758.47,868206.6
14209,3353,259.0,219,5281.89,1156733.12
14210,3353,471.0,265,680.02,180204.86
14211,3353,444.0,295,5115.22,1508989.29
14212,3354,301.0,176,262.53,46204.7
14213,3354,359.0,272,214.28,58283.78
14214,3355,578.0,89,2060.67,183399.67
14215,3355,50.0,249,3128.32,778952.01
14216,3355,354.0,305,752.3,229451.36
14217,3355,579.0,248,2462.5,610699.75
14218,3355,419.0,308,2049.17,631143.88
14219,3355,335.0,209,5419.67,1132711.48
14220,3355,306.0,248,458.82,113787.91
14221,3356,574.0,272,63.11,17165.05
14222,3356,126.0,424,6.87,2914.71
14223,3356,366.0,23,17.91,411.87
14224,3356,580.0,394,372.68,146836.16
14225,3356,314.0,341,152.15,51884.17
14226,3356,172.0,142,6.15,872.63
14227,3357,452.0,439,4241.81,1862152.5
14228,3357,142.0,254,4728.93,1201147.93
14229,3357,35.0,118,2013.65,237610.64
14230,3358,293.0,177,3350.4,593019.98
14231,3359,248.0,444,4971.0,2207124.0
14232,3359,85.0,209,2420.0,505780.0
14233,3360,258.0,98,4034.0,395332.0
14234,3360,475.0,100,517.0,51700.0
14235,3360,173.0,244,2246.0,548024.0
14236,3360,95.0,283,1796.0,508268.0
14237,3360,452.0,373,3812.0,1421876.0
14238,3361,558.0,412,3521.57,1450885.8
14239,3361,319.0,273,758.66,207114.99
14240,3361,541.0,255,2842.26,724776.99
14241,3361,357.0,152,668.38,101593.55
14242,3362,505.0,376,2229.0,838104.0
14243,3362,192.0,39,1433.0,55887.0
14244,3363,366.0,299,15.66,4682.34
14245,3363,509.0,179,26.45,4734.55
14246,3363,60.0,118,36.79,4341.22
14247,3364,556.0,185,5276.56,976163.45
14248,3365,441.0,94,2400.0,225600.0
14249,3365,570.0,78,4546.0,354588.0
14250,3365,324.0,181,3468.0,627708.0
14251,3365,23.0,218,3096.0,674928.0
14252,3365,442.0,113,596.0,67348.0
14253,3365,28.0,118,4343.0,512474.0
14254,3365,471.0,316,577.0,182332.0
14255,3366,531.0,374,1011.0,378114.0
14256,3366,415.0,302,361.0,109022.0
14257,3366,532.0,423,1538.0,650574.0
14258,3366,36.0,267,1447.0,386349.0
14259,3366,487.0,33,4196.0,138468.0
14260,3366,545.0,483,853.0,411999.0
14261,3366,453.0,41,4232.0,173512.0
14262,3366,414.0,188,2465.0,463420.0
14263,3367,123.0,326,9.27,3022.02
14264,3367,374.0,14,3.09,43.26
14265,3367,159.0,48,5.34,256.32
14266,3368,56.0,230,19.39,4459.5
14267,3368,600.0,495,373.68,184972.67
14268,3368,424.0,495,30.33,15011.48
14269,3368,374.0,32,3.38,108.07
14270,3368,86.0,306,11.25,3441.67
14271,3369,359.0,347,214.57,74456.21
14272,3369,249.0,110,3734.32,410774.85
14273,3369,43.0,131,3376.89,442372.06
14274,3370,304.0,442,1223.83,540934.71
14275,3370,60.0,110,3468.79,381566.71
14276,3371,308.0,378,1192.0,450576.0
14277,3371,306.0,235,400.0,94000.0
14278,3371,406.0,383,2801.0,1072783.0
14279,3371,176.0,347,4307.0,1494529.0
14280,3372,433.0,487,4845.27,2359648.16
14281,3373,481.0,114,1603.7,182822.0
14282,3373,597.0,203,1479.75,300388.9
14283,3373,319.0,478,698.38,333825.35
14284,3373,62.0,286,3003.1,858885.46
14285,3373,317.0,153,5147.99,787641.97
14286,3374,201.0,285,59.48,16952.68
14287,3374,159.0,154,6.16,947.96
14288,3374,77.0,340,890.09,302632.18
14289,3374,357.0,180,7.97,1434.89
14290,3374,579.0,408,30.01,12243.84
14291,3374,489.0,285,6.47,1845.32
14292,3374,409.0,146,24.46,3570.97
14293,3375,483.0,482,3686.68,1776981.0
14294,3375,460.0,398,1079.72,429729.06
14295,3375,493.0,203,5867.96,1191196.74
14296,3375,62.0,83,2952.81,245083.63
14297,3375,396.0,467,4418.53,2063455.55
14298,3375,524.0,45,3191.53,143618.78
14299,3375,70.0,49,2640.27,129373.27
14300,3376,560.0,75,5.51,413.06
14301,3376,205.0,291,32.66,9504.1
14302,3376,542.0,405,59.97,24289.44
14303,3376,577.0,185,67.15,12423.0
14304,3377,558.0,345,3183.0,1098135.0
14305,3377,393.0,191,1480.0,282680.0
14306,3377,480.0,90,2776.0,249840.0
14307,3377,391.0,428,1335.0,571380.0
14308,3378,28.0,166,4343.0,720938.0
14309,3378,127.0,82,4315.0,353830.0
14310,3378,396.0,418,4173.0,1744314.0
14311,3379,43.0,305,3277.34,999588.76
14312,3379,359.0,337,237.78,80131.15
14313,3379,249.0,149,3569.77,531895.97
14314,3380,450.0,406,11.88,4823.28
14315,3380,113.0,275,773.14,212613.5
14316,3380,535.0,62,27.95,1732.9
14317,3380,360.0,373,1252.56,467204.88
14318,3380,469.0,395,12.95,5115.25
14319,3380,12.0,210,1195.14,250979.4
14320,3380,480.0,24,32.66,783.84
14321,3380,159.0,12,5.34,64.08
14322,3381,318.0,395,3915.0,1546425.0
14323,3381,311.0,265,3102.0,822030.0
14324,3381,324.0,351,3468.0,1217268.0
14325,3381,566.0,110,302.0,33220.0
14326,3381,432.0,180,4988.0,897840.0
14327,3382,565.0,392,2586.36,1013852.7
14328,3382,238.0,402,5662.68,2276399.32
14329,3382,13.0,443,1966.05,870958.9
14330,3382,211.0,460,2328.95,1071317.38
14331,3382,259.0,189,5008.1,946531.77
14332,3382,102.0,37,3311.53,122526.63
14333,3383,205.0,29,2586.0,74994.0
14334,3383,512.0,473,2054.0,971542.0
14335,3383,493.0,148,4911.0,726828.0
14336,3383,486.0,91,2021.0,183911.0
14337,3383,147.0,106,1369.0,145114.0
14338,3383,82.0,150,2055.0,308250.0
14339,3383,127.0,11,4315.0,47465.0
14340,3383,41.0,156,3489.0,544284.0
14341,3383,582.0,241,3570.0,860370.0
14342,3384,4.0,133,481.91,64093.8
14343,3384,541.0,145,2748.8,398576.17
14344,3384,179.0,204,5349.59,1091315.92
14345,3384,176.0,476,5062.93,2409955.52
14346,3385,81.0,94,881.97,82905.3
14347,3385,489.0,185,564.99,104523.89
14348,3385,413.0,168,4970.7,835077.55
14349,3385,354.0,400,765.46,306182.52
14350,3385,42.0,77,5645.94,434737.42
14351,3385,562.0,259,3311.87,857773.59
14352,3385,418.0,136,4658.17,633510.48
14353,3385,13.0,497,1824.18,906617.38
14354,3386,142.0,142,4259.62,604865.91
14355,3386,361.0,366,3977.11,1455620.66
14356,3386,281.0,30,326.57,9797.18
14357,3386,148.0,453,689.53,312358.43
14358,3386,482.0,360,4610.5,1659778.95
14359,3386,452.0,496,4320.91,2143173.75
14360,3387,285.0,236,1201.74,283610.96
14361,3387,23.0,74,3271.71,242106.43
14362,3388,359.0,89,202.0,17978.0
14363,3388,251.0,285,2703.0,770355.0
14364,3388,108.0,356,4469.0,1590964.0
14365,3388,499.0,248,4784.0,1186432.0
14366,3389,123.0,133,788.0,104804.0
14367,3390,502.0,268,504.0,135072.0
14368,3390,36.0,473,1447.0,684431.0
14369,3390,294.0,348,882.0,306936.0
14370,3390,200.0,170,2361.0,401370.0
14371,3390,465.0,101,1752.0,176952.0
14372,3391,202.0,23,64.06,1473.47
14373,3391,244.0,353,56.38,19901.06
14374,3391,197.0,223,62.21,13872.69
14375,3391,117.0,59,4.39,258.96
14376,3392,424.0,324,25.35,8213.4
14377,3392,550.0,351,21.44,7525.44
14378,3392,509.0,140,26.45,3703.0
14379,3392,567.0,461,53.92,24857.12
14380,3392,251.0,93,31.8,2957.4
14381,3392,577.0,134,58.51,7840.34
14382,3392,375.0,17,39.69,674.73
14383,3392,510.0,264,57.18,15095.52
14384,3393,165.0,27,1461.45,39459.28
14385,3394,131.0,243,4538.37,1102823.72
14386,3395,226.0,132,2825.0,372900.0
14387,3395,249.0,227,3282.0,745014.0
14388,3395,370.0,227,1225.0,278075.0
14389,3395,304.0,238,1143.0,272034.0
14390,3395,255.0,79,2763.0,218277.0
14391,3395,413.0,158,4355.0,688090.0
14392,3395,232.0,122,3623.0,442006.0
14393,3396,456.0,266,39.84,10597.42
14394,3396,272.0,299,1719.87,514241.67
14395,3396,170.0,361,19.77,7135.28
14396,3396,240.0,312,20.87,6512.87
14397,3396,600.0,183,369.22,67568.03
14398,3397,444.0,346,56.48,19540.68
14399,3397,491.0,72,22.89,1648.22
14400,3397,439.0,131,10.46,1369.82
14401,3397,493.0,77,60.83,4683.98
14402,3397,287.0,454,52.26,23726.33
14403,3397,550.0,102,22.67,2312.33
14404,3398,296.0,38,4284.03,162793.27
14405,3398,475.0,88,573.32,50452.08
14406,3398,258.0,294,4624.34,1359555.72
14407,3398,430.0,71,1168.8,82984.53
14408,3399,321.0,427,149.43,63807.53
14409,3399,372.0,360,9.86,3551.03
14410,3399,481.0,83,18.37,1524.42
14411,3399,91.0,482,1075.44,518362.99
14412,3400,153.0,285,2442.0,695970.0
14413,3400,215.0,165,2042.0,336930.0
14414,3400,285.0,110,1054.0,115940.0
14415,3400,306.0,215,400.0,86000.0
14416,3400,23.0,66,3096.0,204336.0
14417,3401,103.0,158,2708.79,427988.75
14418,3401,110.0,45,5366.96,241513.3
14419,3401,242.0,290,3097.38,898241.38
14420,3402,200.0,337,2774.2,934904.52
14421,3402,131.0,280,4206.13,1177715.58
14422,3402,498.0,111,5729.39,635962.74
14423,3402,367.0,447,139.51,62361.71
14424,3403,543.0,463,2401.0,1111663.0
14425,3404,567.0,370,53.92,19950.4
14426,3404,395.0,128,54.11,6926.08
14427,3404,553.0,492,11.94,5874.48
14428,3404,109.0,222,895.66,198836.52
14429,3404,77.0,126,827.84,104307.84
14430,3405,141.0,22,31.29,688.38
14431,3405,62.0,399,32.78,13079.22
14432,3405,565.0,178,27.96,4976.88
14433,3406,205.0,462,30.42,14054.04
14434,3407,556.0,410,4496.0,1843360.0
14435,3407,433.0,418,4231.0,1768558.0
14436,3407,392.0,391,3698.0,1445918.0
14437,3408,170.0,164,16.95,2779.8
14438,3408,568.0,180,15.24,2743.2
14439,3409,215.0,438,2427.34,1063174.94
14440,3409,92.0,61,300.18,18310.97
14441,3409,283.0,287,900.47,258435.48
14442,3409,422.0,401,3230.82,1295560.48
14443,3409,370.0,369,1373.46,506806.93
14444,3409,456.0,322,3587.62,1155215.17
14445,3409,287.0,219,4445.52,973568.85
14446,3410,597.0,359,1534.06,550727.56
14447,3410,370.0,123,1290.96,158788.18
14448,3410,306.0,425,447.06,189999.03
14449,3411,538.0,252,138.0,34776.0
14450,3411,316.0,74,4398.0,325452.0
14451,3411,354.0,378,648.0,244944.0
14452,3411,424.0,487,2155.0,1049485.0
14453,3412,86.0,89,11.27,1003.16
14454,3412,318.0,109,51.86,5652.44
14455,3412,56.0,494,19.55,9655.48
14456,3412,374.0,297,3.5,1040.39
14457,3413,577.0,246,58.51,14393.46
14458,3414,439.0,467,910.1,425015.9
14459,3414,357.0,128,630.85,80748.82
14460,3414,226.0,36,3092.48,111329.45
14461,3414,345.0,279,4400.12,1227633.69
14462,3415,129.0,313,10.4,3256.05
14463,3415,416.0,183,55.11,10084.27
14464,3416,508.0,224,3616.85,810173.81
14465,3416,211.0,284,2434.44,691380.71
14466,3416,494.0,247,4150.36,1025140.12
14467,3416,59.0,225,3887.57,874703.9
14468,3416,439.0,222,802.58,178172.95
14469,3416,524.0,169,3489.85,589785.09
14470,3417,481.0,159,1601.35,254615.0
14471,3417,210.0,426,5752.79,2450690.17
14472,3418,372.0,10,10.2,102.01
14473,3418,359.0,499,2.55,1273.15
14474,3418,505.0,149,31.4,4679.26
14475,3418,110.0,59,69.04,4073.22
14476,3418,73.0,253,234.34,59287.98
14477,3419,560.0,286,5.96,1703.96
14478,3419,188.0,441,51.79,22840.6
14479,3419,568.0,202,17.75,3585.4
14480,3419,84.0,302,52.34,15805.96
14481,3419,596.0,109,845.14,92120.38
14482,3419,577.0,338,68.66,23206.3
14483,3420,451.0,146,2035.27,297149.85
14484,3420,131.0,437,4501.06,1966963.23
14485,3420,200.0,165,2531.11,417633.93
14486,3420,498.0,471,5553.84,2615860.92
14487,3421,13.0,322,20.22,6510.84
14488,3421,197.0,122,53.62,6541.64
14489,3421,57.0,337,616.47,207750.39
14490,3421,583.0,192,10.68,2050.56
14491,3421,178.0,305,55.62,16964.1
14492,3421,38.0,420,1384.38,581439.6
14493,3422,172.0,282,5.74,1618.68
14494,3422,29.0,304,55.65,16917.6
14495,3422,580.0,16,313.6,5017.6
14496,3422,330.0,54,30.25,1633.5
14497,3423,147.0,29,17.24,499.87
14498,3423,497.0,297,1747.83,519104.84
14499,3423,25.0,408,23.58,9619.65
14500,3423,556.0,456,60.64,27650.32
14501,3424,120.0,233,5033.44,1172791.13
14502,3424,387.0,290,4495.11,1303582.34
14503,3425,49.0,351,497.36,174573.36
14504,3425,386.0,97,170.61,16549.17
14505,3425,349.0,235,283.02,66509.7
14506,3425,123.0,16,9.27,148.32
14507,3425,126.0,349,6.19,2160.31
14508,3425,103.0,49,27.85,1364.65
14509,3426,187.0,52,3727.89,193850.07
14510,3426,574.0,441,5511.87,2430735.31
14511,3426,179.0,82,5160.48,423159.58
14512,3426,84.0,441,4463.21,1968276.13
14513,3426,570.0,21,4973.79,104449.6
14514,3426,160.0,200,2791.9,558379.45
14515,3427,175.0,113,1988.09,224653.95
14516,3427,565.0,216,2840.75,613602.5
14517,3427,556.0,388,5362.07,2080483.22
14518,3427,357.0,430,674.49,290030.4
14519,3428,583.0,367,10.68,3919.56
14520,3428,84.0,18,49.55,891.9
14521,3428,79.0,450,18.75,8437.5
14522,3428,12.0,67,1195.14,80074.38
14523,3428,368.0,276,37.07,10231.32
14524,3428,203.0,153,56.14,8589.42
14525,3428,359.0,60,2.38,142.8
14526,3429,127.0,173,5099.66,882241.48
14527,3429,170.0,288,1676.72,482894.01
14528,3429,206.0,326,1950.85,635978.18
14529,3429,553.0,393,1077.7,423535.11
14530,3429,201.0,171,5572.06,952821.55
14531,3429,232.0,32,4315.24,138087.66
14532,3430,345.0,369,4512.33,1665049.86
14533,3430,553.0,235,1213.37,285140.93
14534,3431,196.0,72,42.77,3079.2
14535,3431,159.0,117,5.65,661.28
14536,3431,187.0,198,41.78,8271.97
14537,3431,227.0,151,27.56,4161.6
14538,3431,436.0,229,795.12,182081.47
14539,3431,25.0,401,23.75,9522.08
14540,3431,542.0,13,61.74,802.64
14541,3432,486.0,69,2021.0,139449.0
14542,3432,519.0,418,328.0,137104.0
14543,3432,345.0,321,3805.0,1221405.0
14544,3432,524.0,470,2944.0,1383680.0
14545,3432,543.0,496,2401.0,1190896.0
14546,3432,50.0,313,2622.0,820686.0
14547,3432,372.0,299,723.0,216177.0
14548,3432,569.0,106,3714.0,393684.0
14549,3433,192.0,401,1433.0,574633.0
14550,3433,505.0,469,2229.0,1045401.0
14551,3433,318.0,164,3915.0,642060.0
14552,3433,553.0,92,1015.0,93380.0
14553,3434,529.0,105,1889.61,198408.87
14554,3434,173.0,19,2362.33,44884.18
14555,3434,364.0,57,2953.8,168366.59
14556,3434,437.0,348,5445.24,1894942.19
14557,3434,132.0,494,2477.14,1223709.29
14558,3434,561.0,402,3424.49,1376646.52
14559,3434,459.0,369,5377.98,1984474.94
14560,3435,444.0,43,4628.49,199025.04
14561,3435,175.0,58,2147.65,124563.87
14562,3436,125.0,123,4723.0,580929.0
14563,3437,306.0,164,423.27,69416.51
14564,3437,172.0,449,531.15,238488.27
14565,3437,597.0,64,1532.11,98055.22
14566,3438,367.0,328,143.48,47062.34
14567,3438,451.0,275,2139.75,588430.3
14568,3438,200.0,111,2643.88,293470.69
14569,3438,131.0,176,4200.14,739224.03
14570,3439,319.0,306,7.61,2328.66
14571,3439,580.0,62,313.6,19443.2
14572,3439,570.0,157,53.48,8396.36
14573,3439,426.0,461,114.6,52830.6
14574,3439,578.0,212,20.91,4432.92
14575,3439,330.0,500,30.25,15125.0
14576,3439,519.0,138,3.86,532.68
14577,3440,419.0,392,24.27,9512.18
14578,3440,210.0,87,63.63,5535.62
14579,3440,494.0,399,43.29,17273.87
14580,3441,505.0,306,2418.73,740132.86
14581,3441,318.0,381,4374.11,1666537.34
14582,3441,521.0,259,1312.57,339955.35
14583,3441,553.0,332,1097.65,364418.71
14584,3441,192.0,356,1559.24,555090.66
14585,3442,43.0,84,2880.0,241920.0
14586,3443,392.0,65,4310.33,280171.32
14587,3443,319.0,491,723.32,355152.55
14588,3443,481.0,14,1594.34,22320.71
14589,3443,317.0,336,5144.23,1728462.39
14590,3443,287.0,146,4578.61,668477.33
14591,3443,111.0,213,1596.3,340011.66
14592,3444,423.0,327,2918.75,954430.92
14593,3444,405.0,223,4146.15,924592.01
14594,3444,281.0,95,336.05,31925.04
14595,3444,430.0,329,1277.02,420141.11
14596,3445,153.0,35,32.42,1134.87
14597,3445,425.0,80,33.32,2665.68
14598,3446,43.0,386,3153.79,1217362.68
14599,3447,158.0,474,6.19,2932.56
14600,3447,456.0,147,39.28,5773.98
14601,3447,235.0,218,7.7,1679.0
14602,3448,357.0,287,644.72,185035.51
14603,3448,287.0,419,4943.61,2071373.03
14604,3448,240.0,191,1772.36,338521.49
14605,3448,450.0,136,1106.51,150485.68
14606,3449,241.0,436,1614.0,703704.0
14607,3449,199.0,415,236.0,97940.0
14608,3449,289.0,400,4338.0,1735200.0
14609,3449,498.0,224,4868.0,1090432.0
14610,3449,220.0,297,2633.0,782001.0
14611,3450,243.0,426,1.77,752.5
14612,3450,301.0,33,3.33,109.78
14613,3451,433.0,426,4931.11,2100654.44
14614,3452,422.0,32,2982.5,95439.91
14615,3452,56.0,189,1716.4,324398.76
14616,3452,370.0,227,1418.86,322080.61
14617,3452,456.0,424,3557.18,1508244.56
14618,3453,556.0,271,4496.0,1218416.0
14619,3453,392.0,61,3698.0,225578.0
14620,3453,308.0,498,1192.0,593616.0
14621,3453,23.0,437,3096.0,1352952.0
14622,3453,264.0,105,2345.0,246225.0
14623,3453,483.0,235,3170.0,744950.0
14624,3453,300.0,225,3749.0,843525.0
14625,3454,501.0,41,990.84,40624.4
14626,3454,1.0,150,130.12,19518.07
14627,3455,562.0,181,3418.44,618738.13
14628,3455,87.0,302,918.45,277371.92
14629,3455,446.0,49,4289.02,210162.16
14630,3455,227.0,330,2240.33,739308.0
14631,3455,377.0,226,594.81,134428.15
14632,3456,561.0,466,3312.39,1543573.25
14633,3456,563.0,426,4610.12,1963912.12
14634,3457,66.0,36,176.33,6347.83
14635,3457,220.0,130,3026.59,393456.7
14636,3457,193.0,18,594.6,10702.89
14637,3457,529.0,444,1971.72,875442.57
14638,3457,333.0,72,3837.19,276278.0
14639,3457,171.0,129,914.99,118034.03
14640,3457,279.0,198,4734.57,937445.35
14641,3458,89.0,14,2398.05,33572.73
14642,3458,48.0,139,198.84,27639.31
14643,3458,491.0,287,1956.18,561422.31
14644,3458,185.0,287,4444.77,1275648.79
14645,3458,335.0,284,5182.76,1471905.23
14646,3458,505.0,134,2627.66,352106.11
14647,3459,165.0,483,15.59,7529.97
14648,3459,210.0,81,57.72,4675.32
14649,3460,62.0,368,36.88,13570.06
14650,3460,440.0,388,52.22,20262.69
14651,3460,79.0,320,21.37,6838.01
14652,3460,562.0,96,39.67,3808.32
14653,3460,54.0,308,65.98,20322.86
14654,3460,202.0,93,68.72,6391.22
14655,3461,274.0,91,5176.61,471071.55
14656,3461,114.0,249,1494.96,372246.24
14657,3461,532.0,261,1827.61,477005.42
14658,3461,453.0,338,4567.82,1543922.81
14659,3462,488.0,443,191.0,84613.0
14660,3462,560.0,137,5.2,712.4
14661,3462,49.0,211,497.36,104942.96
14662,3463,357.0,20,6.71,134.2
14663,3463,77.0,415,827.84,343553.6
14664,3463,579.0,431,25.67,11063.77
14665,3464,42.0,189,5148.39,973045.71
14666,3464,242.0,384,3081.21,1183182.87
14667,3465,419.0,319,24.31,7754.4
14668,3465,570.0,241,58.78,14164.92
14669,3465,360.0,309,1456.05,449919.05
14670,3465,462.0,199,54.82,10909.94
14671,3465,488.0,404,211.16,85310.65
14672,3466,182.0,296,5.69,1684.24
14673,3466,390.0,142,27.61,3920.62
14674,3466,560.0,119,5.2,618.8
14675,3466,243.0,111,1.54,170.94
14676,3466,301.0,192,2.93,562.56
14677,3466,360.0,285,1252.56,356979.6
14678,3466,488.0,336,191.0,64176.0
14679,3467,598.0,339,1413.0,479007.0
14680,3467,170.0,159,1441.0,229119.0
14681,3467,449.0,185,3340.0,617900.0
14682,3467,541.0,300,2560.0,768000.0
14683,3467,240.0,79,1562.0,123398.0
14684,3467,13.0,252,1719.0,433188.0
14685,3467,238.0,410,4971.0,2038110.0
14686,3468,399.0,188,3656.58,687436.96
14687,3468,510.0,117,5496.13,643047.42
14688,3468,565.0,323,2598.44,839296.18
14689,3468,238.0,59,5378.59,317336.97
14690,3468,182.0,394,525.46,207031.12
14691,3469,62.0,116,37.31,4327.94
14692,3469,567.0,54,59.55,3215.68
14693,3470,502.0,375,504.0,189000.0
14694,3470,199.0,148,236.0,34928.0
14695,3470,465.0,57,1752.0,99864.0
14696,3471,210.0,282,5463.33,1540658.7
14697,3471,413.0,443,4798.9,2125914.78
14698,3471,551.0,61,1651.04,100713.49
14699,3471,359.0,286,226.15,64679.56
14700,3471,304.0,186,1260.1,234378.75
14701,3471,255.0,161,3300.8,531429.54
14702,3471,232.0,60,4004.98,240299.03
14703,3472,306.0,228,475.07,108316.43
14704,3472,370.0,420,1375.07,577531.47
14705,3472,597.0,230,1445.01,332351.69
14706,3473,113.0,127,905.19,114958.5
14707,3474,54.0,404,64.97,26247.62
14708,3474,251.0,174,34.86,6066.4
14709,3474,62.0,481,37.02,17806.75
14710,3474,232.0,226,48.95,11063.34
14711,3475,351.0,160,3111.0,497760.0
14712,3475,94.0,345,2252.0,776940.0
14713,3475,503.0,447,3428.0,1532316.0
14714,3475,342.0,369,3527.0,1301463.0
14715,3476,439.0,59,8.96,528.64
14716,3476,71.0,246,37.28,9170.88
14717,3476,444.0,456,50.84,23183.04
14718,3476,493.0,194,57.78,11209.32
14719,3477,456.0,313,3638.73,1138921.51
14720,3477,153.0,260,2888.86,751104.86
14721,3477,562.0,17,3414.28,58042.83
14722,3478,422.0,301,3112.48,936855.88
14723,3478,56.0,449,1621.28,727956.75
14724,3479,101.0,106,978.54,103725.23
14725,3479,199.0,442,268.47,118664.03
14726,3479,51.0,317,1004.24,318345.19
14727,3479,549.0,292,1066.66,311463.3
14728,3480,565.0,79,27.96,2208.84
14729,3480,62.0,151,32.78,4949.78
14730,3480,160.0,146,27.65,4036.9
14731,3480,21.0,298,6.99,2083.02
14732,3481,42.0,97,5664.25,549432.34
14733,3481,574.0,379,5632.95,2134887.49
14734,3481,222.0,208,3056.72,635797.01
14735,3481,211.0,497,2294.16,1140196.38
14736,3481,23.0,334,3673.08,1226807.4
14737,3481,111.0,315,1551.18,488620.45
14738,3482,170.0,396,19.82,7848.39
14739,3482,440.0,237,54.23,12853.55
14740,3483,205.0,315,2783.68,876858.83
14741,3483,493.0,33,5661.19,186819.27
14742,3484,395.0,415,4599.0,1908585.0
14743,3485,421.0,208,403.79,83987.78
14744,3485,372.0,180,9.95,1790.43
14745,3485,497.0,396,1727.52,684096.97
14746,3485,26.0,146,995.0,145269.42
14747,3485,444.0,361,60.82,21955.14
14748,3485,53.0,177,44.23,7829.17
14749,3485,113.0,38,883.25,33563.36
14750,3486,217.0,205,3755.14,769803.17
14751,3486,255.0,431,3201.02,1379641.03
14752,3486,50.0,461,2784.31,1283566.04
14753,3487,38.0,350,1461.04,511365.17
14754,3487,583.0,370,12.32,4558.87
14755,3487,32.0,35,58.35,2042.33
14756,3487,311.0,26,39.89,1037.26
14757,3487,240.0,43,21.65,930.98
14758,3487,13.0,57,21.75,1239.57
14759,3487,197.0,230,59.99,13798.77
14760,3488,43.0,163,3223.34,525404.23
14761,3488,50.0,16,2886.86,46189.69
14762,3488,217.0,27,3557.85,96061.97
14763,3489,258.0,237,4623.66,1095807.8
14764,3489,231.0,85,4834.58,410939.46
14765,3489,355.0,312,5035.85,1571184.67
14766,3489,190.0,129,4782.59,616954.09
14767,3489,348.0,293,1369.99,401405.95
14768,3489,347.0,412,3269.12,1346875.75
14769,3490,285.0,219,1054.0,230826.0
14770,3491,115.0,485,201.8,97872.2
14771,3491,25.0,139,24.5,3406.02
14772,3491,147.0,329,17.61,5794.15
14773,3491,497.0,450,1575.04,708767.23
14774,3491,556.0,403,59.0,23778.73
14775,3492,509.0,271,2672.57,724266.96
14776,3492,251.0,433,3020.02,1307667.29
14777,3493,460.0,414,12.02,4976.28
14778,3493,416.0,172,52.08,8957.76
14779,3493,146.0,471,56.07,26408.97
14780,3493,202.0,360,57.95,20862.0
14781,3493,244.0,328,53.2,17449.6
14782,3493,335.0,124,54.13,6712.12
14783,3493,370.0,358,14.41,5158.78
14784,3494,205.0,211,34.88,7359.2
14785,3494,335.0,349,64.21,22408.09
14786,3495,508.0,385,3117.0,1200045.0
14787,3496,211.0,20,2407.23,48144.55
14788,3496,556.0,270,5190.12,1401331.07
14789,3496,352.0,222,1858.73,412637.89
14790,3496,172.0,206,550.21,113342.4
14791,3496,550.0,212,2025.46,429397.86
14792,3496,395.0,51,5491.5,280066.75
14793,3496,175.0,229,1934.55,443012.04
14794,3496,357.0,361,648.68,234172.15
14795,3496,449.0,16,3915.51,62648.16
14796,3496,565.0,358,2658.05,951581.8
14797,3497,183.0,386,2801.54,1081394.57
14798,3497,402.0,167,1840.61,307381.94
14799,3497,258.0,304,4697.4,1428010.05
14800,3497,475.0,439,614.92,269947.78
14801,3497,296.0,487,3968.93,1932869.27
14802,3498,425.0,159,2484.0,394956.0
14803,3499,574.0,433,69.87,30252.04
14804,3499,166.0,250,1451.73,362933.53
14805,3500,147.0,497,17.61,8752.11
14806,3500,89.0,29,28.61,829.64
14807,3501,476.0,217,3129.9,679188.41
14808,3501,50.0,133,3056.97,406576.75
14809,3501,300.0,430,4435.7,1907351.81
14810,3501,568.0,466,1456.77,678853.98
14811,3501,543.0,30,2648.66,79459.91
14812,3501,558.0,112,3506.1,392683.61
14813,3502,554.0,344,646.43,222373.09
14814,3502,501.0,252,991.05,249744.01
14815,3502,274.0,177,4711.46,833928.62
14816,3502,72.0,233,5750.77,1339930.02
14817,3503,62.0,440,34.75,15288.46
14818,3503,26.0,394,1012.27,398835.05
14819,3503,194.0,439,26.3,11547.16
14820,3503,160.0,428,30.72,13146.44
14821,3504,572.0,178,1058.51,188415.55
14822,3504,433.0,107,4813.79,515075.26
14823,3505,444.0,215,53.62,11528.27
14824,3505,497.0,254,1628.31,413591.05
14825,3505,273.0,71,30.57,2170.73
14826,3505,119.0,481,35.81,17226.29
14827,3505,489.0,118,6.67,787.02
14828,3505,196.0,399,43.34,17291.95
14829,3505,26.0,28,1073.98,30071.34
14830,3505,519.0,357,4.34,1550.68
14831,3505,372.0,58,9.95,576.83
14832,3506,166.0,472,1530.02,722168.41
14833,3506,334.0,494,177.45,87658.8
14834,3506,291.0,483,65.86,31808.34
14835,3506,574.0,205,68.35,14011.0
14836,3507,437.0,329,4744.0,1560776.0
14837,3507,459.0,388,4662.0,1808856.0
14838,3507,351.0,466,3111.0,1449726.0
14839,3507,364.0,477,2623.0,1251171.0
14840,3507,561.0,221,2874.0,635154.0
14841,3508,69.0,70,4782.84,334799.03
14842,3508,53.0,396,3473.83,1375635.92
14843,3509,519.0,67,328.0,21976.0
14844,3509,377.0,112,553.0,61936.0
14845,3510,4.0,200,481.42,96284.44
14846,3510,259.0,339,4864.53,1649077.19
14847,3510,30.0,470,3245.1,1525197.65
14848,3510,577.0,167,5476.31,914543.74
14849,3510,192.0,11,1635.97,17995.69
14850,3510,176.0,343,4810.77,1650093.82
14851,3510,210.0,90,5790.1,521108.77
14852,3511,110.0,190,5428.05,1031329.32
14853,3511,558.0,475,3818.58,1813827.55
14854,3511,577.0,285,5617.93,1601111.28
14855,3512,318.0,424,4551.81,1929968.58
14856,3512,192.0,407,1569.01,638588.25
14857,3513,84.0,26,49.55,1288.3
14858,3513,87.0,319,9.29,2963.51
14859,3513,494.0,97,40.84,3961.48
14860,3514,421.0,239,393.18,93969.56
14861,3514,8.0,19,15.43,293.09
14862,3514,569.0,254,51.93,13191.27
14863,3514,571.0,316,1609.08,508469.35
14864,3515,493.0,276,57.78,15947.28
14865,3515,196.0,66,37.05,2445.3
14866,3516,165.0,99,1520.46,150525.79
14867,3516,293.0,423,3472.18,1468731.73
14868,3516,141.0,69,2927.94,202027.74
14869,3516,291.0,367,5228.75,1918950.28
14870,3516,597.0,362,1394.29,504731.38
14871,3517,530.0,109,3444.04,375400.7
14872,3517,551.0,399,1782.87,711363.4
14873,3517,119.0,461,2935.5,1353264.39
14874,3517,396.0,239,4688.38,1120522.27
14875,3517,304.0,94,1319.95,124075.7
14876,3518,527.0,255,1871.27,477174.26
14877,3518,416.0,126,56.62,7134.02
14878,3518,110.0,189,69.39,13114.0
14879,3518,480.0,418,35.6,14878.97
14880,3519,324.0,231,3468.0,801108.0
14881,3519,102.0,193,2817.0,543681.0
14882,3519,499.0,189,4784.0,904176.0
14883,3519,471.0,129,577.0,74433.0
14884,3519,541.0,301,2560.0,770560.0
14885,3519,111.0,36,1402.0,50472.0
14886,3519,165.0,467,1325.0,618775.0
14887,3520,66.0,308,151.0,46508.0
14888,3520,333.0,338,3256.0,1100528.0
14889,3520,52.0,170,4958.0,842860.0
14890,3520,220.0,179,2633.0,471307.0
14891,3521,497.0,327,1705.31,557635.64
14892,3521,300.0,460,47.54,21870.42
14893,3522,407.0,211,11.52,2431.36
14894,3522,57.0,215,667.54,143521.44
14895,3523,529.0,297,1992.73,591840.46
14896,3523,590.0,266,2555.56,679778.92
14897,3523,351.0,179,3293.52,589539.62
14898,3524,433.0,307,4519.41,1387458.22
14899,3524,566.0,387,344.24,133221.37
14900,3524,275.0,410,4365.89,1790016.55
14901,3525,579.0,144,2573.08,370524.11
14902,3525,578.0,477,2117.04,1009827.58
14903,3525,335.0,406,5359.22,2175841.81
14904,3525,419.0,34,1863.11,63345.65
14905,3525,41.0,344,3812.47,1311487.99
14906,3525,50.0,263,2803.73,737381.17
14907,3526,69.0,437,5277.99,2306481.73
14908,3526,577.0,436,5638.35,2458322.43
14909,3526,111.0,72,1490.44,107311.53
14910,3526,264.0,37,2676.41,99027.31
14911,3526,41.0,94,3773.53,354711.9
14912,3526,129.0,79,874.84,69112.73
14913,3527,178.0,99,63.99,6335.21
14914,3527,49.0,346,557.41,192863.41
14915,3528,357.0,105,618.84,64978.28
14916,3528,538.0,494,155.07,76606.09
14917,3528,176.0,42,5048.06,212018.56
14918,3528,363.0,54,2928.57,158142.82
14919,3528,354.0,104,711.18,73962.36
14920,3529,300.0,135,3749.0,506115.0
14921,3529,264.0,45,2345.0,105525.0
14922,3529,483.0,20,3170.0,63400.0
14923,3530,91.0,82,990.69,81236.58
14924,3530,71.0,329,37.28,12265.12
14925,3530,275.0,281,43.78,12302.18
14926,3531,395.0,210,5156.18,1082798.06
14927,3531,196.0,406,3721.05,1510745.89
14928,3531,242.0,256,2912.45,745586.64
14929,3531,446.0,227,4216.56,957158.24
14930,3532,13.0,438,21.95,9615.41
14931,3532,424.0,33,27.2,897.53
14932,3532,25.0,71,25.27,1794.28
14933,3532,486.0,123,26.23,3226.59
14934,3533,565.0,202,2737.86,553047.42
14935,3533,553.0,118,1186.46,140002.17
14936,3533,206.0,437,1795.16,784486.88
14937,3533,170.0,485,1537.79,745829.68
14938,3533,128.0,368,2988.04,1099597.47
14939,3534,393.0,249,1587.82,395366.44
14940,3534,480.0,368,3248.1,1195301.49
14941,3534,262.0,421,2834.62,1193373.83
14942,3534,391.0,305,1572.94,479748.12
14943,3535,117.0,373,344.24,128399.84
14944,3535,102.0,281,3202.61,899932.44
14945,3536,91.0,436,990.69,431940.84
14946,3536,570.0,219,53.48,11712.12
14947,3536,160.0,168,27.65,4645.2
14948,3536,11.0,25,1573.2,39330.0
14949,3536,80.0,137,28.96,3967.52
14950,3537,96.0,66,2073.24,136833.67
14951,3537,540.0,224,2318.3,519299.37
14952,3537,156.0,427,3215.04,1372823.74
14953,3537,378.0,381,2596.86,989402.9
14954,3537,361.0,242,3871.06,936796.83
14955,3538,392.0,84,3698.0,310632.0
14956,3538,30.0,326,2727.0,889002.0
14957,3538,69.0,338,4407.0,1489566.0
14958,3538,53.0,120,3217.0,386040.0
14959,3539,43.0,101,37.99,3837.49
14960,3539,460.0,188,13.19,2479.22
14961,3539,41.0,346,48.32,16717.4
14962,3539,8.0,250,16.0,3999.09
14963,3540,250.0,289,1549.77,447884.05
14964,3540,516.0,427,5027.82,2146878.21
14965,3540,83.0,26,3762.77,97831.94
14966,3540,31.0,328,4110.29,1348176.02
14967,3540,258.0,445,4570.98,2034084.59
14968,3540,549.0,342,1076.22,368067.68
14969,3541,87.0,368,884.58,325523.66
14970,3541,23.0,18,3495.01,62910.26
14971,3541,543.0,404,2612.69,1055526.37
14972,3541,480.0,76,2979.81,226465.79
14973,3541,146.0,22,5550.69,122115.28
14974,3541,530.0,162,3557.17,576262.01
14975,3542,505.0,281,2229.0,626349.0
14976,3542,89.0,138,2126.0,293388.0
14977,3542,551.0,49,1528.0,74872.0
14978,3542,15.0,364,1541.0,560924.0
14979,3543,242.0,36,32.58,1172.88
14980,3543,335.0,175,54.13,9472.75
14981,3543,38.0,263,1384.38,364091.94
14982,3543,303.0,444,1706.55,757708.2
14983,3543,497.0,240,1467.48,352195.2
14984,3543,150.0,121,151.15,18289.15
14985,3543,570.0,187,53.48,10000.76
14986,3544,306.0,177,432.77,76600.66
14987,3544,370.0,118,1389.07,163909.86
14988,3544,172.0,185,566.51,104804.58
14989,3544,597.0,46,1446.69,66547.75
14990,3545,597.0,290,1463.02,424277.11
14991,3545,141.0,260,2825.96,734749.63
14992,3545,291.0,397,5707.6,2265919.12
14993,3545,165.0,181,1489.89,269670.94
14994,3545,293.0,26,3363.55,87452.29
14995,3545,391.0,174,1552.16,270075.48
14996,3546,541.0,294,2719.96,799668.22
14997,3546,424.0,387,2478.59,959214.64
14998,3546,308.0,456,1416.8,646059.56
14999,3547,70.0,416,2633.76,1095642.2
15000,3547,311.0,218,3337.71,727620.45
15001,3547,469.0,470,1202.5,565175.39
15002,3548,572.0,83,1030.9,85564.83
15003,3549,258.0,432,4034.0,1742688.0
15004,3549,430.0,435,1069.0,465015.0
15005,3549,348.0,368,1214.0,446752.0
15006,3550,197.0,485,5069.23,2458575.68
15007,3550,306.0,60,459.65,27578.82
15008,3550,215.0,86,2213.33,190346.68
15009,3550,393.0,485,1618.55,784997.78
15010,3550,153.0,387,2844.02,1100635.33
15011,3550,23.0,311,3265.54,1015581.69
15012,3551,562.0,163,3335.58,543699.99
15013,3551,493.0,328,5531.24,1814246.05
15014,3551,236.0,95,3386.45,321713.14
15015,3551,440.0,215,4586.96,986195.49
15016,3551,460.0,196,1147.0,224812.4
15017,3551,102.0,468,3367.74,1576100.17
15018,3551,483.0,184,3400.87,625760.35
15019,3551,243.0,345,147.65,50940.3
15020,3552,487.0,355,4726.91,1678051.74
15021,3552,453.0,265,4714.53,1249351.42
15022,3552,326.0,391,5509.11,2154063.27
15023,3552,347.0,197,3074.82,605740.41
15024,3552,415.0,94,381.05,35818.92
15025,3552,114.0,175,1347.67,235842.31
15026,3553,58.0,424,1830.0,775920.0
15027,3553,97.0,242,3735.0,903870.0
15028,3553,431.0,398,1840.0,732320.0
15029,3553,213.0,125,1996.0,249500.0
15030,3554,241.0,428,1776.82,760479.88
15031,3554,289.0,158,5082.07,802967.67
15032,3555,41.0,126,43.72,5509.01
15033,3555,491.0,354,21.46,7596.15
15034,3555,551.0,334,21.18,7075.69
15035,3555,134.0,117,42.46,4968.07
15036,3555,318.0,89,51.67,4598.4
15037,3555,54.0,39,60.96,2377.28
15038,3555,30.0,436,35.64,15539.69
15039,3556,370.0,55,14.41,792.55
15040,3556,178.0,263,55.62,14628.06
15041,3556,438.0,360,15.64,5630.4
15042,3556,383.0,270,943.55,254758.5
15043,3556,391.0,105,15.71,1649.55
15044,3556,238.0,206,58.48,12046.88
15045,3557,359.0,35,224.22,7847.71
15046,3557,249.0,121,3861.49,467240.06
15047,3557,43.0,70,3347.69,234338.05
15048,3558,38.0,202,1610.82,325385.21
15049,3558,440.0,287,49.01,14066.83
15050,3558,515.0,409,29.17,11932.0
15051,3558,230.0,22,579.94,12758.75
15052,3558,472.0,272,1857.15,505145.35
15053,3558,486.0,39,25.41,991.08
15054,3558,396.0,31,54.45,1687.89
15055,3559,474.0,497,1354.18,673029.93
15056,3560,529.0,253,1785.53,451739.72
15057,3560,465.0,184,1939.69,356902.21
15058,3560,52.0,376,5269.38,1981285.08
15059,3561,361.0,281,3388.0,952028.0
15060,3561,37.0,263,1179.0,310077.0
15061,3561,478.0,228,4714.0,1074792.0
15062,3561,248.0,474,4971.0,2356254.0
15063,3561,281.0,150,287.0,43050.0
15064,3562,80.0,111,2780.56,308641.78
15065,3562,572.0,91,972.33,88482.37
15066,3563,591.0,328,67.05,21993.62
15067,3563,543.0,308,32.34,9959.69
15068,3563,439.0,167,10.23,1707.79
15069,3563,153.0,209,33.44,6988.4
15070,3563,222.0,345,36.74,12675.81
15071,3563,407.0,289,11.81,3413.08
15072,3563,13.0,338,24.01,8115.67
15073,3563,8.0,77,15.32,1179.8
15074,3563,472.0,104,1847.18,192106.23
15075,3564,226.0,16,2825.0,45200.0
15076,3564,565.0,487,2377.0,1157599.0
15077,3564,553.0,201,1015.0,204015.0
15078,3565,287.0,13,4501.29,58516.71
15079,3566,258.0,274,4748.58,1301110.5
15080,3566,402.0,145,1925.05,279132.02
15081,3566,475.0,431,591.28,254840.66
15082,3566,296.0,231,3963.62,915595.63
15083,3567,233.0,291,3836.0,1116276.0
15084,3567,347.0,461,2885.0,1329985.0
15085,3567,532.0,198,1538.0,304524.0
15086,3568,23.0,79,42.04,3320.84
15087,3568,154.0,475,613.28,291308.31
15088,3568,433.0,50,57.34,2867.09
15089,3568,110.0,245,65.13,15956.49
15090,3568,260.0,302,31.87,9625.74
15091,3569,289.0,51,5059.9,258054.96
15092,3569,241.0,428,1924.98,823889.51
15093,3570,126.0,164,7.43,1218.06
15094,3570,314.0,44,134.25,5907.07
15095,3570,519.0,380,4.19,1593.66
15096,3570,89.0,59,28.98,1709.89
15097,3570,366.0,338,16.62,5618.1
15098,3570,70.0,353,32.67,11533.24
15099,3571,351.0,330,3404.04,1123332.22
15100,3572,568.0,123,1531.35,188356.0
15101,3572,543.0,126,2593.06,326725.75
15102,3572,476.0,324,2919.47,945906.97
15103,3572,50.0,399,3035.74,1211261.62
15104,3572,558.0,462,3394.43,1568225.99
15105,3573,185.0,484,4872.68,2358377.67
15106,3573,396.0,193,4445.76,858031.03
15107,3573,242.0,439,3062.08,1344252.59
15108,3573,203.0,14,5528.57,77399.97
15109,3573,330.0,246,3058.1,752293.47
15110,3574,255.0,74,2763.0,204462.0
15111,3574,513.0,209,3697.0,772673.0
15112,3574,499.0,89,4784.0,425776.0
15113,3574,244.0,45,4522.0,203490.0
15114,3575,550.0,36,25.72,925.97
15115,3575,227.0,45,26.0,1169.8
15116,3576,371.0,114,5557.42,633545.82
15117,3576,185.0,260,4420.35,1149292.09
15118,3576,562.0,49,3309.39,162160.03
15119,3576,146.0,278,5489.15,1525982.44
15120,3576,70.0,454,2851.75,1294696.09
15121,3577,48.0,235,2.39,561.52
15122,3577,178.0,323,61.06,19722.81
15123,3577,8.0,301,16.01,4818.32
15124,3577,370.0,49,15.16,742.82
15125,3577,383.0,116,1071.54,124298.56
15126,3578,494.0,384,3860.53,1482443.68
15127,3578,103.0,446,2804.4,1250760.23
15128,3578,311.0,263,3301.06,868179.81
15129,3578,377.0,367,591.1,216934.56
15130,3578,81.0,139,934.03,129830.2
15131,3578,566.0,237,361.77,85738.38
15132,3578,324.0,343,3693.94,1267022.61
15133,3578,432.0,309,5682.64,1755935.19
15134,3579,220.0,406,3079.55,1250299.3
15135,3579,199.0,199,270.25,53780.71
15136,3579,498.0,85,5311.1,451443.68
15137,3579,241.0,164,1718.16,281778.82
15138,3579,289.0,248,5105.9,1266262.63
15139,3580,556.0,458,4807.6,2201879.12
15140,3580,483.0,286,3623.8,1036406.74
15141,3580,300.0,287,4143.4,1189156.24
15142,3580,433.0,457,4557.07,2082581.8
15143,3580,308.0,221,1331.01,294153.53
15144,3580,23.0,75,3475.72,260679.19
15145,3581,273.0,222,2685.02,596075.35
15146,3581,446.0,17,4682.42,79601.14
15147,3581,562.0,209,3184.69,665599.19
15148,3582,185.0,15,49.38,740.7
15149,3582,198.0,231,11.56,2670.36
15150,3582,489.0,172,5.76,990.72
15151,3582,79.0,170,18.75,3187.5
15152,3582,497.0,182,1467.48,267081.36
15153,3582,354.0,269,7.62,2049.78
15154,3583,308.0,471,15.22,7170.48
15155,3583,154.0,210,575.03,120756.77
15156,3583,416.0,302,60.56,18288.93
15157,3583,32.0,314,58.88,18487.56
15158,3583,392.0,280,47.46,13287.81
15159,3583,366.0,131,18.1,2371.22
15160,3583,192.0,44,18.43,810.76
15161,3583,167.0,317,6.67,2114.84
15162,3584,176.0,367,4307.0,1580669.0
15163,3584,493.0,163,4911.0,800493.0
15164,3584,456.0,342,3117.0,1066014.0
15165,3584,455.0,75,3900.0,292500.0
15166,3585,217.0,407,3256.0,1325192.0
15167,3585,543.0,395,2401.0,948395.0
15168,3585,524.0,321,2944.0,945024.0
15169,3585,508.0,344,3117.0,1072248.0
15170,3585,71.0,74,3169.0,234506.0
15171,3585,108.0,125,4469.0,558625.0
15172,3585,81.0,161,810.0,130410.0
15173,3585,486.0,433,2021.0,875093.0
15174,3586,513.0,219,4415.41,966974.03
15175,3586,535.0,440,2521.36,1109400.07
15176,3586,318.0,274,4443.19,1217433.39
15177,3587,483.0,362,40.69,14731.42
15178,3587,16.0,380,426.1,161917.01
15179,3587,287.0,367,54.38,19957.24
15180,3587,424.0,361,29.2,10541.88
15181,3587,491.0,425,23.29,9899.6
15182,3587,71.0,458,40.31,18463.04
15183,3588,358.0,449,3209.0,1440841.0
15184,3588,220.0,444,2633.0,1169052.0
15185,3588,51.0,451,851.0,383801.0
15186,3588,289.0,294,4338.0,1275372.0
15187,3589,275.0,210,3721.0,781410.0
15188,3589,352.0,244,1644.0,401136.0
15189,3589,368.0,265,3151.0,835015.0
15190,3589,308.0,328,1192.0,390976.0
15191,3590,46.0,110,2193.0,241230.0
15192,3590,114.0,358,1268.0,453944.0
15193,3590,502.0,347,504.0,174888.0
15194,3590,540.0,428,2111.0,903508.0
15195,3591,574.0,330,66.61,21982.73
15196,3591,314.0,395,137.25,54211.85
15197,3591,126.0,115,7.16,823.67
15198,3592,370.0,233,1456.19,339292.34
15199,3592,306.0,55,463.81,25509.81
15200,3593,528.0,372,1476.17,549135.11
15201,3594,372.0,239,8.51,2033.89
15202,3594,505.0,296,26.22,7761.12
15203,3594,82.0,251,24.18,6069.18
15204,3594,359.0,387,2.38,921.06
15205,3594,571.0,328,1424.0,467072.0
15206,3594,159.0,447,5.34,2386.98
15207,3595,210.0,64,68.2,4364.82
15208,3595,103.0,83,31.28,2596.24
15209,3595,165.0,204,18.4,3754.1
15210,3595,450.0,198,13.49,2670.67
15211,3595,330.0,483,33.0,15939.68
15212,3596,358.0,125,3568.95,446118.42
15213,3596,212.0,156,1566.81,244422.35
15214,3597,38.0,299,1487.94,444892.67
15215,3597,197.0,292,58.18,16988.79
15216,3597,32.0,416,59.93,24931.77
15217,3597,240.0,386,21.69,8370.51
15218,3598,303.0,254,1706.55,433463.7
15219,3598,242.0,27,32.58,879.66
15220,3598,335.0,334,54.13,18079.42
15221,3599,512.0,411,2347.72,964911.61
15222,3599,291.0,47,5273.88,247872.5
15223,3599,71.0,56,3511.56,196647.18
15224,3599,170.0,459,1525.64,700270.13
15225,3599,202.0,251,5266.49,1321889.74
15226,3599,79.0,452,1725.96,780135.14
15227,3599,577.0,387,5254.13,2033346.65
15228,3600,416.0,73,5000.92,365067.05
15229,3601,424.0,314,2449.57,769165.37
15230,3601,59.0,98,3591.6,351976.37
15231,3601,494.0,293,4084.55,1196774.28
15232,3601,87.0,417,926.8,386474.43
15233,3601,597.0,89,1438.88,128059.92
15234,3601,456.0,482,3493.48,1683858.82
15235,3601,129.0,251,797.9,200273.05
15236,3601,375.0,51,3590.07,183093.81
15237,3602,424.0,468,27.31,12779.31
15238,3602,374.0,127,3.7,469.29
15239,3602,151.0,159,31.39,4990.84
15240,3603,49.0,157,554.08,86990.73
15241,3603,360.0,46,1390.08,63943.59
15242,3603,243.0,140,1.84,257.28
15243,3604,205.0,416,30.42,12654.72
15244,3604,102.0,477,33.14,15807.78
15245,3605,165.0,390,1395.1,544088.16
15246,3605,293.0,58,3652.63,211852.61
15247,3605,301.0,180,283.85,51093.73
15248,3605,15.0,189,1627.53,307602.27
15249,3605,445.0,141,4392.75,619377.96
15250,3605,577.0,175,5284.83,924845.49
15251,3605,538.0,155,151.6,23497.71
15252,3606,440.0,140,46.22,6470.8
15253,3606,240.0,188,18.38,3455.44
15254,3606,486.0,469,23.78,11152.82
15255,3606,71.0,496,37.28,18490.88
15256,3606,230.0,314,531.27,166818.78
15257,3607,493.0,101,5664.86,572151.27
15258,3607,456.0,241,3547.13,854857.67
15259,3607,330.0,141,2969.4,418685.48
15260,3607,153.0,384,2647.8,1016754.03
15261,3607,455.0,422,4431.24,1869982.52
15262,3607,562.0,149,3418.54,509363.16
15263,3607,54.0,180,5648.04,1016647.28
15264,3608,572.0,118,1032.72,121861.23
15265,3609,255.0,10,2763.0,27630.0
15266,3609,391.0,188,1335.0,250980.0
15267,3609,43.0,454,2880.0,1307520.0
15268,3609,50.0,81,2622.0,212382.0
15269,3610,239.0,384,1307.63,502129.43
15270,3610,235.0,282,646.28,182251.69
15271,3610,179.0,67,5494.03,368100.34
15272,3611,309.0,483,1593.19,769508.88
15273,3611,84.0,438,54.11,23698.14
15274,3611,87.0,191,10.57,2018.8
15275,3611,510.0,58,60.38,3502.24
15276,3612,450.0,295,1010.0,297950.0
15277,3612,577.0,112,4973.0,556976.0
15278,3612,442.0,458,596.0,272968.0
15279,3612,175.0,156,1828.0,285168.0
15280,3613,15.0,284,1541.0,437644.0
15281,3613,43.0,263,2880.0,757440.0
15282,3613,359.0,230,202.0,46460.0
15283,3613,23.0,241,3096.0,746136.0
15284,3613,82.0,291,2055.0,598005.0
15285,3614,165.0,129,1530.26,197402.95
15286,3615,409.0,307,22.64,6950.48
15287,3615,579.0,183,25.67,4697.61
15288,3615,357.0,69,6.71,462.99
15289,3616,558.0,101,3660.22,369682.12
15290,3617,232.0,87,42.62,3707.94
15291,3617,285.0,103,12.4,1277.2
15292,3617,62.0,283,32.78,9276.74
15293,3617,251.0,350,31.8,11130.0
15294,3617,515.0,424,25.01,10604.24
15295,3618,538.0,338,138.0,46644.0
15296,3618,556.0,410,4496.0,1843360.0
15297,3618,60.0,477,3127.0,1491579.0
15298,3618,375.0,416,3374.0,1403584.0
15299,3618,318.0,186,3915.0,728190.0
15300,3618,301.0,13,249.0,3237.0
15301,3618,359.0,443,202.0,89486.0
15302,3619,359.0,49,240.02,11761.02
15303,3620,560.0,139,442.0,61438.0
15304,3621,92.0,463,311.91,144412.94
15305,3622,317.0,245,5206.65,1275629.43
15306,3622,409.0,58,2066.15,119836.79
15307,3622,582.0,204,4170.27,850735.77
15308,3622,340.0,295,4363.15,1287129.46
15309,3622,392.0,284,3940.81,1119191.41
15310,3623,480.0,498,3104.18,1545879.57
15311,3623,530.0,442,3371.15,1490049.71
15312,3623,377.0,14,636.39,8909.53
15313,3623,318.0,120,4585.08,550209.18
15314,3624,265.0,272,4604.78,1252499.79
15315,3624,319.0,248,720.95,178796.77
15316,3625,478.0,429,5278.92,2264658.73
15317,3625,457.0,475,608.47,289024.67
15318,3625,348.0,172,1332.08,229117.93
15319,3626,425.0,313,2682.57,839645.76
15320,3626,513.0,55,3990.4,219471.98
15321,3626,255.0,272,3189.64,867580.9
15322,3627,147.0,234,1565.26,366271.3
15323,3627,240.0,494,1712.89,846167.21
15324,3627,290.0,83,1451.52,120475.9
15325,3627,242.0,103,2923.44,301114.4
15326,3627,110.0,158,5224.77,825513.03
15327,3628,70.0,144,2856.68,411361.81
15328,3629,82.0,94,24.18,2272.92
15329,3629,359.0,326,2.38,775.88
15330,3630,330.0,74,2571.0,190254.0
15331,3630,393.0,27,1480.0,39960.0
15332,3630,102.0,280,2817.0,788760.0
15333,3630,316.0,170,4398.0,747660.0
15334,3630,285.0,48,1054.0,50592.0
15335,3630,197.0,479,4558.0,2183282.0
15336,3630,306.0,263,400.0,105200.0
15337,3631,141.0,223,2881.62,642602.17
15338,3631,175.0,461,1995.31,919835.61
15339,3631,291.0,62,5657.73,350779.41
15340,3631,165.0,42,1503.56,63149.36
15341,3631,597.0,358,1490.98,533771.37
15342,3632,246.0,334,1626.0,543084.0
15343,3632,281.0,142,287.0,40754.0
15344,3632,269.0,418,416.0,173888.0
15345,3633,281.0,59,318.42,18786.96
15346,3633,148.0,196,666.25,130584.84
15347,3633,37.0,350,1329.14,465197.45
15348,3633,248.0,71,5326.56,378185.98
15349,3633,482.0,27,4747.28,128176.67
15350,3633,199.0,271,278.3,75420.63
15351,3633,452.0,25,4447.7,111192.39
15352,3633,540.0,231,2462.75,568894.18
15353,3634,66.0,31,151.0,4681.0
15354,3634,465.0,176,1752.0,308352.0
15355,3634,401.0,167,2462.0,411154.0
15356,3634,98.0,42,2102.0,88284.0
15357,3634,52.0,139,4958.0,689162.0
15358,3635,375.0,35,41.69,1459.0
15359,3635,550.0,88,25.43,2237.54
15360,3636,16.0,442,419.82,185561.2
15361,3636,165.0,28,17.71,495.9
15362,3636,113.0,90,813.46,73211.81
15363,3636,517.0,49,532.33,26084.19
15364,3636,119.0,99,36.13,3577.35
15365,3637,375.0,69,4015.03,277037.25
15366,3637,433.0,374,4694.2,1755630.96
15367,3637,275.0,231,4183.34,966351.62
15368,3638,524.0,305,3137.11,956818.89
15369,3638,493.0,61,5626.07,343190.19
15370,3638,70.0,245,2580.66,632261.93
15371,3638,81.0,62,870.86,53993.37
15372,3639,536.0,405,3497.22,1416373.76
15373,3639,563.0,366,4487.26,1642336.25
15374,3639,118.0,289,4753.81,1373849.86
15375,3639,1.0,233,136.24,31743.85
15376,3639,261.0,301,4693.36,1412700.28
15377,3639,142.0,399,4410.77,1759895.91
15378,3639,503.0,315,3622.27,1141014.86
15379,3640,285.0,132,1204.13,158944.8
15380,3640,153.0,367,2622.79,962562.35
15381,3640,392.0,241,4002.27,964546.33
15382,3641,210.0,421,5829.23,2454105.69
15383,3641,146.0,121,5254.91,635844.49
15384,3641,126.0,138,615.11,84885.48
15385,3641,432.0,112,5551.81,621802.49
15386,3642,200.0,381,2557.76,974507.64
15387,3642,35.0,412,1808.39,745058.73
15388,3642,51.0,69,984.23,67911.53
15389,3642,465.0,251,2043.61,512945.49
15390,3643,198.0,75,12.46,934.31
15391,3643,244.0,252,59.05,14880.04
15392,3643,530.0,403,39.58,15951.05
15393,3643,185.0,258,53.77,13872.03
15394,3643,489.0,278,6.16,1712.07
15395,3643,354.0,225,8.34,1875.88
15396,3644,87.0,457,888.61,406093.52
15397,3644,377.0,163,637.81,103962.79
15398,3644,543.0,406,2550.15,1035361.06
15399,3644,530.0,284,3541.75,1005856.17
15400,3644,23.0,363,3270.94,1187349.47
15401,3644,480.0,102,3329.31,339589.46
15402,3644,146.0,390,5316.62,2073481.01
15403,3645,147.0,328,19.09,6261.24
15404,3645,497.0,66,1651.25,108982.33
15405,3645,115.0,192,198.58,38127.18
15406,3646,4.0,431,435.0,187485.0
15407,3646,582.0,83,3570.0,296310.0
15408,3647,276.0,491,2297.45,1128046.12
15409,3647,241.0,139,1931.02,268411.91
15410,3647,199.0,472,265.93,125520.77
15411,3647,498.0,106,5633.79,597182.17
15412,3648,405.0,177,3897.0,689769.0
15413,3648,430.0,222,1069.0,237318.0
15414,3648,295.0,152,1051.0,159752.0
15415,3648,183.0,65,2510.0,163150.0
15416,3649,91.0,350,1083.68,379288.95
15417,3649,74.0,324,18.39,5957.59
15418,3649,481.0,185,18.62,3444.51
15419,3649,505.0,213,28.5,6070.3
15420,3650,115.0,286,195.29,55853.15
15421,3650,147.0,391,18.83,7363.88
15422,3651,227.0,114,25.02,2852.31
15423,3651,25.0,341,24.86,8476.67
15424,3652,54.0,225,5443.73,1224839.54
15425,3652,243.0,68,143.75,9774.93
15426,3652,455.0,463,4656.42,2155921.04
15427,3653,565.0,358,31.78,11378.13
15428,3653,194.0,141,26.18,3691.88
15429,3653,26.0,82,1071.97,87901.14
15430,3653,160.0,409,29.49,12061.29
15431,3654,255.0,264,37.46,9889.14
15432,3654,445.0,131,50.7,6641.45
15433,3654,157.0,240,2032.61,487827.21
15434,3654,588.0,413,3.62,1495.56
15435,3655,568.0,426,16.19,6896.23
15436,3655,335.0,314,61.07,19175.5
15437,3655,596.0,50,900.14,45007.22
15438,3655,571.0,385,1706.86,657141.98
15439,3655,103.0,399,29.62,11816.78
15440,3656,62.0,429,2786.0,1195194.0
15441,3656,243.0,463,131.0,60653.0
15442,3657,6.0,237,2988.0,708156.0
15443,3657,475.0,407,517.0,210419.0
15444,3657,100.0,444,3321.0,1474524.0
15445,3657,452.0,394,3812.0,1501928.0
15446,3657,382.0,133,602.0,80066.0
15447,3657,302.0,330,4979.0,1643070.0
15448,3658,258.0,227,4400.91,999006.27
15449,3658,137.0,131,2777.8,363891.34
15450,3658,31.0,122,3980.78,485655.54
15451,3659,80.0,179,31.59,5653.93
15452,3659,570.0,92,61.72,5678.28
15453,3659,275.0,79,48.44,3826.78
15454,3660,304.0,48,1293.5,62087.91
15455,3660,232.0,15,4113.02,61695.28
15456,3660,226.0,437,3100.78,1355041.19
15457,3660,413.0,473,5213.7,2466079.32
15458,3661,264.0,181,2345.0,424445.0
15459,3661,300.0,380,3749.0,1424620.0
15460,3661,556.0,198,4496.0,890208.0
15461,3661,433.0,385,4231.0,1628935.0
15462,3661,308.0,227,1192.0,270584.0
15463,3662,170.0,223,19.52,4353.9
15464,3662,359.0,202,2.51,507.72
15465,3662,474.0,466,15.25,7104.36
15466,3662,304.0,71,15.05,1068.39
15467,3662,346.0,310,1144.98,354945.34
15468,3663,515.0,163,25.01,4076.63
15469,3663,77.0,356,827.84,294711.04
15470,3663,304.0,263,13.45,3537.35
15471,3663,170.0,221,16.95,3745.95
15472,3664,283.0,249,820.0,204180.0
15473,3664,127.0,205,4315.0,884575.0
15474,3664,370.0,110,1225.0,134750.0
15475,3664,69.0,83,4407.0,365781.0
15476,3664,424.0,352,2155.0,758560.0
15477,3664,476.0,345,2637.0,909765.0
15478,3664,56.0,197,1439.0,283483.0
15479,3665,13.0,399,1944.86,775999.18
15480,3665,582.0,124,3986.93,494379.23
15481,3665,146.0,339,5635.88,1910563.04
15482,3665,84.0,192,4771.96,916216.07
15483,3665,418.0,333,4795.39,1596863.69
15484,3665,70.0,395,2588.55,1022476.87
15485,3665,562.0,163,3550.83,578785.58
15486,3665,489.0,298,582.4,173554.11
15487,3666,515.0,388,2126.0,824888.0
15488,3666,578.0,424,1777.0,753448.0
15489,3666,304.0,435,1143.0,497205.0
15490,3666,551.0,55,1528.0,84040.0
15491,3667,160.0,328,27.65,9069.2
15492,3667,565.0,371,27.96,10373.16
15493,3667,141.0,294,31.29,9199.26
15494,3667,194.0,334,22.67,7571.78
15495,3667,62.0,219,32.78,7178.82
15496,3667,26.0,368,907.58,333989.44
15497,3667,21.0,403,6.99,2816.97
15498,3668,204.0,78,2821.0,220038.0
15499,3668,199.0,56,236.0,13216.0
15500,3668,557.0,65,308.0,20020.0
15501,3668,485.0,134,2584.0,346256.0
15502,3668,437.0,265,4744.0,1257160.0
15503,3668,37.0,171,1179.0,201609.0
15504,3668,502.0,118,504.0,59472.0
15505,3668,465.0,394,1752.0,690288.0
15506,3668,351.0,444,3111.0,1381284.0
15507,3669,172.0,490,6.13,3003.88
15508,3669,472.0,390,1999.4,779764.3
15509,3669,589.0,61,1921.31,117200.0
15510,3669,490.0,77,50.22,3866.79
15511,3669,122.0,364,46.21,16819.44
15512,3669,113.0,409,917.2,375133.27
15513,3670,259.0,298,61.47,18318.99
15514,3670,113.0,155,840.26,130240.32
15515,3670,319.0,130,9.08,1180.82
15516,3670,335.0,16,58.64,938.29
15517,3671,475.0,16,542.87,8685.9
15518,3671,183.0,351,2876.31,1009585.72
15519,3671,348.0,473,1407.86,665917.04
15520,3671,402.0,380,1763.78,670238.13
15521,3671,296.0,123,4255.55,523433.07
15522,3671,430.0,406,1132.45,459774.63
15523,3672,42.0,159,64.93,10324.23
15524,3672,210.0,173,64.91,11229.92
15525,3672,359.0,472,2.53,1195.12
15526,3672,510.0,430,67.94,29213.29
15527,3672,368.0,25,38.95,973.66
15528,3673,541.0,189,3026.78,572060.56
15529,3673,410.0,193,769.56,148524.79
15530,3673,283.0,110,982.54,108078.96
15531,3673,4.0,293,521.83,152897.64
15532,3673,28.0,109,5074.56,553126.63
15533,3673,238.0,29,5333.6,154674.45
15534,3674,370.0,402,14.41,5792.82
15535,3674,335.0,409,54.13,22139.17
15536,3674,244.0,401,53.2,21333.2
15537,3675,335.0,321,54.13,17375.73
15538,3675,542.0,57,55.07,3138.99
15539,3675,103.0,498,27.85,13869.3
15540,3676,103.0,470,27.85,13089.5
15541,3676,571.0,294,1424.0,418656.0
15542,3676,188.0,265,48.68,12900.2
15543,3676,324.0,445,40.8,18156.0
15544,3676,335.0,317,54.13,17159.21
15545,3676,542.0,487,55.07,26819.09
15546,3676,560.0,183,5.2,951.6
15547,3676,568.0,14,15.24,213.36
15548,3677,590.0,89,2831.2,251976.67
15549,3677,459.0,119,5409.0,643671.41
15550,3677,132.0,337,2602.57,877064.71
15551,3677,364.0,376,2983.65,1121852.97
15552,3677,294.0,432,1007.48,435230.77
15553,3677,342.0,312,3993.04,1245827.79
15554,3677,437.0,37,5408.45,200112.49
15555,3677,138.0,473,1699.58,803902.88
15556,3678,167.0,108,598.68,64657.0
15557,3678,515.0,307,2450.23,752219.34
15558,3678,489.0,242,526.68,127456.68
15559,3678,424.0,437,2370.36,1035846.7
15560,3678,87.0,259,839.35,217392.68
15561,3678,23.0,373,3531.1,1317100.58
15562,3678,570.0,261,5437.63,1419220.51
15563,3679,151.0,222,2627.81,583374.5
15564,3679,449.0,443,3711.53,1644209.58
15565,3680,543.0,253,2401.0,607453.0
15566,3680,558.0,74,3183.0,235542.0
15567,3681,61.0,433,2703.56,1170641.84
15568,3681,475.0,298,618.83,184410.67
15569,3682,578.0,145,1923.85,278958.31
15570,3682,222.0,488,3131.57,1528205.37
15571,3682,42.0,43,5269.95,226608.06
15572,3682,201.0,257,5022.7,1290834.91
15573,3683,536.0,382,3540.41,1352436.96
15574,3683,501.0,70,1012.26,70858.32
15575,3683,1.0,46,141.12,6491.39
15576,3683,563.0,448,4155.92,1861851.52
15577,3683,118.0,35,4844.58,169560.15
15578,3683,503.0,294,3626.46,1066178.68
15579,3683,261.0,253,4547.78,1150589.19
15580,3683,561.0,176,3289.14,578889.19
15581,3684,426.0,11,114.6,1260.6
15582,3684,570.0,240,53.48,12835.2
15583,3684,330.0,459,30.25,13884.75
15584,3684,580.0,487,313.6,152723.2
15585,3684,598.0,131,16.62,2177.22
15586,3684,562.0,43,35.42,1523.06
15587,3684,319.0,444,7.61,3378.84
15588,3685,370.0,166,1437.41,238610.14
15589,3685,62.0,83,2951.35,244961.64
15590,3686,217.0,273,3475.37,948776.08
15591,3686,81.0,380,917.35,348591.38
15592,3687,489.0,374,5.76,2154.24
15593,3687,571.0,363,1424.0,516912.0
15594,3687,421.0,168,343.06,57634.08
15595,3687,460.0,440,12.02,5288.8
15596,3687,569.0,14,43.69,611.66
15597,3687,413.0,306,51.24,15679.44
15598,3688,196.0,174,3449.29,600176.86
15599,3688,524.0,484,3402.7,1646906.37
15600,3688,486.0,464,2209.69,1025295.65
15601,3688,345.0,496,4192.71,2079583.6
15602,3688,217.0,417,3679.91,1534524.23
15603,3689,194.0,347,2146.09,744691.77
15604,3689,42.0,282,5788.43,1632336.93
15605,3689,499.0,234,5717.3,1337848.96
15606,3689,591.0,297,5621.53,1669594.6
15607,3690,433.0,14,4497.93,62970.97
15608,3690,275.0,394,4442.93,1750516.01
15609,3690,375.0,163,3861.54,629431.8
15610,3690,188.0,70,4466.52,312656.73
15611,3690,56.0,454,1541.1,699660.87
15612,3690,566.0,340,347.27,118073.12
15613,3691,240.0,181,1668.57,302011.48
15614,3691,455.0,144,4188.76,603181.18
15615,3691,103.0,369,2521.41,930399.45
15616,3692,197.0,103,63.38,6528.52
15617,3692,16.0,76,424.32,32248.19
15618,3692,324.0,252,43.93,11071.06
15619,3692,202.0,163,67.43,10990.3
15620,3692,117.0,23,3.98,91.64
15621,3692,77.0,120,874.56,104946.87
15622,3693,515.0,435,2397.49,1042908.0
15623,3693,499.0,160,5511.33,881812.34
15624,3693,324.0,479,4157.95,1991656.82
15625,3693,102.0,297,3290.76,977356.46
15626,3693,122.0,42,3947.22,165783.4
15627,3693,541.0,159,2871.04,456495.23
15628,3693,165.0,229,1441.84,330181.41
15629,3693,187.0,490,3772.09,1848325.58
15630,3694,565.0,369,27.96,10317.24
15631,3694,141.0,202,31.29,6320.58
15632,3694,26.0,273,907.58,247769.34
15633,3695,142.0,11,4425.29,48678.16
15634,3695,207.0,305,2421.49,738553.67
15635,3696,41.0,115,3489.0,401235.0
15636,3697,264.0,236,2554.75,602921.13
15637,3697,433.0,443,4485.22,1986950.93
15638,3697,23.0,217,3493.75,758144.63
15639,3698,558.0,173,3183.0,550659.0
15640,3698,391.0,464,1335.0,619440.0
15641,3698,480.0,372,2776.0,1032672.0
15642,3699,392.0,78,4233.6,330220.52
15643,3699,170.0,493,1656.09,816454.21
15644,3699,111.0,155,1542.79,239132.62
15645,3699,418.0,227,4431.31,1005907.75
15646,3699,201.0,455,5055.26,2300141.31
15647,3700,202.0,113,66.63,7529.69
15648,3700,146.0,38,67.0,2545.95
15649,3700,324.0,142,46.7,6631.43
15650,3700,77.0,35,945.65,33097.89
15651,3700,244.0,266,56.62,15060.24
15652,3700,69.0,151,54.58,8241.9
15653,3700,538.0,171,1.81,309.15
15654,3700,460.0,390,13.23,5160.51
15655,3701,59.0,398,3377.0,1344046.0
15656,3701,363.0,472,2764.0,1304608.0
15657,3702,87.0,451,878.91,396387.96
15658,3702,582.0,57,3772.92,215056.53
15659,3702,13.0,371,1838.04,681914.68
15660,3702,141.0,166,2984.19,495375.65
15661,3702,562.0,102,3187.06,325080.45
15662,3703,173.0,429,2480.27,1064035.86
15663,3703,19.0,327,394.88,129125.04
15664,3703,452.0,395,4503.38,1778833.74
15665,3703,35.0,322,1772.04,570597.35
15666,3703,475.0,93,595.96,55424.34
15667,3703,36.0,336,1596.87,536547.83
15668,3704,349.0,233,329.65,76808.5
15669,3704,374.0,309,3.67,1134.04
15670,3704,159.0,265,6.07,1608.36
15671,3704,123.0,15,10.82,162.36
15672,3704,49.0,134,576.01,77185.98
15673,3704,386.0,185,197.41,36521.36
15674,3704,146.0,135,61.03,8239.68
15675,3705,541.0,12,2841.24,34094.88
15676,3705,42.0,136,5582.0,759151.66
15677,3705,562.0,13,3476.89,45199.55
15678,3706,544.0,433,704.05,304853.56
15679,3706,44.0,41,227.48,9326.85
15680,3706,55.0,42,1155.32,48523.59
15681,3706,475.0,274,570.79,156395.12
15682,3706,61.0,92,2850.47,262243.21
15683,3706,532.0,240,1738.98,417355.11
15684,3707,170.0,326,1632.52,532202.88
15685,3707,568.0,163,1527.7,249015.21
15686,3707,179.0,459,5623.88,2581360.07
15687,3707,489.0,273,587.83,160478.64
15688,3707,165.0,140,1406.06,196848.52
15689,3708,28.0,372,4888.98,1818698.98
15690,3708,25.0,457,2096.67,958176.46
15691,3708,450.0,70,1116.06,78124.1
15692,3708,165.0,165,1394.45,230083.64
15693,3708,499.0,274,5158.94,1413550.23
15694,3708,102.0,340,2961.36,1006864.03
15695,3708,84.0,63,4969.65,313088.19
15696,3709,493.0,375,62.81,23554.38
15697,3709,243.0,340,1.74,590.9
15698,3709,390.0,384,32.72,12563.17
15699,3709,182.0,428,6.15,2633.07
15700,3709,301.0,334,3.44,1149.81
15701,3709,483.0,213,41.2,8774.72
15702,3709,49.0,74,566.49,41920.39
15703,3709,513.0,373,51.75,19302.51
15704,3710,561.0,168,3170.94,532718.25
15705,3710,563.0,37,4448.7,164601.75
15706,3710,83.0,80,3824.98,305998.78
15707,3710,261.0,304,4805.85,1460979.83
15708,3711,231.0,222,4687.33,1040588.12
15709,3711,248.0,447,5357.77,2394925.39
15710,3711,85.0,239,2685.87,641923.25
15711,3711,96.0,320,1906.14,609965.69
15712,3711,529.0,204,1821.54,371594.17
15713,3711,55.0,207,1131.63,234247.6
15714,3712,304.0,231,15.95,3683.66
15715,3712,474.0,382,15.09,5764.15
15716,3712,77.0,92,968.14,89068.51
15717,3713,51.0,189,851.0,160839.0
15718,3713,212.0,326,1324.0,431624.0
15719,3713,220.0,496,2633.0,1305968.0
15720,3713,233.0,252,3836.0,966672.0
15721,3713,501.0,368,860.0,316480.0
15722,3713,289.0,170,4338.0,737460.0
15723,3714,165.0,207,1443.54,298812.9
15724,3714,15.0,351,1629.3,571882.58
15725,3714,293.0,467,3588.82,1675978.33
15726,3714,538.0,153,146.04,22344.21
15727,3715,122.0,367,3899.77,1431215.67
15728,3715,508.0,142,3703.35,525875.98
15729,3716,424.0,123,2376.79,292345.55
15730,3716,354.0,294,681.9,200478.38
15731,3716,357.0,483,650.45,314168.96
15732,3716,316.0,41,4976.27,204027.1
15733,3716,363.0,434,3152.72,1368281.54
15734,3717,134.0,497,3926.81,1951622.97
15735,3717,424.0,400,2514.37,1005749.58
15736,3717,441.0,172,2834.37,487511.56
15737,3717,456.0,168,3347.94,562453.16
15738,3717,4.0,25,483.57,12089.36
15739,3718,575.0,330,2826.0,932580.0
15740,3718,434.0,22,2551.0,56122.0
15741,3718,502.0,307,504.0,154728.0
15742,3719,582.0,55,45.19,2485.43
15743,3719,102.0,326,36.28,11827.28
15744,3719,48.0,428,2.26,966.68
15745,3720,175.0,215,1828.0,393020.0
15746,3720,577.0,67,4973.0,333191.0
15747,3720,43.0,139,2880.0,400320.0
15748,3720,548.0,495,4721.0,2336895.0
15749,3721,491.0,77,1718.0,132286.0
15750,3722,519.0,162,4.16,674.68
15751,3722,53.0,255,43.5,11093.6
15752,3722,113.0,219,913.66,200090.75
15753,3722,119.0,376,36.22,13620.14
15754,3723,251.0,392,2877.72,1128065.24
15755,3723,572.0,208,954.32,198497.83
15756,3723,194.0,444,2170.55,963725.03
15757,3723,550.0,100,2022.97,202297.23
15758,3724,541.0,343,2903.39,995864.08
15759,3725,243.0,88,1.8,158.41
15760,3725,236.0,213,43.23,9207.1
15761,3725,472.0,133,1987.87,264386.89
15762,3726,414.0,460,2607.29,1199355.58
15763,3727,451.0,327,2030.41,663942.89
15764,3727,367.0,375,146.0,54748.23
15765,3727,131.0,172,4585.48,788702.27
15766,3728,466.0,15,1909.0,28635.0
15767,3729,398.0,287,1720.0,493640.0
15768,3729,137.0,403,2397.0,965991.0
15769,3729,58.0,165,1830.0,301950.0
15770,3729,549.0,335,923.0,309205.0
15771,3729,213.0,313,1996.0,624748.0
15772,3730,455.0,365,54.81,20005.6
15773,3730,538.0,344,1.87,642.81
15774,3730,568.0,488,18.16,8864.13
15775,3730,38.0,62,1502.42,93149.81
15776,3730,203.0,326,64.53,21037.26
15777,3730,345.0,362,53.34,19309.25
15778,3731,194.0,356,2226.87,792765.15
15779,3732,386.0,75,170.61,12795.75
15780,3732,49.0,257,497.36,127821.52
15781,3732,123.0,271,9.27,2512.17
15782,3732,159.0,168,5.34,897.12
15783,3732,146.0,278,56.07,15587.46
15784,3732,349.0,81,283.02,22924.62
15785,3733,368.0,376,3462.08,1301743.69
15786,3733,395.0,426,4934.94,2102285.22
15787,3733,534.0,444,2927.75,1299922.22
15788,3734,129.0,148,836.28,123769.28
15789,3734,165.0,203,1478.5,300135.34
15790,3734,441.0,151,2878.17,434603.3
15791,3735,305.0,385,1002.31,385888.29
15792,3736,13.0,167,1719.0,287073.0
15793,3736,287.0,308,4191.0,1290828.0
15794,3736,179.0,405,4690.0,1899450.0
15795,3736,239.0,70,1092.0,76440.0
15796,3736,541.0,254,2560.0,650240.0
15797,3736,568.0,23,1295.0,29785.0
15798,3737,531.0,35,1115.3,39035.63
15799,3737,532.0,231,1835.93,424100.56
15800,3737,453.0,234,4876.35,1141064.85
15801,3737,190.0,275,4647.91,1278174.69
15802,3737,487.0,90,4518.55,406669.07
15803,3738,370.0,268,17.11,4586.34
15804,3738,202.0,318,63.49,20189.95
15805,3739,38.0,270,1384.38,373782.6
15806,3739,71.0,84,37.28,3131.52
15807,3740,345.0,443,49.86,22085.79
15808,3740,455.0,357,52.35,18690.23
15809,3740,393.0,404,20.5,8283.64
15810,3741,498.0,409,5226.83,2137771.44
15811,3741,367.0,490,130.34,63865.53
15812,3741,200.0,136,2672.19,363418.41
15813,3741,131.0,310,4111.62,1274601.83
15814,3742,318.0,464,4331.56,2009841.63
15815,3742,513.0,168,4091.61,687390.41
15816,3742,23.0,452,3701.32,1672997.14
15817,3742,293.0,165,3414.11,563327.36
15818,3742,535.0,361,2697.9,973941.94
15819,3743,25.0,220,22.26,4897.2
15820,3743,497.0,288,1467.48,422634.24
15821,3743,147.0,391,16.11,6299.01
15822,3743,556.0,490,52.89,25916.1
15823,3744,13.0,419,21.66,9077.04
15824,3744,396.0,297,54.81,16278.47
15825,3745,154.0,368,641.16,235948.21
15826,3745,366.0,364,17.57,6396.28
15827,3745,392.0,236,49.55,11693.72
15828,3745,32.0,324,57.58,18656.28
15829,3745,565.0,53,29.92,1585.52
15830,3746,308.0,411,1420.27,583730.98
15831,3746,374.0,369,278.02,102588.43
15832,3746,62.0,169,3085.75,521491.99
15833,3747,285.0,217,1121.1,243279.7
15834,3747,406.0,160,3107.73,497236.91
15835,3747,553.0,171,1098.58,187858.02
15836,3747,300.0,140,3976.19,556666.57
15837,3748,378.0,191,2467.0,471197.0
15838,3749,300.0,254,3749.0,952246.0
15839,3749,264.0,263,2345.0,616735.0
15840,3749,483.0,399,3170.0,1264830.0
15841,3749,23.0,141,3096.0,436536.0
15842,3749,433.0,59,4231.0,249629.0
15843,3750,53.0,403,44.2,17810.76
15844,3751,80.0,335,33.3,11156.55
15845,3751,54.0,199,66.1,13153.71
15846,3751,91.0,64,1085.37,69463.72
15847,3752,77.0,224,952.94,213457.49
15848,3752,303.0,86,2008.98,172772.15
15849,3752,488.0,246,202.49,49811.57
15850,3752,462.0,198,53.05,10503.44
15851,3752,42.0,219,66.46,14555.7
15852,3752,360.0,414,1477.05,611498.19
15853,3753,193.0,235,537.0,126195.0
15854,3753,163.0,324,1813.0,587412.0
15855,3753,220.0,133,2633.0,350189.0
15856,3753,66.0,89,151.0,13439.0
15857,3753,333.0,259,3256.0,843304.0
15858,3753,98.0,332,2102.0,697864.0
15859,3753,423.0,391,2500.0,977500.0
15860,3754,251.0,211,31.8,6709.8
15861,3754,446.0,66,46.04,3038.64
15862,3754,422.0,34,32.81,1115.54
15863,3754,439.0,409,8.96,3664.64
15864,3754,119.0,314,30.41,9548.74
15865,3755,569.0,61,4059.12,247606.38
15866,3755,330.0,253,3040.2,769169.51
15867,3755,290.0,25,1449.85,36246.26
15868,3756,236.0,197,41.1,8097.27
15869,3756,396.0,260,57.85,15042.08
15870,3756,230.0,304,576.37,175216.66
15871,3756,179.0,10,58.32,583.2
15872,3756,472.0,101,2019.49,203968.1
15873,3756,38.0,404,1516.47,612655.85
15874,3756,254.0,160,43.23,6917.25
15875,3756,440.0,308,50.86,15665.53
15876,3756,260.0,454,30.01,13624.59
15877,3757,39.0,204,4442.11,906189.68
15878,3757,218.0,436,1839.12,801856.49
15879,3757,599.0,194,1344.35,260803.63
15880,3757,332.0,421,2922.5,1230372.27
15881,3758,70.0,19,2694.22,51190.1
15882,3758,108.0,304,4993.91,1518147.76
15883,3758,41.0,385,4118.86,1585759.52
15884,3758,222.0,364,2977.21,1083704.53
15885,3759,570.0,168,4546.0,763728.0
15886,3760,513.0,424,3938.44,1669897.17
15887,3761,326.0,296,4803.0,1421688.0
15888,3761,281.0,36,287.0,10332.0
15889,3761,381.0,15,2401.0,36015.0
15890,3761,378.0,293,2467.0,722831.0
15891,3761,430.0,252,1069.0,269388.0
15892,3761,355.0,300,4463.0,1338900.0
15893,3762,242.0,462,2769.0,1279278.0
15894,3762,368.0,456,3151.0,1436856.0
15895,3762,300.0,167,3749.0,626083.0
15896,3762,330.0,42,2571.0,107982.0
15897,3762,578.0,124,1777.0,220348.0
15898,3762,407.0,495,912.0,451440.0
15899,3762,534.0,439,2500.0,1097500.0
15900,3762,8.0,245,1198.0,293510.0
15901,3762,395.0,392,4599.0,1802808.0
15902,3763,301.0,144,249.0,35856.0
15903,3764,580.0,25,313.6,7840.0
15904,3764,519.0,448,3.86,1729.28
15905,3764,562.0,426,35.42,15088.92
15906,3764,56.0,179,16.93,3030.47
15907,3764,426.0,186,114.6,21315.6
15908,3764,570.0,236,53.48,12621.28
15909,3764,330.0,167,30.25,5051.75
15910,3764,578.0,276,20.91,5771.16
15911,3765,450.0,67,1104.86,74025.53
15912,3765,287.0,142,4871.7,691782.06
15913,3765,54.0,272,5205.59,1415920.3
15914,3765,558.0,74,3503.95,259292.57
15915,3765,541.0,10,2727.47,27274.68
15916,3765,357.0,330,636.1,209913.83
15917,3765,242.0,132,3042.24,401575.73
15918,3765,319.0,497,684.4,340147.39
15919,3766,515.0,473,2432.24,1150450.01
15920,3766,396.0,134,4522.56,606023.23
15921,3766,565.0,76,2656.58,201899.8
15922,3766,493.0,156,5173.56,807075.17
15923,3766,551.0,491,1723.47,846225.09
15924,3767,300.0,148,3749.0,554852.0
15925,3768,231.0,326,4164.0,1357464.0
15926,3768,289.0,436,4338.0,1891368.0
15927,3769,70.0,137,2581.7,353692.61
15928,3770,319.0,354,741.48,262485.53
15929,3771,317.0,96,5698.6,547065.8
15930,3771,406.0,67,3191.39,213823.1
15931,3771,481.0,225,1710.02,384754.97
15932,3771,560.0,381,507.61,193401.06
15933,3771,556.0,486,4937.61,2399677.13
15934,3771,308.0,447,1387.71,620306.65
15935,3771,548.0,351,5618.3,1972023.53
15936,3772,218.0,241,1711.04,412360.99
15937,3772,466.0,92,2252.23,207205.5
15938,3772,39.0,112,4973.84,557069.72
15939,3772,332.0,21,2950.49,61960.21
15940,3772,599.0,342,1375.77,470511.87
15941,3773,205.0,47,35.0,1645.12
15942,3773,158.0,260,6.06,1576.24
15943,3773,196.0,486,39.25,19073.98
15944,3773,300.0,157,48.43,7604.03
15945,3773,242.0,465,37.75,17554.85
15946,3773,150.0,480,165.68,79527.4
15947,3773,235.0,404,7.49,3024.28
15948,3773,456.0,291,42.77,12447.1
15949,3774,499.0,215,4784.0,1028560.0
15950,3774,251.0,141,2703.0,381123.0
15951,3774,235.0,309,602.0,186018.0
15952,3774,108.0,416,4469.0,1859104.0
15953,3774,239.0,355,1092.0,387660.0
15954,3774,179.0,42,4690.0,196980.0
15955,3775,462.0,145,46.76,6780.2
15956,3775,419.0,185,20.59,3809.15
15957,3775,360.0,388,1252.56,485993.28
15958,3775,77.0,196,827.84,162256.64
15959,3775,488.0,408,191.0,77928.0
15960,3775,303.0,360,1706.55,614358.0
15961,3776,210.0,115,5659.41,650832.63
15962,3776,432.0,57,5509.16,314022.2
15963,3776,126.0,289,576.27,166542.79
15964,3777,291.0,341,5770.59,1967770.19
15965,3777,553.0,445,1108.31,493195.87
15966,3777,275.0,163,4344.91,708219.68
15967,3777,519.0,58,382.19,22166.92
15968,3777,170.0,197,1587.18,312673.54
15969,3777,179.0,135,5292.45,714481.26
15970,3777,43.0,68,3405.25,231557.29
15971,3777,512.0,316,2376.12,750852.73
15972,3778,117.0,470,4.31,2025.24
15973,3778,16.0,122,432.27,52736.68
15974,3778,146.0,280,66.74,18687.4
15975,3778,69.0,450,61.07,27482.49
15976,3779,432.0,479,5448.66,2609906.85
15977,3779,159.0,474,507.11,240369.05
15978,3779,243.0,275,141.32,38864.37
15979,3779,249.0,148,3716.36,550021.78
15980,3780,355.0,397,4796.65,1904271.5
15981,3780,427.0,220,4711.7,1036572.91
15982,3780,72.0,80,5459.36,436749.09
15983,3780,133.0,169,1272.02,214971.59
15984,3781,125.0,280,4723.0,1322440.0
15985,3781,416.0,196,4427.0,867692.0
15986,3781,439.0,197,762.0,150114.0
15987,3781,357.0,327,570.0,186390.0
15988,3781,206.0,375,1677.0,628875.0
15989,3782,13.0,244,20.22,4933.68
15990,3782,202.0,115,57.95,6664.25
15991,3782,197.0,107,53.62,5737.34
15992,3782,38.0,69,1384.38,95522.22
15993,3782,311.0,245,36.49,8940.05
15994,3783,177.0,24,3720.84,89300.17
15995,3784,54.0,473,59.19,27998.27
15996,3784,570.0,178,62.52,11129.24
15997,3784,160.0,252,32.44,8174.08
15998,3785,558.0,349,3723.9,1299640.6
15999,3785,445.0,476,4731.07,2251990.89
16000,3785,462.0,199,4505.47,896589.17
16001,3785,577.0,122,5768.54,703761.28
16002,3786,241.0,474,1861.81,882499.71
16003,3786,498.0,211,5780.49,1219683.29
16004,3786,220.0,68,3095.5,210494.02
16005,3786,276.0,310,2299.72,712912.67
16006,3787,515.0,329,25.01,8228.29
16007,3787,285.0,429,12.4,5319.6
16008,3788,551.0,228,1802.07,410872.74
16009,3788,13.0,412,1860.61,766570.14
16010,3788,222.0,286,3097.25,885812.31
16011,3789,232.0,236,48.72,11497.52
16012,3789,185.0,256,58.51,14977.58
16013,3790,502.0,113,583.66,65953.69
16014,3790,559.0,140,1581.75,221444.61
16015,3790,35.0,307,1910.75,586598.95
16016,3790,200.0,450,2654.74,1194633.56
16017,3790,465.0,261,1971.17,514474.29
16018,3790,148.0,328,660.32,216583.93
16019,3790,139.0,88,3989.11,351041.53
16020,3791,375.0,431,4031.16,1737430.55
16021,3791,275.0,84,4216.44,354180.94
16022,3791,433.0,215,4600.23,989050.17
16023,3791,566.0,335,332.61,111423.76
16024,3792,23.0,328,3096.0,1015488.0
16025,3792,287.0,170,4191.0,712470.0
16026,3792,42.0,368,4870.0,1792160.0
16027,3792,578.0,346,1777.0,614842.0
16028,3792,211.0,46,2054.0,94484.0
16029,3792,236.0,66,3063.0,202158.0
16030,3792,222.0,388,2718.0,1054584.0
16031,3793,577.0,356,5584.77,1988179.17
16032,3793,399.0,121,4027.2,487291.31
16033,3793,317.0,418,5231.93,2186946.22
16034,3793,550.0,237,1949.97,462142.21
16035,3793,409.0,101,2089.46,211035.72
16036,3794,233.0,340,3836.0,1304240.0
16037,3794,190.0,26,4003.0,104078.0
16038,3794,531.0,135,1011.0,136485.0
16039,3794,36.0,444,1447.0,642468.0
16040,3794,274.0,189,4455.0,841995.0
16041,3794,545.0,439,853.0,374467.0
16042,3795,399.0,308,3386.0,1042888.0
16043,3795,179.0,44,4690.0,206360.0
16044,3795,56.0,80,1439.0,115120.0
16045,3795,572.0,476,885.0,421260.0
16046,3795,311.0,277,3102.0,859254.0
16047,3795,469.0,456,1101.0,502056.0
16048,3795,508.0,295,3117.0,919515.0
16049,3795,433.0,171,4231.0,723501.0
16050,3796,25.0,391,23.95,9365.38
16051,3796,436.0,174,849.21,147763.18
16052,3796,232.0,53,47.17,2499.78
16053,3796,117.0,189,4.12,778.08
16054,3796,196.0,104,39.93,4152.29
16055,3796,363.0,298,35.28,10514.15
16056,3797,146.0,432,59.3,25615.78
16057,3797,259.0,365,57.71,21065.63
16058,3797,335.0,247,62.62,15467.28
16059,3797,113.0,67,866.12,58029.95
16060,3798,236.0,333,3063.0,1019979.0
16061,3798,578.0,486,1777.0,863622.0
16062,3798,441.0,257,2400.0,616800.0
16063,3798,543.0,201,2401.0,482601.0
16064,3799,251.0,482,31.8,15327.6
16065,3799,567.0,421,53.92,22700.32
16066,3799,232.0,42,42.62,1790.04
16067,3799,54.0,134,55.82,7479.88
16068,3799,515.0,210,25.01,5252.1
16069,3799,62.0,80,32.78,2622.4
16070,3800,255.0,181,3280.54,593777.81
16071,3800,391.0,16,1595.06,25520.89
16072,3800,43.0,170,3282.04,557946.65
16073,3801,401.0,311,2753.04,856196.38
16074,3801,496.0,360,4762.46,1714486.85
16075,3801,220.0,321,3017.42,968592.15
16076,3801,98.0,73,2419.78,176643.68
16077,3802,35.0,14,1907.01,26698.11
16078,3802,465.0,455,1865.12,848627.55
16079,3802,51.0,305,960.49,292948.04
16080,3802,36.0,152,1716.47,260902.93
16081,3802,148.0,493,718.39,354163.83
16082,3802,200.0,234,2753.09,644223.24
16083,3803,46.0,463,2616.8,1211577.04
16084,3803,295.0,182,1183.3,215360.69
16085,3803,414.0,249,2934.43,730672.26
16086,3803,177.0,371,3996.43,1482675.5
16087,3803,114.0,401,1381.47,553969.43
16088,3804,424.0,465,2459.22,1143537.24
16089,3804,50.0,485,3130.83,1518450.25
16090,3804,345.0,330,4130.02,1362905.66
16091,3805,363.0,214,2949.28,631146.32
16092,3805,357.0,486,654.09,317888.44
16093,3805,354.0,329,740.26,243544.28
16094,3805,316.0,374,5257.72,1966386.42
16095,3805,538.0,146,160.25,23397.21
16096,3805,176.0,255,4804.41,1225125.16
16097,3806,70.0,259,2568.82,665323.7
16098,3806,486.0,196,2306.42,452057.57
16099,3807,497.0,52,1586.47,82496.47
16100,3807,530.0,175,40.3,7053.14
16101,3807,242.0,212,37.99,8053.78
16102,3807,79.0,470,22.22,10445.69
16103,3807,198.0,27,12.56,339.22
16104,3807,151.0,200,29.33,5866.15
16105,3808,170.0,394,18.42,7257.23
16106,3808,54.0,38,65.61,2493.29
16107,3808,318.0,152,51.61,7844.06
16108,3808,202.0,277,62.6,17340.75
16109,3808,62.0,495,34.95,17298.81
16110,3808,300.0,161,49.7,8002.43
16111,3808,525.0,415,1539.08,638719.33
16112,3808,493.0,460,62.47,28734.5
16113,3809,210.0,310,5638.04,1747792.98
16114,3809,126.0,142,555.43,78870.53
16115,3809,570.0,252,4881.1,1230036.41
16116,3810,578.0,277,22.7,6287.39
16117,3810,59.0,118,46.85,5528.31
16118,3810,591.0,16,68.94,1103.0
16119,3811,84.0,312,49.55,15459.6
16120,3811,103.0,440,27.85,12254.0
16121,3811,205.0,189,30.42,5749.38
16122,3811,542.0,492,55.07,27094.44
16123,3811,568.0,449,15.24,6842.76
16124,3811,577.0,75,58.51,4388.25
16125,3812,25.0,242,25.15,6086.36
16126,3812,115.0,218,207.84,45310.1
16127,3812,147.0,449,18.54,8323.26
16128,3813,321.0,396,157.11,62217.2
16129,3813,407.0,255,11.33,2889.85
16130,3813,481.0,56,18.57,1039.74
16131,3813,505.0,311,29.18,9073.81
16132,3813,47.0,28,745.85,20883.78
16133,3813,91.0,339,1126.13,381758.03
16134,3814,119.0,294,34.56,10160.05
16135,3814,8.0,311,15.68,4878.02
16136,3814,438.0,383,17.18,6581.65
16137,3815,462.0,436,4275.44,1864093.46
16138,3815,262.0,11,2640.48,29045.31
16139,3815,391.0,334,1454.37,485759.21
16140,3815,480.0,270,3198.93,863712.44
16141,3816,12.0,86,1301.13,111896.81
16142,3816,515.0,233,27.33,6368.0
16143,3816,71.0,100,40.11,4011.18
16144,3817,430.0,402,1069.0,429738.0
16145,3817,97.0,372,3735.0,1389420.0
16146,3817,405.0,42,3897.0,163674.0
16147,3817,183.0,347,2510.0,870970.0
16148,3818,108.0,385,4962.01,1910373.46
16149,3818,235.0,56,674.14,37752.04
16150,3819,129.0,89,746.0,66394.0
16151,3819,243.0,217,131.0,28427.0
16152,3819,493.0,414,4911.0,2033154.0
16153,3820,21.0,93,6.99,650.07
16154,3820,62.0,337,32.78,11046.86
16155,3820,160.0,44,27.65,1216.6
16156,3820,141.0,379,31.29,11858.91
16157,3821,330.0,433,32.1,13897.15
16158,3821,48.0,345,2.17,746.96
16159,3821,366.0,485,16.51,8009.29
16160,3821,596.0,22,887.8,19531.55
16161,3821,324.0,101,45.84,4629.79
16162,3822,135.0,341,3941.9,1344188.29
16163,3822,342.0,16,4150.95,66415.17
16164,3822,557.0,152,337.14,51244.68
16165,3822,94.0,331,2489.4,823990.78
16166,3823,462.0,328,4176.1,1369761.31
16167,3824,531.0,197,1011.0,199167.0
16168,3824,487.0,475,4196.0,1993100.0
16169,3824,114.0,269,1268.0,341092.0
16170,3824,545.0,288,853.0,245664.0
16171,3824,415.0,14,361.0,5054.0
16172,3824,233.0,118,3836.0,452648.0
16173,3824,453.0,182,4232.0,770224.0
16174,3825,399.0,459,3904.66,1792238.75
16175,3825,474.0,42,1319.06,55400.43
16176,3826,84.0,261,4212.0,1099332.0
16177,3826,185.0,79,4197.0,331563.0
16178,3826,354.0,42,648.0,27216.0
16179,3826,413.0,484,4355.0,2107820.0
16180,3827,571.0,47,1687.56,79315.27
16181,3828,598.0,77,1565.47,120541.45
16182,3828,240.0,266,1731.66,460620.69
16183,3828,222.0,371,2855.82,1059509.41
16184,3828,560.0,409,471.25,192743.04
16185,3828,170.0,341,1520.72,518566.09
16186,3829,183.0,311,2857.05,888543.38
16187,3829,295.0,295,1248.38,368270.9
16188,3829,281.0,421,305.04,128422.18
16189,3830,173.0,338,2246.0,759148.0
16190,3830,1.0,80,119.0,9520.0
16191,3830,351.0,454,3111.0,1412394.0
16192,3830,437.0,72,4744.0,341568.0
16193,3830,342.0,290,3527.0,1022830.0
16194,3830,294.0,88,882.0,77616.0
16195,3830,364.0,460,2623.0,1206580.0
16196,3830,341.0,225,4548.0,1023300.0
16197,3830,138.0,359,1614.0,579426.0
16198,3831,273.0,389,30.09,11703.11
16199,3831,75.0,68,673.49,45797.36
16200,3831,82.0,251,27.26,6842.27
16201,3831,159.0,485,5.75,2789.02
16202,3831,187.0,24,41.93,1006.27
16203,3831,57.0,65,739.41,48061.7
16204,3831,571.0,418,1543.8,645307.18
16205,3832,541.0,241,3066.97,739138.62
16206,3833,218.0,452,1866.35,843590.69
16207,3833,39.0,274,4442.98,1217375.44
16208,3834,348.0,319,1214.0,387266.0
16209,3834,430.0,271,1069.0,289699.0
16210,3834,183.0,111,2510.0,278610.0
16211,3834,296.0,264,3586.0,946704.0
16212,3835,151.0,204,2634.23,537383.48
16213,3835,179.0,307,5406.58,1659821.48
16214,3835,565.0,427,2543.6,1086115.7
16215,3835,407.0,102,1064.62,108591.04
16216,3835,53.0,277,3500.23,969564.78
16217,3835,201.0,233,5390.57,1256003.21
16218,3835,582.0,257,3780.26,971526.19
16219,3836,439.0,22,874.79,19245.32
16220,3836,122.0,89,4263.26,379429.79
16221,3837,530.0,57,3157.37,179970.27
16222,3837,102.0,225,3153.95,709639.66
16223,3837,574.0,166,5586.29,927324.36
16224,3837,141.0,114,3020.83,344374.15
16225,3837,179.0,462,5541.36,2560107.58
16226,3838,119.0,447,30.41,13593.27
16227,3838,438.0,415,15.64,6490.6
16228,3838,41.0,302,41.05,12397.1
16229,3838,569.0,128,43.69,5592.32
16230,3838,571.0,362,1424.0,515488.0
16231,3838,8.0,451,14.09,6354.59
16232,3838,109.0,66,895.66,59113.56
16233,3839,395.0,371,5425.86,2012992.69
16234,3839,287.0,159,4665.11,741752.66
16235,3839,111.0,230,1601.28,368294.24
16236,3840,439.0,220,8.96,1971.2
16237,3840,151.0,67,26.59,1781.53
16238,3840,460.0,76,12.02,913.52
16239,3840,600.0,413,327.66,135323.58
16240,3840,374.0,295,3.09,911.55
16241,3840,318.0,310,46.06,14278.6
16242,3841,359.0,422,238.19,100517.67
16243,3841,562.0,357,3517.32,1255683.41
16244,3842,474.0,132,15.44,2038.71
16245,3842,102.0,76,36.6,2781.94
16246,3842,574.0,394,68.1,26833.18
16247,3842,469.0,129,14.08,1816.6
16248,3842,600.0,181,381.39,69032.2
16249,3842,582.0,420,47.47,19938.27
16250,3843,512.0,374,2374.18,887944.54
16251,3843,406.0,255,3191.28,813775.46
16252,3843,29.0,75,5444.24,408317.8
16253,3843,446.0,256,4196.09,1074199.47
16254,3843,244.0,478,4785.27,2287359.58
16255,3843,449.0,476,3753.68,1786750.52
16256,3843,509.0,110,2553.5,280885.22
16257,3844,441.0,236,2592.01,611713.31
16258,3844,368.0,207,3664.09,758465.87
16259,3844,556.0,333,5052.0,1682316.99
16260,3844,567.0,108,4881.18,527167.07
16261,3844,570.0,76,5033.82,382570.59
16262,3845,274.0,176,4702.02,827555.54
16263,3845,55.0,206,1068.92,220198.09
16264,3845,529.0,84,1968.97,165393.34
16265,3846,243.0,209,141.06,29481.73
16266,3846,553.0,87,1206.77,104988.64
16267,3846,319.0,440,713.0,313722.17
16268,3846,483.0,90,3661.9,329571.03
16269,3846,129.0,411,894.95,367825.37
16270,3847,476.0,93,3007.77,279723.04
16271,3847,558.0,43,3386.33,145612.28
16272,3847,300.0,281,4136.22,1162278.83
16273,3848,175.0,83,2035.71,168963.52
16274,3849,551.0,244,21.09,5146.92
16275,3849,172.0,35,6.13,214.38
16276,3849,408.0,364,29.5,10738.92
16277,3850,572.0,246,943.7,232149.01
16278,3850,318.0,359,4544.81,1631586.73
16279,3850,418.0,194,4939.97,958354.96
16280,3850,123.0,138,910.27,125617.59
16281,3850,445.0,190,4610.24,875945.36
16282,3850,42.0,484,5407.58,2617269.91
16283,3850,264.0,375,2501.42,938032.14
16284,3850,566.0,400,353.73,141493.59
16285,3851,335.0,158,64.44,10181.76
16286,3851,319.0,51,9.09,463.64
16287,3851,146.0,383,60.98,23354.57
16288,3852,371.0,420,5311.48,2230819.58
16289,3852,141.0,272,2933.59,797935.23
16290,3852,489.0,174,580.2,100955.01
16291,3852,84.0,248,5007.37,1241827.83
16292,3852,13.0,149,2019.32,300878.79
16293,3852,418.0,266,4561.75,1213424.53
16294,3852,70.0,270,2686.21,725277.78
16295,3852,87.0,378,936.16,353869.69
16296,3852,582.0,484,3753.83,1816854.06
16297,3853,42.0,72,5587.4,402292.5
16298,3853,371.0,215,5076.82,1091516.21
16299,3853,13.0,420,1814.31,762008.64
16300,3853,413.0,29,5052.83,146532.05
16301,3853,185.0,98,4999.03,489905.36
16302,3854,462.0,426,4512.03,1922124.48
16303,3854,456.0,405,3430.29,1389268.45
16304,3854,210.0,405,5559.31,2251521.24
16305,3854,89.0,331,2242.96,742419.85
16306,3855,159.0,13,5.78,75.12
16307,3855,237.0,197,36.79,7247.08
16308,3855,275.0,313,47.26,14792.96
16309,3855,480.0,137,35.78,4902.39
16310,3856,471.0,47,632.38,29721.97
16311,3856,48.0,424,194.33,82395.5
16312,3857,103.0,421,27.85,11724.85
16313,3857,330.0,338,30.25,10224.5
16314,3858,30.0,302,2727.0,823554.0
16315,3859,287.0,175,4441.07,777186.41
16316,3859,550.0,178,1942.47,345760.01
16317,3859,393.0,112,1669.6,186995.04
16318,3859,43.0,223,3390.4,756058.45
16319,3860,202.0,328,5421.97,1778405.63
16320,3860,391.0,492,1553.65,764394.45
16321,3860,462.0,369,4481.86,1653806.79
16322,3860,558.0,101,3543.57,357900.25
16323,3861,542.0,412,58.34,24035.42
16324,3861,335.0,463,60.12,27833.25
16325,3861,103.0,242,29.55,7152.13
16326,3861,84.0,428,53.21,22775.72
16327,3862,366.0,351,17.07,5990.59
16328,3862,567.0,300,57.99,17397.26
16329,3862,251.0,383,34.7,13289.96
16330,3863,15.0,380,1653.05,628159.95
16331,3863,89.0,86,2362.6,203183.32
16332,3863,551.0,365,1690.35,616977.67
16333,3864,324.0,362,40.8,14769.6
16334,3864,538.0,44,1.62,71.28
16335,3864,77.0,237,827.84,196198.08
16336,3864,197.0,38,53.62,2037.56
16337,3864,460.0,168,12.02,2019.36
16338,3864,16.0,109,389.28,42431.52
16339,3865,497.0,159,1467.48,233329.32
16340,3865,147.0,433,16.11,6975.63
16341,3866,211.0,322,2054.0,661388.0
16342,3866,548.0,63,4721.0,297423.0
16343,3866,449.0,50,3340.0,167000.0
16344,3867,326.0,75,5644.04,423302.9
16345,3867,72.0,73,5294.35,386487.39
16346,3867,501.0,99,1030.85,102053.81
16347,3867,554.0,161,648.6,104425.21
16348,3868,415.0,404,398.56,161017.47
16349,3868,190.0,138,4529.34,625049.09
16350,3869,542.0,62,64.04,3970.22
16351,3869,596.0,246,898.13,220939.89
16352,3869,103.0,491,31.2,15317.58
16353,3869,568.0,433,17.07,7389.29
16354,3869,84.0,117,56.35,6592.98
16355,3869,335.0,293,57.7,16905.05
16356,3869,205.0,368,31.95,11759.01
16357,3870,188.0,50,4138.0,206900.0
16358,3871,562.0,117,40.04,4685.12
16359,3871,519.0,432,4.29,1851.59
16360,3871,319.0,222,9.1,2020.09
16361,3871,330.0,480,35.42,17002.64
16362,3871,580.0,372,355.42,132215.13
16363,3872,446.0,142,3913.0,555646.0
16364,3872,227.0,57,1963.0,111891.0
16365,3873,306.0,188,4.71,885.48
16366,3873,48.0,322,2.05,660.1
16367,3873,81.0,492,9.53,4688.76
16368,3873,287.0,80,49.31,3944.8
16369,3874,554.0,442,674.37,298073.06
16370,3874,501.0,201,1031.78,207387.83
16371,3874,274.0,364,4812.22,1751647.33
16372,3874,326.0,290,5210.48,1511040.32
16373,3874,72.0,224,5093.75,1141000.29
16374,3875,481.0,176,1750.66,308116.85
16375,3875,117.0,475,382.37,181625.23
16376,3876,416.0,165,4427.0,730455.0
16377,3876,439.0,119,762.0,90678.0
16378,3876,345.0,91,3805.0,346255.0
16379,3876,226.0,27,2825.0,76275.0
16380,3877,354.0,81,684.85,55473.18
16381,3877,316.0,250,4941.82,1235456.06
16382,3877,538.0,363,153.68,55785.96
16383,3878,450.0,47,1146.59,53889.51
16384,3878,175.0,310,2049.66,635394.9
16385,3878,54.0,477,5299.29,2527761.09
16386,3878,240.0,424,1709.07,724643.88
16387,3878,287.0,380,4965.92,1887048.62
16388,3878,493.0,478,5335.36,2550303.86
16389,3879,71.0,396,41.78,16544.06
16390,3879,493.0,104,66.27,6891.92
16391,3879,16.0,90,445.88,40129.38
16392,3879,251.0,37,34.15,1263.67
16393,3879,469.0,347,14.55,5048.5
16394,3879,424.0,211,27.02,5701.82
16395,3880,432.0,452,5479.61,2476785.26
16396,3880,151.0,390,2391.57,932710.56
16397,3880,205.0,364,2823.92,1027905.98
16398,3880,547.0,248,3703.97,918583.61
16399,3880,512.0,495,2243.3,1110432.0
16400,3880,449.0,256,3571.62,914335.07
16401,3881,114.0,69,1268.0,87492.0
16402,3881,190.0,149,4003.0,596447.0
16403,3881,555.0,328,3528.0,1157184.0
16404,3882,62.0,324,2786.0,902664.0
16405,3882,110.0,398,4946.0,1968508.0
16406,3882,368.0,308,3151.0,970508.0
16407,3882,202.0,487,4926.0,2398962.0
16408,3882,352.0,386,1644.0,634584.0
16409,3882,308.0,128,1192.0,152576.0
16410,3883,493.0,68,67.5,4589.87
16411,3883,196.0,78,44.2,3447.79
16412,3883,345.0,78,48.43,3777.76
16413,3883,568.0,63,16.4,1033.39
16414,3883,524.0,149,40.25,5996.99
16415,3883,38.0,49,1652.15,80955.31
16416,3884,536.0,480,3572.16,1714634.72
16417,3884,83.0,103,3938.22,405637.03
16418,3884,207.0,200,2377.23,475445.36
16419,3884,261.0,278,4291.37,1193001.92
16420,3884,118.0,183,4741.84,867756.2
16421,3885,317.0,346,4777.0,1652842.0
16422,3886,196.0,385,3519.27,1354917.83
16423,3886,359.0,103,217.06,22357.45
16424,3887,43.0,222,3424.2,760171.58
16425,3887,363.0,177,3236.2,572807.92
16426,3887,287.0,257,4936.41,1268656.86
16427,3887,456.0,58,3535.62,205066.13
16428,3887,236.0,311,3403.42,1058464.97
16429,3887,227.0,454,2264.41,1028043.12
16430,3888,541.0,52,2895.18,150549.49
16431,3888,308.0,326,1356.89,442345.62
16432,3888,450.0,110,1104.06,121446.79
16433,3889,418.0,406,4157.0,1687742.0
16434,3889,211.0,347,2054.0,712738.0
16435,3889,111.0,95,1402.0,133190.0
16436,3889,578.0,115,1777.0,204355.0
16437,3890,597.0,375,1378.4,516898.33
16438,3890,370.0,262,1448.5,379507.15
16439,3890,172.0,34,554.0,18836.07
16440,3891,13.0,327,1893.44,619155.46
16441,3891,165.0,489,1544.92,755467.41
16442,3891,179.0,205,4941.12,1012929.52
16443,3891,239.0,230,1192.32,274233.68
16444,3891,560.0,445,483.22,215031.82
16445,3891,489.0,402,540.88,217434.3
16446,3892,378.0,466,2617.17,1219603.31
16447,3892,72.0,277,5501.38,1523881.59
16448,3893,79.0,500,22.29,11146.46
16449,3893,456.0,452,40.8,18442.03
16450,3894,530.0,141,38.47,5423.58
16451,3895,489.0,190,6.53,1240.95
16452,3895,159.0,66,6.36,419.62
16453,3895,77.0,346,883.83,305805.69
16454,3895,409.0,34,25.37,862.69
16455,3896,8.0,366,16.53,6050.45
16456,3896,238.0,151,63.81,9635.61
16457,3896,421.0,193,372.33,71858.94
16458,3896,438.0,407,18.51,7533.17
16459,3896,383.0,26,1069.67,27811.35
16460,3896,178.0,379,61.77,23410.77
16461,3896,370.0,229,16.32,3737.71
16462,3897,137.0,199,2738.38,544937.87
16463,3897,250.0,260,1514.35,393730.46
16464,3897,51.0,367,956.79,351142.92
16465,3897,266.0,59,5262.49,310486.67
16466,3898,66.0,232,166.2,38558.73
16467,3898,220.0,362,3044.88,1102246.49
16468,3898,401.0,332,2779.89,922922.9
16469,3899,212.0,492,1401.33,689453.83
16470,3899,177.0,441,3821.91,1685460.12
16471,3899,233.0,157,4224.53,663250.65
16472,3899,220.0,391,2856.46,1116874.0
16473,3899,51.0,445,955.95,425399.28
16474,3900,159.0,352,6.16,2169.56
16475,3900,12.0,127,1354.68,172044.06
16476,3900,275.0,119,48.5,5771.21
16477,3900,9.0,306,13.43,4109.59
16478,3900,47.0,132,766.86,101225.95
16479,3900,179.0,303,62.8,19028.97
16480,3900,480.0,344,37.62,12940.19
16481,3901,335.0,341,4601.0,1568941.0
16482,3902,519.0,483,4.28,2065.04
16483,3902,426.0,379,121.55,46066.68
16484,3902,570.0,300,56.41,16924.23
16485,3902,598.0,221,19.58,4326.83
16486,3902,578.0,326,22.54,7348.7
16487,3902,56.0,482,18.65,8987.73
16488,3902,319.0,365,8.54,3118.13
16489,3902,330.0,277,32.9,9112.87
16490,3903,548.0,55,5134.72,282409.67
16491,3903,172.0,384,568.06,218134.89
16492,3903,211.0,423,2271.05,960652.7
16493,3903,550.0,417,2094.71,873492.34
16494,3903,175.0,424,2128.64,902545.23
16495,3903,335.0,55,5206.33,286348.17
16496,3903,593.0,489,2983.38,1458873.71
16497,3903,377.0,420,593.23,249157.48
16498,3904,87.0,309,906.48,280102.59
16499,3904,530.0,398,3448.93,1372674.81
16500,3904,480.0,493,3010.05,1483954.09
16501,3904,217.0,389,3544.73,1378898.44
16502,3904,377.0,490,604.35,296132.9
16503,3905,70.0,175,2652.75,464230.94
16504,3905,424.0,334,2516.18,840403.17
16505,3905,450.0,254,1155.46,293487.02
16506,3905,445.0,477,4233.37,2019318.52
16507,3905,80.0,223,2899.43,646573.54
16508,3905,345.0,361,4333.98,1564567.12
16509,3905,541.0,160,2764.28,442285.45
16510,3906,89.0,234,25.01,5852.34
16511,3906,147.0,358,16.11,5767.38
16512,3906,150.0,483,151.15,73005.45
16513,3907,188.0,458,48.68,22295.44
16514,3907,560.0,425,5.2,2210.0
16515,3907,205.0,146,30.42,4441.32
16516,3907,103.0,64,27.85,1782.4
16517,3907,542.0,278,55.07,15309.46
16518,3907,335.0,437,54.13,23654.81
16519,3908,119.0,30,30.41,912.3
16520,3908,113.0,49,773.14,37883.86
16521,3908,91.0,457,990.69,452745.33
16522,3908,251.0,303,31.8,9635.4
16523,3908,368.0,330,37.07,12233.1
16524,3909,324.0,37,45.06,1667.2
16525,3909,70.0,400,33.37,13349.06
16526,3909,172.0,81,6.61,535.42
16527,3909,89.0,480,29.92,14359.62
16528,3909,314.0,491,136.99,67261.48
16529,3909,29.0,480,64.73,31070.09
16530,3909,580.0,230,348.21,80089.28
16531,3909,179.0,78,61.55,4800.69
16532,3910,541.0,421,2717.3,1143984.89
16533,3910,239.0,257,1167.4,300022.24
16534,3910,165.0,149,1401.79,208867.35
16535,3910,170.0,123,1678.14,206411.6
16536,3911,57.0,117,670.35,78431.35
16537,3911,8.0,101,14.94,1509.38
16538,3911,572.0,125,11.32,1415.46
16539,3911,591.0,440,64.7,28466.1
16540,3911,543.0,205,30.9,6333.49
16541,3911,153.0,237,32.35,7666.37
16542,3912,160.0,35,31.62,1106.85
16543,3912,21.0,41,7.63,312.96
16544,3913,285.0,344,1146.65,394447.2
16545,3914,317.0,23,4777.0,109871.0
16546,3914,202.0,430,4926.0,2118180.0
16547,3914,308.0,96,1192.0,114432.0
16548,3914,62.0,363,2786.0,1011318.0
16549,3914,352.0,42,1644.0,69048.0
16550,3914,368.0,111,3151.0,349761.0
16551,3914,424.0,454,2155.0,978370.0
16552,3915,476.0,133,3163.99,420811.33
16553,3915,50.0,111,2899.29,321821.11
16554,3915,300.0,436,4016.33,1751119.98
16555,3915,558.0,159,3380.44,537490.16
16556,3916,13.0,202,22.53,4551.25
16557,3916,283.0,309,10.34,3194.03
16558,3916,396.0,124,53.19,6595.2
16559,3916,25.0,301,26.28,7910.16
16560,3916,486.0,491,26.13,12831.52
16561,3916,81.0,380,10.36,3934.99
16562,3916,596.0,361,856.1,309051.92
16563,3917,43.0,181,3034.44,549232.99
16564,3918,151.0,468,29.44,13779.09
16565,3919,424.0,143,2556.73,365612.02
16566,3919,567.0,353,5185.38,1830440.03
16567,3919,86.0,418,1014.68,424134.48
16568,3919,62.0,130,3277.64,426093.65
16569,3919,301.0,114,265.27,30240.53
16570,3919,512.0,343,2395.6,821690.09
16571,3920,374.0,455,3.39,1544.71
16572,3920,151.0,359,29.04,10423.78
16573,3920,318.0,274,51.6,14137.59
16574,3920,600.0,392,390.59,153112.22
16575,3920,439.0,439,9.61,4219.34
16576,3920,127.0,311,57.19,17787.5
16577,3921,501.0,241,993.47,239425.14
16578,3921,289.0,141,4887.17,689090.98
16579,3922,543.0,309,2401.0,741909.0
16580,3922,476.0,418,2637.0,1102266.0
16581,3922,50.0,197,2622.0,516534.0
16582,3922,300.0,326,3749.0,1222174.0
16583,3922,568.0,117,1295.0,151515.0
16584,3923,122.0,229,3706.0,848674.0
16585,3923,111.0,473,1402.0,663146.0
16586,3923,102.0,86,2817.0,242262.0
16587,3923,324.0,326,3468.0,1130568.0
16588,3923,541.0,289,2560.0,739840.0
16589,3924,361.0,71,3783.42,268623.13
16590,3925,36.0,405,1529.2,619326.48
16591,3926,501.0,232,948.14,219967.44
16592,3926,540.0,131,2319.4,303842.02
16593,3926,72.0,424,5213.55,2210544.22
16594,3926,274.0,336,5108.84,1716571.3
16595,3927,525.0,85,1482.36,126000.83
16596,3927,493.0,475,63.84,30322.08
16597,3927,440.0,394,52.47,20671.97
16598,3927,41.0,466,48.26,22488.57
16599,3927,30.0,273,36.98,10095.21
16600,3927,562.0,499,38.83,19375.61
16601,3927,217.0,425,42.6,18104.4
16602,3928,530.0,254,3271.09,830856.26
16603,3928,146.0,330,5304.09,1750348.24
16604,3928,217.0,490,3713.06,1819397.77
16605,3928,23.0,209,3629.52,758568.81
16606,3928,87.0,443,868.34,384676.08
16607,3929,524.0,467,3481.32,1625776.39
16608,3929,508.0,111,3689.4,409522.97
16609,3929,81.0,317,929.85,294763.24
16610,3929,71.0,302,3443.54,1039949.28
16611,3930,306.0,103,5.42,557.87
16612,3930,81.0,78,11.24,876.52
16613,3930,48.0,149,2.22,331.23
16614,3930,102.0,94,35.07,3296.52
16615,3930,70.0,360,33.1,11917.7
16616,3931,194.0,257,2145.82,551475.93
16617,3931,598.0,257,1485.74,381835.3
16618,3931,129.0,130,848.15,110260.11
16619,3931,42.0,485,5712.17,2770401.47
16620,3931,499.0,412,5699.69,2348272.98
16621,3931,255.0,190,3074.33,584123.55
16622,3932,179.0,294,4690.0,1378860.0
16623,3932,196.0,444,3149.0,1398156.0
16624,3933,217.0,236,3786.42,893594.4
16625,3933,243.0,173,149.42,25849.59
16626,3933,211.0,409,2414.95,987715.4
16627,3933,249.0,215,3792.18,815318.84
16628,3933,432.0,309,5317.25,1643031.69
16629,3934,153.0,492,2442.0,1201464.0
16630,3934,176.0,438,4307.0,1886466.0
16631,3934,493.0,262,4911.0,1286682.0
16632,3934,562.0,307,3011.0,924377.0
16633,3935,482.0,36,4481.42,161331.17
16634,3935,199.0,266,276.61,73579.07
16635,3935,289.0,128,4675.76,598497.55
16636,3935,281.0,399,317.23,126574.96
16637,3935,248.0,419,5807.98,2433543.75
16638,3936,456.0,324,39.73,12872.75
16639,3936,79.0,60,19.86,1191.86
16640,3936,240.0,332,21.79,7232.77
16641,3936,600.0,310,374.21,116005.27
16642,3936,129.0,68,9.27,630.55
16643,3937,375.0,333,47.53,15827.43
16644,3937,374.0,462,3.68,1702.39
16645,3937,433.0,136,59.58,8103.05
16646,3937,325.0,37,641.36,23730.3
16647,3937,110.0,176,64.16,11292.79
16648,3937,395.0,424,61.35,26013.96
16649,3937,189.0,452,1172.85,530129.75
16650,3937,12.0,57,1266.43,72186.31
16651,3937,260.0,318,29.18,9280.76
16652,3938,588.0,155,271.0,42005.0
16653,3938,42.0,150,4870.0,730500.0
16654,3938,290.0,473,1315.0,621995.0
16655,3938,357.0,493,570.0,281010.0
16656,3938,123.0,439,788.0,345932.0
16657,3938,237.0,500,2685.0,1342500.0
16658,3938,550.0,114,1822.0,207708.0
16659,3938,318.0,448,3915.0,1753920.0
16660,3938,535.0,327,2376.0,776952.0
16661,3938,418.0,163,4157.0,677591.0
16662,3939,391.0,287,18.71,5368.42
16663,3939,340.0,136,48.92,6652.73
16664,3939,551.0,86,20.57,1769.23
16665,3939,395.0,170,62.04,10546.89
16666,3939,8.0,391,14.81,5789.93
16667,3940,553.0,89,13.15,1170.77
16668,3940,567.0,445,58.18,25891.29
16669,3940,395.0,67,59.66,3996.97
16670,3940,77.0,412,869.94,358413.76
16671,3940,74.0,171,17.95,3068.68
16672,3941,308.0,391,1388.39,542859.63
16673,3941,70.0,428,2757.69,1180291.2
16674,3941,345.0,457,4263.52,1948427.97
16675,3941,541.0,379,2734.66,1036435.54
16676,3941,424.0,347,2393.06,830392.9
16677,3941,445.0,27,4768.24,128742.42
16678,3942,486.0,354,27.25,9647.84
16679,3942,570.0,439,56.91,24985.57
16680,3943,571.0,178,1536.88,273565.05
16681,3943,26.0,333,1005.13,334707.91
16682,3943,53.0,115,44.38,5103.58
16683,3943,375.0,296,47.34,14013.94
16684,3944,8.0,422,1286.18,542768.81
16685,3944,425.0,390,2962.89,1155526.71
16686,3944,48.0,15,192.81,2892.13
16687,3945,83.0,261,3846.16,1003847.91
16688,3945,549.0,70,1012.46,70872.55
16689,3946,291.0,320,5905.26,1889683.49
16690,3946,391.0,284,1536.03,436233.62
16691,3946,165.0,389,1393.85,542208.29
16692,3946,141.0,470,3135.91,1473879.01
16693,3946,597.0,49,1374.47,67348.96
16694,3946,175.0,379,1945.53,737357.48
16695,3946,293.0,175,3625.13,634397.34
16696,3947,320.0,331,4596.29,1521373.32
16697,3947,437.0,343,5287.22,1813518.09
16698,3947,470.0,181,1270.87,230027.23
16699,3947,387.0,478,4907.27,2345676.84
16700,3947,274.0,188,5102.34,959239.52
16701,3948,54.0,467,55.82,26067.94
16702,3948,285.0,221,12.4,2740.4
16703,3948,232.0,358,42.62,15257.96
16704,3948,62.0,237,32.78,7768.86
16705,3949,440.0,296,52.37,15502.18
16706,3949,525.0,422,1577.21,665580.67
16707,3949,41.0,366,46.76,17114.64
16708,3949,170.0,29,19.92,577.73
16709,3949,202.0,134,63.12,8458.65
16710,3949,217.0,137,43.08,5902.37
16711,3950,525.0,447,1381.12,617360.64
16712,3950,407.0,70,10.73,751.1
16713,3950,311.0,238,36.49,8684.62
16714,3950,78.0,413,930.56,384321.28
16715,3950,178.0,262,55.62,14572.44
16716,3950,240.0,61,18.38,1121.18
16717,3950,374.0,480,3.09,1483.2
16718,3950,57.0,300,616.47,184941.0
16719,3951,115.0,187,185.31,34652.97
16720,3952,70.0,24,28.38,681.12
16721,3952,582.0,420,42.0,17640.0
16722,3953,189.0,277,1073.75,297428.75
16723,3953,372.0,141,8.51,1199.91
16724,3953,167.0,302,5.99,1808.98
16725,3953,483.0,73,37.29,2722.17
16726,3953,571.0,149,1424.0,212176.0
16727,3953,514.0,62,33.47,2075.14
16728,3954,142.0,302,4267.78,1288870.37
16729,3954,258.0,402,4591.45,1845762.43
16730,3954,173.0,231,2586.43,597464.64
16731,3954,95.0,317,1984.81,629186.02
16732,3954,35.0,259,1942.91,503212.67
16733,3955,508.0,489,3501.32,1712145.5
16734,3955,179.0,425,5066.45,2153239.76
16735,3956,296.0,380,3974.12,1510166.28
16736,3956,133.0,345,1251.31,431702.48
16737,3956,457.0,64,627.43,40155.33
16738,3956,348.0,184,1309.8,241002.86
16739,3956,326.0,384,5454.34,2094465.14
16740,3956,427.0,275,4828.01,1327703.78
16741,3956,573.0,287,3622.38,1039624.21
16742,3957,597.0,198,1413.91,279954.92
16743,3958,30.0,435,3257.67,1417085.26
16744,3958,69.0,376,5112.55,1922316.95
16745,3958,25.0,420,2035.25,854805.85
16746,3958,53.0,192,3457.88,663912.29
16747,3958,182.0,298,520.67,155160.01
16748,3959,230.0,211,594.7,125480.68
16749,3959,45.0,18,940.63,16931.3
16750,3959,157.0,181,1937.54,350694.26
16751,3959,255.0,237,38.11,9032.91
16752,3959,174.0,371,1167.09,432989.37
16753,3959,54.0,232,61.61,14292.79
16754,3959,38.0,168,1605.81,269775.51
16755,3960,249.0,386,42.79,16518.73
16756,3960,474.0,174,15.66,2725.11
16757,3960,154.0,35,638.33,22341.67
16758,3961,21.0,56,7.69,430.82
16759,3961,243.0,151,1.84,277.46
16760,3961,513.0,453,50.4,22832.94
16761,3961,360.0,376,1462.68,549966.38
16762,3961,493.0,299,61.16,18287.89
16763,3961,488.0,282,225.73,63655.65
16764,3962,173.0,28,2246.0,62888.0
16765,3962,241.0,33,1614.0,53262.0
16766,3963,410.0,402,8.55,3435.69
16767,3963,446.0,22,53.48,1176.65
16768,3964,554.0,189,627.21,118543.02
16769,3964,72.0,500,5368.35,2684176.91
16770,3964,540.0,137,2437.1,333882.22
16771,3964,326.0,249,5140.1,1279885.02
16772,3965,151.0,99,26.59,2632.41
16773,3965,460.0,457,12.02,5493.14
16774,3965,56.0,386,16.93,6534.98
16775,3966,318.0,273,4351.78,1188035.64
16776,3966,293.0,389,3646.76,1418588.27
16777,3966,535.0,57,2784.19,158699.06
16778,3966,513.0,88,4139.57,364282.04
16779,3966,23.0,58,3527.69,204606.23
16780,3967,42.0,210,5712.83,1199695.0
16781,3967,499.0,373,5371.11,2003425.79
16782,3967,194.0,111,2083.88,231310.49
16783,3967,598.0,358,1663.31,595463.49
16784,3967,591.0,248,5697.14,1412891.72
16785,3967,513.0,161,4156.94,669266.78
16786,3967,129.0,274,854.33,234085.57
16787,3967,425.0,479,2626.09,1257896.45
16788,3968,85.0,370,2813.99,1041176.74
16789,3968,96.0,274,1915.29,524789.98
16790,3968,27.0,478,392.95,187832.46
16791,3969,92.0,199,269.0,53531.0
16792,3969,70.0,31,2412.0,74772.0
16793,3969,375.0,195,3374.0,657930.0
16794,3969,13.0,204,1719.0,350676.0
16795,3969,129.0,448,746.0,334208.0
16796,3969,572.0,228,885.0,201780.0
16797,3969,222.0,93,2718.0,252774.0
16798,3969,108.0,288,4469.0,1287072.0
16799,3970,375.0,331,39.69,13137.39
16800,3970,78.0,206,930.56,191695.36
16801,3970,8.0,351,14.09,4945.59
16802,3970,360.0,126,1252.56,157822.56
16803,3970,272.0,145,1453.52,210760.4
16804,3971,377.0,120,553.0,66360.0
16805,3971,318.0,203,3915.0,794745.0
16806,3971,490.0,61,3806.0,232166.0
16807,3971,146.0,47,4766.0,224002.0
16808,3971,530.0,446,2980.0,1329080.0
16809,3971,543.0,54,2401.0,129654.0
16810,3972,530.0,326,35.06,11429.56
16811,3972,407.0,218,10.73,2339.14
16812,3973,583.0,28,987.58,27652.28
16813,3973,399.0,165,3582.37,591091.11
16814,3974,392.0,90,4302.91,387261.7
16815,3974,418.0,368,4590.42,1689276.31
16816,3975,480.0,166,3123.56,518511.51
16817,3975,318.0,328,4406.3,1445266.54
16818,3975,543.0,268,2699.05,723346.3
16819,3976,81.0,380,10.39,3947.68
16820,3976,48.0,102,2.19,223.63
16821,3976,287.0,436,58.2,25376.5
16822,3977,170.0,463,1641.57,760045.32
16823,3977,275.0,475,3996.83,1898495.88
16824,3977,235.0,155,696.72,107991.13
16825,3977,179.0,307,5191.09,1593663.59
16826,3977,519.0,294,387.18,113829.5
16827,3977,79.0,37,1722.17,63720.17
16828,3978,273.0,367,30.09,11043.24
16829,3979,319.0,126,755.19,95154.19
16830,3979,445.0,268,4781.32,1281394.39
16831,3979,15.0,208,1837.89,382281.58
16832,3979,577.0,276,5755.76,1588588.63
16833,3979,293.0,301,3290.3,990381.77
16834,3980,243.0,372,150.16,55858.66
16835,3980,211.0,17,2375.26,40379.39
16836,3980,324.0,71,3994.51,283609.87
16837,3980,441.0,497,2541.81,1263279.91
16838,3980,577.0,393,5466.26,2148239.13
16839,3980,227.0,312,2197.24,685539.39
16840,3981,244.0,169,4522.0,764218.0
16841,3981,255.0,458,2763.0,1265454.0
16842,3981,194.0,371,1927.0,714917.0
16843,3981,425.0,257,2484.0,638388.0
16844,3981,598.0,273,1413.0,385749.0
16845,3981,42.0,486,4870.0,2366820.0
16846,3981,591.0,333,4978.0,1657674.0
16847,3981,129.0,126,746.0,93996.0
16848,3982,535.0,273,32.43,8853.24
16849,3982,469.0,165,14.43,2381.31
16850,3982,12.0,348,1301.68,452986.28
16851,3982,480.0,480,38.66,18555.33
16852,3982,206.0,255,21.8,5558.41
16853,3983,166.0,430,1502.27,645977.13
16854,3983,334.0,444,178.38,79200.63
16855,3983,574.0,37,68.97,2552.04
16856,3983,291.0,160,66.35,10615.89
16857,3983,543.0,79,30.65,2421.72
16858,3984,558.0,432,3467.92,1498139.75
16859,3984,13.0,255,2049.13,522527.4
16860,3984,108.0,383,5281.27,2022727.76
16861,3984,486.0,251,2175.13,545957.7
16862,3984,70.0,215,2871.66,617407.27
16863,3984,92.0,343,284.83,97697.86
16864,3985,593.0,133,34.55,4594.62
16865,3985,287.0,330,56.04,18491.98
16866,3985,211.0,57,25.63,1460.85
16867,3986,556.0,361,5075.66,1832311.96
16868,3987,560.0,145,442.0,64090.0
16869,3987,556.0,278,4496.0,1249888.0
16870,3987,406.0,280,2801.0,784280.0
16871,3987,317.0,124,4777.0,592348.0
16872,3987,141.0,446,2660.0,1186360.0
16873,3988,48.0,361,2.23,804.04
16874,3988,115.0,383,195.87,75018.68
16875,3988,185.0,32,52.25,1672.0
16876,3988,232.0,323,50.27,16238.79
16877,3989,304.0,58,1143.0,66294.0
16878,3989,371.0,22,4754.0,104588.0
16879,3989,28.0,188,4343.0,816484.0
16880,3989,25.0,271,1892.0,512732.0
16881,3989,450.0,403,1010.0,407030.0
16882,3989,499.0,492,4784.0,2353728.0
16883,3990,189.0,289,1073.75,310313.75
16884,3990,372.0,343,8.51,2918.93
16885,3990,562.0,200,35.42,7084.0
16886,3990,345.0,219,44.76,9802.44
16887,3990,167.0,247,5.99,1479.53
16888,3990,572.0,443,10.41,4611.63
16889,3991,125.0,188,5302.28,996829.36
16890,3991,582.0,36,3936.17,141702.22
16891,3991,512.0,82,2350.73,192759.52
16892,3991,375.0,338,3917.38,1324074.88
16893,3991,368.0,328,3506.89,1150259.54
16894,3992,242.0,85,2769.0,235365.0
16895,3992,42.0,269,4870.0,1310030.0
16896,3992,558.0,452,3183.0,1438716.0
16897,3992,287.0,237,4191.0,993267.0
16898,3992,541.0,212,2560.0,542720.0
16899,3992,319.0,245,647.0,158515.0
16900,3993,16.0,307,456.02,139997.58
16901,3994,432.0,384,4988.0,1915392.0
16902,3994,210.0,211,4906.0,1035166.0
16903,3994,570.0,331,4546.0,1504726.0
16904,3995,81.0,470,912.18,428723.92
16905,3995,236.0,74,3596.45,266137.43
16906,3995,433.0,224,4735.35,1060718.7
16907,3995,553.0,31,1177.91,36515.25
16908,3995,483.0,459,3788.43,1738887.12
16909,3995,493.0,468,5883.07,2753276.3
16910,3996,260.0,240,28.42,6820.41
16911,3996,71.0,422,40.18,16956.6
16912,3996,438.0,339,16.99,5759.49
16913,3996,230.0,493,559.7,275930.64
16914,3996,486.0,472,26.86,12676.86
16915,3997,449.0,379,3970.42,1504789.8
16916,3998,551.0,220,1734.38,381564.64
16917,3998,456.0,343,3526.19,1209482.08
16918,3998,185.0,333,4937.13,1644063.62
16919,3998,565.0,116,2632.69,305392.44
16920,3998,530.0,453,3326.87,1507070.39
16921,3999,491.0,412,1946.08,801784.64
16922,3999,185.0,24,4512.05,108289.13
16923,3999,48.0,12,201.51,2418.07
16924,3999,89.0,401,2243.08,899476.8
16925,4000,364.0,199,2623.0,521977.0
16926,4000,120.0,305,4489.0,1369145.0
16927,4000,437.0,148,4744.0,702112.0
16928,4000,7.0,402,342.0,137484.0
16929,4000,274.0,316,4455.0,1407780.0
16930,4000,500.0,217,3317.0,719789.0
16931,4000,470.0,308,1089.0,335412.0
